customer_id,total_txns,total_value,fraud_txns,avg_txn_amount,fraud_value,risk_segment,home_country,avg_monthly_spend,is_frequent_traveler,account_age_days
1,113,10844.68,0,95.97061946902654,0.0,low,US,1782.17,False,222
2,120,15252.03,1,127.10025,649.27,low,CA,2411.05,False,1701
3,124,4056.16,0,32.710967741935484,0.0,low,US,663.43,True,1443
4,114,17014.4,1,149.24912280701756,31.04,low,US,163.24,False,977
5,128,66179.14,1,517.02453125,572.64,low,US,2429.09,False,965
6,112,17556.03,0,156.75026785714286,0.0,low,US,197.09,False,1884
7,123,6469.81,0,52.60008130081301,0.0,low,US,667.92,False,215
8,123,14740.21,1,119.8391056910569,121.19,low,US,391.09,False,1536
9,110,12612.52,1,114.65927272727274,27.97,low,US,334.43,False,465
10,115,8222.31,1,71.49834782608696,42.86,low,US,980.31,False,233
11,123,10614.38,0,86.29577235772356,0.0,low,US,614.01,False,1167
12,117,15441.1,2,131.97521367521367,275.84000000000003,medium,US,782.05,False,2137
13,105,637.95,0,6.0757142857142865,0.0,low,US,236.48,False,1619
14,138,2323.03,0,16.833550724637682,0.0,low,US,421.29,False,1674
15,116,9951.22,0,85.78637931034483,0.0,low,CA,246.51,False,1579
16,106,3729.44,0,35.1833962264151,0.0,low,US,411.92,False,1727
17,141,19664.62,2,139.46539007092198,287.09,medium,CA,442.8,False,1138
18,116,29178.92,2,251.54241379310344,329.31,low,US,2591.19,False,306
19,117,9390.69,2,80.2623076923077,220.58999999999997,low,US,390.16,False,1843
20,109,871.87,1,7.998807339449542,15.66,low,US,72.75,False,1002
21,103,27274.25,0,264.7985436893204,0.0,low,US,1729.49,False,1110
22,119,19687.41,2,165.44042016806722,139.59,low,US,738.29,False,830
23,88,2061.53,1,23.426477272727276,8.3,low,US,437.94,False,424
24,127,14351.58,0,113.00456692913386,0.0,low,US,332.46,False,2031
25,102,2936.82,1,28.79235294117647,7.69,low,US,210.14,False,1718
26,134,7433.25,0,55.47201492537314,0.0,low,CA,2819.3,False,1420
27,144,13910.24,1,96.5988888888889,177.91,low,US,516.29,False,899
28,123,2147.02,4,17.455447154471546,75.34,medium,US,103.13,True,1807
29,140,27071.88,1,193.37057142857142,108.73,low,US,661.8,False,1208
30,129,126053.6,1,977.1596899224807,336.4,low,AU,1459.07,False,987
31,108,4687.08,0,43.39888888888889,0.0,low,US,567.24,False,1002
32,115,23215.57,0,201.87452173913044,0.0,low,US,218.89,True,520
33,116,1829.54,0,15.771896551724138,0.0,low,US,201.95,False,229
34,134,2156.35,0,16.092164179104476,0.0,low,US,215.81,False,1227
35,143,198948.59,3,1391.2488811188812,5469.38,high,US,1938.16,True,1947
36,102,10135.74,1,99.37,27.74,low,US,461.97,False,167
37,141,7498.37,0,53.17992907801418,0.0,low,US,108.76,False,1883
38,141,67652.07,0,479.8019148936171,0.0,low,US,696.26,False,1817
39,111,28545.69,1,257.16837837837835,93.97,low,CA,559.44,False,627
40,131,11501.18,1,87.79526717557252,36.82,low,US,328.98,False,1394
41,135,5877.07,0,43.53385185185185,0.0,low,US,196.69,False,386
42,132,1856.09,1,14.061287878787878,8.26,medium,US,189.14,False,1667
43,111,11705.21,0,105.45234234234233,0.0,low,US,1310.25,False,1543
44,103,1020.25,0,9.905339805825243,0.0,low,DE,615.7,False,795
45,113,7829.08,1,69.28389380530973,33.61,low,US,758.07,False,176
46,116,3907.0,1,33.68103448275862,9.37,high,CA,614.18,False,2126
47,113,27067.83,1,239.53831858407082,190.69,low,US,661.77,False,992
48,109,13075.02,1,119.95431192660551,70.7,low,US,323.26,False,1959
49,118,16906.68,1,143.2769491525424,18.6,medium,US,409.42,False,1494
50,122,12295.05,1,100.77909836065574,26.79,low,US,1405.88,False,1711
51,110,145230.77,0,1320.279727272727,0.0,medium,US,1760.11,False,1671
52,125,5849.85,0,46.7988,0.0,low,US,164.04,False,450
53,126,5801.38,0,46.042698412698414,0.0,low,US,408.53,False,816
54,112,41067.69,1,366.6758035714286,791.88,low,US,1048.75,False,1038
55,116,239525.27,0,2064.8730172413793,0.0,low,US,2680.8,True,1105
56,130,140515.07,1,1080.8851538461538,725.67,low,US,2449.8,False,124
57,152,31381.36,0,206.45631578947368,0.0,low,GB,240.76,False,1210
58,125,54221.619999999995,1,433.77295999999996,1817.05,low,US,1552.38,False,363
59,118,33972.42,1,287.9018644067796,474.46,low,US,519.45,False,1635
60,108,28796.4,0,266.6333333333333,0.0,low,US,1261.4,False,1505
61,112,11871.23,1,105.99312499999999,219.76,low,US,1001.7,False,2022
62,113,6597.17,0,58.38203539823009,0.0,low,US,157.97,False,1638
63,103,4189.66,1,40.676310679611646,12.85,low,US,808.33,True,821
64,111,81238.65,3,731.8797297297297,2564.5,medium,GB,1218.2,False,2119
65,122,8445.93,0,69.22893442622951,0.0,low,US,483.89,False,917
66,112,7304.78,2,65.22125,127.91,low,US,394.77,False,733
67,108,2811.67,0,26.033981481481483,0.0,low,US,119.76,True,1985
68,113,17485.2,0,154.7362831858407,0.0,low,CA,911.65,False,830
69,133,31969.9,0,240.3751879699248,0.0,low,US,594.59,False,194
70,109,1479.99,0,13.57788990825688,0.0,low,US,214.87,False,1044
71,114,2810.06,0,24.649649122807016,0.0,low,US,367.51,False,1748
72,128,8711.64,1,68.0596875,365.08,medium,US,566.26,False,439
73,127,12037.869999999999,0,94.7863779527559,0.0,low,US,298.04,False,1029
74,127,74653.43,0,587.8222834645669,0.0,low,CA,493.94,True,310
75,132,2276.91,2,17.249318181818182,29.869999999999997,medium,US,102.01,False,1512
76,130,483091.49,1,3716.0883846153847,1261.68,medium,US,1659.85,False,1057
77,134,124487.19,2,929.0088805970149,2335.13,low,CA,499.86,False,743
78,111,20024.01,0,180.39648648648648,0.0,low,US,183.2,False,520
79,111,2267.71,0,20.42981981981982,0.0,low,US,53.85,True,1249
80,113,15243.93,1,134.90203539823008,230.48,low,US,1244.17,False,1476
81,120,38335.37,0,319.4614166666667,0.0,low,CA,814.26,False,2061
82,106,43077.42,1,406.3907547169811,104.87,low,US,595.63,True,974
83,121,36004.61,0,297.55876033057854,0.0,low,US,1072.0,False,377
84,106,44755.85,1,422.22499999999997,113.59,low,US,1069.35,False,1828
85,125,9899.73,0,79.19784,0.0,low,US,586.98,False,1390
86,135,9240.94,0,68.45140740740742,0.0,low,US,391.98,False,1542
87,105,3314.5299999999997,1,31.56695238095238,34.44,low,US,338.52,False,240
88,130,54198.62,2,416.91246153846157,386.81,low,US,719.71,False,704
89,117,55074.42,0,470.72153846153844,0.0,low,US,1732.51,False,1688
90,110,8138.4800000000005,1,73.98618181818182,111.09,medium,US,449.16,False,1827
91,130,18013.31,0,138.5639230769231,0.0,medium,US,1860.93,False,970
92,119,1776.23,0,14.926302521008404,0.0,medium,US,689.41,False,1768
93,121,84336.87,2,696.9989256198347,2266.19,medium,US,694.1,False,1848
94,128,81935.81,1,640.123515625,359.23,medium,US,4292.39,True,866
95,158,76661.86,0,485.20164556962027,0.0,low,US,2180.72,False,1969
96,127,54118.13,1,426.1270078740157,103.05,low,US,2232.21,False,652
97,115,10013.45,0,87.07347826086958,0.0,low,US,240.36,False,547
98,112,78353.70999999999,0,699.5866964285714,0.0,low,DE,3543.83,False,1504
99,132,25349.94,2,192.045,553.9300000000001,low,US,457.6,False,1405
100,101,5696.46,2,56.40059405940594,95.05,low,US,401.52,False,331
101,136,8797.51,0,64.68757352941176,0.0,medium,US,70.58,False,1828
102,113,11965.03,0,105.88522123893806,0.0,low,US,660.94,False,461
103,124,3434.44,1,27.69709677419355,65.23,medium,US,185.86,False,1768
104,109,11119.53,1,102.01403669724772,144.44,low,US,711.54,False,45
105,126,78503.68,1,623.0450793650793,198.03,low,US,173.23,False,1751
106,121,134897.84,1,1114.8581818181817,601.28,low,GB,2484.76,False,1729
107,115,10405.9,2,90.48608695652173,59.43,low,US,809.5,False,1715
108,125,274825.32,0,2198.6025600000003,0.0,low,US,3834.85,False,1466
109,126,2714.14,0,21.54079365079365,0.0,low,US,196.23,False,1048
110,120,48356.44,0,402.9703333333334,0.0,medium,US,1986.76,True,1553
111,130,5519.73,1,42.45946153846153,127.2,low,US,97.28,False,628
112,122,6142.08,1,50.344918032786886,20.41,low,GB,594.23,False,1716
113,124,5733.33,0,46.236532258064514,0.0,low,US,279.09,False,1230
114,122,18206.05,1,149.22991803278688,632.76,low,US,329.26,False,1021
115,110,5306.44,1,48.24036363636363,388.93,low,US,309.56,False,1122
116,112,1152.7,1,10.291964285714286,25.93,low,DE,216.32,False,1258
117,131,4044.04,0,30.87053435114504,0.0,low,US,158.58,False,110
118,114,12480.119999999999,0,109.47473684210526,0.0,low,US,330.9,False,331
119,119,42996.03,0,361.31117647058824,0.0,low,US,546.99,False,560
120,100,117309.94,0,1173.0994,0.0,low,US,1404.34,False,277
121,94,50336.06,2,535.49,2901.53,low,GB,642.79,False,979
122,109,20705.53,0,189.95899082568806,0.0,low,CA,1407.94,False,1473
123,114,1394.75,1,12.234649122807017,4.75,low,US,130.27,False,1443
124,134,2527.39,0,18.861119402985075,0.0,low,GB,333.73,False,1047
125,118,7373.76,2,62.48949152542373,70.3,low,US,934.4,False,1876
126,108,8016.28,0,74.2248148148148,0.0,low,US,671.07,False,1250
127,124,1020.91,0,8.233145161290322,0.0,low,US,227.0,False,201
128,117,42167.96,0,360.40991452991454,0.0,low,US,1142.14,False,1682
129,125,48822.8,0,390.5824,0.0,low,US,305.47,False,1271
130,122,4770.61,0,39.1033606557377,0.0,medium,US,244.78,False,1400
131,103,19022.4,1,184.68349514563107,51.62,low,US,763.76,False,1251
132,126,4321.67,2,34.298968253968255,23.15,medium,US,495.49,False,1225
133,104,2862.06,0,27.51980769230769,0.0,low,US,307.78,False,225
134,126,28785.29,1,228.45468253968255,115.69,low,US,298.51,False,1237
135,131,10981.86,1,83.83099236641222,133.83,low,US,188.14,False,1747
136,141,24989.15,1,177.22801418439718,737.66,low,US,345.1,False,686
137,104,37342.88,0,359.06615384615384,0.0,low,US,1326.11,False,1332
138,112,9900.02,1,88.39303571428572,98.0,low,US,614.06,False,96
139,122,36450.27,1,298.7727049180328,222.47,low,US,1167.63,False,780
140,98,30227.67,0,308.4456122448979,0.0,low,US,784.04,False,973
141,112,48348.06,3,431.6791071428571,873.27,low,US,284.0,False,2152
142,122,8179.39,1,67.04418032786886,56.82,low,US,111.7,False,493
143,121,9827.08,2,81.21553719008264,128.05,high,US,213.97,False,627
144,132,29669.11,0,224.76598484848486,0.0,low,US,269.32,False,912
145,125,6859.96,0,54.87968,0.0,low,US,251.21,False,2174
146,130,50788.79,1,390.683,537.22,low,US,1191.44,True,1873
147,120,20930.62,1,174.42183333333332,396.78,low,US,1180.31,True,104
148,126,83784.43,0,664.9557936507936,0.0,low,US,3607.22,False,535
149,119,26399.66,2,221.84588235294117,205.99,medium,US,247.81,False,1804
150,101,8380.61,0,82.97633663366337,0.0,low,US,2074.97,False,155
151,116,142594.44,1,1229.2624137931034,4246.77,low,US,2063.46,False,1878
152,116,3496.0299999999997,0,30.13818965517241,0.0,low,US,399.8,False,637
153,119,3446.73,2,28.964117647058824,53.7,low,US,754.61,False,2012
154,125,18651.83,1,149.21464,894.54,low,US,1505.17,True,664
155,147,5615.09,0,38.19789115646259,0.0,low,US,467.3,False,968
156,132,6794.5,1,51.47348484848485,124.21,low,US,435.83,False,1459
157,115,1568.27,0,13.637130434782609,0.0,low,US,280.17,False,302
158,127,1863.84,0,14.675905511811022,0.0,low,US,58.91,False,1233
159,95,14466.2,1,152.27578947368423,43.18,medium,GB,525.01,False,1120
160,104,1567.75,1,15.07451923076923,19.38,low,US,260.11,False,1723
161,132,7128.7,1,54.005303030303025,20.17,high,US,187.2,False,2181
162,116,27855.21,1,240.13112068965518,36.41,medium,US,720.52,False,1464
163,124,3704.96,0,29.878709677419355,0.0,low,US,133.46,False,913
164,141,26470.33,0,187.73283687943263,0.0,low,US,1017.87,False,907
165,123,16373.4,2,133.11707317073171,740.0699999999999,low,CA,761.46,False,932
166,142,1060.74,0,7.47,0.0,low,US,343.72,False,1788
167,127,21442.69,0,168.84007874015748,0.0,low,CA,465.46,True,723
168,120,13731.41,1,114.42841666666666,256.54,low,US,168.81,False,390
169,128,131959.61000000002,0,1030.9344531250001,0.0,low,CA,968.07,False,752
170,112,69035.42,0,616.3876785714285,0.0,low,US,583.26,False,79
171,118,94709.76,1,802.6250847457627,372.35,high,US,623.7,False,259
172,119,26196.19,0,220.13605042016806,0.0,low,US,774.1,False,224
173,127,6327.08,0,49.81952755905512,0.0,low,US,276.39,False,1696
174,116,4312.52,4,37.17689655172414,106.97,high,US,125.57,False,1590
175,121,68164.13,1,563.339917355372,225.57,low,US,1166.29,False,1535
176,119,33626.75,0,282.577731092437,0.0,low,US,915.84,False,1027
177,104,23573.5,0,226.66826923076923,0.0,medium,US,304.35,False,1578
178,144,21681.05,1,150.56284722222222,36.75,low,US,712.09,False,378
179,112,45995.63,1,410.67526785714284,1343.18,low,US,1528.7,False,1975
180,120,27225.99,0,226.88325,0.0,low,US,1373.11,False,1112
181,128,12182.14,0,95.17296875,0.0,medium,GB,296.46,False,2056
182,130,1114.01,1,8.569307692307692,3.42,low,US,129.04,False,358
183,109,4628.12,1,42.45981651376147,307.41,low,US,150.58,False,1104
184,125,8502.73,0,68.02184,0.0,low,US,372.21,False,1534
185,131,263381.25,0,2010.543893129771,0.0,low,US,1837.36,False,1100
186,121,47908.73,2,395.9399173553719,358.84999999999997,low,US,255.8,False,993
187,123,6998.74,0,56.90032520325203,0.0,low,AU,288.1,False,389
188,123,33915.229999999996,1,275.7335772357723,628.05,medium,US,282.81,False,853
189,104,4367.81,0,41.99817307692308,0.0,low,US,305.34,False,545
190,120,64682.89,1,539.0240833333334,4112.98,low,US,487.8,False,681
191,137,6970.7,0,50.881021897810214,0.0,low,US,155.7,False,1506
192,114,13787.29,1,120.9411403508772,474.04,low,US,1307.57,False,1391
193,109,5122.94,0,46.9994495412844,0.0,low,US,432.53,False,1341
194,121,173955.07,1,1437.6452066115703,7338.6,low,US,4588.1,False,811
195,143,19227.94,0,134.46111888111886,0.0,low,US,171.36,False,2102
196,113,30643.89,0,271.1848672566372,0.0,low,US,2060.86,False,219
197,142,69007.84,0,485.9707042253521,0.0,low,US,1723.67,False,769
198,121,9278.94,2,76.68545454545455,181.70999999999998,low,US,340.18,False,284
199,113,19374.13,1,171.4524778761062,142.98,low,US,345.31,False,762
200,118,13267.34,2,112.43508474576271,217.33,medium,AU,215.04,False,2107
201,114,3615.23,1,31.712543859649124,53.18,low,US,217.27,False,821
202,128,56353.19,1,440.259296875,4548.78,medium,US,492.48,False,1992
203,120,49513.53,1,412.61275,828.48,medium,DE,502.01,False,1099
204,119,11176.51,0,93.92025210084034,0.0,low,US,116.5,False,1541
205,110,58804.22,0,534.5838181818182,0.0,medium,US,3882.19,False,1018
206,123,2950.08,0,23.98439024390244,0.0,low,US,390.11,False,604
207,131,30588.12,2,233.49709923664122,126.48,low,US,522.72,False,1680
208,111,4198.95,1,37.828378378378375,70.64,low,US,280.45,True,2123
209,123,11474.82,0,93.29121951219511,0.0,low,US,387.49,True,599
210,109,19133.4,0,175.53577981651378,0.0,low,US,357.06,False,1712
211,111,18800.74,0,169.37603603603606,0.0,low,GB,491.45,False,594
212,122,5053.99,0,41.42614754098361,0.0,low,US,486.32,False,1578
213,127,22556.04,0,177.60661417322837,0.0,low,US,1016.76,True,1734
214,127,23895.93,1,188.15692913385826,363.05,low,US,604.56,False,1000
215,111,18014.45,2,162.29234234234235,298.0,low,US,928.76,False,1621
216,107,9179.71,0,85.79168224299065,0.0,low,US,488.42,False,618
217,116,7407.25,1,63.855603448275865,134.82,low,US,606.76,False,201
218,132,2563.14,0,19.417727272727273,0.0,low,US,396.56,False,238
219,109,9678.37,1,88.79238532110092,118.45,low,CA,1215.37,False,995
220,118,29462.69,1,249.68381355932203,429.05,low,US,658.76,False,1979
221,117,2171.8,0,18.562393162393164,0.0,low,US,427.41,False,305
222,118,2473.44,1,20.96135593220339,69.11,low,DE,416.08,False,1014
223,109,3629.18,0,33.29522935779816,0.0,low,US,446.61,False,1550
224,128,1692.71,0,13.224296875,0.0,low,US,506.44,False,467
225,122,15997.21,1,131.12467213114752,56.97,low,US,468.38,False,1588
226,118,16882.98,1,143.07610169491525,575.89,low,US,297.98,False,690
227,124,3941.23,0,31.784112903225807,0.0,low,US,980.84,False,1776
228,127,18885.0,1,148.70078740157481,98.08,low,US,1038.23,False,1281
229,112,135167.26,1,1206.8505357142858,2540.93,low,US,2453.99,False,1211
230,129,17047.510000000002,0,132.15124031007753,0.0,low,US,286.21,False,411
231,116,3930.36,2,33.88241379310345,26.42,low,US,897.66,False,1030
232,123,1799.96,1,14.633821138211383,7.52,low,US,88.39,False,1880
233,134,28882.19,0,215.53873134328356,0.0,low,US,1039.13,False,72
234,124,4900.78,2,39.52241935483871,105.94999999999999,low,US,132.83,False,1668
235,115,2766.73,1,24.058521739130434,305.06,low,US,203.18,False,1094
236,113,3091.57,0,27.359026548672567,0.0,low,US,664.48,False,1584
237,123,18809.4,2,152.9219512195122,269.26,medium,DE,281.65,False,1462
238,124,9292.0,0,74.93548387096774,0.0,low,US,249.01,False,963
239,127,51856.47,1,408.31866141732286,109.61,low,US,318.51,False,696
240,103,34816.09,0,338.0202912621359,0.0,low,CA,950.19,False,1384
241,129,15168.46,1,117.58496124031007,317.6,medium,US,212.81,False,332
242,124,4033.06,0,32.52467741935484,0.0,low,US,469.31,False,1291
243,113,47982.27,0,424.6218584070796,0.0,medium,US,350.45,False,234
244,99,12649.12,0,127.7688888888889,0.0,low,AU,1030.61,False,1433
245,116,159567.84,1,1375.5848275862068,785.89,low,US,1056.94,False,1388
246,121,2366.29,1,19.55611570247934,8.91,low,CA,94.47,False,212
247,121,129838.06999999999,0,1073.0419008264462,0.0,low,DE,1262.18,False,1666
248,130,10623.73,1,81.721,14.94,low,US,284.38,False,928
249,121,32456.1,1,268.23223140495867,2347.11,medium,US,609.51,False,1729
250,125,6128.34,0,49.026720000000005,0.0,low,CA,211.66,True,119
251,132,9497.66,0,71.9519696969697,0.0,high,US,688.16,False,417
252,116,65628.22,1,565.7605172413794,644.63,low,AU,4896.2,False,1097
253,117,10753.96,1,91.91418803418803,138.15,low,US,552.5,True,436
254,110,2013.1000000000001,1,18.30090909090909,52.66,low,US,325.75,False,742
255,100,20727.16,1,207.2716,41.91,low,US,399.84,False,1456
256,125,1737.49,1,13.89992,22.76,low,US,131.35,False,342
257,123,207364.72,0,1685.8920325203253,0.0,low,US,1815.41,False,1493
258,125,69721.22,2,557.76976,1636.04,low,US,653.01,True,253
259,126,7338.59,1,58.24277777777778,30.19,low,US,191.71,True,408
260,131,2224.38,1,16.98,12.88,low,US,197.42,False,1299
261,129,5415.4400000000005,1,41.98015503875969,49.88,low,US,499.57,False,1743
262,122,147966.7,0,1212.8418032786885,0.0,low,US,1140.01,False,398
263,126,1957.99,0,15.539603174603174,0.0,low,US,174.88,False,677
264,124,22277.68,0,179.65870967741935,0.0,low,US,1342.2,False,2028
265,130,41246.12,0,317.27784615384616,0.0,low,US,453.74,False,2167
266,116,11574.43,1,99.77956896551724,43.5,low,US,213.32,False,1285
267,121,6194.82,1,51.19685950413223,26.36,low,US,323.46,False,995
268,133,138434.53,0,1040.8611278195488,0.0,low,US,2377.25,False,779
269,122,9285.83,0,76.11336065573771,0.0,medium,US,141.26,False,1352
270,115,13755.09,0,119.60947826086957,0.0,low,US,255.01,False,1306
271,127,34100.99,1,268.51173228346454,189.36,medium,US,1161.33,False,666
272,109,58511.7,1,536.8045871559633,922.97,low,US,598.73,False,79
273,104,7047.65,0,67.76586538461538,0.0,low,US,241.74,False,357
274,107,4077.61,0,38.1085046728972,0.0,low,US,1174.17,False,2100
275,125,366560.23,0,2932.48184,0.0,low,US,1225.45,False,933
276,108,35214.95,0,326.0643518518518,0.0,low,US,663.98,False,1071
277,126,6312.16,0,50.09650793650793,0.0,low,US,283.96,False,1038
278,109,4296.35,0,39.416055045871566,0.0,low,US,326.2,False,1720
279,131,39051.78,1,298.10519083969467,893.98,low,GB,636.64,False,170
280,119,5815.8,1,48.872268907563026,24.02,low,US,151.3,False,208
281,123,34861.06,0,283.4232520325203,0.0,low,US,1627.84,False,625
282,114,53802.72,0,471.9536842105263,0.0,low,US,2276.03,False,1081
283,129,50198.98,0,389.13937984496124,0.0,low,US,398.47,False,1479
284,125,7992.79,0,63.94232,0.0,low,GB,678.91,False,1089
285,117,27607.68,0,235.96307692307693,0.0,low,US,1432.57,False,982
286,117,121074.47,0,1034.8245299145299,0.0,low,US,2864.09,False,2055
287,128,31033.9,0,242.45234375,0.0,low,US,2000.76,False,377
288,106,1927.3,1,18.182075471698113,59.74,low,US,103.34,False,1264
289,115,13138.5,1,114.24782608695652,31.66,low,US,370.93,False,1201
290,135,89619.14,2,663.8454814814814,1078.22,low,US,773.26,False,1052
291,107,17531.36,1,163.84448598130842,951.59,low,DE,315.83,False,1774
292,121,23464.78,1,193.92380165289256,1301.45,low,US,2451.59,False,606
293,127,94527.9,2,744.3141732283464,2762.85,low,US,2135.46,False,2090
294,133,12720.51,0,95.64293233082707,0.0,low,US,236.43,True,746
295,119,26607.14,1,223.5894117647059,1317.06,low,US,425.74,False,1207
296,110,39708.64,0,360.98763636363634,0.0,medium,US,250.99,True,1154
297,106,3291.61,1,31.052924528301887,23.65,low,US,413.39,False,1865
298,123,19282.77,1,156.77048780487806,797.2,low,US,402.26,False,978
299,150,54657.17,0,364.3811333333333,0.0,low,US,1163.09,False,644
300,119,1182.65,1,9.938235294117648,37.75,low,US,221.49,False,76
301,110,2199.91,1,19.999181818181818,14.15,medium,US,46.76,False,815
302,107,1293.92,2,12.092710280373833,67.24000000000001,low,US,116.27,False,1814
303,132,9975.1,0,75.5689393939394,0.0,low,US,195.3,False,51
304,129,15812.82,4,122.58,365.95,high,US,273.11,False,1965
305,118,51417.6,1,435.74237288135595,147.53,low,US,583.16,False,1202
306,119,5527.56,0,46.45008403361345,0.0,low,US,186.45,False,332
307,120,8236.58,4,68.63816666666666,755.72,low,US,165.67,False,682
308,117,56250.659999999996,2,480.7748717948718,1090.65,low,AU,213.47,False,1226
309,119,26066.0,1,219.0420168067227,114.72,low,US,180.53,False,711
310,127,18647.11,0,146.8276377952756,0.0,low,US,299.15,False,264
311,115,79142.21,0,688.1931304347827,0.0,medium,US,287.85,False,1468
312,117,28494.52,1,243.54290598290598,248.95,medium,GB,916.12,False,1482
313,129,2859.42,0,22.166046511627908,0.0,low,US,202.23,False,286
314,144,4548.07,1,31.583819444444444,75.97,low,US,357.15,True,637
315,128,30851.62,2,241.02828125,343.64,low,US,301.71,False,556
316,106,11334.65,0,106.93066037735849,0.0,low,US,1020.45,False,1454
317,138,4842.56,0,35.09101449275363,0.0,low,US,428.87,False,1607
318,110,4799.14,1,43.62854545454546,20.72,low,US,1268.55,False,1600
319,105,6748.83,0,64.27457142857143,0.0,low,US,174.66,False,2057
320,94,5150.3,1,54.7904255319149,169.17,low,US,471.34,False,1690
321,121,6974.94,0,57.64413223140495,0.0,low,US,293.45,False,722
322,125,4073.48,0,32.58784,0.0,low,US,163.46,False,262
323,144,27528.75,0,191.171875,0.0,low,CA,463.7,False,1357
324,104,30612.51,0,294.3510576923077,0.0,low,CA,2344.05,False,2008
325,110,18924.22,1,172.03836363636364,670.44,low,US,228.69,False,2136
326,123,39890.78,2,324.3152845528455,1081.5,low,US,439.35,False,527
327,116,9285.95,2,80.05129310344829,270.24,low,DE,151.26,False,540
328,126,4035.74,0,32.02968253968254,0.0,low,US,132.51,False,110
329,115,40052.4,1,348.2817391304348,3144.39,low,US,242.61,False,335
330,124,2742.79,1,22.119274193548385,7.91,low,US,328.66,False,1228
331,129,7959.83,1,61.70410852713178,21.22,medium,US,342.06,False,1211
332,111,2106.08,0,18.973693693693694,0.0,low,US,402.05,False,831
333,128,2772.06,0,21.65671875,0.0,low,GB,111.78,False,699
334,114,1881.6599999999999,0,16.50578947368421,0.0,low,US,280.52,False,1822
335,118,36490.52,1,309.2416949152542,386.31,low,US,774.01,False,1023
336,110,5940.64,1,54.005818181818185,26.0,low,US,145.12,False,1775
337,118,8660.869999999999,1,73.3972033898305,45.1,low,CA,357.94,False,2110
338,130,42185.44,1,324.5033846153846,196.7,medium,US,641.34,False,715
339,137,2625.1,1,19.16131386861314,18.45,low,US,243.71,False,467
340,146,118409.18,1,811.0217808219178,634.6,low,US,670.06,False,2088
341,122,2993.86,0,24.539836065573773,0.0,low,US,125.33,False,1401
342,117,116903.15,0,999.1722222222222,0.0,low,US,1096.2,False,658
343,112,12339.46,0,110.17375,0.0,low,US,684.86,False,1373
344,117,2904.02,0,24.82068376068376,0.0,low,US,518.06,False,1142
345,115,39906.74,0,347.0151304347826,0.0,low,US,1356.06,False,1985
346,144,6402.37,1,44.460902777777775,103.8,low,US,366.35,False,582
347,93,54121.61,0,581.9527956989248,0.0,low,US,282.57,False,2171
348,127,60149.23,5,473.61598425196854,3526.55,low,US,1694.75,False,2051
349,129,41113.66,0,318.71054263565895,0.0,low,US,2582.95,False,420
350,96,2792.97,1,29.093437499999997,23.8,low,CA,263.99,False,385
351,120,4285.19,1,35.709916666666665,8.24,low,AU,444.8,False,1181
352,117,30308.21,2,259.0445299145299,655.43,low,DE,1262.11,False,127
353,112,50747.06,1,453.09875,284.62,low,US,459.28,False,675
354,133,80371.77,1,604.299022556391,799.96,low,US,841.45,False,969
355,127,37718.65,0,296.9972440944882,0.0,low,US,994.62,False,2123
356,108,9379.54,0,86.8475925925926,0.0,low,US,297.06,False,2173
357,110,14907.77,0,135.52518181818184,0.0,low,US,718.63,False,357
358,134,93934.36,0,701.0026865671642,0.0,low,US,490.01,False,1956
359,138,14571.01,1,105.58702898550725,46.4,low,US,164.81,False,226
360,114,8568.89,0,75.16570175438596,0.0,low,US,202.21,False,1646
361,150,47358.88,0,315.72586666666666,0.0,low,US,273.92,False,1856
362,147,141624.01,0,963.4286394557823,0.0,low,US,1136.45,False,1954
363,110,22052.89,1,200.48081818181817,649.47,low,US,1170.54,False,512
364,129,14943.72,0,115.84279069767442,0.0,low,US,967.7,False,1959
365,104,10707.15,0,102.95336538461538,0.0,low,US,732.23,False,280
366,110,4095.42,0,37.23109090909091,0.0,low,US,714.47,False,1150
367,128,5032.83,0,39.318984375,0.0,low,US,632.58,False,1044
368,116,94531.23,0,814.9243965517242,0.0,low,DE,711.12,False,712
369,113,23716.45,0,209.88008849557522,0.0,low,US,755.84,False,77
370,112,2360.57,2,21.076517857142857,30.82,low,US,139.22,False,1697
371,125,1125.58,1,9.00464,9.28,medium,US,241.96,False,754
372,111,2281.19,0,20.551261261261264,0.0,low,DE,195.19,False,1459
373,144,42934.32,0,298.155,0.0,medium,US,1334.66,False,916
374,130,29299.89,1,225.38376923076922,157.66,low,US,2183.51,False,837
375,119,1077.42,1,9.053949579831933,3.55,low,US,69.96,False,1944
376,132,30844.71,1,233.67204545454544,394.96,low,US,2014.92,False,234
377,116,20516.86,1,176.8694827586207,176.01,low,US,532.75,False,1621
378,121,71099.59,3,587.5999173553719,2677.8,medium,US,1225.92,False,1643
379,130,5016.35,1,38.5873076923077,17.5,low,US,777.3,False,850
380,112,270143.23,3,2411.993125,11375.42,medium,US,1801.47,False,596
381,116,18393.38,1,158.56362068965518,127.08,low,US,595.12,False,41
382,111,11376.44,3,102.49045045045045,590.4300000000001,medium,US,144.44,False,2053
383,111,3795.33,1,34.19216216216216,16.71,medium,US,448.04,False,2077
384,130,22043.25,0,169.56346153846152,0.0,low,US,783.75,False,550
385,117,1328.65,0,11.355982905982907,0.0,low,GB,405.71,False,98
386,116,10791.49,0,93.03008620689656,0.0,low,US,890.66,False,295
387,132,26971.239999999998,5,204.32757575757574,651.3,low,US,464.46,False,176
388,117,5612.21,2,47.96760683760684,76.53999999999999,medium,US,288.31,False,1825
389,129,7421.13,0,57.52813953488372,0.0,low,US,185.42,False,1956
390,120,5598.78,2,46.6565,41.4,low,US,346.32,False,361
391,117,23205.78,1,198.34,188.51,low,US,592.36,False,1642
392,134,3661.35,0,27.323507462686567,0.0,low,US,84.48,True,417
393,116,6016.85,4,51.869396551724144,697.68,high,US,244.19,True,823
394,137,1210.55,0,8.836131386861313,0.0,low,US,81.69,False,1324
395,109,7851.31,1,72.03036697247707,277.17,low,US,282.77,False,1585
396,99,8326.9,2,84.110101010101,429.96000000000004,medium,US,1447.49,True,1919
397,148,5994.22,1,40.501486486486485,16.61,low,US,169.44,False,126
398,119,33384.33,1,280.54058823529414,71.47,low,US,927.83,False,454
399,123,181980.13,0,1479.5132520325203,0.0,low,US,6399.29,True,635
400,122,66250.1,0,543.0336065573771,0.0,low,US,1822.9,False,700
401,125,6764.76,1,54.11808,18.67,low,US,555.66,False,2185
402,105,13576.75,0,129.30238095238096,0.0,low,US,1066.98,False,1709
403,113,6095.7699999999995,0,53.94486725663717,0.0,low,US,143.64,False,722
404,104,2651.91,1,25.499134615384612,77.29,medium,AU,119.57,False,2129
405,122,20609.16,2,168.92754098360655,276.9,medium,US,505.64,False,1108
406,121,115466.97,2,954.272479338843,4634.94,low,US,705.39,False,1111
407,109,97489.5,0,894.3990825688073,0.0,low,US,1319.44,False,966
408,117,18036.52,1,154.1582905982906,25.9,low,US,295.34,False,340
409,110,142697.24,2,1297.2476363636363,4996.29,low,US,586.43,False,2048
410,126,17853.95,2,141.6980158730159,241.53000000000003,low,US,568.61,False,60
411,128,52544.41,0,410.503203125,0.0,low,US,437.79,False,406
412,99,4943.5,1,49.93434343434343,45.17,low,US,461.63,False,526
413,126,5066.86,1,40.2131746031746,55.73,low,AU,228.32,False,633
414,116,12179.32,0,104.99413793103449,0.0,low,US,633.8,False,314
415,118,7771.59,0,65.86093220338984,0.0,low,GB,587.31,False,68
416,112,43102.68,0,384.84535714285715,0.0,low,US,331.62,False,1493
417,116,37747.58,1,325.41017241379313,148.47,low,US,897.13,False,2123
418,137,18474.68,0,134.8516788321168,0.0,low,US,1242.71,False,293
419,108,50281.46,1,465.5690740740741,165.5,low,US,906.54,False,670
420,100,4674.6,1,46.746,27.49,medium,US,192.83,False,1123
421,137,10815.53,1,78.94547445255475,14.08,medium,US,538.98,False,2033
422,138,9274.77,2,67.20847826086957,127.31,low,GB,216.96,False,1529
423,120,22341.56,1,186.1796666666667,204.54,low,US,537.48,False,1684
424,133,2182.64,1,16.41082706766917,8.96,low,US,217.72,False,1285
425,139,48077.14,0,345.8787050359712,0.0,low,US,1555.34,False,930
426,109,6819.97,1,62.568532110091745,84.71,low,US,997.25,False,461
427,102,18401.09,0,180.4028431372549,0.0,low,US,1390.88,False,1896
428,111,81293.97,0,732.3781081081081,0.0,medium,US,1269.72,False,1766
429,129,5754.58,8,44.6091472868217,74.36,medium,US,386.24,False,84
430,125,3290.85,0,26.3268,0.0,low,US,335.95,False,1575
431,116,52674.76,0,454.09275862068966,0.0,low,US,2362.68,False,212
432,108,2885.92,1,26.721481481481483,5.55,low,US,424.7,False,1626
433,109,1870.53,1,17.160825688073395,7.57,high,CA,145.6,False,1814
434,139,100219.02,1,721.0001438848922,936.33,low,DE,1220.14,False,313
435,111,11802.95,0,106.33288288288288,0.0,low,AU,560.82,False,967
436,121,270195.83,1,2233.0233884297522,659.44,low,DE,1910.94,False,297
437,98,14807.63,0,151.09826530612244,0.0,low,US,613.19,False,1255
438,111,8617.68,0,77.63675675675675,0.0,low,US,483.96,False,2033
439,113,314390.65,0,2782.2181415929203,0.0,low,US,1945.96,False,204
440,118,58508.56,1,495.8352542372881,394.33,low,US,123.39,False,888
441,115,32771.37,0,284.9684347826087,0.0,low,US,290.96,True,2131
442,140,3169.28,1,22.63771428571429,82.95,low,AU,221.71,False,680
443,109,8860.01,0,81.28449541284404,0.0,low,CA,68.34,False,315
444,134,28239.23,0,210.7405223880597,0.0,low,US,1081.23,False,1085
445,137,3202.25,0,23.374087591240876,0.0,medium,US,298.37,False,1128
446,114,29949.28,0,262.71298245614037,0.0,low,US,1113.02,True,1461
447,123,16666.82,1,135.50260162601626,1227.64,low,US,699.37,False,707
448,128,230026.41,0,1797.081328125,0.0,low,US,851.01,False,2094
449,131,36720.49,1,280.30908396946563,87.11,low,US,327.06,False,1155
450,120,8936.92,0,74.47433333333333,0.0,low,US,247.69,False,648
451,119,4801.11,0,40.345462184873945,0.0,low,AU,534.21,False,2104
452,93,4299.03,0,46.226129032258065,0.0,low,US,1126.93,False,2027
453,125,3741.03,0,29.928240000000002,0.0,low,CA,470.9,False,1108
454,117,68074.67,1,581.8347863247864,3853.26,low,DE,261.98,False,83
455,123,4260.41,5,34.637479674796744,246.68,high,US,167.48,False,1319
456,107,28841.61,1,269.5477570093458,274.28,low,US,592.14,False,1229
457,100,14567.77,1,145.67770000000002,220.94,medium,US,299.27,False,350
458,119,15318.210000000001,2,128.7244537815126,592.62,medium,US,461.94,False,1399
459,115,61194.979999999996,1,532.1302608695652,451.95,low,US,397.46,False,1846
460,106,7576.93,1,71.4804716981132,86.34,low,US,330.3,False,258
461,119,44708.36,0,375.7005042016807,0.0,low,GB,641.89,False,1592
462,125,35321.07,0,282.56856,0.0,low,US,811.64,False,333
463,109,20440.24,2,187.52513761467893,887.72,low,US,2889.25,False,1647
464,113,42625.29,1,377.2149557522124,1859.0,low,US,974.74,True,935
465,110,105019.92,0,954.7265454545454,0.0,low,US,2067.95,False,44
466,121,7216.37,0,59.63942148760331,0.0,low,US,235.87,False,2117
467,107,10755.4,0,100.51775700934579,0.0,low,US,116.65,False,388
468,115,29765.25,2,258.8282608695652,3618.7000000000003,low,CA,486.39,False,1317
469,121,14224.05,2,117.55413223140495,148.55,low,US,1066.59,False,421
470,117,13176.82,0,112.62239316239317,0.0,medium,US,926.16,True,2045
471,135,10715.0,0,79.37037037037037,0.0,low,US,1465.93,False,1624
472,132,2087.16,2,15.81181818181818,23.759999999999998,low,US,50.25,False,1767
473,138,32529.27,0,235.71934782608696,0.0,low,US,1521.85,False,963
474,105,26958.99,1,256.75228571428573,317.69,low,US,666.42,False,1039
475,119,1741.53,1,14.634705882352941,14.73,low,US,122.78,False,1400
476,137,15726.44,2,114.79153284671533,541.6,low,US,944.99,False,1725
477,113,4020.64,0,35.58088495575221,0.0,low,US,573.95,False,1859
478,95,60483.54,1,636.6688421052631,643.81,medium,US,694.44,False,68
479,104,360159.21,0,3463.069326923077,0.0,medium,US,1211.0,False,1463
480,122,55220.1,1,452.62377049180327,1520.3,low,AU,725.78,False,265
481,146,5256.83,1,36.00568493150685,153.75,low,US,130.9,False,651
482,112,9268.47,0,82.75419642857142,0.0,low,US,433.23,False,1821
483,127,3080.49,0,24.255826771653542,0.0,low,CA,114.91,False,571
484,132,13487.03,2,102.17446969696971,291.94,low,US,883.73,False,1751
485,121,4647.4,0,38.40826446280992,0.0,low,US,1733.98,False,1030
486,123,4931.77,2,40.095691056910574,199.08,low,US,161.21,False,532
487,132,7354.55,0,55.71628787878788,0.0,low,US,269.26,False,751
488,125,2151.22,0,17.20976,0.0,low,US,222.71,False,1176
489,116,14427.69,0,124.37663793103448,0.0,low,AU,327.5,False,1682
490,122,11692.95,2,95.8438524590164,197.61,low,US,714.21,False,1338
491,117,6111.69,0,52.236666666666665,0.0,low,US,330.71,False,2045
492,115,11897.91,1,103.46008695652174,178.49,low,US,886.5,False,1904
493,120,28366.65,0,236.38875000000002,0.0,medium,US,1285.42,False,1657
494,109,103764.56,3,951.9684403669725,5181.990000000001,low,US,1328.2,False,1332
495,118,2011.18,1,17.043898305084745,53.89,low,GB,180.12,False,656
496,102,35146.54,3,344.57392156862744,1455.4099999999999,low,US,1715.29,False,921
497,118,111480.72,0,944.7518644067796,0.0,low,US,1843.58,False,286
498,122,78326.97,1,642.0243442622951,487.61,low,US,1993.03,False,838
499,112,60498.020000000004,0,540.1608928571429,0.0,low,US,427.51,False,2031
500,110,13687.67,0,124.43336363636364,0.0,medium,US,250.47,False,949
501,114,13707.7,1,120.24298245614035,201.94,low,US,203.2,True,275
502,123,1644.49,0,13.369837398373983,0.0,low,US,182.8,False,1438
503,117,11780.6,0,100.6888888888889,0.0,low,US,497.96,False,2109
504,130,12947.24,0,99.59415384615384,0.0,low,US,1056.87,False,1903
505,111,16936.85,1,152.58423423423423,244.72,low,US,1597.03,False,622
506,125,2005.58,1,16.04464,5.09,low,US,318.3,False,1010
507,145,34214.88,1,235.9646896551724,491.39,low,CA,475.89,False,1176
508,111,5171.71,3,46.59198198198198,239.78,low,US,448.64,False,565
509,116,7407.4,1,63.856896551724134,38.55,low,US,278.17,False,610
510,121,16404.05,1,135.5706611570248,39.71,low,US,955.44,False,541
511,117,16508.75,0,141.10042735042734,0.0,medium,US,683.05,False,2178
512,123,13711.96,1,111.47934959349593,30.14,low,US,559.83,False,1641
513,126,76272.59,1,605.3380158730158,78.18,high,US,680.26,False,1846
514,122,12964.74,2,106.26836065573771,248.23,high,US,857.4,False,1793
515,131,8800.84,0,67.18198473282443,0.0,medium,US,849.71,False,2101
516,120,3559.71,0,29.66425,0.0,low,CA,231.68,False,257
517,117,19998.58,0,170.9280341880342,0.0,low,US,1104.0,False,1934
518,117,25798.58,2,220.50068376068378,863.46,low,US,620.07,False,173
519,121,3308.14,0,27.34,0.0,low,US,333.23,False,1056
520,125,8708.2,0,69.66560000000001,0.0,low,US,608.38,False,1313
521,119,2963.42,0,24.902689075630253,0.0,low,US,671.85,False,802
522,133,38683.840000000004,2,290.85593984962406,455.34000000000003,medium,DE,1304.54,False,345
523,119,6423.76,0,53.98117647058824,0.0,low,US,192.19,False,445
524,119,29960.3,0,251.7672268907563,0.0,low,US,1623.74,False,1811
525,111,5625.08,1,50.6763963963964,297.34,low,US,503.13,False,718
526,118,11540.49,0,97.80076271186441,0.0,low,US,312.46,False,700
527,116,8479.69,0,73.10077586206897,0.0,low,US,303.97,False,2024
528,124,3135.61,0,25.28717741935484,0.0,low,CA,200.09,False,340
529,129,19388.55,0,150.29883720930232,0.0,low,US,102.84,False,2006
530,103,61335.4,0,595.4893203883495,0.0,low,US,906.56,False,2019
531,119,168261.89,0,1413.965462184874,0.0,low,US,2930.12,False,1322
532,134,10009.93,0,74.70097014925373,0.0,low,US,114.91,False,387
533,120,4692.37,2,39.10308333333333,57.67,low,US,209.48,False,366
534,122,8768.21,0,71.8705737704918,0.0,low,US,969.16,False,644
535,125,652687.9,0,5221.5032,0.0,low,US,472.92,False,1277
536,136,37114.07,1,272.8975735294118,271.46,low,CA,1044.17,False,361
537,132,6404.97,1,48.5225,25.74,low,US,449.64,False,1014
538,126,2720.11,1,21.588174603174604,23.36,low,CA,292.2,False,279
539,130,37682.49,1,289.8653076923077,19.53,low,US,402.12,False,1197
540,117,6847.79,0,58.52811965811966,0.0,low,CA,57.75,False,75
541,134,3827.71,2,28.565,17.7,medium,US,176.07,False,1561
542,103,27098.52,1,263.09242718446603,143.77,low,US,1156.84,False,149
543,122,6001.66,2,49.193934426229504,133.24,medium,US,1440.45,False,450
544,134,2304324.0,1,17196.44776119403,21149.15,low,US,1746.82,False,407
545,125,8508.58,0,68.06864,0.0,low,GB,732.73,False,1824
546,132,4089.09,0,30.977954545454548,0.0,low,GB,64.69,False,145
547,120,6133.18,0,51.109833333333334,0.0,low,US,278.24,False,957
548,124,58103.12,3,468.5735483870968,1388.1,high,US,1623.26,False,1306
549,117,22287.4,2,190.4905982905983,1478.26,low,US,2123.35,False,1144
550,128,13801.67,1,107.825546875,247.35,medium,US,1679.72,False,1500
551,123,3266.3,1,26.55528455284553,18.8,medium,US,398.37,False,1764
552,122,3021.23,1,24.764180327868853,54.28,low,US,152.03,False,880
553,132,33333.21,0,252.5243181818182,0.0,low,US,475.06,False,1818
554,112,20496.18,1,183.00160714285715,1008.19,low,CA,499.36,False,716
555,108,16327.44,0,151.18,0.0,low,US,2016.28,False,2156
556,111,11995.05,1,108.06351351351351,39.28,low,US,604.87,False,1119
557,123,3617.57,0,29.411138211382116,0.0,low,US,500.2,False,1619
558,135,11504.8,3,85.22074074074074,884.7,medium,US,526.44,False,1920
559,116,10721.62,1,92.42775862068966,114.24,low,DE,706.18,False,1742
560,117,14952.13,0,127.7959829059829,0.0,low,GB,865.92,False,1868
561,128,8108.38,0,63.34671875,0.0,low,US,256.7,False,1188
562,131,3780.49,0,28.858702290076334,0.0,low,GB,190.21,False,123
563,135,30229.75,0,223.92407407407407,0.0,medium,US,1691.72,False,1095
564,106,2230.39,0,21.041415094339623,0.0,low,DE,112.51,False,422
565,124,25229.4,2,203.46290322580646,119.96000000000001,high,US,2151.61,False,1950
566,131,6001.04,0,45.80946564885496,0.0,low,US,88.27,False,541
567,128,3859.33,1,30.151015625,11.2,medium,US,291.17,False,522
568,125,14522.96,1,116.18368,62.23,low,US,1181.65,False,568
569,100,36322.42,1,363.2242,255.95,low,US,492.9,False,1417
570,108,5629.67,2,52.12657407407408,101.24000000000001,low,US,150.68,False,1263
571,115,30519.55,0,265.38739130434783,0.0,low,US,723.27,False,2079
572,121,38854.44,1,321.1110743801653,1478.04,low,US,523.38,False,929
573,132,32832.98,2,248.73469696969698,418.71000000000004,low,US,405.68,False,639
574,136,1956.72,1,14.38764705882353,10.27,low,CA,281.03,False,136
575,146,56206.84,0,384.9783561643835,0.0,low,US,477.64,False,45
576,125,3595.87,1,28.766959999999997,50.53,low,US,291.86,False,837
577,117,598828.01,0,5118.18811965812,0.0,low,AU,4407.57,False,2029
578,132,6233.73,1,47.22522727272727,152.66,low,US,397.02,False,1161
579,105,7469.54,0,71.13847619047618,0.0,low,US,352.0,True,1960
580,127,7162.83,1,56.40023622047244,264.8,low,US,302.64,False,249
581,133,53215.91,0,400.1196240601504,0.0,low,GB,2438.79,False,231
582,106,1791.16,1,16.897735849056605,22.62,low,US,112.71,False,1830
583,117,6270.49,1,53.593931623931624,11.6,low,US,680.95,False,260
584,123,16913.87,1,137.5111382113821,47.59,low,CA,397.28,False,142
585,109,1372.79,2,12.59440366972477,24.89,medium,US,136.86,False,902
586,141,4024.88,0,28.545248226950356,0.0,low,US,235.76,False,2027
587,133,11900.48,1,89.4772932330827,132.25,low,US,655.41,False,1519
588,123,53571.56,0,435.5411382113821,0.0,low,US,226.34,False,244
589,113,2845.74,1,25.183539823008847,24.39,low,US,622.42,False,1838
590,127,128733.35,0,1013.6484251968504,0.0,low,US,2336.1,True,1852
591,102,177385.23,1,1739.0708823529412,384.06,low,US,574.52,False,1759
592,114,1428.64,0,12.531929824561404,0.0,low,US,133.2,True,1979
593,133,24826.94,0,186.66872180451128,0.0,low,US,229.95,False,548
594,112,10305.64,0,92.01464285714285,0.0,low,US,381.13,False,2145
595,123,15385.58,1,125.0860162601626,107.56,low,US,358.88,False,722
596,139,45537.44,1,327.6074820143885,3466.05,high,GB,564.99,True,1762
597,119,15372.71,3,129.1824369747899,188.73,medium,US,652.75,False,1281
598,101,155304.55,2,1537.668811881188,6355.73,medium,US,2338.99,False,1713
599,126,4974.92,1,39.483492063492065,13.87,medium,US,491.1,False,1386
600,120,10896.74,1,90.80616666666667,65.91,low,US,174.69,False,1417
601,133,11410.34,0,85.79203007518797,0.0,low,US,1391.9,False,1361
602,124,8049.0,1,64.91129032258064,40.0,low,US,1535.67,False,1712
603,138,19364.51,0,140.32253623188404,0.0,low,CA,607.41,False,1626
604,112,1410.51,2,12.593839285714285,79.53,low,US,394.75,False,320
605,143,14313.18,2,100.09216783216783,261.45,medium,US,862.89,False,1814
606,122,7914.14,2,64.87,30.96,low,US,407.49,False,1187
607,140,3060.1,0,21.857857142857142,0.0,low,US,77.47,True,727
608,123,27322.3,0,222.13252032520325,0.0,low,US,818.22,False,1140
609,137,43281.06,2,315.92014598540146,395.81,low,US,1099.96,False,2118
610,120,33801.14,0,281.6761666666667,0.0,low,US,1802.59,False,1882
611,146,13433.65,0,92.011301369863,0.0,low,US,255.27,False,1830
612,121,32034.26,2,264.7459504132231,396.77,low,US,603.98,False,1029
613,114,21981.39,3,192.81921052631577,761.51,low,US,615.86,False,1723
614,103,4649.56,2,45.141359223300974,64.25999999999999,medium,US,532.11,False,861
615,112,8191.27,2,73.13633928571429,133.77,low,US,546.41,False,1512
616,122,9396.41,0,77.01975409836065,0.0,low,GB,509.5,False,1411
617,125,24300.12,1,194.40096,101.18,low,US,596.2,True,569
618,117,10602.57,0,90.6202564102564,0.0,low,US,959.69,False,605
619,135,4131.38,0,30.602814814814817,0.0,low,GB,1477.72,False,162
620,135,1360.97,1,10.081259259259259,2.37,medium,US,249.46,False,331
621,118,14613.24,0,123.84101694915255,0.0,low,US,421.97,False,966
622,131,7992.58,1,61.01206106870229,156.26,low,US,336.86,False,1062
623,116,1820.41,0,15.693189655172414,0.0,low,US,296.16,False,386
624,113,3966.61,0,35.10274336283186,0.0,low,US,115.07,False,930
625,126,9991.01,0,79.29373015873016,0.0,low,US,503.61,False,1335
626,129,51413.2,0,398.5519379844961,0.0,low,US,758.53,False,532
627,132,24358.93,2,184.53734848484848,171.6,medium,GB,428.55,False,760
628,142,6424.97,0,45.246267605633804,0.0,low,US,488.79,False,823
629,118,23664.23,0,200.5443220338983,0.0,low,US,718.09,True,1120
630,94,39951.04,0,425.01106382978725,0.0,low,US,1754.62,True,821
631,126,2719.87,1,21.58626984126984,5.59,low,US,337.72,False,1621
632,122,2242.26,1,18.379180327868855,34.56,medium,GB,171.67,False,737
633,108,14614.710000000001,1,135.3213888888889,200.36,low,US,454.23,False,967
634,98,41653.5,0,425.0357142857143,0.0,low,CA,2684.38,False,849
635,109,1627.23,0,14.928715596330276,0.0,low,US,173.33,False,425
636,120,47922.52,0,399.35433333333333,0.0,low,US,884.59,False,1511
637,129,12788.08,0,99.13240310077519,0.0,low,GB,1397.06,False,538
638,127,2383.47,0,18.76748031496063,0.0,low,US,58.62,False,671
639,115,14010.58,1,121.83113043478261,15.93,low,US,712.8,False,1742
640,121,4258.05,0,35.1904958677686,0.0,low,US,848.16,False,2079
641,104,22001.7,0,211.5548076923077,0.0,low,US,387.38,False,1479
642,118,5801.63,0,49.16635593220339,0.0,low,US,275.39,False,2009
643,113,123857.28,0,1096.0821238938054,0.0,low,US,289.57,False,1875
644,117,7613.68,1,65.07418803418804,81.9,low,US,366.61,False,1068
645,124,32937.15,3,265.62217741935484,405.94,low,US,375.45,False,1693
646,113,7875.22,0,69.69221238938053,0.0,low,US,316.81,False,739
647,118,5226.51,1,44.292457627118644,6.41,low,US,361.4,False,1024
648,130,18090.98,0,139.1613846153846,0.0,low,US,1439.01,False,1186
649,114,2041.56,1,17.908421052631578,18.89,low,AU,165.18,False,2104
650,125,4590.35,1,36.7228,61.86,medium,US,102.09,False,1862
651,117,18180.33,0,155.38743589743592,0.0,low,US,1459.88,False,1086
652,113,24525.79,1,217.04238938053098,85.41,low,US,414.55,False,1439
653,113,3865.89,0,34.21141592920354,0.0,low,US,347.44,False,467
654,122,54007.95,1,442.68811475409836,794.99,low,US,445.82,False,1767
655,119,7054.94,1,59.28521008403361,61.9,low,AU,594.87,False,1224
656,119,1845.3,1,15.50672268907563,69.64,low,US,307.46,False,1180
657,113,102801.14,0,909.7446017699115,0.0,low,US,776.92,False,1685
658,92,30649.72,2,333.14913043478265,1011.48,low,US,207.26,False,1397
659,126,7589.26,4,60.23222222222223,839.25,medium,CA,375.54,False,186
660,116,3483.97,1,30.034224137931034,8.78,low,US,67.14,False,652
661,119,24065.13,1,202.2279831932773,507.96,low,US,1415.18,False,411
662,111,19537.42,3,176.01279279279277,1020.0,medium,US,420.53,False,1617
663,137,51118.09,1,373.12474452554744,680.8,medium,US,900.63,False,105
664,123,29213.98,1,237.5120325203252,544.96,low,US,756.66,False,467
665,112,1732.65,0,15.470089285714286,0.0,low,AU,808.22,True,1320
666,116,98329.73,0,847.6700862068965,0.0,low,US,489.31,False,1530
667,120,16585.86,0,138.2155,0.0,low,US,698.83,False,1117
668,122,14106.44,0,115.62655737704918,0.0,low,US,207.44,False,1889
669,130,2611.65,1,20.089615384615385,2.71,low,US,171.73,False,2014
670,110,10077.72,0,91.61563636363636,0.0,low,US,449.89,False,315
671,130,8186.75,1,62.975,34.7,low,US,267.25,False,2087
672,112,50941.38,1,454.83374999999995,114.16,low,US,1777.42,False,1357
673,139,51810.15,2,372.73489208633094,1316.2,low,US,690.65,False,1404
674,137,2007.61,0,14.654087591240875,0.0,low,US,258.57,True,235
675,129,3829.31,1,29.684573643410854,31.72,low,US,385.91,False,1373
676,112,20647.26,2,184.3505357142857,469.33,medium,US,555.41,False,1597
677,109,4548.58,0,41.73009174311927,0.0,low,US,463.5,False,1284
678,126,17480.41,0,138.7334126984127,0.0,low,US,629.28,False,212
679,131,41260.5,1,314.96564885496184,124.02,low,US,524.16,False,1160
680,95,4373.76,1,46.039578947368426,27.09,low,US,140.95,True,2051
681,119,1297.16,0,10.900504201680674,0.0,low,US,71.11,True,1592
682,106,9026.65,0,85.1570754716981,0.0,low,US,352.04,False,326
683,133,108907.33,1,818.8521052631579,4568.54,low,US,816.02,False,2103
684,118,6745.14,0,57.16220338983051,0.0,low,US,355.62,True,2101
685,129,43512.53,0,337.3064341085271,0.0,low,US,1499.53,False,395
686,155,22964.91,1,148.16070967741936,1269.81,low,US,472.39,False,1759
687,114,16068.44,0,140.95122807017543,0.0,low,US,1671.5,False,908
688,125,42447.86,0,339.58288,0.0,medium,US,1389.52,False,1312
689,115,33582.41,1,292.02095652173915,137.77,low,US,1269.22,False,991
690,141,5202.9800000000005,0,36.90056737588653,0.0,low,US,166.81,False,1720
691,119,13287.48,1,111.65949579831933,257.94,low,US,500.41,False,2182
692,108,42532.37,1,393.81824074074075,48.95,low,US,1481.03,False,1747
693,121,5429.92,0,44.875371900826444,0.0,low,US,629.62,False,2041
694,114,5706.75,1,50.05921052631579,13.46,low,US,811.53,False,2073
695,132,4954.36,0,37.5330303030303,0.0,low,US,141.3,False,224
696,106,35327.25,1,333.2759433962264,354.13,low,US,2770.85,False,577
697,129,9451.12,3,73.26449612403101,262.86,low,AU,241.72,False,1589
698,113,1363.98,1,12.070619469026548,15.38,low,US,81.86,False,1304
699,114,7720.49,0,67.72359649122807,0.0,low,US,359.24,False,138
700,116,1899.46,2,16.374655172413792,6.52,low,US,54.45,True,235
701,100,12662.52,0,126.6252,0.0,medium,US,185.56,False,1154
702,115,58748.03,1,510.85243478260867,1694.19,low,US,4927.86,False,1360
703,131,13446.28,0,102.64335877862595,0.0,low,US,350.01,False,392
704,123,6023.89,1,48.97471544715447,14.02,low,US,136.32,False,399
705,114,5186.96,1,45.49964912280702,14.13,low,US,504.1,False,309
706,117,3604.9,0,30.811111111111114,0.0,low,US,219.64,False,1250
707,113,15375.6,0,136.06725663716816,0.0,low,US,1072.84,False,46
708,121,19282.69,1,159.3610743801653,94.45,low,US,221.28,False,1266
709,117,9382.85,0,80.19529914529915,0.0,low,US,628.7,False,1058
710,115,1961.5,0,17.056521739130435,0.0,low,US,175.5,False,1036
711,131,434079.72,0,3313.5856488549616,0.0,medium,US,5110.87,False,1497
712,119,34034.94,0,286.0078991596639,0.0,low,US,775.31,False,1158
713,126,10749.55,4,85.31388888888888,650.44,high,US,432.27,False,1601
714,131,28731.09,1,219.32129770992367,85.86,low,DE,378.55,False,1680
715,132,21512.54,6,162.97378787878787,1418.09,medium,US,299.39,False,2017
716,114,5762.84,0,50.55122807017544,0.0,low,US,248.43,False,1756
717,121,4731.26,0,39.10132231404959,0.0,low,US,242.36,False,1148
718,101,83721.84,0,828.929108910891,0.0,low,US,2231.65,False,1093
719,96,2041.55,0,21.266145833333333,0.0,medium,US,299.66,False,539
720,106,3109.41,1,29.334056603773583,217.35,low,US,72.5,False,1325
721,129,6118.46,1,47.42992248062016,19.74,low,US,172.54,False,330
722,122,29597.88,0,242.60557377049182,0.0,low,US,1135.64,False,2041
723,125,15129.86,2,121.03888,218.15,medium,US,392.65,False,1855
724,127,12039.45,0,94.7988188976378,0.0,low,US,436.73,False,288
725,124,63827.07,0,514.7344354838709,0.0,low,US,1412.1,False,1727
726,120,31712.23,1,264.2685833333333,150.95,low,US,244.83,False,282
727,132,67253.08,5,509.4930303030303,2031.8300000000002,medium,US,870.59,False,1587
728,114,1489.99,0,13.070087719298245,0.0,low,US,270.13,False,219
729,132,23905.84,1,181.10484848484847,1118.18,low,US,827.4,False,1084
730,127,22000.67,0,173.23362204724407,0.0,low,US,346.53,False,1450
731,115,4907.31,2,42.67226086956522,95.16,medium,US,396.47,False,1604
732,121,5733.98,2,47.388264462809914,377.83000000000004,medium,US,1030.83,False,934
733,139,125126.84,1,900.1930935251798,2047.2,low,US,966.06,False,2020
734,135,10524.86,1,77.96192592592593,107.27,low,US,424.59,False,1702
735,117,20157.33,1,172.2848717948718,328.9,low,US,322.32,False,479
736,124,72774.1,2,586.8879032258066,1313.95,high,US,2078.15,False,1479
737,116,35497.46,0,306.0125862068966,0.0,low,GB,837.48,False,1607
738,137,4229.59,1,30.872919708029197,34.0,low,US,346.53,False,750
739,122,27658.68,2,226.7104918032787,383.01,low,US,273.75,False,1624
740,105,9114.66,0,86.8062857142857,0.0,low,US,1239.43,False,1970
741,117,23132.86,5,197.71675213675215,1904.93,low,US,546.68,False,1794
742,114,3978.85,0,34.90219298245614,0.0,low,CA,425.3,False,1677
743,124,1738.17,1,14.0175,25.26,medium,AU,546.47,False,1400
744,115,3162.97,0,27.504086956521736,0.0,low,US,667.82,False,614
745,120,5844.86,0,48.707166666666666,0.0,low,US,468.24,False,1747
746,140,74817.49,1,534.4106428571429,669.95,low,US,1455.81,False,816
747,134,6322.13,1,47.180074626865675,57.85,low,US,1530.58,True,1179
748,128,19310.39,4,150.862421875,491.2,medium,AU,795.28,False,709
749,110,24153.89,1,219.5808181818182,287.26,low,US,1698.07,False,706
750,96,10444.11,0,108.79281250000001,0.0,low,US,496.53,False,370
751,121,22225.4,0,183.6809917355372,0.0,low,CA,917.17,False,2106
752,131,9474.97,1,72.32801526717557,98.92,low,US,1216.84,False,349
753,110,24828.5,0,225.71363636363637,0.0,low,US,1232.91,False,216
754,114,35270.6,1,309.39122807017543,535.53,low,DE,1123.72,False,2052
755,131,28371.89,2,216.57931297709922,608.3000000000001,low,US,869.63,False,1228
756,130,516009.4,0,3969.3030769230772,0.0,low,US,2868.13,False,975
757,116,30930.43,0,266.6416379310345,0.0,low,US,303.16,False,1622
758,130,11515.48,0,88.58061538461538,0.0,low,US,428.5,False,857
759,134,13427.69,2,100.20664179104477,388.95000000000005,medium,US,406.24,False,306
760,138,2551.62,0,18.49,0.0,low,US,353.8,False,1606
761,116,3041.8,2,26.22241379310345,9.84,high,CA,82.28,False,410
762,111,51074.44,0,460.1300900900901,0.0,low,US,1698.29,False,1224
763,120,5697.74,1,47.48116666666667,42.11,low,US,195.7,True,2079
764,120,6284.26,0,52.368833333333335,0.0,low,US,574.12,False,2052
765,132,1649.16,0,12.493636363636364,0.0,low,AU,137.05,False,809
766,110,18215.82,1,165.59836363636364,469.2,low,US,861.47,False,1715
767,122,3470.25,0,28.44467213114754,0.0,low,US,243.02,False,1353
768,111,8405.74,0,75.72738738738738,0.0,low,GB,177.26,False,1065
769,133,11486.07,0,86.36142857142858,0.0,low,US,586.93,True,332
770,123,2397.81,0,19.494390243902437,0.0,low,US,262.26,False,842
771,106,12185.08,1,114.95358490566038,159.37,medium,US,293.91,False,1438
772,118,17834.65,0,151.14110169491528,0.0,medium,US,575.14,False,2161
773,123,29357.96,1,238.68260162601626,1476.22,low,CA,1012.31,False,40
774,135,39350.55,1,291.48555555555555,60.39,low,CA,235.91,False,1580
775,105,1463.09,0,13.934190476190475,0.0,low,US,201.93,False,1858
776,125,16774.51,0,134.19608,0.0,low,US,503.27,False,2084
777,126,166309.92,1,1319.92,5500.65,low,US,800.57,False,945
778,113,4241.72,0,37.53734513274337,0.0,low,US,1838.09,False,285
779,125,9496.62,0,75.97296,0.0,low,AU,187.88,True,615
780,125,18508.38,1,148.06704000000002,17.49,medium,US,370.12,False,1867
781,121,14264.22,2,117.88611570247933,119.97,low,US,1419.71,False,1926
782,123,14617.68,2,118.8429268292683,550.87,low,US,2909.64,False,1406
783,118,2672.56,2,22.648813559322033,34.89,medium,US,201.59,False,295
784,118,5862.12,1,49.67898305084746,20.61,low,US,253.43,False,293
785,121,26317.87,1,217.50305785123967,350.85,low,US,694.36,False,1062
786,127,13443.91,0,105.8575590551181,0.0,medium,US,292.96,False,1300
787,120,30501.31,0,254.17758333333333,0.0,medium,US,248.81,False,99
788,107,9384.49,0,87.70551401869159,0.0,low,US,614.02,False,1511
789,112,19229.84,0,171.695,0.0,low,US,1987.19,False,1206
790,112,2592.68,3,23.14892857142857,63.08,low,US,151.63,True,56
791,124,330627.9,0,2666.3540322580648,0.0,low,US,1897.9,False,236
792,113,3434.5,0,30.393805309734514,0.0,low,US,293.74,True,1011
793,119,28174.42,0,236.7598319327731,0.0,low,US,672.64,False,1590
794,119,130232.73,2,1094.3926890756302,7138.44,low,US,2062.69,False,1812
795,118,17634.14,1,149.44186440677964,278.96,low,CA,660.36,False,961
796,125,6924.04,2,55.39232,414.0,low,CA,377.0,False,667
797,111,67265.81,0,605.9982882882882,0.0,low,US,940.45,False,2121
798,126,3892.69,0,30.89436507936508,0.0,low,US,421.64,False,1020
799,105,17205.04,0,163.85752380952383,0.0,low,AU,787.78,False,711
800,139,4717.25,0,33.93705035971223,0.0,low,US,409.85,False,985
801,117,55853.76,0,477.3825641025641,0.0,low,US,1069.6,False,56
802,131,2226.35,0,16.99503816793893,0.0,low,US,140.5,False,682
803,114,10986.63,0,96.37394736842104,0.0,low,US,197.91,False,1143
804,112,3750.92,1,33.49035714285714,3.45,low,US,138.65,False,2013
805,112,9282.96,0,82.88357142857141,0.0,low,US,468.35,False,1624
806,120,3739.62,2,31.1635,128.19,low,US,124.39,False,1717
807,128,10267.41,2,80.214140625,260.88,low,US,264.37,False,1206
808,124,2714.2599999999998,1,21.889193548387095,216.42,low,US,181.86,False,268
809,129,49819.9,6,386.20077519379845,39.300000000000004,medium,US,1866.29,False,874
810,119,11786.19,1,99.04361344537816,272.92,low,US,202.02,False,2183
811,111,1138.54,0,10.257117117117117,0.0,low,US,154.8,False,125
812,105,7221.28,2,68.77409523809524,116.88000000000001,low,US,616.16,False,1929
813,117,45369.26,0,387.77145299145303,0.0,low,US,2248.77,False,1508
814,122,27608.24,0,226.2970491803279,0.0,low,US,443.87,False,643
815,126,19263.55,2,152.88531746031745,521.25,low,US,475.87,False,1710
816,125,311885.64,0,2495.08512,0.0,low,US,1574.48,False,1837
817,124,3147.38,1,25.38209677419355,55.1,low,US,1086.16,True,123
818,131,29582.32,1,225.81923664122138,333.43,low,US,722.61,False,259
819,107,4741.33,3,44.311495327102804,110.02,low,CA,291.75,False,1468
820,122,2335.23,1,19.141229508196723,15.91,low,US,742.75,False,2188
821,139,4613.73,1,33.19230215827338,34.25,low,US,144.79,False,81
822,132,59643.43,4,451.8441666666667,1082.69,low,US,281.09,False,1467
823,118,35254.17,2,298.76415254237287,240.41,low,US,1787.04,False,324
824,104,89987.96,0,865.2688461538462,0.0,low,US,1590.48,False,1434
825,134,5040.55,0,37.6160447761194,0.0,low,US,730.51,False,1376
826,132,4517.08,0,34.22030303030303,0.0,low,US,86.8,False,225
827,104,2371.89,1,22.806634615384613,21.76,low,US,166.1,False,1500
828,101,5787.82,0,57.30514851485148,0.0,low,AU,267.33,False,1967
829,124,137767.84,3,1111.0309677419355,2174.77,medium,US,422.2,False,1895
830,114,1311.89,1,11.507807017543861,102.21,low,CA,159.91,False,92
831,115,11107.22,1,96.58452173913042,79.13,low,US,394.78,False,561
832,124,129135.95,0,1041.4189516129031,0.0,low,US,2417.68,True,550
833,120,60310.54,1,502.5878333333333,408.99,low,US,706.8,False,1009
834,131,4529.64,0,34.577404580152674,0.0,low,US,600.01,False,338
835,108,1499.46,0,13.883888888888889,0.0,low,US,197.2,False,1875
836,111,2076.29,2,18.705315315315314,58.25,low,US,112.72,False,1707
837,109,2594.83,0,23.80577981651376,0.0,low,US,163.14,False,1776
838,137,6852.5599999999995,2,50.01868613138686,50.96,low,US,108.7,True,458
839,122,11572.99,1,94.8605737704918,126.07,low,US,527.17,False,61
840,120,58878.47,0,490.6539166666667,0.0,low,AU,696.1,True,1996
841,109,5483.81,0,50.310183486238536,0.0,low,US,206.69,False,654
842,118,16553.55,0,140.2843220338983,0.0,low,US,562.91,False,1447
843,122,36177.11,1,296.53368852459016,33.37,low,US,1848.43,True,1994
844,119,124916.9,0,1049.7218487394957,0.0,low,US,2869.6,True,108
845,125,4820.66,1,38.56528,182.47,medium,US,985.72,False,41
846,93,8570.33,1,92.15408602150538,36.48,low,US,421.0,False,41
847,130,21335.58,0,164.11984615384617,0.0,low,US,957.47,True,367
848,126,186173.76,2,1477.5695238095238,3632.2799999999997,low,US,1663.42,False,141
849,108,2417.25,0,22.381944444444443,0.0,low,US,80.92,False,1801
850,123,52065.65,2,423.2979674796748,1796.93,low,US,1870.31,False,1338
851,109,798.24,2,7.323302752293578,16.1,low,AU,301.83,False,2146
852,142,3505.69,1,24.687957746478872,41.7,low,US,304.46,False,1761
853,110,10782.84,1,98.02581818181818,110.89,low,US,358.01,False,2110
854,115,52948.01,0,460.4174782608696,0.0,low,US,657.26,False,545
855,123,2637.59,0,21.443821138211383,0.0,low,US,181.25,False,651
856,107,8976.69,0,83.89429906542057,0.0,low,US,381.33,False,1864
857,127,106207.91,0,836.2827559055119,0.0,low,US,790.57,True,558
858,112,5430.1,0,48.48303571428572,0.0,low,US,599.87,False,153
859,138,32407.48,0,234.83681159420289,0.0,low,US,694.18,False,1475
860,114,5042.62,0,44.23350877192982,0.0,low,US,368.13,False,1760
861,114,7535.45,0,66.10043859649123,0.0,low,US,919.97,False,2121
862,141,46050.6,1,326.59999999999997,36.93,low,US,1275.09,False,2034
863,119,6347.46,1,53.34,51.75,low,US,1208.09,False,289
864,139,23296.45,1,167.60035971223022,49.21,low,US,724.04,False,1697
865,129,44718.06,0,346.6516279069767,0.0,medium,US,1147.11,False,1857
866,141,267328.2,0,1895.9446808510638,0.0,low,US,1079.18,False,1537
867,119,119161.42,1,1001.3564705882353,632.05,low,US,5479.98,False,1800
868,130,523683.43,2,4028.3340769230767,2322.4,low,US,1474.77,False,1840
869,126,14213.75,1,112.80753968253968,105.43,low,GB,454.92,False,994
870,148,7837.65,1,52.957094594594594,32.91,low,US,216.91,True,116
871,104,4315.43,0,41.494519230769235,0.0,low,US,389.54,False,1015
872,127,22847.26,0,179.89968503937007,0.0,low,US,365.55,False,465
873,123,21526.87,1,175.0152032520325,163.13,low,CA,780.77,False,275
874,93,1836.3600000000001,0,19.745806451612903,0.0,low,US,262.37,True,299
875,134,14718.84,2,109.8420895522388,562.07,high,US,1440.81,True,1536
876,119,84067.34,0,706.4482352941176,0.0,low,US,141.09,False,1119
877,124,839.91,2,6.773467741935484,2.95,low,US,113.38,False,1196
878,139,11802.55,4,84.91043165467626,279.54,medium,US,436.33,False,1639
879,117,4562.1,1,38.9923076923077,95.57,low,US,230.83,False,1214
880,109,3876.32,0,35.56256880733945,0.0,low,US,158.79,False,1390
881,123,6936.31,1,56.39276422764228,14.18,low,US,277.73,False,215
882,130,5046.75,1,38.82115384615385,17.47,medium,US,248.31,False,1868
883,125,17723.57,0,141.78856,0.0,low,US,497.26,False,999
884,118,25724.87,0,218.00737288135593,0.0,low,GB,281.91,False,365
885,128,38608.07,2,301.625546875,242.58999999999997,high,US,303.32,False,1786
886,127,63585.95,1,500.6767716535433,3688.1,low,US,490.6,False,1616
887,112,25309.86,1,225.98089285714286,186.13,high,US,1227.6,False,144
888,123,43919.11,1,357.0659349593496,576.44,low,US,1851.35,False,446
889,122,13689.7,1,112.21065573770493,323.3,medium,US,562.84,False,64
890,129,7705.09,0,59.729379844961244,0.0,low,US,603.65,False,614
891,117,23437.53,0,200.32076923076923,0.0,low,US,417.85,False,245
892,113,22680.27,1,200.7103539823009,641.24,low,US,759.85,False,1563
893,108,44081.17,0,408.1589814814815,0.0,low,US,700.08,False,1158
894,119,111164.66,2,934.1568067226891,735.55,low,US,1625.0,False,2147
895,120,1703.07,0,14.19225,0.0,medium,US,90.03,False,1648
896,133,1484.54,0,11.161954887218045,0.0,low,US,399.0,False,1350
897,112,43997.2,0,392.83214285714286,0.0,low,US,668.66,True,1130
898,110,16961.38,0,154.19436363636365,0.0,low,US,481.23,False,147
899,113,24942.05,1,220.72610619469026,17.88,low,US,211.61,True,181
900,114,6260.21,1,54.91412280701754,91.2,low,US,153.02,False,1361
901,113,13934.57,0,123.31477876106194,0.0,low,US,1018.1,False,39
902,117,6689.21,0,57.17273504273504,0.0,low,GB,249.33,False,121
903,135,1549.75,0,11.47962962962963,0.0,low,US,101.55,False,503
904,127,39923.26,0,314.3563779527559,0.0,low,US,1065.2,False,1939
905,130,34374.08,2,264.416,1668.04,low,US,744.78,False,1021
906,111,12531.41,1,112.89558558558558,1073.06,low,US,443.95,False,1562
907,121,3324.0299999999997,0,27.471322314049583,0.0,low,US,216.35,False,918
908,131,16322.66,3,124.60045801526718,1226.52,medium,US,444.92,False,403
909,116,59233.29,0,510.6318103448276,0.0,low,US,1471.49,False,831
910,114,4562.93,0,40.02570175438597,0.0,low,US,115.21,False,228
911,123,999.4,0,8.12520325203252,0.0,low,US,120.59,False,1693
912,136,6013.349999999999,0,44.21580882352941,0.0,low,US,280.06,False,426
913,137,14675.25,1,107.11861313868613,46.16,medium,US,481.07,False,842
914,129,5301.5,0,41.0968992248062,0.0,low,US,315.24,False,2146
915,109,3904.48,0,35.82091743119266,0.0,low,US,878.78,False,1308
916,141,36312.85,0,257.5379432624113,0.0,low,US,1312.84,False,1020
917,123,3922.99,1,31.89422764227642,39.6,low,US,633.27,False,1202
918,137,90220.34,2,658.5426277372262,998.5,low,US,815.98,False,1723
919,131,5355.36,0,40.8806106870229,0.0,low,US,629.48,False,579
920,113,13270.960000000001,0,117.44212389380532,0.0,low,AU,496.98,False,1404
921,114,9977.33,1,87.52043859649123,56.54,low,US,153.82,False,1915
922,116,7966.98,1,68.68086206896551,18.36,medium,CA,195.35,False,1266
923,112,13629.99,3,121.69633928571429,253.69,low,US,146.08,False,994
924,115,12074.55,1,104.99608695652174,98.33,medium,US,431.1,False,343
925,144,54478.04,1,378.31972222222225,2937.26,low,US,607.32,False,566
926,117,7528.69,1,64.34777777777778,46.82,low,US,133.71,False,2073
927,131,30916.34,0,236.00259541984732,0.0,low,US,526.02,False,1199
928,136,16199.67,0,119.11522058823529,0.0,low,US,224.15,False,680
929,107,3593.61,0,33.585140186915886,0.0,low,US,188.24,False,933
930,113,7091.24,1,62.754336283185836,119.62,medium,AU,280.67,False,1278
931,128,6665.27,1,52.072421875,66.99,low,US,179.75,False,1191
932,108,176103.21,1,1630.5852777777777,2044.25,low,US,850.64,False,1541
933,109,10880.93,0,99.82504587155964,0.0,low,DE,423.6,False,586
934,116,55308.81,0,476.80008620689654,0.0,low,US,1026.28,False,1432
935,122,5992.4800000000005,2,49.11868852459017,495.03,low,US,330.58,False,986
936,129,11821.28,0,91.63782945736435,0.0,low,US,342.02,False,2061
937,114,13492.36,1,118.3540350877193,337.11,low,GB,2659.9,False,371
938,125,2113.77,0,16.91016,0.0,low,US,114.35,False,350
939,97,9376.08,0,96.66061855670102,0.0,low,US,1565.61,False,1027
940,128,23770.53,0,185.707265625,0.0,low,US,2184.35,False,1128
941,127,15111.67,0,118.98952755905512,0.0,low,US,981.65,False,1522
942,126,6932.86,1,55.02269841269841,74.19,low,US,365.98,False,902
943,115,43703.99,0,380.0346956521739,0.0,low,DE,1779.72,False,2003
944,118,3556.16,0,30.13694915254237,0.0,low,US,368.86,False,1054
945,108,17218.48,1,159.43037037037035,192.47,low,US,261.07,False,309
946,119,6557.45,3,55.10462184873949,110.62,medium,US,347.43,False,287
947,134,42661.69,2,318.3708208955224,564.35,low,US,294.96,False,2132
948,114,4311.12,1,37.816842105263156,37.67,low,US,210.2,False,319
949,114,17124.95,0,150.2188596491228,0.0,medium,GB,1338.1,False,2077
950,122,10551.62,3,86.48868852459017,195.27,low,US,245.65,False,630
951,116,2092.23,0,18.03646551724138,0.0,low,US,479.78,False,231
952,127,3423.45,0,26.956299212598424,0.0,medium,AU,134.37,False,688
953,134,4551.35,3,33.96529850746269,31.720000000000002,medium,US,506.6,False,1357
954,109,8185.33,2,75.09477064220184,334.47,low,US,174.11,False,954
955,98,2168.47,2,22.12724489795918,39.36,low,CA,170.3,True,1726
956,104,6481.74,1,62.324423076923075,13.78,low,US,446.59,False,1349
957,132,47425.07,5,359.2808333333333,5603.99,high,US,1275.73,False,895
958,134,26198.14,1,195.50850746268657,165.93,medium,US,732.43,False,1400
959,111,58998.96,0,531.5221621621622,0.0,low,DE,779.15,False,2128
960,118,33760.48,1,286.10576271186443,674.19,low,US,438.37,False,919
961,101,16814.4,0,166.4792079207921,0.0,low,GB,364.28,True,361
962,113,25836.29,1,228.63973451327433,225.27,low,AU,1004.28,False,912
963,127,145780.76,0,1147.88,0.0,low,US,296.82,False,1844
964,123,4238.39,0,34.45845528455285,0.0,low,US,1044.18,False,500
965,114,36423.2,0,319.5017543859649,0.0,low,GB,1498.7,False,2080
966,123,7197.93,0,58.51975609756098,0.0,low,DE,231.08,True,1300
967,128,4802.5,0,37.51953125,0.0,low,US,263.75,False,1329
968,116,12885.2,0,111.07931034482759,0.0,low,US,301.53,False,714
969,113,1580.81,1,13.989469026548672,118.53,low,US,131.6,False,2018
970,135,3051.82,1,22.606074074074076,204.38,low,US,322.96,False,107
971,107,107267.08,1,1002.4960747663552,2377.24,medium,AU,1589.71,False,675
972,119,10940.11,0,91.9336974789916,0.0,low,US,192.29,False,933
973,118,36665.71,0,310.7263559322034,0.0,low,AU,1624.05,False,1060
974,119,23198.170000000002,0,194.94260504201682,0.0,low,US,333.59,False,1054
975,110,83158.25,2,755.9840909090909,1795.24,low,US,3303.15,False,349
976,118,11964.83,0,101.39686440677966,0.0,low,US,266.77,False,517
977,122,3941.66,2,32.30868852459016,73.28999999999999,low,US,432.86,False,235
978,119,5968.58,0,50.15613445378151,0.0,low,AU,217.2,False,1266
979,128,5648.26,1,44.12703125,115.38,low,US,265.36,False,787
980,142,5350.89,1,37.68232394366198,19.86,low,CA,1643.13,False,1252
981,104,4677.93,0,44.980096153846155,0.0,low,US,755.28,False,1303
982,132,30172.18,0,228.57712121212123,0.0,low,US,1243.81,False,1546
983,105,1280.9,0,12.19904761904762,0.0,low,US,150.8,False,1211
984,125,88933.76,0,711.4700799999999,0.0,low,GB,888.33,False,1429
985,100,854.41,0,8.5441,0.0,low,US,205.55,False,1298
986,127,9295.039999999999,2,73.18929133858266,231.5,low,CA,147.88,False,1439
987,132,41686.13,1,315.80401515151516,134.42,low,US,610.87,False,1361
988,143,21198.01,0,148.23783216783215,0.0,low,US,605.28,False,713
989,110,45394.61,3,412.6782727272727,1676.79,high,US,516.98,False,561
990,129,24664.25,1,191.19573643410854,447.4,high,US,939.93,False,1730
991,140,12945.19,2,92.46564285714287,351.46000000000004,high,US,1081.61,False,770
992,118,64239.89,1,544.4058474576271,291.56,low,US,1849.66,False,1216
993,111,7963.8,1,71.74594594594595,52.34,low,US,168.8,False,455
994,106,31362.89,1,295.87632075471697,538.31,low,US,1904.19,False,961
995,138,38495.07,1,278.94978260869567,244.83,low,US,2681.36,False,1174
996,135,6377.3,0,47.23925925925926,0.0,low,US,354.39,False,1382
997,108,1743.89,1,16.14712962962963,7.61,low,US,109.77,False,1166
998,115,2159.97,0,18.782347826086955,0.0,low,AU,141.86,False,809
999,134,1355.08,2,10.112537313432835,19.95,low,US,325.17,False,2107
1000,119,78572.22,1,660.270756302521,836.15,low,US,3019.14,False,1137
1001,108,9485.89,0,87.83231481481481,0.0,low,US,500.38,True,1775
1002,135,5112.3,2,37.86888888888889,36.02,low,US,282.74,False,1621
1003,140,6271.6900000000005,1,44.797785714285716,25.9,medium,US,265.9,False,1235
1004,129,1677.99,0,13.007674418604651,0.0,low,US,149.84,False,1944
1005,122,30012.47,0,246.0038524590164,0.0,low,US,1082.6,False,307
1006,124,8707.07,0,70.2183064516129,0.0,low,US,453.56,False,2019
1007,142,395105.43,1,2782.4326056338027,394.13,low,US,3261.19,False,1866
1008,123,28634.89,0,232.8039837398374,0.0,low,US,867.3,False,1117
1009,132,22227.0,0,168.38636363636363,0.0,low,GB,1039.97,False,1614
1010,119,20931.96,2,175.89882352941177,196.02,low,US,396.27,True,1153
1011,118,1685.5,2,14.283898305084746,12.44,low,CA,184.58,False,610
1012,138,15220.56,1,110.29391304347826,275.11,low,US,224.48,False,1757
1013,126,3236.89,2,25.689603174603175,23.38,medium,US,143.69,False,561
1014,137,96777.48,1,706.4049635036496,101.7,low,US,1118.07,False,709
1015,138,64347.48,0,466.2860869565218,0.0,low,US,348.48,False,1151
1016,134,12930.51,3,96.49634328358209,488.0999999999999,low,US,1161.25,False,1838
1017,137,6732.2300000000005,0,49.14036496350365,0.0,low,US,556.87,False,859
1018,130,56602.83,1,435.40638461538464,122.99,low,US,378.59,False,1097
1019,112,16530.72,0,147.5957142857143,0.0,low,US,171.98,False,119
1020,109,9596.43,1,88.04064220183487,159.26,low,US,646.43,False,280
1021,112,10235.21,2,91.38580357142857,61.650000000000006,low,US,404.73,False,150
1022,125,177967.4,0,1423.7392,0.0,low,US,1109.83,False,185
1023,106,4744.54,0,44.759811320754714,0.0,low,US,258.82,False,1906
1024,103,18201.72,2,176.7157281553398,1042.17,medium,US,857.91,False,1848
1025,116,21663.68,1,186.7558620689655,267.28,low,US,2157.63,False,1805
1026,125,7620.47,2,60.96376,160.01,medium,US,629.74,False,150
1027,136,43903.65,0,322.82095588235296,0.0,low,US,999.01,True,197
1028,132,7554.7,0,57.23257575757576,0.0,low,US,824.44,True,636
1029,112,73822.89,1,659.1329464285715,215.83,low,US,2719.71,True,1251
1030,110,54617.03,0,496.5184545454545,0.0,medium,US,688.42,False,751
1031,119,8176.19,0,68.70747899159663,0.0,low,US,925.16,False,1083
1032,101,6544.4,0,64.7960396039604,0.0,low,GB,476.92,False,403
1033,123,8343.6,0,67.83414634146342,0.0,low,US,245.44,False,1608
1034,129,2040.37,1,15.816821705426356,84.57,low,CA,166.11,False,708
1035,128,68709.04,1,536.789375,785.94,low,US,1541.07,False,173
1036,118,4219.89,2,35.76177966101695,149.22,low,US,198.84,False,1634
1037,107,22038.57,3,205.96794392523364,1588.08,low,US,964.18,False,1980
1038,120,76517.84,0,637.6486666666666,0.0,low,US,716.53,False,61
1039,106,72311.67,0,682.1855660377358,0.0,low,GB,1125.53,True,973
1040,129,1597.55,0,12.384108527131783,0.0,low,US,310.06,False,1816
1041,107,2198.13,0,20.543271028037385,0.0,low,CA,241.86,False,1555
1042,124,13471.17,1,108.63846774193549,219.08,low,GB,692.66,False,1880
1043,125,19588.54,0,156.70832000000001,0.0,low,US,378.76,False,926
1044,133,12175.1,3,91.5421052631579,475.72999999999996,medium,US,162.73,False,834
1045,119,133391.87,0,1120.9400840336134,0.0,low,CA,2820.51,False,1561
1046,117,4209.66,1,35.98,70.84,low,US,241.71,True,361
1047,101,3449.24,0,34.15089108910891,0.0,low,US,201.49,True,547
1048,117,18849.67,0,161.10829059829058,0.0,low,US,396.26,True,1327
1049,123,24413.76,1,198.48585365853657,280.63,low,AU,1521.68,False,1473
1050,115,1433.17,1,12.462347826086956,3.53,low,US,70.1,False,288
1051,118,11280.79,0,95.5999152542373,0.0,medium,GB,1412.19,False,1127
1052,132,4839.16,0,36.66030303030303,0.0,low,US,216.95,False,818
1053,120,43872.06,0,365.60049999999995,0.0,low,US,625.2,False,1113
1054,121,3232.0,1,26.710743801652892,16.49,low,US,268.16,False,2100
1055,114,67834.17,0,595.0365789473684,0.0,low,US,2959.35,False,195
1056,120,3528.51,0,29.40425,0.0,low,US,551.23,False,2180
1057,98,4813.04,0,49.11265306122449,0.0,low,US,260.53,False,1001
1058,113,5966.34,2,52.79946902654867,169.07999999999998,medium,US,375.79,False,1697
1059,123,4273.37,0,34.742845528455284,0.0,low,US,534.15,False,946
1060,106,12340.06,0,116.41566037735849,0.0,low,US,578.19,False,701
1061,120,3471.26,1,28.92716666666667,60.91,medium,US,731.35,False,1694
1062,124,8348.39,1,67.32572580645162,297.51,low,US,492.13,True,1515
1063,118,1296.67,3,10.988728813559323,27.950000000000003,low,US,142.67,False,341
1064,125,11291.79,0,90.33432,0.0,low,US,362.77,False,1553
1065,132,101530.27,1,769.1687121212121,685.69,low,US,850.64,False,1656
1066,130,19630.12,1,151.00092307692307,29.59,low,AU,269.64,False,867
1067,102,27090.94,0,265.5974509803921,0.0,low,US,902.8,False,2029
1068,122,22253.77,1,182.40795081967212,241.64,low,US,507.02,False,1414
1069,106,5416.88,2,51.102641509433965,69.35,medium,US,405.06,False,750
1070,121,13088.7,1,108.1710743801653,1078.15,low,GB,1443.36,False,53
1071,105,6744.3,1,64.23142857142858,469.66,low,US,103.1,False,1487
1072,112,4285.96,1,38.2675,18.63,low,US,268.33,False,481
1073,108,28950.08,0,268.0562962962963,0.0,low,US,1493.96,False,1664
1074,122,92755.7,2,760.2926229508197,9294.54,low,CA,2558.16,False,1164
1075,140,70826.52,0,505.90371428571433,0.0,low,US,3856.03,False,1038
1076,135,119602.98,0,885.948,0.0,low,US,515.59,True,383
1077,122,22157.54,1,181.61918032786886,71.57,low,US,744.05,True,1566
1078,120,106725.81999999999,0,889.3818333333332,0.0,low,US,1028.32,False,388
1079,129,144812.59,1,1122.5782170542636,334.7,low,US,1552.42,False,932
1080,112,5596.3,1,49.96696428571429,51.34,low,US,653.13,False,1836
1081,104,11485.69,1,110.43932692307693,36.06,low,US,1134.03,False,2017
1082,111,6519.02,0,58.729909909909914,0.0,low,DE,745.31,True,2166
1083,135,67116.01,0,497.1556296296296,0.0,low,CA,788.4,False,2099
1084,121,2041.33,2,16.870495867768593,57.629999999999995,low,AU,215.61,False,1230
1085,109,5170.25,0,47.43348623853211,0.0,low,US,366.39,False,463
1086,125,8113.0,1,64.904,58.07,medium,US,307.82,False,1842
1087,118,2087.48,1,17.690508474576273,53.43,low,US,169.02,False,1761
1088,127,2201.6,0,17.33543307086614,0.0,low,US,111.45,False,2169
1089,114,12303.25,1,107.92324561403508,823.2,low,US,336.55,False,1436
1090,109,15605.5,0,143.1697247706422,0.0,low,US,388.58,False,335
1091,130,24882.8,0,191.40615384615384,0.0,low,US,541.6,False,1116
1092,118,9939.2,1,84.23050847457628,85.92,low,US,812.54,False,998
1093,116,29980.93,0,258.4562931034483,0.0,low,US,583.65,False,1850
1094,112,10687.66,0,95.42553571428572,0.0,low,US,391.03,False,877
1095,114,5693.98,0,49.94719298245614,0.0,low,CA,216.24,False,739
1096,132,41196.78,1,312.09681818181815,2482.51,low,US,1085.03,False,202
1097,108,1168.75,1,10.82175925925926,14.02,low,US,449.6,False,1834
1098,111,1406.57,0,12.6718018018018,0.0,low,US,333.48,False,1661
1099,131,40632.02,0,310.1680916030534,0.0,low,US,416.63,False,119
1100,116,4064.0,3,35.03448275862069,50.97,medium,US,254.81,False,966
1101,112,55943.78,1,499.4980357142857,890.99,low,AU,305.64,False,1066
1102,104,1856.04,0,17.84653846153846,0.0,low,GB,297.02,False,1043
1103,120,3630.62,0,30.255166666666664,0.0,low,US,380.47,False,2014
1104,113,35075.79,0,310.40522123893805,0.0,low,US,889.07,False,355
1105,125,291252.65,1,2330.0212,438.18,medium,US,710.81,False,691
1106,128,18086.63,1,141.301796875,236.52,low,US,1982.4,False,420
1107,107,26303.66,0,245.82859813084113,0.0,low,US,1466.39,False,557
1108,127,71947.12,0,566.5127559055118,0.0,low,US,2866.31,False,1989
1109,115,14616.42,0,127.09930434782609,0.0,medium,US,815.04,False,2061
1110,125,8440.79,2,67.52632000000001,112.7,low,US,803.35,False,126
1111,108,2673.67,1,24.756203703703704,42.66,low,US,317.77,False,1395
1112,126,19859.72,2,157.61682539682542,160.37,low,US,1036.3,True,532
1113,138,25038.16,0,181.4359420289855,0.0,low,US,273.01,False,445
1114,120,6695.64,0,55.797000000000004,0.0,low,US,131.18,False,660
1115,129,75202.76,0,582.9671317829457,0.0,low,US,1946.31,False,449
1116,119,6036.11,0,50.72361344537815,0.0,low,US,160.09,False,1088
1117,132,41283.44,2,312.75333333333333,578.98,low,US,731.4,False,2180
1118,123,11698.78,0,95.11203252032522,0.0,medium,US,223.12,False,1296
1119,133,5432.27,1,40.844135338345865,21.51,low,US,1358.32,False,1592
1120,94,114478.41,0,1217.855425531915,0.0,low,US,1535.57,False,1095
1121,128,11184.58,3,87.37953125,218.39,medium,US,793.35,False,60
1122,112,204299.5,0,1824.1026785714287,0.0,low,US,1512.82,False,211
1123,111,4723.55,1,42.55450450450451,9.95,medium,US,496.01,False,610
1124,133,174617.3,1,1312.9120300751879,239.74,low,US,3680.33,False,556
1125,119,9324.43,2,78.35655462184874,173.04,high,US,964.44,False,1845
1126,135,2861.51,1,21.19637037037037,14.5,low,US,219.09,False,1852
1127,113,5957.72,0,52.72318584070797,0.0,low,US,524.61,False,1874
1128,104,30094.47,0,289.3699038461539,0.0,low,US,429.55,False,1407
1129,119,2706.46,1,22.743361344537817,34.67,low,US,393.32,False,1231
1130,119,12297.31,0,103.33873949579832,0.0,medium,US,110.89,False,1432
1131,111,40455.89,1,364.4674774774775,44.25,low,DE,697.97,False,908
1132,103,2406.74,0,23.36640776699029,0.0,low,US,141.57,True,1477
1133,112,2934.75,0,26.203125,0.0,low,US,50.76,False,1745
1134,129,16203.42,0,125.60790697674419,0.0,low,US,361.55,False,1677
1135,102,3320.54,2,32.554313725490196,126.73,low,US,249.56,False,1355
1136,125,6198.85,1,49.5908,33.38,low,US,226.92,False,155
1137,116,8012.32,1,69.07172413793103,337.78,low,US,30.18,False,1595
1138,119,1398.67,2,11.753529411764706,17.47,medium,US,229.12,False,821
1139,109,12611.42,1,115.70110091743119,84.92,low,US,421.46,False,1636
1140,114,14059.78,1,123.33140350877194,351.22,low,US,278.46,False,1195
1141,105,5830.68,2,55.53028571428572,194.89,low,US,698.27,True,1933
1142,122,52372.67,4,429.28418032786885,5870.49,low,US,1725.71,True,761
1143,118,33894.97,1,287.2455084745763,957.52,low,US,784.25,False,2041
1144,129,11817.48,0,91.60837209302325,0.0,low,US,1241.1,False,1854
1145,128,192371.9,1,1502.90546875,675.48,low,US,1337.04,False,745
1146,106,14136.44,1,133.36264150943396,64.13,low,US,196.96,False,1072
1147,110,47289.53,0,429.90481818181814,0.0,low,US,731.58,False,1177
1148,112,40714.32,0,363.5207142857143,0.0,low,US,1206.7,False,1690
1149,101,6911.06,0,68.42633663366337,0.0,low,US,332.83,False,1518
1150,144,40133.05,0,278.70173611111113,0.0,low,US,241.88,False,1870
1151,127,6305.72,0,49.65133858267717,0.0,low,US,794.22,False,828
1152,121,1246.42,1,10.30099173553719,46.21,low,US,129.87,False,1120
1153,112,1836.3600000000001,1,16.396071428571428,18.33,low,US,185.08,False,960
1154,120,17417.66,0,145.14716666666666,0.0,low,US,270.4,False,1994
1155,116,246818.36,0,2127.7444827586205,0.0,low,US,739.12,False,688
1156,133,32797.17,2,246.59526315789472,616.01,low,US,600.05,False,1298
1157,129,5547.42,1,43.00325581395349,26.93,medium,US,1247.8,False,289
1158,121,46484.93,0,384.17297520661157,0.0,low,US,214.93,False,1866
1159,128,24176.86,1,188.88171875,750.67,low,US,204.81,False,859
1160,105,9317.24,0,88.73561904761904,0.0,low,US,789.6,True,765
1161,127,6752.83,1,53.171889763779525,16.01,low,US,240.13,False,1289
1162,115,8387.31,0,72.9331304347826,0.0,low,US,286.24,False,1107
1163,116,1137.5,1,9.806034482758621,6.87,medium,US,92.66,False,1861
1164,105,16659.49,0,158.66180952380955,0.0,low,US,640.19,False,1177
1165,137,77892.79,0,568.5605109489051,0.0,low,AU,1972.71,False,1146
1166,148,22029.4,1,148.8472972972973,54.92,low,US,195.12,False,256
1167,120,128322.96,1,1069.358,393.3,low,US,1235.87,False,77
1168,115,19663.32,0,170.98539130434781,0.0,low,US,467.1,False,890
1169,147,13031.88,0,88.65224489795918,0.0,low,DE,100.6,False,2186
1170,120,18374.05,0,153.11708333333334,0.0,low,US,220.25,False,2011
1171,115,1879.34,0,16.34208695652174,0.0,medium,US,208.34,False,1388
1172,111,10386.73,0,93.57414414414414,0.0,low,CA,370.6,False,1392
1173,121,56083.17,3,463.49727272727273,1670.8700000000001,high,US,718.79,False,875
1174,139,13301.78,1,95.69625899280577,70.84,low,US,2601.99,False,413
1175,118,3559.54,2,30.165593220338984,16.68,low,US,135.91,False,48
1176,140,30319.54,2,216.56814285714287,527.6800000000001,low,US,318.52,False,761
1177,139,55357.93,0,398.2584892086331,0.0,low,CA,220.0,True,713
1178,107,1194.72,1,11.165607476635515,11.68,high,US,157.4,False,443
1179,126,21748.77,0,172.6092857142857,0.0,low,DE,536.95,False,589
1180,145,7920.17,1,54.62186206896552,25.94,medium,US,493.41,False,83
1181,118,982.65,0,8.327542372881355,0.0,low,US,96.31,False,1343
1182,122,9824.98,0,80.53262295081967,0.0,low,US,500.86,False,2033
1183,124,4223.83,3,34.06314516129032,268.84000000000003,low,US,166.52,False,1522
1184,129,8749.42,1,67.82496124031007,1.83,low,US,498.02,False,998
1185,120,10428.6,1,86.905,338.55,medium,US,1544.64,False,937
1186,108,40883.59,1,378.5517592592592,66.64,low,GB,747.52,False,694
1187,98,1445.4,0,14.748979591836736,0.0,low,US,578.11,False,337
1188,131,41975.73,0,320.42541984732827,0.0,low,US,306.16,False,1322
1189,140,7937.89,0,56.69921428571429,0.0,low,GB,523.31,False,1253
1190,131,11943.45,1,91.17137404580153,739.31,low,US,818.05,False,45
1191,127,59246.68,0,466.50929133858267,0.0,low,US,748.26,False,927
1192,111,7167.61,0,64.57306306306306,0.0,low,US,450.66,False,630
1193,112,72854.94,0,650.4905357142858,0.0,low,US,599.23,False,397
1194,111,4414.81,0,39.77306306306307,0.0,low,US,150.67,False,1548
1195,124,4173.16,2,33.65451612903226,69.95,low,US,254.45,False,1165
1196,129,9701.86,0,75.20821705426357,0.0,low,US,931.51,True,1398
1197,115,38542.75,1,335.15434782608696,69.78,low,US,1051.35,False,1571
1198,118,11105.75,0,94.11652542372882,0.0,medium,US,536.06,False,2150
1199,125,103664.7,0,829.3176,0.0,low,US,1865.1,False,1763
1200,129,34702.74,0,269.013488372093,0.0,low,US,778.38,False,1369
1201,110,15386.47,1,139.87699999999998,75.04,low,US,399.49,False,1928
1202,115,4682.97,1,40.72147826086957,341.92,low,US,164.39,False,1061
1203,108,33569.91,1,310.83250000000004,246.14,low,US,1798.77,False,2157
1204,119,68504.89,0,575.6713445378151,0.0,low,US,985.63,False,1674
1205,115,22802.51,0,198.28269565217389,0.0,low,US,2486.12,False,1435
1206,120,100200.74,0,835.0061666666667,0.0,low,US,3463.94,False,1981
1207,107,1936.9,0,18.101869158878504,0.0,low,DE,154.74,False,1142
1208,108,2025.95,0,18.758796296296296,0.0,low,US,155.1,False,1586
1209,126,7912.08,1,62.794285714285714,53.27,low,US,37.45,False,645
1210,91,38166.86,2,419.41604395604395,360.93,low,US,1126.11,False,2110
1211,124,41194.48,0,332.2135483870968,0.0,low,US,889.66,False,1376
1212,127,10168.33,0,80.0655905511811,0.0,low,GB,538.08,False,1719
1213,127,7621.84,0,60.01448818897638,0.0,low,US,163.45,False,1025
1214,120,32505.44,0,270.8786666666667,0.0,low,US,454.81,False,1902
1215,110,7473.82,3,67.94381818181817,436.91999999999996,low,US,581.86,False,190
1216,126,6029.21,0,47.85087301587301,0.0,low,US,996.7,False,276
1217,131,43944.31,1,335.45274809160304,112.16,low,US,629.98,False,1125
1218,107,8179.05,0,76.43971962616823,0.0,low,DE,895.53,False,1612
1219,138,52290.64,2,378.9176811594203,282.32,high,US,440.66,False,1777
1220,119,217586.86,0,1828.4610084033611,0.0,low,US,1427.01,False,980
1221,124,14492.11,0,116.87185483870968,0.0,low,US,870.06,True,1433
1222,122,2338.42,0,19.167377049180327,0.0,low,GB,169.31,False,1224
1223,125,43468.63,1,347.74904,362.86,low,US,1720.38,False,2106
1224,136,182963.77,0,1345.321838235294,0.0,low,US,1484.77,False,1442
1225,125,162259.93,0,1298.07944,0.0,low,CA,749.14,False,930
1226,120,6690.16,1,55.751333333333335,107.64,medium,US,634.38,False,2124
1227,119,79622.87,1,669.0997478991596,812.43,low,US,2192.4,False,261
1228,105,702.94,0,6.694666666666667,0.0,low,US,113.3,False,2156
1229,122,101673.98,0,833.3932786885246,0.0,low,US,1505.83,False,362
1230,131,5617.08,0,42.87847328244275,0.0,low,US,320.99,False,652
1231,115,132453.01,2,1151.7653043478263,1110.1200000000001,high,US,1320.36,False,1804
1232,121,4442.28,0,36.71305785123967,0.0,low,US,549.13,False,1614
1233,111,10982.24,0,98.9390990990991,0.0,low,US,160.99,False,2125
1234,108,6043.46,1,55.95796296296297,67.45,low,US,315.18,False,1649
1235,126,13476.62,0,106.9573015873016,0.0,low,US,1235.9,False,1405
1236,132,18834.12,0,142.68272727272728,0.0,low,US,407.81,False,778
1237,121,32132.010000000002,0,265.55380165289256,0.0,low,US,281.65,False,40
1238,93,5343.55,0,57.45752688172043,0.0,medium,US,279.96,False,297
1239,116,8113.5,0,69.94396551724138,0.0,low,GB,878.33,True,673
1240,132,302703.52,0,2293.208484848485,0.0,low,US,2381.7,False,118
1241,114,1260.1100000000001,0,11.05359649122807,0.0,low,US,71.75,False,1127
1242,110,122677.58,1,1115.2507272727273,2105.41,low,US,6127.95,False,1709
1243,113,30538.1,1,270.2486725663717,1593.61,low,US,591.92,False,2110
1244,110,19000.489999999998,1,172.73172727272726,1480.37,low,US,830.64,False,1087
1245,123,17462.48,0,141.97138211382114,0.0,low,US,332.74,False,1920
1246,108,23804.32,0,220.41037037037037,0.0,low,GB,491.19,False,2158
1247,119,181443.1,0,1524.7319327731093,0.0,medium,CA,585.97,False,1887
1248,121,2136.52,0,17.65719008264463,0.0,low,US,191.68,False,1034
1249,135,21440.63,0,158.8194814814815,0.0,low,US,238.62,False,732
1250,117,18403.46,0,157.2945299145299,0.0,low,US,1430.97,False,2142
1251,130,3679.29,0,28.302230769230768,0.0,low,US,121.86,False,552
1252,122,11835.130000000001,1,97.00926229508198,61.85,low,US,732.85,False,919
1253,120,8086.32,0,67.386,0.0,low,GB,353.02,False,189
1254,112,3486.7200000000003,0,31.131428571428575,0.0,low,US,207.55,False,1744
1255,126,128392.56,1,1018.9885714285714,1240.94,low,US,2906.6,False,1433
1256,98,6540.88,0,66.74367346938776,0.0,low,US,208.71,False,213
1257,123,18100.61,2,147.15943089430894,113.28999999999999,low,US,178.2,False,509
1258,130,30870.39,0,237.46453846153847,0.0,low,GB,416.43,False,1229
1259,106,5531.2,2,52.181132075471695,105.75999999999999,medium,US,246.73,False,1197
1260,134,87277.88,0,651.3274626865672,0.0,low,US,495.59,False,1762
1261,116,6141.77,1,52.946293103448276,11.19,medium,DE,566.72,False,604
1262,133,71044.07,1,534.1659398496241,803.82,medium,US,608.62,False,2027
1263,119,6313.49,0,53.05453781512605,0.0,low,US,440.76,False,990
1264,115,18514.54,0,160.996,0.0,low,AU,261.92,False,1806
1265,136,5710.62,0,41.98985294117647,0.0,low,US,879.24,False,544
1266,149,24313.46,0,163.17758389261743,0.0,low,US,445.62,False,109
1267,120,2491.59,1,20.763250000000003,12.28,low,US,315.43,False,148
1268,122,54238.82,0,444.5804918032787,0.0,low,US,1866.82,False,835
1269,137,17195.77,1,125.5165693430657,246.82,low,US,441.78,False,2088
1270,106,124022.06,2,1170.0194339622642,16172.630000000001,low,US,1316.57,False,135
1271,110,24696.77,1,224.5160909090909,329.78,high,US,1486.46,False,826
1272,124,10167.52,1,81.99612903225807,43.8,low,US,1570.12,True,266
1273,115,21098.239999999998,0,183.4629565217391,0.0,low,DE,917.86,False,2042
1274,127,1812.12,2,14.268661417322834,16.080000000000002,medium,US,492.47,False,1488
1275,114,5425.25,0,47.58991228070175,0.0,low,US,465.15,False,1677
1276,118,7834.87,0,66.39720338983051,0.0,low,US,395.56,False,1570
1277,129,5260.22,2,40.7768992248062,220.97,low,US,70.09,False,1449
1278,128,22635.579999999998,3,176.84046874999999,1074.67,medium,US,940.98,False,1701
1279,138,20099.29,0,145.64702898550726,0.0,low,US,614.01,False,47
1280,92,14265.2,0,155.05652173913043,0.0,low,US,1035.84,False,1899
1281,130,2763.8,1,21.26,6.19,low,US,443.5,False,1628
1282,127,3518.1,0,27.701574803149605,0.0,low,US,896.36,False,1627
1283,132,3228.63,0,24.459318181818183,0.0,low,US,142.63,False,879
1284,111,2902.22,0,26.146126126126124,0.0,low,US,172.03,False,1759
1285,97,1235.28,0,12.734845360824742,0.0,medium,CA,53.06,False,854
1286,134,4547.37,2,33.93559701492537,126.05,low,CA,436.63,False,135
1287,139,47552.83,1,342.106690647482,250.67,medium,DE,245.85,False,1990
1288,119,4561.05,0,38.32815126050421,0.0,low,US,218.54,False,536
1289,114,26460.55,0,232.11008771929824,0.0,high,CA,665.93,False,250
1290,118,2247.85,2,19.04957627118644,27.71,low,CA,335.98,False,1373
1291,121,2912.89,1,24.073471074380166,36.19,low,US,135.67,False,534
1292,132,455692.07,0,3452.2126515151517,0.0,low,US,4867.28,True,1883
1293,109,5245.98,1,48.12825688073394,110.69,low,US,476.61,False,988
1294,111,1850.28,1,16.66918918918919,14.68,low,US,185.89,True,39
1295,106,2904.58,0,27.401698113207548,0.0,low,US,269.66,False,2085
1296,108,14716.76,0,136.2662962962963,0.0,low,US,421.65,False,1141
1297,122,2893.44,0,23.71672131147541,0.0,low,US,420.85,False,598
1298,123,71454.66,0,580.9321951219513,0.0,low,US,1590.73,False,1492
1299,125,46687.9,0,373.5032,0.0,low,US,458.75,False,1176
1300,115,120649.15,0,1049.1230434782608,0.0,low,US,2616.75,False,93
1301,133,1730.21,0,13.009097744360902,0.0,low,US,333.89,False,1670
1302,102,18968.52,0,185.96588235294118,0.0,low,US,723.28,False,896
1303,105,150369.25,3,1432.0880952380953,5147.26,high,CA,1236.18,False,1541
1304,121,18880.58,3,156.03785123966944,1347.4499999999998,low,US,1444.67,False,1964
1305,131,229501.58,2,1751.920458015267,1363.02,low,US,1604.69,False,1348
1306,120,16568.57,1,138.07141666666666,139.09,low,US,385.75,True,1480
1307,106,7332.67,0,69.1761320754717,0.0,low,US,490.32,False,580
1308,117,3549.73,0,30.33957264957265,0.0,low,US,52.91,False,543
1309,125,1474.68,1,11.79744,3.29,medium,US,413.06,False,926
1310,117,20680.89,0,176.75974358974358,0.0,low,CA,1315.71,False,1872
1311,137,19552.25,0,142.71715328467153,0.0,low,US,1104.51,False,1162
1312,106,10215.87,2,96.3761320754717,821.78,low,US,455.85,True,781
1313,113,58939.67,1,521.59,490.34,low,US,2273.84,False,1713
1314,121,28038.58,0,231.72380165289258,0.0,low,US,348.76,False,1873
1315,127,23221.85,0,182.8492125984252,0.0,low,US,258.65,False,1979
1316,107,19153.55,1,179.0051401869159,244.41,low,US,323.32,False,675
1317,129,3163.04,1,24.51968992248062,35.69,medium,US,179.43,False,1562
1318,115,56971.24,1,495.4020869565217,58.95,low,GB,862.78,False,1305
1319,127,31523.48,4,248.2163779527559,1191.37,medium,US,638.83,False,999
1320,121,49440.36,1,408.5980165289256,419.36,low,US,853.19,False,887
1321,131,20117.0,2,153.5648854961832,366.96,low,US,339.36,True,277
1322,117,1841.56,0,15.73982905982906,0.0,low,US,467.66,False,623
1323,125,6000.42,0,48.00336,0.0,low,US,69.37,False,1217
1324,130,72729.02,0,559.4540000000001,0.0,low,US,691.32,False,1944
1325,120,32422.53,2,270.18775,1422.8200000000002,low,US,538.59,False,1901
1326,125,8176.49,1,65.41192,35.05,low,US,183.01,False,435
1327,114,3854.43,1,33.81078947368421,126.65,low,US,448.45,False,1497
1328,127,6018.1,1,47.38661417322835,77.18,low,US,390.7,False,213
1329,117,42813.29,1,365.92555555555555,363.6,low,US,2411.2,False,1488
1330,114,1617.59,2,14.18938596491228,7.720000000000001,medium,US,189.61,False,768
1331,116,22144.58,0,190.90155172413796,0.0,low,CA,664.0,False,1001
1332,133,6868.79,1,51.64503759398496,54.68,medium,US,184.62,False,1580
1333,139,80552.95,1,579.5176258992806,1998.11,low,US,298.24,False,947
1334,117,79496.31999999999,1,679.4557264957265,273.72,low,AU,632.16,False,1774
1335,115,5028.97,1,43.73017391304348,25.44,low,AU,407.39,False,1182
1336,119,17676.38,1,148.54100840336136,1028.5,low,DE,490.1,False,2187
1337,119,10644.72,1,89.45142857142856,38.45,low,US,664.78,False,1408
1338,109,7426.27,0,68.13091743119267,0.0,low,GB,315.98,False,670
1339,104,12869.96,0,123.74961538461538,0.0,low,US,1091.96,False,1704
1340,109,3362.93,0,30.85256880733945,0.0,low,CA,374.3,False,911
1341,114,19700.48,0,172.81122807017545,0.0,low,US,451.33,False,1183
1342,110,8402.33,1,76.38481818181818,35.73,low,US,682.1,False,325
1343,109,6749.87,0,61.9254128440367,0.0,low,US,604.44,False,287
1344,112,6851.85,1,61.17723214285714,9.6,low,AU,879.9,False,1271
1345,112,10916.47,0,97.46848214285714,0.0,low,US,655.41,True,433
1346,106,48490.08,2,457.4535849056604,372.87,medium,GB,751.54,False,2184
1347,105,6668.7699999999995,0,63.512095238095235,0.0,low,US,367.66,False,1878
1348,124,22524.579999999998,2,181.6498387096774,468.17999999999995,medium,US,188.31,False,1543
1349,136,8836.03,3,64.97080882352941,380.82,low,US,136.34,False,1616
1350,125,10390.83,0,83.12664,0.0,low,US,109.55,False,1315
1351,114,53493.12,1,469.2378947368421,1026.24,low,US,2407.76,False,160
1352,99,2329.45,0,23.529797979797976,0.0,low,US,67.26,False,877
1353,126,66536.25,0,528.0654761904761,0.0,low,US,1442.81,False,1100
1354,139,56489.56,0,406.3997122302158,0.0,low,US,235.38,False,2007
1355,115,20559.46,1,178.77791304347826,748.75,medium,US,1433.39,False,504
1356,122,700.74,0,5.743770491803279,0.0,low,US,67.88,False,1103
1357,111,20757.97,0,187.00873873873874,0.0,medium,US,398.78,False,773
1358,121,57539.33,0,475.531652892562,0.0,low,US,1823.7,False,320
1359,124,77460.9,0,624.6846774193548,0.0,low,US,936.26,False,252
1360,101,5455.81,1,54.01792079207921,27.9,low,US,363.75,False,819
1361,121,12882.57,0,106.46752066115702,0.0,low,US,85.74,False,208
1362,111,4308.7699999999995,0,38.817747747747745,0.0,low,US,149.87,False,175
1363,154,335553.01,1,2178.9156493506493,1724.44,low,US,1720.26,False,787
1364,107,4718.06,1,44.094018691588786,13.56,high,US,360.17,False,466
1365,133,7630.56,2,57.37263157894737,78.52000000000001,low,GB,461.9,False,1228
1366,127,6894.65,1,54.28858267716535,40.42,low,AU,635.99,False,68
1367,109,3145.56,1,28.85834862385321,25.8,low,CA,152.54,False,681
1368,128,18790.88,2,146.80375,1255.4,low,US,710.92,False,1009
1369,105,10307.54,0,98.16704761904762,0.0,low,US,337.76,False,2110
1370,127,20544.89,2,161.7707874015748,551.53,low,US,641.84,False,1400
1371,117,10535.25,1,90.0448717948718,98.98,low,CA,292.88,False,1932
1372,141,2407.53,0,17.07468085106383,0.0,low,US,119.61,False,771
1373,126,7160.78,0,56.8315873015873,0.0,low,US,335.41,False,1001
1374,131,39607.33,1,302.34603053435114,131.63,low,CA,877.17,False,938
1375,100,5806.64,1,58.0664,76.16,low,US,702.51,False,1946
1376,115,5787.82,1,50.32886956521739,43.15,low,CA,506.66,False,2101
1377,112,2572.83,1,22.971696428571427,7.62,low,US,1105.79,False,2108
1378,114,10258.41,3,89.98605263157894,425.75,low,US,410.25,False,1654
1379,118,4490.23,1,38.05279661016949,44.46,medium,US,518.35,False,1116
1380,116,18574.96,1,160.12896551724137,161.63,low,US,319.96,False,1198
1381,114,9491.88,0,83.26210526315789,0.0,low,US,1165.56,False,2147
1382,126,9954.72,1,79.00571428571428,135.61,low,US,640.58,True,644
1383,125,14844.82,1,118.75856,59.9,low,US,298.49,False,778
1384,120,14814.36,2,123.453,101.83,low,US,129.01,False,1967
1385,100,33387.18,2,333.8718,1455.19,low,US,1332.04,False,864
1386,124,6643.139999999999,3,53.57370967741935,419.13,medium,US,252.23,False,537
1387,99,14329.83,1,144.74575757575758,119.93,low,US,525.77,True,1240
1388,124,168277.55,1,1357.0770161290322,4449.63,low,US,4094.25,False,732
1389,130,60277.39,0,463.67223076923074,0.0,low,CA,1013.7,False,1954
1390,114,95085.4,1,834.0824561403508,242.78,low,US,2100.72,False,1993
1391,103,2215.75,0,21.512135922330096,0.0,low,US,303.59,False,690
1392,105,7554.64,0,71.94895238095238,0.0,low,US,1291.91,False,1173
1393,106,12165.0,0,114.76415094339623,0.0,low,US,504.72,False,2155
1394,130,21522.6,0,165.55846153846153,0.0,low,US,685.0,False,1633
1395,119,18173.99,0,152.72260504201682,0.0,low,US,3037.4,False,495
1396,128,33802.17,1,264.079453125,216.96,low,US,383.45,False,1306
1397,135,24438.74,1,181.0277037037037,98.81,low,US,501.36,False,1368
1398,103,35921.53,1,348.75271844660193,685.09,low,US,218.57,False,1441
1399,130,48537.45,3,373.36499999999995,1977.1200000000001,low,US,1096.22,False,84
1400,108,17048.26,3,157.85425925925924,121.42,low,US,297.51,False,676
1401,106,4962.59,0,46.816886792452834,0.0,low,US,1236.99,True,1875
1402,134,3490.77,0,26.0505223880597,0.0,low,US,111.62,False,551
1403,111,4210.27,0,37.93036036036037,0.0,low,US,807.36,False,677
1404,117,2598.12,0,22.206153846153846,0.0,low,US,276.08,False,726
1405,129,60076.58,0,465.70992248062015,0.0,low,US,950.95,False,413
1406,119,63275.16,0,531.7240336134454,0.0,low,AU,486.77,False,365
1407,102,4303.71,1,42.19323529411765,26.12,medium,US,304.36,False,779
1408,131,5387.47,1,41.125725190839695,19.0,low,US,347.96,True,1918
1409,120,1790.3899999999999,1,14.919916666666666,55.55,medium,US,229.21,False,33
1410,129,6962.7300000000005,0,53.9746511627907,0.0,low,US,1047.34,False,641
1411,128,6607.45,3,51.620703125,124.69999999999999,low,US,191.76,False,160
1412,114,5625.57,1,49.34710526315789,31.6,low,US,387.47,False,1242
1413,113,9414.91,0,83.31778761061946,0.0,low,US,672.31,False,571
1414,114,293035.31,0,2570.4851754385963,0.0,low,US,2105.16,False,1740
1415,111,4236.68,0,38.16828828828829,0.0,low,US,488.64,False,1293
1416,115,19318.53,0,167.98721739130434,0.0,low,GB,396.13,False,1723
1417,122,22656.44,0,185.70852459016393,0.0,low,US,630.35,False,1401
1418,128,3436.85,1,26.850390625,23.97,low,US,76.24,False,976
1419,129,8488.2,1,65.80000000000001,93.05,low,US,167.54,True,1889
1420,126,3371.55,1,26.758333333333336,51.52,low,US,351.49,False,1058
1421,136,4159.66,1,30.585735294117647,2.8,low,US,259.39,False,2081
1422,125,1880.55,1,15.0444,2.66,low,US,116.66,False,2178
1423,112,21672.03,0,193.50026785714286,0.0,low,US,1066.35,False,1302
1424,123,9128.7,1,74.21707317073171,92.2,low,US,622.52,False,1487
1425,130,4686.28,0,36.04830769230769,0.0,low,US,559.05,False,582
1426,136,13220.15,0,97.20698529411764,0.0,low,CA,263.86,False,1789
1427,133,1693.93,0,12.736315789473684,0.0,low,US,529.25,False,1480
1428,116,6505.38,0,56.080862068965516,0.0,low,US,782.9,False,1979
1429,119,4490.35,0,37.73403361344538,0.0,low,US,388.23,False,606
1430,111,14655.91,0,132.03522522522522,0.0,low,US,735.18,False,1731
1431,122,7071.05,1,57.959426229508196,432.88,low,US,240.7,False,1045
1432,110,1870.6100000000001,1,17.005545454545455,11.06,medium,US,537.93,True,429
1433,116,30464.62,2,262.6260344827586,228.24,low,US,1377.81,False,399
1434,127,88968.23,0,700.5372440944882,0.0,low,US,1493.41,True,1244
1435,111,44758.33,0,403.2281981981982,0.0,low,US,1627.55,False,720
1436,123,17698.76,0,143.89235772357722,0.0,low,US,637.15,False,250
1437,128,15643.26,0,122.21296875,0.0,low,US,506.97,False,952
1438,119,12241.869999999999,0,102.87285714285713,0.0,low,US,329.01,True,1440
1439,133,2884.21,0,21.68578947368421,0.0,low,US,96.86,False,718
1440,114,1942.54,0,17.03982456140351,0.0,low,US,146.88,False,2093
1441,113,53162.520000000004,1,470.464778761062,934.44,low,US,423.58,False,1713
1442,127,11732.55,0,92.38228346456692,0.0,low,US,446.99,False,1137
1443,125,135673.19,2,1085.38552,1176.18,medium,US,1756.36,False,2048
1444,130,29743.72,1,228.79784615384617,711.21,medium,DE,1608.92,False,965
1445,127,2235.18,0,17.599842519685037,0.0,low,US,265.65,False,331
1446,117,37189.95,0,317.86282051282046,0.0,low,US,1029.15,True,107
1447,128,13857.44,0,108.26125,0.0,low,US,320.74,False,2056
1448,129,20417.05,1,158.2717054263566,125.83,low,US,910.83,False,2103
1449,123,11344.79,2,92.2340650406504,181.94,low,US,1017.82,False,1626
1450,116,117116.26,0,1009.6229310344827,0.0,low,US,1507.01,True,252
1451,115,27127.94,2,235.8951304347826,518.13,low,CA,316.28,False,664
1452,101,13279.96,4,131.48475247524752,392.17,high,US,1227.67,False,118
1453,115,1354.52,3,11.778434782608695,34.07,low,US,91.33,False,140
1454,128,242372.83000000002,0,1893.5377343750001,0.0,low,US,1582.24,False,561
1455,118,23696.62,0,200.81881355932202,0.0,low,US,481.78,False,1265
1456,107,1599.36,0,14.947289719626168,0.0,low,US,491.1,False,171
1457,114,1389.91,0,12.192192982456142,0.0,low,US,78.75,False,2156
1458,117,5170.17,2,44.18948717948718,352.18,low,US,347.3,False,1013
1459,114,18102.89,1,158.79728070175437,127.47,low,US,1668.92,False,599
1460,130,68604.66,0,527.7281538461539,0.0,low,GB,335.62,False,1144
1461,119,22563.7,0,189.6109243697479,0.0,low,US,936.47,False,1736
1462,118,29771.62,0,252.30186440677966,0.0,low,US,508.31,False,705
1463,136,47362.87,2,348.25639705882355,853.23,low,US,1282.29,False,132
1464,115,10372.59,0,90.19643478260869,0.0,medium,US,585.43,False,140
1465,142,27481.54,0,193.53197183098592,0.0,low,US,213.02,False,1870
1466,105,21477.5,0,204.54761904761904,0.0,low,DE,518.43,False,271
1467,102,3971.86,0,38.939803921568625,0.0,low,US,2082.02,False,1402
1468,120,8514.789999999999,0,70.95658333333333,0.0,low,US,771.15,False,860
1469,132,16810.76,1,127.35424242424241,101.46,high,US,443.72,False,1709
1470,104,33056.67,0,317.85259615384615,0.0,low,US,3752.47,False,160
1471,131,16983.99,2,129.6487786259542,584.5,medium,US,1398.69,False,1969
1472,135,83846.16,3,621.0826666666667,4564.030000000001,low,US,1027.68,True,1538
1473,132,22401.76,1,169.710303030303,215.26,low,US,655.64,False,1000
1474,135,130851.0,1,969.2666666666667,188.99,low,US,950.75,False,477
1475,125,17567.99,0,140.54392,0.0,low,US,978.93,True,2140
1476,112,3638.09,1,32.48294642857143,9.36,low,US,69.09,False,682
1477,132,61358.69,0,464.83856060606064,0.0,low,US,703.06,True,1089
1478,126,7657.79,0,60.77611111111111,0.0,low,US,426.36,False,881
1479,133,3577.39,0,26.89766917293233,0.0,low,US,314.25,True,527
1480,138,50211.12,1,363.84869565217394,480.73,high,US,413.27,False,929
1481,130,11721.3,0,90.16384615384615,0.0,low,US,121.48,False,357
1482,131,23585.99,0,180.0457251908397,0.0,low,US,97.11,False,33
1483,117,57692.24,0,493.09606837606833,0.0,low,US,1513.0,False,656
1484,117,18684.55,0,159.69700854700855,0.0,low,US,746.91,False,272
1485,101,1401.31,0,13.874356435643564,0.0,medium,US,56.16,False,925
1486,133,8052.65,2,60.546240601503754,30.580000000000002,low,US,293.32,False,1893
1487,117,28144.86,1,240.554358974359,51.79,low,DE,1088.44,False,381
1488,128,10404.02,0,81.28140625,0.0,low,US,382.98,False,32
1489,125,104496.28,1,835.97024,595.05,low,US,1510.97,False,269
1490,114,16351.58,0,143.43491228070175,0.0,low,US,1267.47,False,1127
1491,126,1844.6,0,14.63968253968254,0.0,low,US,145.32,False,623
1492,107,4208.35,0,39.3303738317757,0.0,medium,US,433.12,False,1087
1493,144,20644.16,6,143.36222222222221,1659.57,high,US,329.22,False,93
1494,113,9537.46,1,84.40230088495575,36.53,low,US,141.13,False,749
1495,130,10128.66,0,77.91276923076923,0.0,low,DE,133.11,False,915
1496,116,53779.39,0,463.61543103448275,0.0,low,CA,238.55,False,961
1497,133,1351.23,1,10.159624060150376,6.23,low,US,276.76,False,1220
1498,117,36885.65,0,315.2619658119658,0.0,low,US,635.81,False,1716
1499,117,58141.81,2,496.938547008547,1358.91,medium,US,1261.17,False,1039
1500,122,2920.07,0,23.935000000000002,0.0,low,US,782.33,False,1847
1501,122,1780.35,0,14.593032786885246,0.0,low,US,968.1,False,1174
1502,119,5050.29,3,42.43941176470588,100.33999999999999,low,AU,387.63,False,592
1503,125,28114.85,0,224.91879999999998,0.0,low,GB,847.85,False,524
1504,117,6463.7,0,55.24529914529914,0.0,low,CA,431.15,False,726
1505,117,5086.82,0,43.47709401709402,0.0,low,US,331.18,False,1320
1506,127,91428.39,0,719.9085826771653,0.0,low,US,2717.29,False,553
1507,139,4694.04,0,33.770071942446044,0.0,low,US,60.5,False,2004
1508,122,1479.05,2,12.123360655737704,34.15,low,US,91.29,False,1066
1509,122,6654.67,0,54.54647540983606,0.0,low,CA,695.36,False,1894
1510,133,15321.97,0,115.20278195488721,0.0,low,US,388.2,True,1505
1511,110,2007.93,0,18.25390909090909,0.0,low,US,135.19,False,750
1512,130,2201.82,0,16.937076923076923,0.0,low,US,190.73,False,523
1513,134,15178.039999999999,0,113.2689552238806,0.0,medium,AU,214.44,False,1636
1514,118,39904.43,1,338.17313559322037,45.25,low,US,1100.04,False,744
1515,117,10343.04,1,88.40205128205129,109.71,low,US,1467.29,False,563
1516,101,6042.66,1,59.82831683168317,196.73,low,US,2155.13,False,2039
1517,126,4430.43,1,35.16214285714286,47.74,low,CA,117.91,False,1072
1518,106,2640.31,0,24.908584905660376,0.0,low,US,143.97,True,134
1519,135,28333.78,2,209.87985185185184,525.98,low,US,135.36,False,1098
1520,130,215153.24,0,1655.024923076923,0.0,low,US,1571.79,False,1025
1521,126,273387.66,1,2169.7433333333333,1067.04,low,US,717.31,False,1896
1522,112,3888.68,2,34.72035714285714,146.31,low,CA,529.63,False,1566
1523,129,54380.73,1,421.5560465116279,2267.31,low,US,605.87,False,443
1524,136,10114.07,2,74.36816176470587,402.52,medium,US,468.2,False,354
1525,107,1458.45,1,13.630373831775701,8.44,low,US,179.64,False,1333
1526,112,61579.1,1,549.8133928571428,169.61,low,US,782.0,False,132
1527,120,7215.21,0,60.12675,0.0,low,GB,416.75,False,719
1528,109,2908.43,1,26.682844036697247,10.92,low,US,167.29,False,328
1529,115,106045.3,1,922.1330434782609,845.97,low,GB,826.22,False,74
1530,107,37622.65,4,351.6135514018692,3359.7799999999997,low,US,335.89,False,2014
1531,114,8728.43,2,76.5651754385965,124.15,low,US,604.7,False,224
1532,126,163509.59,1,1297.6951587301587,10408.06,low,US,440.33,False,50
1533,112,103435.97,0,923.5354464285714,0.0,low,AU,1099.09,False,2045
1534,138,7178.3,0,52.016666666666666,0.0,low,US,600.73,False,436
1535,131,3661.03,1,27.946793893129772,22.52,low,AU,222.44,False,1793
1536,123,9144.69,0,74.34707317073172,0.0,low,US,658.39,False,97
1537,122,12558.68,0,102.94,0.0,low,US,678.05,False,361
1538,111,13221.5,1,119.11261261261261,158.91,medium,US,780.71,False,268
1539,117,7118.91,0,60.84538461538462,0.0,low,US,1251.74,False,1555
1540,122,3604.63,1,29.546147540983608,4.04,low,US,283.05,False,1369
1541,139,28788.420000000002,1,207.11093525179857,149.59,low,CA,898.87,False,1057
1542,118,2549.96,0,21.609830508474577,0.0,low,US,104.34,False,551
1543,109,9286.06,0,85.1932110091743,0.0,high,US,442.31,False,221
1544,110,2455.6,0,22.323636363636364,0.0,low,US,384.83,False,1259
1545,139,4407.96,1,31.711942446043167,25.88,low,US,1813.58,False,528
1546,115,12593.8,0,109.51130434782608,0.0,low,US,428.07,False,1304
1547,107,109272.92,1,1021.2422429906542,1187.81,high,US,851.66,True,1514
1548,110,16502.85,2,150.02590909090907,737.75,low,US,100.93,False,1864
1549,111,27219.03,1,245.21648648648647,371.69,low,US,359.03,False,1097
1550,127,11655.86,1,91.77842519685039,50.61,low,US,230.05,False,40
1551,128,40169.46,0,313.82390625,0.0,low,US,4573.16,True,636
1552,108,2092.88,0,19.37851851851852,0.0,low,US,270.39,False,1873
1553,118,7293.25,1,61.807203389830505,99.79,low,US,526.34,False,1181
1554,121,25649.07,0,211.97578512396694,0.0,low,US,552.2,False,1367
1555,125,6227.72,0,49.821760000000005,0.0,low,US,117.86,False,1018
1556,106,40779.24,0,384.7098113207547,0.0,low,US,306.91,False,381
1557,111,41576.68,0,374.56468468468466,0.0,low,US,709.31,False,1966
1558,119,5028.83,1,42.2590756302521,45.58,low,US,532.27,False,1699
1559,129,2129.35,1,16.50658914728682,16.05,low,US,62.15,False,2179
1560,119,2418.42,0,20.322857142857142,0.0,low,US,295.81,False,1877
1561,121,15580.67,1,128.76586776859503,110.39,high,US,1234.89,False,658
1562,114,20347.78,1,178.48929824561404,367.6,low,US,836.65,True,579
1563,115,38458.78,0,334.4241739130435,0.0,low,US,1474.73,False,566
1564,120,3182.02,0,26.516833333333334,0.0,low,US,202.94,False,2014
1565,104,2034.49,0,19.562403846153845,0.0,low,US,1560.62,False,1232
1566,126,17415.55,1,138.2186507936508,83.26,low,US,473.44,True,1011
1567,114,27773.47,1,243.62692982456142,147.67,low,US,2065.24,False,2121
1568,140,22399.9,1,159.99928571428572,768.7,low,US,494.22,False,1333
1569,131,8484.69,0,64.76862595419848,0.0,low,US,78.04,False,1994
1570,112,10849.41,0,96.86973214285715,0.0,low,US,1058.2,False,2156
1571,130,7525.41,0,57.88776923076923,0.0,low,US,330.58,False,201
1572,105,10198.68,1,97.13028571428572,143.52,medium,US,351.21,False,810
1573,109,2305.74,1,21.153577981651374,36.73,low,US,133.25,False,1615
1574,118,36708.19,0,311.0863559322034,0.0,low,US,2121.71,False,1786
1575,126,11226.16,0,89.09650793650793,0.0,low,US,308.28,False,350
1576,126,66888.94,1,530.8646031746032,126.79,low,US,2033.54,False,717
1577,133,19158.03,0,144.04533834586465,0.0,low,US,334.25,False,1214
1578,122,4014.32,1,32.90426229508197,4.72,low,US,213.8,False,1756
1579,128,27374.34,1,213.86203125,107.67,low,US,1615.79,False,274
1580,111,44820.88,0,403.7917117117117,0.0,low,CA,461.28,False,1327
1581,117,3799.89,1,32.47769230769231,20.67,low,US,465.35,False,670
1582,114,4306.09,0,37.77271929824562,0.0,low,US,155.48,False,497
1583,116,9442.08,0,81.39724137931034,0.0,low,US,326.41,False,1143
1584,132,25967.53,4,196.72371212121212,1594.84,high,US,724.75,False,924
1585,116,23117.18,1,199.28603448275862,381.21,low,US,153.05,False,1403
1586,128,21297.51,0,166.386796875,0.0,low,US,303.33,False,716
1587,119,3804.75,0,31.972689075630253,0.0,low,US,337.51,False,1808
1588,115,7973.13,2,69.3315652173913,264.83000000000004,medium,US,523.11,False,198
1589,129,155891.06,1,1208.4578294573644,288.39,low,US,1866.1,False,1891
1590,130,9981.76,3,76.78276923076923,143.69,medium,US,376.17,False,94
1591,112,2917.6,1,26.05,19.53,low,US,264.69,True,1619
1592,136,267398.27,0,1966.1637500000002,0.0,low,US,5835.61,True,778
1593,120,10657.78,0,88.81483333333334,0.0,low,US,333.66,False,858
1594,100,3327.67,0,33.2767,0.0,low,US,415.05,False,71
1595,132,20073.09,1,152.06886363636363,157.22,low,US,357.07,False,1546
1596,115,4545.11,4,39.52269565217391,306.36,high,US,384.1,False,387
1597,124,4484.7,2,36.166935483870965,23.09,low,GB,528.47,False,1453
1598,133,14766.94,1,111.02962406015038,66.41,low,US,1128.58,False,1596
1599,117,6971.38,0,59.58444444444444,0.0,low,US,708.81,False,1855
1600,104,8227.47,0,79.11028846153846,0.0,low,US,1299.05,False,1559
1601,106,6136.81,1,57.89443396226415,37.25,low,US,1260.96,False,681
1602,124,13896.04,3,112.06483870967743,1104.42,medium,US,594.49,False,1625
1603,108,26955.76,3,249.59037037037035,801.66,high,US,691.37,False,1814
1604,123,30283.25,1,246.20528455284554,162.97,low,US,1336.57,False,715
1605,119,6082.62,0,51.1144537815126,0.0,low,US,181.26,False,298
1606,115,146191.22,0,1271.228,0.0,low,US,4667.55,False,1952
1607,126,15860.64,0,125.87809523809523,0.0,medium,US,310.65,False,349
1608,130,11943.86,0,91.87584615384615,0.0,low,US,359.29,False,1312
1609,117,1584.18,0,13.540000000000001,0.0,low,US,165.55,False,540
1610,129,4818.95,5,37.356201550387595,105.85,high,US,170.05,False,302
1611,109,17621.98,2,161.66954128440366,258.32,medium,US,1183.97,False,1707
1612,112,23978.96,0,214.09785714285712,0.0,low,CA,3801.59,False,340
1613,135,8728.13,0,64.6528148148148,0.0,low,US,295.74,False,1477
1614,121,14264.33,1,117.88702479338843,389.36,low,US,673.57,False,1527
1615,122,2684.55,0,22.004508196721314,0.0,low,US,600.73,False,160
1616,118,21796.81,3,184.71872881355932,991.89,low,US,1212.23,False,403
1617,96,64898.29,0,676.0238541666666,0.0,low,US,3629.47,False,1745
1618,116,184242.56,0,1588.2979310344826,0.0,low,US,1936.96,False,1125
1619,114,12199.14,0,107.00999999999999,0.0,low,US,397.5,False,292
1620,142,15899.56,0,111.9687323943662,0.0,low,US,793.05,False,2172
1621,126,13022.55,0,103.35357142857143,0.0,low,US,867.18,False,602
1622,111,27070.8,1,243.88108108108108,14.31,medium,US,483.92,False,38
1623,122,3604.4,0,29.544262295081968,0.0,low,US,183.76,False,2026
1624,124,8371.36,4,67.51096774193549,220.96,medium,US,240.11,False,65
1625,121,28950.14,1,239.25735537190081,355.72,low,US,1384.84,False,1225
1626,118,12024.84,1,101.90542372881356,73.84,low,US,1519.56,False,2175
1627,112,11038.74,3,98.56017857142857,751.76,low,US,408.79,True,1278
1628,123,5371.88,1,43.67382113821138,28.42,low,US,623.25,False,1292
1629,121,11525.16,0,95.24925619834711,0.0,low,US,1447.42,False,868
1630,129,1511.3,0,11.715503875968992,0.0,low,AU,106.29,False,304
1631,107,5005.0,0,46.77570093457944,0.0,low,US,329.73,False,1267
1632,139,101040.54,0,726.9103597122302,0.0,low,US,3029.29,False,1968
1633,119,11523.09,1,96.83268907563026,99.2,low,US,645.08,False,226
1634,129,135112.21,1,1047.381472868217,4148.3,low,US,178.34,False,1931
1635,122,4680.29,0,38.36303278688525,0.0,low,US,547.6,True,926
1636,118,39454.41,0,334.3594067796611,0.0,low,US,1235.58,False,1188
1637,134,13136.81,0,98.03589552238806,0.0,low,US,49.81,True,387
1638,126,3609.69,3,28.648333333333333,155.14999999999998,low,US,577.47,False,1373
1639,119,78185.66,0,657.0223529411765,0.0,low,US,352.42,False,423
1640,121,5666.11,0,46.82735537190082,0.0,low,CA,112.42,False,620
1641,122,20828.73,1,170.7272950819672,82.33,low,US,530.45,False,1588
1642,106,2126.52,0,20.061509433962264,0.0,low,US,435.79,False,139
1643,128,3922.12,1,30.6415625,193.56,low,GB,482.18,False,995
1644,120,13246.66,2,110.38883333333334,368.03999999999996,low,GB,360.17,False,1314
1645,129,2145.19,2,16.629379844961242,98.5,low,US,196.53,False,315
1646,133,15533.44,3,116.79278195488722,392.43,high,US,133.04,False,666
1647,126,5933.71,0,47.09293650793651,0.0,medium,US,264.64,False,771
1648,114,1726.73,1,15.146754385964913,53.77,low,US,1067.77,False,1463
1649,133,2855.91,1,21.47300751879699,13.45,low,US,607.75,True,2139
1650,113,10741.76,1,95.05982300884956,254.72,low,US,463.01,False,1836
1651,124,5886.72,2,47.47354838709678,344.28,low,US,193.29,False,439
1652,130,16378.59,1,125.98915384615384,77.16,low,US,351.95,False,69
1653,112,65893.23,1,588.3324107142856,1150.23,low,US,956.65,False,142
1654,127,25308.31,2,199.278031496063,90.08,low,CA,776.12,False,1316
1655,139,40202.25,1,289.22482014388487,33.87,low,US,320.7,False,367
1656,126,4664.62,1,37.02079365079365,45.13,medium,US,46.98,False,529
1657,121,3851.76,2,31.832727272727276,35.58,medium,US,268.44,False,1860
1658,116,2079.01,0,17.922500000000003,0.0,low,US,319.12,False,1917
1659,109,13126.46,1,120.42623853211009,87.8,low,US,217.81,False,1842
1660,122,11547.98,0,94.6555737704918,0.0,low,US,339.73,False,577
1661,114,6288.0,1,55.1578947368421,162.97,low,US,1027.51,False,1368
1662,138,51053.56,1,369.9533333333333,151.77,medium,US,476.48,False,1349
1663,123,12268.09,1,99.74056910569105,354.53,low,US,1200.78,False,430
1664,121,5477.84,1,45.271404958677685,48.9,low,US,126.78,False,1225
1665,121,27996.010000000002,1,231.3719834710744,537.45,low,US,374.44,False,1164
1666,123,845.1899999999999,1,6.871463414634146,2.73,low,US,86.05,False,885
1667,139,5995.74,0,43.13482014388489,0.0,low,AU,335.65,False,1653
1668,121,6015.07,1,49.71132231404958,198.46,low,US,192.27,False,1493
1669,128,39645.52,0,309.730625,0.0,medium,US,1561.07,False,1180
1670,113,11122.87,0,98.4324778761062,0.0,low,US,712.47,False,1597
1671,119,14498.3,0,121.8344537815126,0.0,low,US,1228.25,False,1678
1672,108,3834.81,0,35.5075,0.0,low,US,334.82,False,1254
1673,122,13445.02,0,110.20508196721312,0.0,low,US,196.81,False,608
1674,124,16153.69,0,130.2716935483871,0.0,low,US,191.25,False,1668
1675,117,49619.42,0,424.0976068376068,0.0,low,US,625.72,False,1580
1676,107,189341.94,0,1769.5508411214953,0.0,low,US,2512.78,False,2154
1677,117,15396.9,0,131.5974358974359,0.0,low,US,714.19,False,353
1678,129,11873.460000000001,1,92.04232558139536,29.17,low,CA,351.68,False,935
1679,126,7176.03,3,56.952619047619045,349.0,low,US,415.76,False,2026
1680,116,42724.1,2,368.3112068965517,3218.51,medium,AU,479.06,False,1141
1681,108,19020.45,1,176.11527777777778,160.76,medium,US,3053.3,True,2066
1682,112,33677.85,1,300.6950892857143,177.41,low,US,1495.55,False,56
1683,125,29977.06,0,239.81648,0.0,low,US,622.64,True,105
1684,106,12954.66,0,122.21377358490565,0.0,low,US,543.9,False,1749
1685,121,97623.28,0,806.8039669421488,0.0,high,CA,645.11,False,804
1686,126,25070.55,3,198.97261904761905,297.3,low,US,768.81,True,1153
1687,119,4507.35,0,37.87689075630252,0.0,low,DE,339.72,False,954
1688,112,9563.91,0,85.39205357142858,0.0,low,US,230.52,False,911
1689,122,26301.8,0,215.58852459016393,0.0,medium,US,1247.63,False,2059
1690,114,13259.18,0,116.30859649122807,0.0,low,US,502.59,False,233
1691,113,9366.1,1,82.8858407079646,100.05,low,US,1157.31,False,1697
1692,144,6931.36,1,48.13444444444444,36.8,low,US,2167.96,True,1951
1693,133,10139.96,0,76.24030075187969,0.0,low,DE,787.26,False,1450
1694,127,10760.69,0,84.72984251968505,0.0,medium,US,680.41,False,883
1695,131,138864.45,0,1060.0339694656489,0.0,low,US,8779.89,False,375
1696,128,37380.68,0,292.0365625,0.0,low,US,593.67,False,1504
1697,93,5813.24,0,62.50795698924731,0.0,low,US,184.66,False,1042
1698,135,5283.6900000000005,1,39.138444444444445,130.28,low,US,382.56,False,352
1699,116,216066.13,0,1862.639051724138,0.0,low,US,1991.25,False,806
1700,112,5547.09,0,49.527589285714285,0.0,low,US,153.74,False,2106
1701,120,3508.86,0,29.2405,0.0,high,US,250.33,False,603
1702,141,25251.16,0,179.08624113475176,0.0,low,US,1333.8,False,415
1703,128,25742.63,0,201.114296875,0.0,low,US,385.89,False,1503
1704,112,9116.35,0,81.39598214285715,0.0,low,US,446.21,False,461
1705,109,110883.45,0,1017.2793577981652,0.0,low,US,1294.7,False,2017
1706,122,2309.17,0,18.92762295081967,0.0,low,US,258.49,False,1885
1707,126,4039.75,1,32.06150793650794,18.94,low,US,131.4,False,2154
1708,136,6285.78,1,46.218970588235294,68.09,low,US,141.18,False,2001
1709,101,6974.97,2,69.0591089108911,348.02000000000004,low,US,831.81,False,556
1710,117,21294.69,0,182.00589743589742,0.0,low,US,622.17,False,488
1711,126,8742.63,2,69.38595238095238,522.12,low,US,264.2,False,770
1712,145,4505.79,1,31.07441379310345,1.51,low,US,173.66,False,1044
1713,115,82672.19,1,718.8886086956522,313.21,low,GB,386.25,False,1930
1714,117,21408.54,0,182.97897435897437,0.0,medium,US,1345.96,False,1614
1715,123,32817.14,1,266.8060162601626,195.93,low,US,232.24,False,1421
1716,104,4683.37,2,45.03240384615385,90.27,low,US,271.4,False,1927
1717,110,2914.01,2,26.491000000000003,39.43,low,US,168.77,True,1425
1718,108,12428.25,1,115.07638888888889,632.88,low,US,354.01,False,848
1719,133,13470.29,0,101.28037593984963,0.0,low,US,667.99,False,922
1720,125,200445.72,4,1603.56576,19451.620000000003,low,US,3306.52,False,1146
1721,120,11921.95,1,99.34958333333334,117.93,low,US,599.44,False,221
1722,129,5242.4,1,40.63875968992248,49.31,low,US,469.51,False,1632
1723,128,12910.65,0,100.864453125,0.0,low,US,1071.32,False,1439
1724,115,23204.47,3,201.77800000000002,348.22,low,US,922.04,False,1609
1725,145,17184.01,0,118.51041379310344,0.0,low,US,292.98,False,1183
1726,113,126335.25,0,1118.0110619469026,0.0,low,US,3912.2,False,1721
1727,92,4428.08,1,48.13130434782609,27.97,low,US,482.05,False,2081
1728,101,8103.03,0,80.2280198019802,0.0,low,GB,609.56,False,1261
1729,111,15917.2,0,143.3981981981982,0.0,low,US,809.34,False,989
1730,110,8907.02,2,80.9729090909091,409.84,low,US,672.69,False,255
1731,126,30437.61,1,241.56833333333333,110.26,low,GB,1944.69,False,1711
1732,118,4046.45,0,34.29194915254237,0.0,medium,US,289.77,False,1982
1733,123,74104.3,1,602.4739837398374,434.46,low,US,997.29,False,1540
1734,103,16134.45,0,156.64514563106798,0.0,low,US,571.41,False,1899
1735,109,13375.99,2,122.71550458715596,190.04000000000002,medium,US,1193.27,False,1890
1736,125,4784.01,2,38.27208,51.269999999999996,low,US,406.06,False,1753
1737,106,11877.91,1,112.05575471698113,131.49,low,US,359.47,False,1116
1738,125,37262.25,1,298.098,577.06,low,US,952.29,True,245
1739,114,17008.31,2,149.19570175438596,324.35999999999996,low,US,680.07,False,37
1740,116,17380.92,0,149.8355172413793,0.0,low,GB,235.51,False,471
1741,101,29160.29,0,288.71574257425743,0.0,low,US,1654.16,True,961
1742,111,32662.97,0,294.260990990991,0.0,low,US,952.66,False,1636
1743,139,12159.52,1,87.47856115107913,52.17,low,GB,460.92,False,1014
1744,118,16558.48,1,140.32610169491525,365.17,low,US,323.3,False,79
1745,116,9611.46,0,82.85741379310345,0.0,low,US,683.84,False,484
1746,110,20658.27,0,187.80245454545454,0.0,low,US,892.87,False,2145
1747,117,1201.31,0,10.267606837606838,0.0,low,US,117.37,False,2164
1748,136,27383.739999999998,2,201.3510294117647,306.51,low,US,690.98,False,844
1749,113,107201.47,4,948.685575221239,3218.34,medium,US,886.52,False,1768
1750,129,1298.7,0,10.067441860465117,0.0,low,US,59.31,False,1583
1751,110,7049.53,0,64.08663636363636,0.0,low,US,587.91,False,2041
1752,144,112965.85,0,784.4850694444444,0.0,low,US,920.71,False,1947
1753,121,15360.51,1,126.94636363636364,159.85,low,US,831.13,False,1388
1754,125,9133.54,1,73.06832,58.73,low,US,1014.55,False,882
1755,117,1062.46,0,9.080854700854701,0.0,medium,US,366.94,False,1383
1756,97,3210.3,0,33.095876288659795,0.0,low,CA,193.27,False,719
1757,119,1447.36,2,12.16268907563025,9.81,low,US,97.54,False,781
1758,129,76593.01,0,593.7442635658914,0.0,high,US,1316.85,False,1344
1759,117,10327.21,0,88.26675213675213,0.0,low,US,927.75,False,1264
1760,148,28919.16,2,195.39972972972973,293.58000000000004,medium,US,1410.42,False,1284
1761,120,3789.78,0,31.581500000000002,0.0,low,GB,256.56,False,860
1762,115,8950.12,0,77.82713043478262,0.0,low,US,1015.82,False,913
1763,111,2974.06,1,26.793333333333333,23.09,medium,US,127.43,False,52
1764,114,12665.26,0,111.09877192982457,0.0,low,US,225.31,False,1329
1765,120,10297.93,1,85.81608333333334,80.43,low,AU,551.91,False,1273
1766,129,171921.22,0,1332.7226356589147,0.0,low,US,895.06,False,2050
1767,125,98204.05,0,785.6324000000001,0.0,low,US,2233.02,False,1119
1768,116,1668.32,0,14.382068965517242,0.0,low,US,397.0,False,1040
1769,133,43830.94,1,329.55593984962405,34.29,low,US,226.07,True,176
1770,124,6791.45,3,54.769758064516125,93.16,low,US,215.85,False,454
1771,100,2904.1,0,29.041,0.0,low,US,265.32,False,760
1772,105,147816.5,0,1407.7761904761905,0.0,low,CA,3637.04,False,844
1773,119,14945.74,1,125.5944537815126,123.55,low,US,973.78,False,813
1774,137,80512.92,0,587.6855474452555,0.0,low,US,1341.14,False,881
1775,125,10793.87,1,86.35096,71.53,low,US,397.39,False,1690
1776,109,30518.61,0,279.987247706422,0.0,low,US,492.02,False,313
1777,104,7291.55,1,70.1110576923077,23.23,low,US,924.58,False,747
1778,112,8845.77,1,78.98008928571429,16.49,low,US,312.56,False,381
1779,121,1052.12,0,8.695206611570248,0.0,low,US,379.11,False,694
1780,114,7228.87,0,63.41114035087719,0.0,low,GB,268.48,False,1508
1781,118,10017.08,0,84.89050847457627,0.0,low,US,329.39,False,131
1782,118,8911.21,2,75.51872881355932,1069.44,high,US,514.96,False,763
1783,116,2110.37,2,18.192844827586207,71.27000000000001,medium,US,235.21,False,81
1784,130,118345.05,0,910.3465384615384,0.0,low,US,637.39,True,2092
1785,131,25447.81,1,194.25809160305346,259.72,medium,US,636.59,False,1600
1786,131,41805.96,0,319.12946564885493,0.0,medium,US,419.34,False,556
1787,114,6862.27,0,60.195350877192986,0.0,low,US,233.99,False,458
1788,122,35803.74,0,293.4732786885246,0.0,low,CA,541.57,False,243
1789,132,34551.73,2,261.75553030303035,969.8199999999999,low,US,312.81,False,1051
1790,124,16855.37,2,135.93040322580643,350.68,low,US,513.85,False,1657
1791,111,31484.59,0,283.644954954955,0.0,low,GB,1323.87,True,1291
1792,121,5828.99,1,48.17347107438016,60.81,low,US,159.55,False,1933
1793,117,95444.59,0,815.7657264957264,0.0,low,US,3484.7,True,772
1794,114,59891.03,1,525.3599122807018,683.56,medium,US,461.61,True,630
1795,105,95327.87,1,907.8844761904761,150.59,low,AU,713.84,True,1062
1796,118,4460.93,1,37.80449152542373,17.66,low,US,250.27,False,466
1797,121,9190.37,0,75.95347107438018,0.0,low,US,1377.45,False,2137
1798,102,1336.52,1,13.103137254901961,33.37,low,US,440.07,False,431
1799,117,12332.4,0,105.40512820512821,0.0,low,US,345.6,False,1064
1800,107,12837.98,1,119.9811214953271,195.86,low,GB,293.55,False,1157
1801,132,18135.45,0,137.38977272727274,0.0,low,US,386.97,False,153
1802,133,5438.04,1,40.88751879699248,21.28,low,US,718.03,False,1041
1803,110,2231.28,1,20.28436363636364,11.04,low,US,575.67,False,1012
1804,111,14870.39,1,133.96747747747747,239.56,low,US,475.39,False,590
1805,128,10244.73,0,80.036953125,0.0,low,US,259.75,False,306
1806,119,6208.05,0,52.168487394957985,0.0,low,US,246.59,False,127
1807,115,3377.57,0,29.37017391304348,0.0,low,CA,325.45,False,48
1808,118,11249.43,0,95.33415254237288,0.0,low,US,745.64,False,1070
1809,123,7597.64,1,61.76943089430895,103.23,low,US,894.29,False,224
1810,127,19457.98,1,153.21244094488188,125.5,low,US,1009.63,False,2102
1811,140,27081.03,1,193.43592857142858,867.85,low,US,492.1,False,558
1812,120,12489.66,1,104.0805,222.02,low,US,695.9,False,1439
1813,113,14605.03,0,129.24805309734515,0.0,low,US,423.43,False,1484
1814,127,1837.67,1,14.46984251968504,22.24,medium,US,102.71,False,1100
1815,112,8740.9,0,78.04375,0.0,low,DE,405.72,True,1938
1816,135,22892.45,0,169.5737037037037,0.0,low,US,351.5,False,269
1817,116,1229.4,1,10.598275862068967,85.28,low,US,193.42,False,535
1818,113,6084.7699999999995,2,53.8475221238938,132.63,low,US,295.7,False,575
1819,123,2590.18,1,21.058373983739838,41.51,low,US,556.45,False,322
1820,132,1399.41,1,10.601590909090909,6.51,low,CA,177.7,False,666
1821,118,2059.65,1,17.454661016949153,5.7,low,US,259.9,False,705
1822,125,21876.1,0,175.00879999999998,0.0,low,US,1984.48,True,1681
1823,115,1619.34,1,14.081217391304348,54.07,low,US,116.46,False,681
1824,116,32176.31,0,277.3819827586207,0.0,low,US,417.86,True,1923
1825,147,6043.14,0,41.10979591836735,0.0,low,GB,172.49,False,1698
1826,129,11067.34,1,85.79333333333334,509.85,low,CA,250.52,False,1977
1827,126,20788.99,2,164.99198412698414,779.8199999999999,low,US,412.42,False,257
1828,107,3160.19,1,29.53448598130841,209.92,low,US,202.59,False,2156
1829,110,6484.65,1,58.95136363636363,135.83,low,DE,825.95,False,1356
1830,102,41479.1,1,406.6578431372549,460.76,medium,US,1662.43,False,2151
1831,125,53412.53,2,427.30024,2457.14,low,US,1051.01,False,796
1832,127,34291.82,0,270.0143307086614,0.0,low,US,1239.11,False,2088
1833,111,23217.1,0,209.16306306306305,0.0,low,US,142.34,True,1301
1834,106,5852.64,1,55.21358490566038,20.05,low,US,395.93,False,185
1835,111,6922.59,1,62.365675675675675,70.33,low,US,750.45,False,915
1836,116,103028.26,2,888.1746551724137,5109.71,low,US,1079.3,False,327
1837,133,37410.56,0,281.28240601503757,0.0,low,US,2387.54,False,2063
1838,130,67852.43,0,521.9417692307692,0.0,low,US,1289.66,False,687
1839,114,35450.48,0,310.9691228070176,0.0,low,US,1104.16,False,510
1840,106,30597.8,0,288.65849056603776,0.0,low,CA,5272.37,True,1224
1841,111,10187.12,2,91.77585585585587,582.71,medium,US,537.37,False,948
1842,120,2312.18,1,19.268166666666666,9.58,low,US,379.88,False,239
1843,134,8727.039999999999,0,65.12716417910447,0.0,low,US,578.03,False,1793
1844,127,8478.42,1,66.7592125984252,81.61,low,US,216.25,False,1856
1845,96,18816.1,0,196.00104166666665,0.0,low,US,523.67,False,1634
1846,138,4031.46,0,29.213478260869564,0.0,low,US,104.15,False,1362
1847,122,9676.12,0,79.31245901639345,0.0,low,US,305.95,True,899
1848,123,10292.33,1,83.67747967479674,17.24,low,US,444.17,False,1201
1849,126,9359.21,0,74.27944444444444,0.0,low,US,1158.26,False,1155
1850,124,529204.53,0,4267.778467741936,0.0,low,US,1339.41,True,387
1851,125,14346.47,1,114.77176,145.61,low,US,207.01,False,206
1852,140,250666.5,0,1790.475,0.0,low,AU,3192.09,False,577
1853,129,59700.57,0,462.79511627906976,0.0,low,US,563.14,False,1011
1854,107,5798.12,0,54.188037383177566,0.0,low,US,611.58,False,376
1855,122,1950.14,0,15.984754098360657,0.0,low,US,114.9,True,260
1856,114,27364.58,2,240.04017543859652,2089.81,medium,US,282.01,False,1870
1857,122,24979.55,1,204.75040983606556,59.62,low,US,1267.55,False,839
1858,119,14060.05,1,118.1516806722689,137.32,low,US,574.1,False,1291
1859,107,27603.21,0,257.9739252336449,0.0,low,US,542.96,False,1161
1860,124,5723.45,0,46.15685483870968,0.0,low,US,604.53,False,1617
1861,124,6351.34,0,51.22048387096774,0.0,low,US,134.44,False,1627
1862,128,4046.75,3,31.615234375,141.45,medium,US,451.72,False,669
1863,114,100223.06,1,879.149649122807,1558.44,low,US,1750.22,False,1861
1864,109,12893.73,0,118.2911009174312,0.0,low,US,1310.33,False,831
1865,119,4819.14,1,40.49697478991597,64.24,low,US,440.24,True,1834
1866,108,6650.88,2,61.58222222222222,269.56,low,US,2012.84,False,904
1867,120,5900.9,0,49.174166666666665,0.0,low,US,158.67,False,269
1868,134,99984.91,1,746.1560447761194,70.45,low,US,205.51,False,1671
1869,111,33171.69,2,298.8440540540541,1154.91,low,US,2636.64,False,95
1870,109,59471.979999999996,1,545.614495412844,1521.0,low,CA,828.96,False,1698
1871,137,56522.659999999996,1,412.5741605839416,298.07,low,US,379.94,False,123
1872,106,7715.83,0,72.79084905660378,0.0,low,US,468.82,False,476
1873,118,3875.64,2,32.844406779661014,18.23,low,US,238.42,False,1333
1874,117,44728.8,0,382.29743589743595,0.0,low,US,632.03,False,2063
1875,131,30555.67,0,233.2493893129771,0.0,low,US,588.54,False,912
1876,126,12000.31,1,95.24055555555555,28.32,low,US,501.65,False,290
1877,114,4259.76,0,37.36631578947369,0.0,low,US,173.51,False,533
1878,139,22275.53,0,160.25561151079137,0.0,low,US,625.33,False,1965
1879,128,44317.38,0,346.22953125,0.0,low,US,305.96,False,1599
1880,110,2500.11,1,22.728272727272728,77.73,low,US,202.88,False,246
1881,102,21273.74,1,208.56607843137257,147.12,low,US,1540.82,False,861
1882,131,56699.34,0,432.8193893129771,0.0,low,CA,3472.91,False,601
1883,125,40100.33,1,320.80264,317.65,low,US,2830.92,False,414
1884,139,23190.87,0,166.84079136690647,0.0,low,US,884.58,False,1858
1885,116,6070.51,1,52.33198275862069,15.7,medium,US,387.99,False,1364
1886,136,52475.08,0,385.84617647058826,0.0,low,US,462.52,False,417
1887,112,72663.52,0,648.7814285714286,0.0,low,US,709.84,False,1435
1888,133,59738.159999999996,0,449.15909774436085,0.0,low,US,337.57,False,923
1889,101,13160.58,0,130.30277227722772,0.0,low,US,1614.74,False,162
1890,117,970.53,1,8.295128205128204,1.99,high,US,78.87,False,1001
1891,124,15250.76,0,122.99,0.0,low,US,377.6,False,430
1892,126,18591.74,1,147.5534920634921,280.75,low,US,1013.3,True,559
1893,105,5735.34,0,54.62228571428572,0.0,low,US,230.29,False,1928
1894,126,4610.16,0,36.58857142857143,0.0,low,US,396.97,False,1564
1895,116,10359.3,1,89.30431034482758,71.97,low,US,840.74,False,319
1896,113,104896.67,1,928.2891150442478,1559.01,low,US,1932.25,False,1868
1897,111,2238.81,0,20.16945945945946,0.0,low,US,153.77,False,1270
1898,127,15939.01,0,125.50401574803149,0.0,low,US,143.84,False,1919
1899,124,5944.25,0,47.9375,0.0,medium,US,210.31,False,1643
1900,127,4911.88,0,38.676220472440946,0.0,low,US,123.5,False,762
1901,94,2527.76,0,26.891063829787235,0.0,low,AU,131.66,False,1185
1902,111,22139.31,0,199.45324324324326,0.0,low,US,205.33,False,1176
1903,95,15943.76,0,167.82905263157895,0.0,low,US,1495.39,False,1585
1904,124,33677.95,5,271.5963709677419,2789.02,medium,DE,372.09,False,566
1905,106,7102.0199999999995,1,67.00018867924528,100.96,low,US,506.86,False,749
1906,101,8751.54,0,86.64891089108912,0.0,low,US,208.53,False,558
1907,105,48190.54,1,458.9575238095238,213.95,medium,US,871.47,False,669
1908,137,272191.88,0,1986.8020437956204,0.0,low,US,2665.61,False,378
1909,118,12728.89,0,107.87194915254237,0.0,low,US,221.66,False,108
1910,107,45265.29,1,423.04009345794395,176.09,low,US,2326.86,False,2060
1911,134,7254.34,1,54.13686567164179,98.06,low,US,684.02,False,190
1912,110,7709.14,0,70.08309090909091,0.0,low,US,500.28,False,1948
1913,127,28685.829999999998,1,225.8726771653543,232.13,low,US,706.35,False,36
1914,129,18668.62,2,144.71798449612402,122.14,medium,US,700.28,False,1709
1915,106,124368.31,0,1173.2859433962265,0.0,low,US,2621.22,False,739
1916,123,24412.07,1,198.4721138211382,268.41,low,US,786.98,False,1148
1917,98,36760.48,1,375.10693877551023,82.74,low,US,801.91,False,639
1918,113,17868.47,0,158.12805309734514,0.0,low,US,337.19,False,1089
1919,129,20060.64,2,155.50883720930233,669.6700000000001,medium,US,1048.56,False,1005
1920,126,3074.73,0,24.402619047619048,0.0,low,US,208.27,False,1174
1921,113,10346.66,1,91.5633628318584,27.96,low,US,543.54,False,879
1922,114,155693.3,0,1365.7307017543858,0.0,low,US,6600.86,True,1188
1923,113,16421.28,0,145.32106194690263,0.0,low,US,51.74,False,1812
1924,120,62251.8,0,518.765,0.0,medium,US,607.79,False,968
1925,138,46999.7,1,340.57753623188404,376.11,low,US,629.21,False,810
1926,125,8602.44,0,68.81952,0.0,low,US,401.3,False,314
1927,112,7116.85,2,63.543303571428574,150.13,low,US,409.91,False,806
1928,108,6439.47,0,59.624722222222225,0.0,low,AU,535.0,False,301
1929,137,2817.43,0,20.565182481751823,0.0,low,US,392.76,False,424
1930,111,8989.19,0,80.9836936936937,0.0,low,US,601.71,False,2086
1931,118,3372.45,0,28.58008474576271,0.0,low,US,317.71,False,223
1932,121,191019.03,0,1578.6696694214877,0.0,low,US,3041.64,False,1071
1933,131,10578.59,0,80.75259541984732,0.0,low,US,392.76,False,1832
1934,134,17359.72,0,129.55014925373135,0.0,low,US,822.75,False,2088
1935,117,8240.14,1,70.428547008547,104.15,low,US,269.85,False,346
1936,110,19119.16,0,173.81054545454546,0.0,low,US,1141.19,False,383
1937,99,15375.06,0,155.30363636363637,0.0,low,US,953.48,False,834
1938,115,50633.7,0,440.29304347826087,0.0,low,US,718.62,True,1227
1939,100,2083.97,0,20.839699999999997,0.0,low,US,195.47,False,2103
1940,115,11459.25,0,99.64565217391305,0.0,low,US,250.34,False,478
1941,134,16323.83,4,121.81962686567164,1301.85,medium,CA,2247.46,False,385
1942,147,28090.58,0,191.09238095238098,0.0,low,US,247.86,False,576
1943,125,30158.42,0,241.26736,0.0,low,US,877.27,False,1918
1944,117,9892.6,2,84.55213675213676,253.38,high,US,210.57,False,94
1945,115,17589.2,0,152.94956521739132,0.0,low,CA,1221.15,False,851
1946,134,9761.55,1,72.84738805970149,54.37,low,DE,265.67,True,286
1947,120,3500.23,0,29.168583333333334,0.0,low,US,207.09,False,369
1948,121,1262.98,0,10.437851239669422,0.0,low,US,259.54,False,2010
1949,132,3496.35,2,26.4875,175.1,low,US,299.34,False,33
1950,110,4770.32,0,43.36654545454545,0.0,low,US,709.25,False,724
1951,119,7574.36,2,63.650084033613446,140.41,low,GB,524.5,False,2007
1952,104,3259.94,1,31.345576923076923,10.17,low,US,183.89,False,1343
1953,123,5216.95,0,42.41422764227642,0.0,low,US,480.51,False,184
1954,100,1456.09,3,14.560899999999998,96.12,high,US,176.06,False,1034
1955,116,6737.96,2,58.08586206896552,460.67999999999995,low,US,879.37,False,2127
1956,130,22684.23,1,174.49407692307693,387.41,low,US,1037.13,False,894
1957,114,1853.63,0,16.259912280701755,0.0,medium,US,482.24,False,1171
1958,128,5223.54,1,40.80890625,38.49,low,US,629.22,False,1178
1959,119,7842.95,3,65.90714285714286,210.45000000000002,low,US,2384.9,False,1456
1960,119,17453.48,1,146.66789915966388,363.81,low,US,427.59,True,434
1961,132,6220.74,1,47.12681818181818,34.62,low,US,210.64,False,1843
1962,131,279454.38,0,2133.239541984733,0.0,low,US,829.88,False,2165
1963,116,28695.04,0,247.37103448275863,0.0,low,US,177.79,True,337
1964,144,3328.11,3,23.111875,174.56,low,US,407.68,False,1797
1965,116,3682.38,0,31.744655172413793,0.0,low,US,287.41,False,1794
1966,116,8131.17,0,70.09629310344828,0.0,low,DE,262.0,False,1631
1967,113,19732.239999999998,0,174.62159292035398,0.0,low,US,393.44,False,831
1968,134,114168.33,1,852.0024626865671,102.97,low,US,1107.55,False,1042
1969,138,10965.49,0,79.46007246376811,0.0,low,DE,1332.89,False,1842
1970,111,23761.94,0,214.07153153153152,0.0,low,US,1134.09,False,360
1971,125,36368.8,0,290.9504,0.0,low,US,666.95,False,1820
1972,116,2473.58,0,21.32396551724138,0.0,low,AU,390.74,False,2018
1973,105,3698.18,0,35.2207619047619,0.0,low,US,59.02,False,1502
1974,97,9775.9,2,100.78247422680413,352.13,medium,US,686.01,False,767
1975,145,32423.39,1,223.60958620689655,334.52,low,US,63.35,False,1237
1976,137,3006.38,2,21.944379562043796,35.370000000000005,low,US,87.27,False,138
1977,124,4268.21,0,34.421048387096775,0.0,low,US,426.03,False,2042
1978,127,78017.58,0,614.3116535433071,0.0,low,US,625.23,False,769
1979,130,18721.45,0,144.01115384615386,0.0,low,US,328.33,False,153
1980,130,72364.77,1,556.652076923077,608.44,medium,US,1962.51,False,1746
1981,147,15772.84,5,107.298231292517,1637.6999999999998,medium,US,746.87,False,1450
1982,135,10771.18,2,79.78651851851852,38.26,low,US,393.68,False,1375
1983,103,19747.09,1,191.71932038834953,228.18,low,US,1715.88,False,146
1984,143,42025.62,0,293.88545454545454,0.0,low,US,2015.46,False,1651
1985,123,38819.67,0,315.60707317073167,0.0,low,US,781.57,False,1406
1986,107,8031.91,1,75.06457943925234,40.11,low,US,245.25,False,1744
1987,118,7096.82,1,60.14254237288135,34.82,low,US,300.29,False,1817
1988,129,6763.68,0,52.43162790697674,0.0,low,US,134.01,False,487
1989,112,6317.6,0,56.40714285714286,0.0,medium,US,474.29,False,484
1990,119,9015.56,1,75.76100840336134,352.94,low,US,191.51,False,2025
1991,112,12530.82,1,111.88232142857143,139.87,low,AU,366.44,False,1177
1992,121,32248.26,3,266.51454545454544,490.95000000000005,medium,US,623.0,False,976
1993,109,1238.57,0,11.363027522935779,0.0,low,US,82.65,False,650
1994,125,12783.73,0,102.26984,0.0,low,US,158.01,False,1410
1995,122,1059.79,2,8.686803278688524,9.94,low,US,312.26,False,1658
1996,125,11209.72,1,89.67775999999999,51.85,low,US,470.0,False,34
1997,112,5574.8,1,49.775,200.28,low,US,315.92,False,1223
1998,122,8964.83,1,73.4822131147541,36.31,low,US,386.27,False,2175
1999,126,66442.63,2,527.3224603174604,145.14,low,US,260.98,False,636
2000,107,8321.130000000001,0,77.76757009345795,0.0,low,US,133.69,False,636
2001,122,7978.33,1,65.3961475409836,216.02,low,US,304.52,False,1926
2002,134,10056.45,1,75.04813432835822,22.41,low,US,406.73,False,164
2003,122,13099.02,1,107.36901639344262,193.42,low,US,372.65,False,888
2004,105,13895.15,1,132.3347619047619,119.32,low,US,544.91,False,1019
2005,98,33834.77,1,345.2527551020408,398.98,low,US,718.38,False,1753
2006,114,25476.95,1,223.48201754385966,164.6,low,US,910.1,False,308
2007,109,34792.66,1,319.1987155963303,273.76,low,US,278.61,False,967
2008,134,1389.96,0,10.372835820895522,0.0,low,US,119.32,False,359
2009,130,111590.18,1,858.386,1066.26,low,US,1547.56,False,1731
2010,101,36629.14,0,362.6647524752475,0.0,low,US,697.08,True,1395
2011,140,8567.79,0,61.1985,0.0,low,US,208.68,False,1102
2012,117,18248.63,2,155.97119658119658,85.78,low,US,632.66,False,878
2013,119,130030.91,1,1092.6967226890756,834.01,low,US,1288.45,False,360
2014,109,355570.84,0,3262.1177981651376,0.0,low,US,2336.15,False,2021
2015,118,122765.05,0,1040.381779661017,0.0,low,US,617.42,False,1428
2016,125,26680.08,2,213.44064,826.96,low,AU,1278.83,False,719
2017,109,2154.04,0,19.76183486238532,0.0,low,US,165.9,False,924
2018,121,25594.66,2,211.52611570247933,731.36,low,US,477.08,False,1598
2019,120,6083.65,2,50.69708333333333,81.29,low,US,364.49,False,1584
2020,121,5586.33,1,46.16801652892562,53.18,low,US,670.69,False,1025
2021,120,35262.67,0,293.8555833333333,0.0,medium,US,2100.8,False,684
2022,117,68351.83,0,584.2036752136752,0.0,low,US,617.02,True,1455
2023,123,6021.77,4,48.95747967479675,675.4300000000001,medium,US,211.89,False,1451
2024,113,3730.75,1,33.01548672566372,83.4,low,US,158.05,False,1325
2025,111,30395.87,0,273.83666666666664,0.0,low,US,2167.22,False,187
2026,118,44861.41,0,380.1814406779661,0.0,low,US,782.44,False,1051
2027,128,16776.71,0,131.068046875,0.0,low,US,737.51,False,1356
2028,119,795.23,2,6.682605042016807,21.09,low,US,361.64,False,2082
2029,117,22091.38,0,188.81521367521367,0.0,low,US,627.08,False,1165
2030,130,30726.989999999998,1,236.36146153846153,41.56,low,GB,202.7,True,770
2031,142,33319.71,2,234.64584507042252,826.95,low,CA,698.18,False,1230
2032,116,11953.14,2,103.04431034482758,162.64,medium,US,171.16,False,412
2033,130,16970.28,2,130.54061538461536,15.36,low,DE,356.61,False,225
2034,107,3147.18,1,29.41289719626168,12.02,low,US,276.27,False,1494
2035,127,8079.55,0,63.61850393700787,0.0,low,US,26.27,False,2160
2036,110,2185.08,3,19.864363636363635,57.54,low,US,360.65,False,1857
2037,124,1536.44,1,12.390645161290323,12.21,medium,US,219.43,False,1290
2038,124,17080.31,0,137.74443548387097,0.0,low,US,407.75,False,116
2039,123,1828.42,0,14.86520325203252,0.0,medium,US,493.51,False,2164
2040,122,568634.93,0,4660.9420491803285,0.0,low,US,2419.07,False,1001
2041,111,6380.97,1,57.48621621621622,63.12,low,US,648.23,False,655
2042,125,9597.67,0,76.78136,0.0,low,US,665.61,False,1957
2043,116,50604.17,1,436.24284482758617,592.05,low,GB,769.74,False,1642
2044,116,25121.39,0,216.5637068965517,0.0,low,US,1079.9,False,1649
2045,116,32001.239999999998,0,275.87275862068964,0.0,low,US,741.63,False,629
2046,103,21467.1,3,208.41844660194172,1521.9,high,US,634.95,False,2172
2047,121,6353.84,2,52.51107438016529,393.61,low,US,934.6,False,1008
2048,122,1126.03,0,9.229754098360656,0.0,low,DE,55.48,False,1177
2049,123,49848.56,0,405.27284552845526,0.0,low,US,3229.71,True,1652
2050,117,43551.98,0,372.2391452991453,0.0,high,US,2060.61,False,1455
2051,142,47443.24,4,334.107323943662,1396.28,low,US,599.1,False,402
2052,128,15925.65,0,124.419140625,0.0,low,US,138.14,False,683
2053,113,12182.49,0,107.80964601769911,0.0,low,US,1464.57,False,810
2054,122,37819.04,0,309.992131147541,0.0,low,GB,263.88,False,2076
2055,115,10885.85,0,94.6595652173913,0.0,low,US,796.68,False,1573
2056,131,1758.87,0,13.42648854961832,0.0,low,US,155.3,False,821
2057,108,74937.42,0,693.865,0.0,low,US,3654.69,False,1617
2058,139,2311.66,1,16.63064748201439,11.51,low,CA,134.56,False,1625
2059,142,8133.84,2,57.28056338028169,125.91,low,US,524.31,False,881
2060,115,1206.93,1,10.49504347826087,47.74,low,US,72.97,False,900
2061,112,2848.36,0,25.431785714285716,0.0,low,US,474.8,False,1961
2062,116,11368.06,1,98.0005172413793,77.35,low,US,336.04,False,1243
2063,120,97104.29,2,809.2024166666666,1361.8600000000001,low,US,1371.23,False,352
2064,137,33246.95,0,242.67846715328466,0.0,low,US,336.02,False,1584
2065,115,19777.89,1,171.98165217391303,112.28,medium,CA,1373.01,False,1303
2066,102,933.35,0,9.150490196078431,0.0,low,US,196.03,False,1129
2067,111,1985.61,1,17.888378378378377,5.72,low,CA,382.31,False,1596
2068,100,86571.2,0,865.712,0.0,low,US,389.27,False,1989
2069,127,15535.41,0,122.32606299212598,0.0,low,US,769.72,False,743
2070,104,15792.02,0,151.84634615384616,0.0,low,DE,686.45,False,935
2071,114,42723.51,0,374.7676315789474,0.0,low,US,943.88,False,439
2072,114,12034.46,0,105.56543859649122,0.0,low,GB,626.5,False,1427
2073,125,17536.91,0,140.29528,0.0,low,US,893.53,False,899
2074,127,13395.39,1,105.47551181102362,220.0,low,CA,219.63,False,769
2075,118,10837.38,1,91.8422033898305,158.38,high,GB,699.19,False,1534
2076,114,51686.35,0,453.38903508771926,0.0,low,US,2095.16,False,911
2077,118,12088.380000000001,0,102.44389830508476,0.0,low,US,108.64,False,1033
2078,115,40515.909999999996,1,352.3122608695652,582.73,low,US,765.18,True,980
2079,132,27640.36,1,209.39666666666668,121.46,low,US,906.06,False,588
2080,126,156131.85,1,1239.1416666666667,984.83,low,US,1835.49,False,301
2081,140,80540.24,1,575.2874285714286,433.35,low,AU,947.14,False,1816
2082,126,15373.65,0,122.01309523809523,0.0,low,US,539.31,False,228
2083,131,29461.12,1,224.89404580152672,155.56,low,US,725.65,False,731
2084,117,11614.17,1,99.26641025641025,251.71,low,US,254.29,False,1471
2085,120,2778.19,1,23.151583333333335,57.22,medium,US,347.52,False,313
2086,112,2004.95,0,17.901339285714286,0.0,low,US,148.1,False,1445
2087,119,26335.01,2,221.30260504201678,616.52,low,US,1878.68,False,1613
2088,111,5281.57,0,47.58171171171171,0.0,low,US,738.88,False,1461
2089,132,6631.47,0,50.238409090909094,0.0,medium,US,216.05,True,688
2090,109,7992.88,0,73.32917431192661,0.0,low,US,629.06,False,72
2091,113,18711.94,2,165.59238938053096,258.08,low,US,1398.86,False,1946
2092,106,34409.63,0,324.6191509433962,0.0,low,US,1204.13,False,735
2093,94,717.0,2,7.627659574468085,22.99,low,US,213.82,False,1768
2094,108,2604.78,0,24.118333333333336,0.0,low,US,29.36,False,457
2095,120,51909.23,3,432.5769166666667,3631.53,high,US,703.34,False,380
2096,129,3937.82,0,30.525736434108527,0.0,low,US,221.81,False,1710
2097,126,20552.83,0,163.11769841269842,0.0,low,AU,862.72,False,2059
2098,122,95113.86,0,779.6218032786885,0.0,low,AU,1158.92,False,1888
2099,118,41425.5,0,351.0635593220339,0.0,low,US,1342.47,False,1652
2100,108,62195.63,1,575.885462962963,567.94,medium,US,2369.1,False,562
2101,120,13282.51,1,110.68758333333334,217.58,low,US,1499.25,False,2002
2102,124,508200.13,1,4098.388145161291,725.4,low,US,2379.38,False,1472
2103,127,147792.28,1,1163.7187401574804,72.8,low,US,1704.72,False,401
2104,130,73814.19,2,567.8014615384616,2814.8,low,US,1843.82,False,309
2105,117,29267.44,1,250.1490598290598,150.06,low,US,474.95,False,1911
2106,142,5282.61,1,37.20147887323943,45.17,low,US,154.41,True,624
2107,131,60059.66,1,458.4706870229008,716.07,low,US,4601.07,False,1684
2108,106,16808.13,0,158.5672641509434,0.0,low,US,521.47,False,329
2109,119,31168.86,3,261.92319327731093,1599.09,low,US,1488.97,False,635
2110,130,18411.06,0,141.62353846153846,0.0,low,US,300.29,False,642
2111,126,6422.03,2,50.968492063492064,138.06,low,US,1173.25,False,637
2112,132,5161.12,0,39.09939393939394,0.0,low,US,54.57,False,1487
2113,128,10618.2,0,82.9546875,0.0,low,US,340.56,False,2005
2114,127,7473.61,3,58.84732283464567,129.47,medium,US,450.98,False,1996
2115,112,36784.54,0,328.43339285714285,0.0,low,CA,747.21,False,1631
2116,126,179286.91,1,1422.9119841269842,4875.74,medium,US,1293.13,False,467
2117,119,17952.63,0,150.86243697478992,0.0,low,US,184.06,False,2104
2118,100,77311.65,1,773.1165,3476.91,low,US,892.45,False,1200
2119,107,325214.16,0,3039.384672897196,0.0,low,US,1486.23,True,1209
2120,119,196527.58,0,1651.492268907563,0.0,low,AU,4069.68,False,1545
2121,108,72870.08,1,674.7229629629629,961.39,low,US,930.73,False,1691
2122,102,2357.94,0,23.117058823529412,0.0,low,CA,325.85,False,2088
2123,113,10111.89,1,89.48575221238937,65.1,low,US,156.87,False,1287
2124,123,49153.06,0,399.61837398373984,0.0,low,US,2556.21,True,1347
2125,132,26439.71,1,200.30083333333332,141.8,low,AU,956.81,False,1640
2126,119,7710.8,0,64.79663865546219,0.0,low,US,483.1,False,581
2127,139,3116.55,0,22.421223021582737,0.0,low,US,114.68,False,694
2128,139,3554.5099999999998,0,25.572014388489208,0.0,low,US,213.14,False,1381
2129,125,21457.57,1,171.66056,501.58,medium,US,869.73,False,168
2130,111,9119.57,0,82.15828828828829,0.0,high,US,677.53,False,722
2131,121,2218.25,1,18.332644628099175,8.71,low,US,85.48,False,1580
2132,112,338341.38,3,3020.9051785714287,14133.76,low,GB,870.75,False,2138
2133,119,5756.72,1,48.375798319327735,121.18,low,US,120.11,False,1152
2134,128,30930.27,1,241.642734375,257.94,low,US,1666.71,False,893
2135,106,4583.05,0,43.236320754716985,0.0,medium,US,594.49,False,981
2136,127,7382.03,1,58.12622047244094,120.87,low,AU,324.71,False,1510
2137,119,54813.22,1,460.61529411764707,385.01,low,US,1201.28,False,1206
2138,116,17342.55,1,149.50474137931033,78.58,low,US,677.32,False,80
2139,109,9455.869999999999,0,86.75110091743119,0.0,low,US,1623.65,False,1194
2140,119,18304.77,0,153.82159663865548,0.0,low,US,529.76,True,894
2141,113,5060.65,0,44.78451327433628,0.0,low,US,558.32,False,1543
2142,125,2850.51,3,22.804080000000003,11.709999999999999,low,US,381.18,False,1920
2143,123,27830.5,0,226.2642276422764,0.0,low,US,624.32,True,2108
2144,121,131792.73,0,1089.1961157024793,0.0,medium,CA,2271.41,False,1348
2145,108,5895.59,1,54.588796296296294,65.95,low,US,313.41,False,813
2146,113,32921.3,1,291.33893805309737,84.8,low,US,882.85,False,988
2147,114,9455.22,3,82.94052631578947,321.02,medium,US,223.1,False,411
2148,133,6789.04,0,51.045413533834584,0.0,low,US,76.7,False,2051
2149,131,11625.99,0,88.74801526717557,0.0,medium,US,593.9,False,1860
2150,115,18165.38,0,157.95982608695653,0.0,low,US,687.71,False,1874
2151,113,4829.76,0,42.7412389380531,0.0,low,US,446.28,False,738
2152,121,2588.28,0,21.390743801652896,0.0,low,US,128.2,False,725
2153,119,8961.87,0,75.30983193277312,0.0,low,US,647.99,False,1880
2154,113,32414.5,2,286.853982300885,1276.41,low,US,626.21,False,1206
2155,125,6752.06,0,54.01648,0.0,low,US,221.43,False,1552
2156,120,12881.14,1,107.34283333333333,689.48,low,US,145.74,False,1088
2157,129,5004.92,0,38.797829457364344,0.0,low,US,392.62,False,986
2158,129,10522.31,2,81.56829457364341,192.29,low,US,886.81,False,1395
2159,104,52816.71,2,507.8529807692308,662.48,low,US,716.94,False,1786
2160,112,1328.46,0,11.86125,0.0,low,US,223.02,False,751
2161,108,13868.96,2,128.41629629629628,386.2,high,US,557.37,False,1777
2162,129,68548.62,1,531.3846511627906,2638.29,medium,US,1094.9,False,557
2163,123,3555.17,1,28.903821138211384,17.19,low,DE,171.5,False,900
2164,118,8585.38,1,72.75745762711864,10.26,low,US,521.57,False,2001
2165,103,19622.88,0,190.51339805825245,0.0,low,US,1645.3,False,2091
2166,101,1634.67,1,16.184851485148517,4.21,low,US,156.42,False,2025
2167,126,29103.23,0,230.97801587301586,0.0,low,US,1394.06,False,712
2168,130,324863.76,2,2498.952,10565.06,low,AU,2115.97,False,1851
2169,145,8324.18,1,57.40813793103448,54.16,low,US,403.43,False,2051
2170,106,1719.99,0,16.22632075471698,0.0,low,US,361.87,False,2142
2171,122,50281.93,0,412.14696721311475,0.0,low,US,1248.61,False,75
2172,107,4375.06,0,40.88841121495327,0.0,low,US,416.75,False,1639
2173,105,2938.71,1,27.987714285714286,12.9,low,US,59.27,False,2182
2174,105,7279.93,0,69.33266666666667,0.0,low,US,450.83,False,1681
2175,110,8955.42,0,81.4129090909091,0.0,low,CA,752.47,False,533
2176,109,21318.08,0,195.57871559633028,0.0,low,US,959.18,True,1677
2177,105,2465.45,0,23.48047619047619,0.0,low,US,223.06,False,257
2178,126,10656.64,1,84.57650793650794,97.5,low,US,386.52,False,1068
2179,110,55453.66,0,504.12418181818185,0.0,low,US,1187.04,False,1382
2180,110,38214.94,0,347.4085454545455,0.0,low,US,466.85,False,1015
2181,119,2005.16,1,16.850084033613445,34.91,low,US,124.48,False,1541
2182,130,203195.97,0,1563.0459230769231,0.0,low,US,1500.98,False,548
2183,156,7819.77,2,50.126730769230775,25.88,low,US,406.38,False,1339
2184,125,151806.9,0,1214.4551999999999,0.0,low,US,1315.66,False,1422
2185,123,1720.02,0,13.98390243902439,0.0,low,US,140.34,False,1398
2186,129,26517.33,2,205.5606976744186,552.8100000000001,medium,US,441.91,False,654
2187,113,19310.26,1,170.88725663716812,74.88,low,US,779.59,False,689
2188,126,77898.42,0,618.2414285714285,0.0,low,US,455.58,False,586
2189,129,5611.62,0,43.50093023255814,0.0,medium,US,169.91,False,1027
2190,126,5656.92,1,44.896190476190476,234.17,low,CA,57.51,False,1295
2191,119,102819.19,3,864.0268067226891,7087.29,low,US,1940.96,True,813
2192,133,2591.44,0,19.484511278195487,0.0,low,US,615.99,False,915
2193,126,40491.38,2,321.36015873015873,2317.63,low,US,1408.28,False,648
2194,128,52638.07,1,411.234921875,1121.34,low,US,1136.61,False,502
2195,118,19078.12,0,161.67898305084745,0.0,medium,CA,843.16,True,1450
2196,121,52943.42,1,437.5489256198347,363.9,high,AU,369.0,False,1792
2197,131,13194.15,1,100.71870229007634,227.05,low,AU,765.7,False,657
2198,114,37502.3,0,328.96754385964914,0.0,low,US,1788.77,True,1888
2199,99,5368.47,0,54.2269696969697,0.0,low,US,530.97,False,1263
2200,128,150717.14,0,1177.47765625,0.0,low,US,2728.56,False,392
2201,118,4686.11,1,39.71279661016949,37.77,low,US,127.81,False,820
2202,124,2978.37,1,24.019112903225807,5.89,low,AU,116.02,True,46
2203,127,14075.09,1,110.82748031496062,396.0,low,US,1199.03,False,114
2204,128,15143.05,1,118.305078125,214.85,low,US,235.83,False,756
2205,128,34704.72,1,271.130625,1224.07,low,US,3099.52,False,1011
2206,123,11210.39,0,91.14138211382114,0.0,low,GB,1641.9,False,1752
2207,121,106429.41,0,879.5819008264463,0.0,low,GB,2056.61,True,320
2208,117,14552.31,1,124.37871794871795,131.72,medium,US,1092.25,False,1842
2209,105,1009.26,0,9.612,0.0,low,US,214.99,True,536
2210,114,2102.55,1,18.44342105263158,9.46,low,US,110.67,False,328
2211,127,126596.27,0,996.8210236220473,0.0,low,US,1892.71,False,1541
2212,125,4655.94,1,37.247519999999994,5.7,low,US,127.79,False,1702
2213,150,89409.13,1,596.0608666666667,806.59,medium,US,2051.64,False,1336
2214,121,28105.4,1,232.27603305785127,1068.71,medium,US,900.23,False,279
2215,129,3390.52,2,26.283100775193798,215.15,low,US,460.07,False,279
2216,114,26414.08,3,231.7024561403509,277.77,low,GB,733.51,False,872
2217,112,9529.3,0,85.08303571428571,0.0,low,US,749.02,False,1003
2218,129,29151.58,0,225.98124031007754,0.0,low,CA,410.69,False,2186
2219,111,19805.99,0,178.43234234234237,0.0,low,US,1777.78,False,648
2220,123,30880.059999999998,0,251.05739837398372,0.0,low,US,1723.76,False,445
2221,138,60079.05,1,435.3554347826087,541.02,low,US,566.85,False,2073
2222,104,6389.04,0,61.433076923076925,0.0,low,US,287.15,False,362
2223,90,44134.5,0,490.3833333333333,0.0,low,US,1596.16,True,87
2224,120,12195.46,2,101.62883333333333,316.71999999999997,low,US,79.81,False,943
2225,133,7255.9800000000005,1,54.55624060150376,32.53,low,US,734.73,False,896
2226,131,7154.99,1,54.61824427480916,274.18,low,US,958.74,False,1368
2227,115,11294.44,0,98.21252173913044,0.0,low,US,233.8,False,1925
2228,117,29742.54,0,254.2097435897436,0.0,low,CA,1183.71,False,2045
2229,118,43321.94,0,367.13508474576275,0.0,low,US,481.19,False,655
2230,102,3002.94,0,29.44058823529412,0.0,low,US,301.53,False,2148
2231,123,233359.08,1,1897.2282926829266,1583.7,low,US,1172.51,False,1396
2232,119,2861.17,2,24.04344537815126,59.93,medium,US,185.47,False,180
2233,111,12728.55,1,114.67162162162161,53.19,low,US,1077.37,False,2057
2234,107,2061.76,0,19.268785046728976,0.0,low,GB,82.76,False,328
2235,123,11185.58,1,90.93967479674797,170.36,low,US,637.23,False,1301
2236,123,57321.61,0,466.02934959349597,0.0,low,US,512.58,False,1737
2237,108,3627.37,4,33.58675925925926,304.78999999999996,low,US,303.16,True,568
2238,126,4421.0,0,35.08730158730159,0.0,low,US,699.71,False,614
2239,104,7194.11,0,69.17413461538462,0.0,low,US,458.7,True,1058
2240,149,113632.59,0,762.6348322147651,0.0,low,US,1273.12,False,1941
2241,132,24007.51,0,181.87507575757576,0.0,low,US,815.77,False,512
2242,123,33718.22,0,274.1318699186992,0.0,low,US,740.57,False,1463
2243,123,7541.95,2,61.31666666666666,54.81999999999999,low,US,640.77,False,1007
2244,144,34801.85,1,241.6795138888889,130.48,low,US,322.16,False,271
2245,117,3713.21,1,31.736837606837607,18.75,low,US,375.54,False,1565
2246,133,25296.28,1,190.1975939849624,787.54,low,US,616.09,False,1828
2247,137,106749.8,0,779.1956204379562,0.0,low,US,421.57,True,1273
2248,116,8310.77,0,71.64456896551725,0.0,low,US,1339.84,False,410
2249,121,29115.75,1,240.62603305785123,47.57,low,US,535.98,False,366
2250,122,19256.96,2,157.8439344262295,121.63000000000001,low,US,691.16,False,944
2251,111,3130.18,0,28.19981981981982,0.0,low,US,139.43,False,1123
2252,110,24136.170000000002,1,219.4197272727273,830.71,low,US,1151.6,False,1222
2253,125,3386.38,1,27.09104,72.91,low,US,292.06,False,556
2254,129,3150.19,2,24.420077519379845,8.65,low,US,192.79,False,1111
2255,136,41663.25,1,306.34742647058823,84.16,low,US,2168.02,False,667
2256,135,98048.22,1,726.2831111111111,74.84,medium,AU,923.21,True,1512
2257,124,45978.4,0,370.7935483870968,0.0,low,US,1187.24,False,1750
2258,126,7679.56,0,60.948888888888895,0.0,low,US,741.78,False,1439
2259,131,3033.7200000000003,0,23.1581679389313,0.0,low,US,453.12,False,32
2260,105,14134.23,1,134.61171428571427,91.69,low,US,383.12,False,2172
2261,131,76203.56,0,581.7065648854962,0.0,low,CA,993.47,False,81
2262,107,17727.08,1,165.6736448598131,61.15,low,CA,1365.49,False,2188
2263,124,17955.87,1,144.80540322580643,139.44,low,US,463.42,False,98
2264,115,20549.83,0,178.6941739130435,0.0,medium,US,3182.07,False,1145
2265,108,12628.24,1,116.92814814814814,99.29,low,US,412.57,False,258
2266,136,10497.54,0,77.18779411764706,0.0,low,US,140.53,False,235
2267,108,885.3,1,8.197222222222221,4.84,low,US,104.65,False,1506
2268,102,1500.67,1,14.712450980392157,22.85,medium,US,107.88,False,1602
2269,124,6159.66,1,49.674677419354836,41.96,medium,US,339.53,False,285
2270,144,8214.62,1,57.045972222222225,100.63,low,US,399.89,True,2139
2271,115,20234.86,2,175.9553043478261,230.48,medium,US,910.81,False,722
2272,110,25816.22,2,234.6929090909091,368.16,medium,US,480.22,False,717
2273,106,20540.13,1,193.77481132075474,342.27,low,US,1052.62,False,671
2274,114,23973.72,1,210.2957894736842,85.47,medium,US,513.07,False,1026
2275,112,16498.28,1,147.3060714285714,220.53,low,US,498.78,True,414
2276,99,15959.1,1,161.20303030303032,176.83,low,US,293.02,False,947
2277,134,12193.49,1,90.99619402985074,126.83,low,US,1772.83,False,483
2278,106,1236.96,1,11.66943396226415,34.51,low,US,124.17,False,141
2279,121,22261.74,1,183.9813223140496,50.49,low,AU,646.25,False,826
2280,105,2008.12,0,19.12495238095238,0.0,low,US,418.43,False,1482
2281,124,8362.96,2,67.44322580645161,68.71,medium,CA,995.83,True,1678
2282,116,5480.75,0,47.247844827586206,0.0,low,US,483.6,False,793
2283,114,7587.73,2,66.5590350877193,86.19999999999999,high,US,496.6,False,729
2284,133,11909.88,0,89.54796992481202,0.0,low,US,387.62,False,1730
2285,118,636104.18,0,5390.713389830509,0.0,low,US,1726.64,True,1501
2286,119,78977.93,1,663.6800840336134,2230.23,low,US,493.82,False,1827
2287,131,22020.52,1,168.09557251908396,96.18,low,CA,2900.64,False,1987
2288,138,15042.85,4,109.00615942028986,358.63,low,US,629.56,False,1803
2289,111,25368.47,1,228.5447747747748,95.62,low,US,502.49,False,2052
2290,111,1872.8,0,16.872072072072072,0.0,low,US,432.34,False,929
2291,124,16454.59,0,132.6983064516129,0.0,low,US,818.79,False,882
2292,130,8524.44,0,65.57261538461539,0.0,low,GB,290.16,False,724
2293,113,14929.56,1,132.12,120.03,medium,US,561.81,False,538
2294,115,23641.39,1,205.57730434782607,1307.65,low,US,496.37,False,1647
2295,124,22467.0,0,181.18548387096774,0.0,low,US,660.32,False,1573
2296,137,37213.729999999996,2,271.63306569343064,357.69,low,US,675.21,False,1761
2297,129,30644.67,1,237.5555813953488,82.06,high,US,707.54,False,391
2298,117,10639.91,0,90.93940170940171,0.0,low,US,536.69,False,1091
2299,113,71564.37,0,633.3130088495575,0.0,low,US,2022.42,False,509
2300,134,6091.81,2,45.46126865671642,52.28,low,US,720.76,False,1958
2301,117,256331.97,1,2190.8715384615384,2135.5,low,US,5142.98,False,607
2302,105,10506.38,0,100.0607619047619,0.0,low,US,515.36,False,340
2303,106,22371.15,2,211.0485849056604,577.94,low,US,1167.97,False,1260
2304,131,28350.04,1,216.41251908396947,18.22,low,CA,256.35,False,1928
2305,88,11324.8,0,128.6909090909091,0.0,low,US,1738.38,False,2007
2306,116,5317.19,1,45.8378448275862,19.06,low,US,261.42,True,237
2307,117,38678.74,3,330.58752136752133,883.8199999999999,high,US,742.7,False,733
2308,104,4733.13,1,45.510865384615386,389.49,low,US,388.39,False,361
2309,110,74865.07,1,680.5915454545456,473.73,low,US,740.12,False,694
2310,113,2284.87,0,20.22008849557522,0.0,low,US,398.89,False,1183
2311,116,5777.87,1,49.80922413793103,4.56,low,US,242.18,False,636
2312,116,4644.62,0,40.0398275862069,0.0,low,US,385.9,False,175
2313,122,23375.71,1,191.60418032786885,1202.41,low,US,1973.22,False,1131
2314,123,55159.409999999996,0,448.45048780487804,0.0,low,US,750.36,False,144
2315,102,2597.4,1,25.46470588235294,16.53,low,US,154.48,False,519
2316,134,25157.87,1,187.74529850746268,927.35,low,US,1320.6,False,31
2317,133,8422.15,0,63.32443609022556,0.0,low,US,220.88,False,217
2318,112,20637.48,0,184.26321428571427,0.0,medium,US,962.01,False,972
2319,118,31557.42,1,267.4357627118644,219.45,low,CA,810.66,False,1867
2320,135,56125.1,0,415.74148148148146,0.0,low,US,858.06,False,1703
2321,118,29741.55,1,252.04703389830507,105.41,low,US,2612.0,False,243
2322,134,4042.66,1,30.16910447761194,13.58,low,US,233.74,False,105
2323,116,8266.85,0,71.26594827586207,0.0,medium,US,853.82,False,760
2324,135,49343.73,0,365.5091111111111,0.0,low,US,1530.93,False,1438
2325,116,1711.59,0,14.755086206896552,0.0,low,US,276.16,False,1642
2326,129,3920.82,2,30.393953488372095,125.44,low,US,251.85,False,1807
2327,114,45750.07,1,401.31640350877194,1376.68,low,US,380.52,False,769
2328,112,23553.24,1,210.29678571428573,52.15,medium,US,660.01,False,392
2329,114,3241.62,2,28.435263157894735,20.93,low,US,138.46,False,86
2330,143,9043.27,1,63.239650349650354,70.03,low,US,809.37,False,347
2331,105,7764.96,0,73.952,0.0,low,US,138.72,False,170
2332,132,31043.73,1,235.17977272727273,42.44,low,AU,1578.13,False,1889
2333,113,5100.02,1,45.13292035398231,54.49,low,US,782.42,False,609
2334,94,78698.56999999999,1,837.218829787234,2374.23,low,CA,2756.8,False,1807
2335,121,19250.35,0,159.09380165289255,0.0,low,US,899.56,False,1224
2336,126,22113.95,1,175.5075396825397,31.16,low,US,374.55,False,1194
2337,110,2467.43,1,22.431181818181816,93.56,low,CA,240.13,False,1012
2338,131,11113.02,0,84.83221374045802,0.0,low,CA,610.94,False,1799
2339,153,40137.12,1,262.33411764705886,276.94,low,US,479.51,False,123
2340,116,31656.83,1,272.90370689655174,1455.49,low,US,1433.0,False,230
2341,130,5371.84,1,41.32184615384615,5.36,low,US,213.63,False,944
2342,117,294774.79,1,2519.4426495726493,5383.65,low,US,3037.57,False,882
2343,96,33985.69,1,354.0176041666667,1780.77,medium,AU,1552.0,False,1208
2344,110,5343.48,1,48.577090909090906,11.6,low,US,410.28,False,1623
2345,125,30955.37,0,247.64296,0.0,low,US,2485.03,False,1299
2346,140,377414.46,0,2695.8175714285717,0.0,low,CA,243.52,False,586
2347,138,3666.61,0,26.56963768115942,0.0,low,AU,592.9,False,736
2348,122,12200.19,0,100.00155737704918,0.0,low,US,156.21,False,1655
2349,117,32571.82,1,278.39162393162394,635.8,low,US,2596.48,True,465
2350,139,6327.1,0,45.51870503597122,0.0,low,US,111.87,False,1119
2351,114,2300.88,1,20.183157894736844,19.3,medium,US,134.77,False,1193
2352,117,7146.78,1,61.08358974358974,96.07,low,US,278.32,False,1650
2353,111,74010.47,0,666.760990990991,0.0,low,US,1619.85,False,1573
2354,114,115612.9,1,1014.1482456140351,898.69,low,US,1163.7,False,1033
2355,119,15642.07,1,131.44596638655463,33.39,medium,US,549.96,False,697
2356,125,38198.21,1,305.58567999999997,1028.12,medium,US,1232.79,True,824
2357,126,29193.06,2,231.69095238095238,420.16999999999996,low,US,444.13,False,919
2358,124,52892.26,0,426.55048387096775,0.0,low,US,720.67,False,503
2359,101,66862.11,2,662.001089108911,1334.72,low,US,2178.85,False,1380
2360,129,4940.17,0,38.29589147286822,0.0,low,US,394.67,False,480
2361,127,5083.57,0,40.02811023622047,0.0,low,US,247.22,False,1431
2362,111,20608.56,0,185.66270270270272,0.0,low,CA,752.45,False,1653
2363,119,113532.79,0,954.0570588235294,0.0,low,US,959.34,False,2107
2364,142,73602.95,3,518.3306338028169,3605.96,medium,US,544.25,False,286
2365,108,55098.37,2,510.1700925925926,1263.9099999999999,medium,CA,1215.66,False,1671
2366,102,33063.06,1,324.1476470588235,242.16,medium,US,411.11,False,215
2367,107,11285.39,1,105.47093457943924,413.43,low,US,552.69,True,758
2368,126,6687.21,1,53.07309523809524,38.43,low,US,690.29,False,410
2369,119,13797.76,0,115.94756302521009,0.0,low,US,638.18,True,380
2370,105,261743.66999999998,2,2492.796857142857,8321.08,low,US,2104.73,False,408
2371,121,16007.11,1,132.2901652892562,223.61,low,US,687.18,True,124
2372,111,5546.07,1,49.964594594594594,5.54,high,US,374.84,False,1807
2373,120,15545.43,2,129.54525,555.7,low,US,792.49,False,162
2374,124,139532.51,2,1125.2621774193549,1589.46,low,US,1221.66,False,890
2375,113,9151.92,0,80.9904424778761,0.0,low,DE,989.12,False,1540
2376,122,34220.2,0,280.4934426229508,0.0,low,US,940.98,False,2169
2377,123,1861.86,0,15.137073170731707,0.0,low,US,127.96,False,1874
2378,122,2368.4,0,19.413114754098363,0.0,low,US,52.29,False,326
2379,123,25463.31,1,207.0187804878049,83.98,low,US,1552.68,False,2163
2380,110,14980.47,2,136.1860909090909,840.5699999999999,low,US,731.41,False,1441
2381,118,3440.9,1,29.160169491525423,46.45,low,US,483.27,False,417
2382,120,32801.75,0,273.34791666666666,0.0,low,GB,920.47,False,999
2383,132,319742.26,0,2422.2898484848483,0.0,low,US,2792.18,False,2012
2384,105,13065.49,0,124.4332380952381,0.0,low,US,1758.43,False,878
2385,118,5971.41,3,50.60516949152542,171.43,low,US,1171.45,False,426
2386,116,32396.81,0,279.28284482758625,0.0,low,US,221.84,False,1920
2387,143,21148.5,1,147.8916083916084,688.9,low,US,249.36,False,2088
2388,123,4150.49,1,33.74382113821138,4.57,low,US,57.53,False,2137
2389,113,2094.99,0,18.539734513274336,0.0,low,US,871.45,False,2094
2390,124,95478.93,0,769.9913709677419,0.0,medium,US,1336.44,True,1915
2391,119,83137.15,0,698.631512605042,0.0,low,US,1438.22,True,1011
2392,120,18350.47,0,152.92058333333335,0.0,low,GB,904.96,False,445
2393,118,13094.85,4,110.97330508474576,858.01,high,US,428.95,False,1363
2394,99,1341.26,0,13.548080808080808,0.0,low,US,296.53,False,506
2395,102,55504.93,0,544.1659803921568,0.0,low,US,234.43,False,1052
2396,111,5651.49,0,50.91432432432432,0.0,low,US,425.35,False,1447
2397,122,3870.15,1,31.722540983606557,21.71,low,DE,204.37,False,2074
2398,116,48045.42,0,414.1846551724138,0.0,low,US,2393.13,False,654
2399,144,5645.01,1,39.201458333333335,60.45,low,US,152.61,False,574
2400,108,4477.7,0,41.46018518518518,0.0,low,US,412.67,False,1617
2401,136,3217.12,0,23.65529411764706,0.0,low,US,86.26,False,43
2402,121,11105.619999999999,2,91.78198347107437,103.82000000000001,low,US,643.49,False,1253
2403,114,16554.5,1,145.21491228070175,27.54,low,CA,491.69,False,1641
2404,115,12114.35,0,105.34217391304348,0.0,low,US,357.41,False,1219
2405,136,9356.86,0,68.8004411764706,0.0,low,US,212.83,False,859
2406,110,168953.87,1,1535.9442727272726,5188.43,low,US,493.84,False,1819
2407,120,9775.06,0,81.45883333333333,0.0,low,US,301.87,False,831
2408,131,17189.09,2,131.21442748091604,264.69,low,US,435.64,False,1564
2409,125,136084.24,2,1088.67392,3192.15,low,US,2868.91,False,1032
2410,129,13895.62,1,107.71798449612403,37.68,low,US,575.34,False,87
2411,119,49746.83,1,418.04058823529414,1740.26,low,US,795.99,False,1175
2412,126,7104.71,1,56.386587301587305,40.66,low,US,324.4,True,136
2413,127,49489.58,1,389.68173228346456,2213.88,low,US,243.23,False,2040
2414,113,29148.89,1,257.95477876106196,1131.5,low,US,482.67,False,1329
2415,114,174770.54,0,1533.074912280702,0.0,low,US,4691.62,False,833
2416,128,28037.36,2,219.041875,435.38,low,US,380.43,False,1080
2417,112,14791.06,0,132.06303571428572,0.0,low,DE,682.18,False,1367
2418,106,8934.93,3,84.2917924528302,1216.6799999999998,medium,US,233.79,False,591
2419,109,3577.28,0,32.81908256880734,0.0,low,US,41.27,True,652
2420,137,7228.17,1,52.76036496350365,16.48,low,US,242.05,True,934
2421,120,263549.42,1,2196.2451666666666,1024.46,low,US,4199.15,False,588
2422,133,66591.67,2,500.68924812030076,1016.17,low,US,842.06,True,1667
2423,139,185924.93,0,1337.5894244604317,0.0,low,US,2157.77,False,254
2424,110,2497.66,0,22.706,0.0,low,US,360.34,False,1815
2425,121,5416.42,2,44.76380165289256,39.25,medium,CA,59.08,False,782
2426,97,25635.22,1,264.28061855670103,222.91,low,US,181.66,False,1242
2427,113,6541.31,2,57.88769911504425,251.54,medium,US,704.38,False,370
2428,129,8733.1,0,67.69844961240311,0.0,low,US,610.24,True,862
2429,142,5188.97,0,36.54204225352113,0.0,medium,US,488.15,False,1659
2430,94,7551.5199999999995,0,80.33531914893616,0.0,low,US,305.75,False,614
2431,117,73246.55,2,626.0388888888889,976.88,low,US,1147.96,False,315
2432,114,27664.56,1,242.67157894736843,67.07,low,US,313.81,False,1157
2433,121,1719.98,1,14.214710743801653,9.92,low,US,650.04,False,380
2434,119,35038.2,0,294.43865546218484,0.0,low,US,587.45,True,709
2435,110,11367.77,0,103.34336363636363,0.0,low,US,353.66,False,1002
2436,138,9114.630000000001,2,66.04804347826088,84.62,low,US,222.92,False,1248
2437,117,968.21,0,8.275299145299146,0.0,low,US,335.43,False,1411
2438,135,294037.59,0,2178.0562222222225,0.0,low,US,2660.47,True,1491
2439,122,36487.6,2,299.0786885245902,531.65,medium,US,1341.04,False,1853
2440,113,69233.54000000001,0,612.6861946902656,0.0,low,US,1234.41,False,172
2441,115,4894.54,0,42.561217391304346,0.0,low,US,242.79,False,812
2442,141,12461.73,1,88.38106382978724,23.59,low,US,135.11,False,32
2443,133,33896.59,1,254.8615789473684,86.46,low,US,1321.93,False,50
2444,115,110390.13,2,959.9141739130436,1111.72,low,US,1112.42,False,488
2445,129,40465.0,2,313.6821705426357,232.35999999999999,medium,US,557.53,False,1321
2446,118,7397.75,1,62.692796610169495,31.2,low,US,353.02,True,1962
2447,115,4006.42,0,34.838434782608694,0.0,low,US,131.95,False,1700
2448,105,83350.0,1,793.8095238095239,6531.81,low,US,1075.63,False,1425
2449,128,21509.72,0,168.0446875,0.0,low,US,1432.99,False,1710
2450,111,1512.58,0,13.626846846846846,0.0,low,US,267.42,False,401
2451,126,13227.76,2,104.98222222222222,400.0,low,US,248.06,False,1844
2452,111,5248.86,1,47.28702702702702,20.32,low,US,1505.61,False,1952
2453,116,4952.55,0,42.69439655172414,0.0,low,US,276.53,False,235
2454,138,179253.66,1,1298.9395652173914,1882.51,low,US,2443.42,False,1045
2455,121,23728.76,0,196.10545454545453,0.0,medium,US,446.68,False,1822
2456,109,8723.51,0,80.03220183486239,0.0,low,US,347.96,False,1058
2457,119,2343.41,0,19.69252100840336,0.0,low,US,513.16,False,1845
2458,99,5218.2,0,52.70909090909091,0.0,low,US,347.94,False,2050
2459,132,20321.49,1,153.95068181818183,54.77,low,US,1357.76,False,1055
2460,137,28840.08,1,210.51153284671534,2507.91,low,US,1093.6,False,158
2461,122,13938.1,1,114.24672131147541,25.39,low,US,1311.98,False,764
2462,124,21964.9,0,177.13629032258066,0.0,low,US,581.77,False,494
2463,111,11384.46,0,102.5627027027027,0.0,low,CA,326.78,False,1054
2464,110,7271.36,1,66.10327272727272,24.19,low,US,488.75,False,1295
2465,133,23162.96,0,174.1575939849624,0.0,low,US,335.92,False,1032
2466,120,21556.14,0,179.6345,0.0,low,US,1844.45,False,452
2467,118,22988.14,0,194.81474576271185,0.0,low,US,1214.45,False,680
2468,121,13213.21,1,109.2000826446281,249.09,low,US,453.79,False,1497
2469,128,4130.07,1,32.266171875,16.18,low,CA,214.04,False,88
2470,111,161153.7,0,1451.8351351351353,0.0,low,US,1971.91,False,492
2471,103,37640.75,0,365.44417475728153,0.0,low,US,557.25,False,1957
2472,121,5128.92,0,42.38776859504132,0.0,low,US,438.28,False,244
2473,136,209186.12,3,1538.1332352941176,18229.43,medium,US,1987.61,False,925
2474,106,3301.75,2,31.14858490566038,58.650000000000006,low,US,311.39,False,477
2475,123,6328.33,0,51.44983739837398,0.0,low,US,369.8,False,256
2476,122,6352.03,0,52.06581967213115,0.0,low,US,400.34,False,943
2477,104,1363.3,0,13.108653846153846,0.0,low,US,150.67,False,1156
2478,96,46402.62,2,483.360625,5152.17,low,US,654.69,False,410
2479,147,7434.89,4,50.57748299319728,33.66,low,US,248.11,False,198
2480,99,6728.15,5,67.96111111111111,851.46,high,US,294.82,True,320
2481,127,4563.03,0,35.929370078740156,0.0,low,DE,261.39,False,1437
2482,116,7504.4,0,64.69310344827586,0.0,low,US,290.51,False,1888
2483,111,1621.33,1,14.606576576576575,63.52,low,US,231.59,False,419
2484,100,21843.56,0,218.43560000000002,0.0,low,US,615.54,False,722
2485,129,33542.89,0,260.0224031007752,0.0,medium,US,428.36,False,772
2486,132,31201.71,2,236.3765909090909,1096.06,medium,US,514.51,False,809
2487,104,6575.25,1,63.22355769230769,134.11,medium,US,4098.63,False,557
2488,117,42055.66,1,359.4500854700855,536.62,low,US,428.37,False,149
2489,119,54603.32,0,458.8514285714286,0.0,low,US,849.33,False,1164
2490,138,33663.0,0,243.93478260869566,0.0,low,US,940.94,False,801
2491,116,4070.88,2,35.09379310344828,174.23000000000002,low,US,465.65,False,769
2492,119,26226.3,1,220.3890756302521,365.53,low,US,630.44,False,601
2493,120,44821.3,0,373.5108333333334,0.0,low,AU,502.01,False,2037
2494,114,39303.42,1,344.76684210526315,704.35,low,US,591.29,True,1348
2495,123,10048.17,3,81.69243902439024,103.98,medium,US,290.65,False,934
2496,152,5035.76,1,33.13,80.09,low,US,315.83,False,473
2497,114,6646.92,1,58.306315789473686,120.09,medium,US,500.31,True,1760
2498,108,1870.32,2,17.317777777777778,36.45,low,US,83.54,False,1948
2499,115,43309.43,0,376.6037391304348,0.0,low,US,1894.04,False,99
2500,118,95268.62,1,807.3611864406779,783.76,low,GB,3445.32,False,2038
2501,119,5550.17,2,46.64008403361345,58.95,low,US,574.39,False,1540
2502,122,12924.77,0,105.94073770491804,0.0,low,US,896.88,False,245
2503,102,30371.47,0,297.75950980392156,0.0,low,US,1303.69,False,1656
2504,123,2201.53,0,17.898617886178865,0.0,low,DE,149.57,True,261
2505,121,14359.66,1,118.67487603305786,61.26,medium,US,1136.21,False,139
2506,125,2825.4300000000003,2,22.603440000000003,177.99,low,GB,335.7,False,279
2507,101,22042.420000000002,1,218.24178217821785,351.41,low,CA,3872.49,False,1023
2508,127,21262.39,0,167.4203937007874,0.0,low,US,415.95,False,1368
2509,124,486508.08,3,3923.452258064516,42343.92,low,US,1115.84,True,909
2510,110,4796.93,0,43.60845454545455,0.0,low,US,419.65,False,293
2511,139,40793.92,0,293.48143884892085,0.0,low,US,3558.25,False,460
2512,138,15851.66,1,114.86710144927537,125.19,low,US,310.72,False,1871
2513,124,51558.62,0,415.7953225806452,0.0,low,US,1406.11,False,2109
2514,121,41688.15,1,344.5301652892562,1154.33,low,CA,866.11,False,1659
2515,118,33121.98,0,280.6947457627119,0.0,low,US,709.02,False,253
2516,115,16588.86,2,144.25095652173914,444.56,high,US,605.53,False,1800
2517,125,8798.47,1,70.38776,48.39,low,US,270.34,False,1524
2518,113,4427.96,0,39.185486725663715,0.0,low,US,48.06,True,1166
2519,112,21974.84,1,196.20392857142858,523.9,low,US,1295.89,False,339
2520,129,5634.2,0,43.67596899224806,0.0,low,GB,317.36,False,2182
2521,122,12203.45,1,100.0282786885246,26.43,low,US,1411.83,False,986
2522,118,10364.15,0,87.83177966101695,0.0,low,US,676.23,False,125
2523,133,183700.19,2,1381.2044360902255,3911.5299999999997,low,US,1451.32,False,483
2524,125,89051.04,1,712.40832,195.06,low,AU,1014.05,False,896
2525,125,2469.47,0,19.75576,0.0,low,US,53.61,False,164
2526,146,15573.51,2,106.66787671232876,700.6,medium,US,856.97,False,729
2527,127,2056.56,1,16.193385826771653,12.96,low,US,361.66,False,1041
2528,116,146999.32,1,1267.2355172413793,2279.42,low,US,1406.01,False,2079
2529,112,25107.9,0,224.17767857142857,0.0,medium,US,838.9,False,216
2530,117,23034.02,0,196.87196581196582,0.0,low,US,847.82,False,1276
2531,110,4869.4800000000005,0,44.26800000000001,0.0,low,US,385.67,False,2008
2532,119,2510.7599999999998,1,21.098823529411764,73.05,low,US,216.73,False,1771
2533,93,4416.02,1,47.484086021505384,84.39,low,US,333.75,False,2027
2534,124,1258.41,0,10.148467741935484,0.0,low,US,97.52,False,397
2535,121,3931.39,4,32.49082644628099,112.55,low,US,289.66,True,1760
2536,135,3387.45,0,25.092222222222222,0.0,low,US,131.93,False,2143
2537,125,8038.46,0,64.30768,0.0,low,US,135.1,False,734
2538,120,24321.28,0,202.67733333333334,0.0,low,US,547.21,False,1107
2539,108,15414.4,0,142.72592592592594,0.0,low,US,796.83,False,1176
2540,96,4316.87,1,44.967395833333335,353.8,low,US,478.85,False,1096
2541,109,8384.29,1,76.92009174311927,65.51,medium,US,314.53,False,655
2542,115,1805.13,0,15.696782608695653,0.0,low,US,210.05,False,2127
2543,121,57399.46,0,474.3757024793388,0.0,low,US,370.38,False,2096
2544,109,10282.15,0,94.33165137614678,0.0,low,CA,235.1,False,852
2545,129,27504.71,1,213.21480620155037,38.58,low,US,465.66,False,1769
2546,132,2968.65,1,22.48977272727273,3.75,low,US,125.29,False,888
2547,108,11748.470000000001,1,108.78212962962964,357.19,high,US,926.29,False,1746
2548,124,8872.83,1,71.55508064516128,84.5,low,US,295.8,False,1293
2549,141,17107.72,0,121.3313475177305,0.0,low,US,691.34,False,1045
2550,141,172979.13,0,1226.8023404255318,0.0,low,US,1094.99,False,306
2551,138,10362.94,1,75.09376811594203,42.87,low,US,661.88,False,1443
2552,120,25000.74,0,208.33950000000002,0.0,low,US,1011.52,False,723
2553,127,3617.94,0,28.487716535433073,0.0,low,US,76.71,False,498
2554,120,4224.22,1,35.20183333333333,212.6,low,US,316.22,False,447
2555,127,93820.7,0,738.7456692913386,0.0,low,US,1329.78,False,2150
2556,101,3389.2,0,33.556435643564356,0.0,medium,US,779.23,False,253
2557,131,34852.68,0,266.05099236641223,0.0,low,US,2600.91,False,1754
2558,124,41498.11,2,334.66217741935486,2012.77,low,US,2284.59,False,1900
2559,130,2880.43,1,22.157153846153847,4.58,low,US,645.25,False,97
2560,107,12452.550000000001,2,116.37897196261683,451.64000000000004,low,DE,392.77,False,1302
2561,105,5904.29,1,56.23133333333333,30.89,medium,US,207.97,False,1277
2562,115,28720.1,0,249.73999999999998,0.0,low,US,321.11,False,804
2563,105,1378.74,1,13.130857142857144,9.58,low,US,341.24,False,1470
2564,133,7113.27,0,53.48323308270677,0.0,low,US,288.9,False,912
2565,119,7194.51,1,60.458067226890755,50.28,medium,US,215.62,False,979
2566,115,89444.39,1,777.7773043478261,236.78,low,US,707.27,False,962
2567,122,1098385.8,1,9003.162295081967,17351.05,low,US,2268.73,False,1759
2568,122,9042.67,0,74.12024590163935,0.0,low,AU,1141.31,False,1397
2569,120,4027.7000000000003,1,33.56416666666667,11.22,low,US,368.64,True,848
2570,126,85555.2,2,679.0095238095238,7123.65,medium,US,1227.37,False,2031
2571,116,118372.22,0,1020.4501724137931,0.0,low,US,673.16,False,1762
2572,120,8500.01,1,70.83341666666666,17.23,low,US,475.02,False,2044
2573,138,4184.56,1,30.32289855072464,41.38,low,US,449.07,False,1607
2574,116,2088.3,0,18.002586206896552,0.0,medium,CA,411.6,False,875
2575,95,5639.66,0,59.36484210526316,0.0,low,US,885.33,False,1699
2576,121,7462.64,1,61.674710743801654,383.44,low,CA,558.75,False,741
2577,127,2849.56,2,22.43748031496063,21.64,high,US,255.81,False,615
2578,122,2647.57,0,21.70139344262295,0.0,low,US,244.9,False,1004
2579,123,44892.63,2,364.98073170731703,6129.16,medium,US,648.92,False,2123
2580,117,8413.78,1,71.91264957264958,15.58,low,US,724.72,False,1256
2581,117,1841.82,0,15.742051282051282,0.0,low,US,371.73,True,858
2582,117,5126.16,1,43.81333333333333,57.78,low,US,177.9,False,1027
2583,122,130895.54,0,1072.914262295082,0.0,low,US,1519.09,True,659
2584,103,30468.83,2,295.81388349514566,1076.23,low,US,1254.82,False,1452
2585,132,5966.26,1,45.1989393939394,20.71,low,US,82.38,False,786
2586,121,218761.34,2,1807.944958677686,8529.78,medium,US,1645.21,False,1227
2587,131,9103.57,0,69.49290076335878,0.0,low,CA,408.27,False,828
2588,132,16727.94,2,126.72681818181817,161.04,low,US,584.64,False,722
2589,114,16109.51,1,141.31149122807017,67.85,low,US,1372.52,False,2125
2590,117,83916.81,1,717.2376923076923,2752.34,low,US,2180.45,False,776
2591,109,92313.23,2,846.910366972477,6776.05,low,US,1215.1,False,182
2592,106,2947.72,0,27.808679245283017,0.0,low,US,612.12,True,847
2593,123,25040.39,1,203.58040650406502,746.86,low,US,142.87,False,1179
2594,110,7886.0,1,71.69090909090909,53.18,low,US,79.55,False,234
2595,127,32487.0,0,255.8031496062992,0.0,low,CA,1086.09,False,690
2596,137,466518.1,4,3405.241605839416,26313.18,low,US,1648.84,False,388
2597,116,10332.28,1,89.07137931034484,94.69,medium,US,236.71,False,1111
2598,112,3055.29,3,27.279374999999998,155.29,low,US,386.53,False,1591
2599,107,3741.4,0,34.96635514018692,0.0,low,CA,298.41,False,2121
2600,125,16740.64,3,133.92512,535.8,low,DE,291.34,False,870
2601,125,47499.67,1,379.99735999999996,488.78,low,US,1296.55,False,1894
2602,128,9842.72,2,76.89625,63.849999999999994,low,US,599.76,False,493
2603,105,3338.63,1,31.79647619047619,25.47,medium,US,400.91,False,1715
2604,112,22046.28,1,196.8417857142857,101.41,medium,US,5387.13,False,1245
2605,119,8440.99,1,70.93268907563025,32.73,low,US,135.51,False,1667
2606,100,18510.49,0,185.10490000000001,0.0,low,US,806.84,False,1661
2607,134,18788.84,0,140.21522388059702,0.0,low,GB,191.7,False,1180
2608,119,1907.81,1,16.032016806722687,48.59,low,US,427.65,False,586
2609,101,8398.96,0,83.15801980198019,0.0,low,US,563.28,False,1166
2610,132,11274.93,0,85.41613636363637,0.0,low,CA,1053.78,False,1815
2611,111,6575.66,0,59.24018018018018,0.0,low,US,389.53,True,2126
2612,137,65114.52,1,475.28846715328467,3546.62,low,US,354.16,False,2033
2613,135,8201.25,1,60.75,77.08,low,US,383.3,False,421
2614,114,18805.14,0,164.95736842105262,0.0,low,US,186.43,False,1320
2615,118,63230.270000000004,0,535.8497457627119,0.0,low,US,870.51,False,255
2616,113,65651.41,1,580.9859292035399,109.85,low,US,634.73,False,1474
2617,118,51713.44,1,438.24949152542376,220.34,low,US,728.98,False,2173
2618,136,5847.46,0,42.99602941176471,0.0,low,US,462.85,False,143
2619,131,48570.340000000004,0,370.7659541984733,0.0,low,US,414.23,False,1448
2620,109,64993.56,0,596.2711926605505,0.0,low,US,1419.47,False,2072
2621,121,17031.4,0,140.75537190082645,0.0,low,US,1235.97,False,1859
2622,109,39606.89,1,363.3659633027523,431.99,low,US,1760.44,False,877
2623,113,17388.32,1,153.87893805309733,566.65,low,US,689.06,False,254
2624,139,12236.34,1,88.03122302158273,276.01,low,US,1664.7,False,2025
2625,122,4852.08,0,39.771147540983605,0.0,low,US,338.84,False,2020
2626,127,58270.51,0,458.8229133858268,0.0,low,US,411.26,False,1280
2627,121,39995.37,0,330.5402479338843,0.0,low,US,1444.6,True,2144
2628,118,43162.83,1,365.78669491525426,490.39,low,DE,1052.66,True,39
2629,115,22657.59,0,197.02252173913044,0.0,low,US,379.4,True,1361
2630,90,25710.62,0,285.67355555555554,0.0,low,US,192.17,False,113
2631,104,14295.01,0,137.45201923076922,0.0,low,US,410.11,False,2051
2632,134,5189.42,0,38.72701492537313,0.0,low,US,266.03,False,1499
2633,142,29724.13,2,209.32485915492958,1442.96,low,US,2326.34,False,2003
2634,124,10112.2,0,81.55000000000001,0.0,low,US,976.56,False,1245
2635,118,4314.11,2,36.560254237288135,150.84,low,US,247.32,True,209
2636,121,11281.52,2,93.23570247933884,34.07,low,US,192.39,False,87
2637,131,8308.4,0,63.422900763358776,0.0,low,US,244.57,False,754
2638,115,6973.26,1,60.63704347826087,225.36,low,AU,297.99,False,1635
2639,126,6587.69,0,52.283253968253966,0.0,low,US,424.1,False,356
2640,102,33311.45,0,326.5828431372549,0.0,low,US,1343.58,False,1870
2641,104,2653.62,1,25.51557692307692,45.87,low,CA,206.47,False,547
2642,114,34848.23,1,305.68622807017545,1024.2,low,US,3868.35,False,1102
2643,121,7231.76,1,59.76661157024794,165.03,low,US,210.83,True,468
2644,119,4142.1,1,34.80756302521009,29.37,low,US,138.64,False,1036
2645,124,36156.52,0,291.5848387096774,0.0,low,CA,2251.78,True,1006
2646,125,10964.85,1,87.7188,84.68,low,US,1618.3,False,41
2647,103,3475.09,2,33.73873786407767,32.41,low,US,418.17,True,1256
2648,120,23254.95,1,193.79125000000002,556.53,low,US,694.5,False,1729
2649,113,27172.27,1,240.46256637168142,1494.13,low,US,710.46,False,2052
2650,124,30029.38,1,242.17241935483872,2721.63,low,US,557.27,False,744
2651,114,2036.38,0,17.86298245614035,0.0,medium,US,153.42,False,1932
2652,127,1162.67,1,9.15488188976378,4.75,low,US,52.79,False,1928
2653,105,5839.46,0,55.61390476190476,0.0,low,US,230.38,False,2164
2654,115,22582.87,1,196.37278260869564,151.16,low,US,2526.37,False,835
2655,115,43974.340000000004,0,382.38556521739133,0.0,low,US,2617.23,True,1867
2656,127,4677.87,0,36.83362204724409,0.0,low,US,389.3,False,1250
2657,126,7453.5,2,59.154761904761905,215.07,medium,US,208.06,False,155
2658,137,413769.93,0,3020.2184671532846,0.0,low,US,632.9,False,613
2659,108,11279.4,0,104.43888888888888,0.0,low,US,731.49,False,1481
2660,97,18124.62,0,186.8517525773196,0.0,low,CA,846.11,False,376
2661,126,3259.14,0,25.866190476190475,0.0,low,US,50.69,False,969
2662,125,178133.11,1,1425.06488,919.01,low,US,8450.5,True,1703
2663,119,78394.08,0,658.7737815126051,0.0,low,US,1365.43,False,353
2664,126,18035.65,0,143.14007936507937,0.0,low,US,412.37,False,1102
2665,121,6160.18,1,50.9105785123967,103.86,low,US,258.11,False,494
2666,109,168031.72,1,1541.5754128440367,864.33,low,US,1198.2,True,1188
2667,129,32580.06,1,252.5586046511628,106.58,low,US,769.59,False,549
2668,100,35622.31,1,356.2231,499.43,medium,US,535.36,False,2115
2669,125,95102.03,0,760.81624,0.0,low,US,744.34,True,195
2670,112,7698.28,1,68.73464285714286,14.52,low,US,445.21,False,2111
2671,118,11623.02,0,98.50016949152543,0.0,low,US,707.46,False,1740
2672,100,96904.65,1,969.0464999999999,1150.39,medium,GB,947.4,False,1878
2673,127,6857.29,0,53.9944094488189,0.0,low,US,671.14,False,1869
2674,123,18571.21,0,150.98544715447153,0.0,low,US,640.23,False,435
2675,130,418746.43,0,3221.1263846153847,0.0,low,US,1726.02,False,2041
2676,110,2369.44,3,21.540363636363637,53.67,medium,GB,117.05,False,1313
2677,110,2225.25,1,20.229545454545455,71.16,low,US,240.3,True,2108
2678,130,15943.61,2,122.64315384615385,135.54999999999998,low,US,504.67,False,1926
2679,109,4156.06,1,38.12899082568808,185.61,low,US,255.47,False,1281
2680,105,9632.7,2,91.74000000000001,770.5799999999999,low,US,345.01,False,838
2681,123,13254.19,1,107.75764227642277,52.34,medium,US,1570.21,False,283
2682,128,13961.47,0,109.073984375,0.0,low,US,430.92,False,248
2683,124,4080.27,0,32.90540322580645,0.0,low,US,94.98,True,871
2684,136,14043.48,0,103.26088235294117,0.0,low,AU,336.63,False,1781
2685,126,7369.02,2,58.48428571428572,57.379999999999995,low,US,519.21,False,1121
2686,115,3914.62,0,34.040173913043475,0.0,low,US,510.67,False,1070
2687,123,28075.76,2,228.2582113821138,491.81000000000006,low,DE,812.76,True,558
2688,146,21351.7,0,146.2445205479452,0.0,low,AU,755.18,False,1249
2689,110,75788.69,1,688.9880909090909,555.87,low,US,434.87,False,1408
2690,131,6788.4,2,51.81984732824427,172.42,medium,US,168.39,False,2151
2691,131,6481.74,1,49.47893129770992,38.42,low,AU,331.28,False,1605
2692,133,4062.44,1,30.54466165413534,23.34,low,US,281.32,False,1341
2693,105,20438.2,1,194.64952380952383,101.52,low,US,381.23,True,1995
2694,117,22022.48,0,188.2263247863248,0.0,medium,US,917.87,False,947
2695,139,6634.16,1,47.72776978417266,100.38,low,US,708.88,False,2049
2696,130,10434.54,1,80.26569230769232,32.96,low,US,1034.43,False,829
2697,107,13382.18,1,125.06710280373832,217.98,low,US,348.74,False,306
2698,139,8430.08,1,60.64805755395683,9.45,medium,US,1915.1,False,932
2699,121,64375.57,0,532.0295041322314,0.0,medium,US,902.85,False,308
2700,112,26592.41,1,237.43223214285715,162.66,low,US,545.12,False,285
2701,127,10592.31,4,83.4040157480315,56.13,low,US,848.11,True,1933
2702,108,5613.04,0,51.97259259259259,0.0,low,US,268.22,False,1746
2703,125,3703.96,0,29.63168,0.0,low,US,73.86,False,507
2704,106,16837.04,0,158.84,0.0,low,US,285.42,True,1839
2705,145,43405.2,4,299.3462068965517,3263.7000000000003,low,US,965.56,False,178
2706,125,18214.58,1,145.71664,188.06,low,US,529.64,False,644
2707,122,10317.81,1,84.57221311475409,77.38,medium,CA,435.65,False,1555
2708,96,12633.44,1,131.59833333333333,103.97,low,US,229.74,True,686
2709,134,16866.66,0,125.87059701492537,0.0,low,US,84.75,False,1607
2710,115,16184.44,0,140.73426086956522,0.0,low,US,1776.43,False,1918
2711,120,11223.15,1,93.52624999999999,520.83,low,US,408.66,False,172
2712,101,1143.54,0,11.322178217821781,0.0,low,US,334.76,False,81
2713,123,2049.95,1,16.666260162601624,81.23,high,US,269.22,False,2060
2714,112,142732.19,1,1274.3945535714286,1106.27,low,US,1523.96,True,1154
2715,130,9246.55,0,71.12730769230768,0.0,low,US,1089.22,False,1123
2716,115,5088.83,2,44.25069565217391,74.3,low,US,206.33,False,1031
2717,128,212197.87,1,1657.795859375,135.11,low,US,1405.42,False,966
2718,105,4200.72,3,40.00685714285714,86.85,high,US,432.44,False,1520
2719,107,4260.96,0,39.82205607476636,0.0,low,CA,284.44,False,1282
2720,122,1795.79,1,14.719590163934425,110.8,low,US,378.32,False,382
2721,113,5476.64,0,48.4658407079646,0.0,low,US,243.48,True,1383
2722,128,15175.27,0,118.556796875,0.0,low,US,150.09,False,1473
2723,127,32512.54,0,256.0042519685039,0.0,low,US,990.81,False,275
2724,119,53886.72,2,452.8295798319328,1928.25,medium,US,403.98,False,843
2725,108,6146.1,1,56.90833333333334,13.27,low,CA,858.76,False,1737
2726,125,115801.21,2,926.4096800000001,1047.01,medium,US,638.1,False,1366
2727,129,274510.17,2,2127.985813953488,24422.25,low,US,807.29,False,324
2728,98,2016.08,0,20.572244897959184,0.0,low,US,78.15,False,116
2729,118,1395.92,1,11.829830508474577,11.15,medium,US,225.86,False,1285
2730,133,23632.16,0,177.68541353383458,0.0,low,US,822.57,False,1027
2731,121,6961.7,0,57.534710743801654,0.0,low,US,156.44,False,2105
2732,115,5902.32,0,51.32452173913043,0.0,medium,US,689.36,False,1158
2733,134,947.91,0,7.0739552238805965,0.0,low,CA,140.94,False,2042
2734,106,2696.72,1,25.44075471698113,23.79,medium,US,500.1,False,492
2735,107,29968.29,0,280.077476635514,0.0,low,US,2098.53,False,996
2736,130,13648.02,2,104.98476923076923,234.91000000000003,medium,US,989.44,False,331
2737,106,5366.64,0,50.628679245283024,0.0,low,US,93.16,False,1270
2738,121,20581.53,0,170.09528925619833,0.0,low,US,1057.36,False,437
2739,115,70583.01,2,613.765304347826,2660.41,medium,US,2540.24,False,1093
2740,121,174543.2,0,1442.5057851239671,0.0,low,DE,6107.75,False,773
2741,116,77698.89,0,669.8180172413793,0.0,low,US,755.64,False,431
2742,132,3262.95,0,24.71931818181818,0.0,low,US,144.32,False,239
2743,119,59934.5,2,503.6512605042017,632.65,low,US,728.66,False,1136
2744,108,79051.68000000001,0,731.96,0.0,medium,US,2072.33,False,2076
2745,106,15062.07,0,142.095,0.0,low,US,416.39,False,459
2746,120,6433.72,0,53.614333333333335,0.0,low,US,1259.91,False,904
2747,108,17592.14,1,162.89018518518517,185.89,low,US,231.45,False,515
2748,137,13560.16,0,98.9792700729927,0.0,medium,US,688.92,False,1777
2749,129,5850.24,0,45.350697674418605,0.0,medium,US,52.42,False,926
2750,113,13256.99,1,117.31849557522123,294.84,medium,US,209.49,False,2134
2751,100,6414.11,0,64.1411,0.0,low,CA,490.04,False,559
2752,114,11711.66,0,102.7338596491228,0.0,low,US,355.31,False,204
2753,109,5691.18,0,52.21266055045872,0.0,low,US,152.85,False,1288
2754,127,3664.91,0,28.85755905511811,0.0,low,US,314.29,True,1437
2755,111,6075.06,0,54.730270270270275,0.0,low,US,662.94,False,2170
2756,141,61287.94,0,434.6662411347518,0.0,low,US,455.96,False,1912
2757,118,4157.47,0,35.232796610169494,0.0,low,GB,520.53,False,1939
2758,130,20625.23,1,158.65561538461537,78.23,low,US,952.2,False,1399
2759,113,4639.82,0,41.06035398230088,0.0,low,US,361.82,False,807
2760,116,7572.42,1,65.27948275862069,119.84,low,US,1674.48,False,956
2761,129,2856.33,1,22.142093023255814,12.39,low,US,202.28,False,318
2762,115,148691.75,2,1292.9717391304348,2060.5,medium,US,2793.92,False,961
2763,124,12235.05,1,98.66975806451612,127.84,low,US,1341.76,False,817
2764,115,1697.55,2,14.761304347826087,58.75,medium,US,357.67,False,107
2765,119,1697.79,1,14.267142857142856,24.2,low,US,379.79,False,471
2766,118,10796.36,0,91.49457627118645,0.0,low,US,593.51,False,1184
2767,127,3536.3,0,27.84488188976378,0.0,low,CA,844.55,False,827
2768,110,105531.87,2,959.3806363636363,1930.72,low,US,1319.61,False,2176
2769,115,10873.34,0,94.55078260869566,0.0,low,US,147.45,False,1063
2770,120,4383.0,1,36.525,168.83,low,US,730.48,False,2100
2771,114,1866.03,0,16.368684210526315,0.0,low,US,73.34,False,1457
2772,122,7459.25,2,61.14139344262295,458.90000000000003,medium,US,420.07,False,117
2773,118,53831.29,0,456.19737288135593,0.0,low,US,1823.52,False,469
2774,102,1081.06,1,10.598627450980391,5.18,low,US,137.57,False,1554
2775,119,1686.82,0,14.174957983193277,0.0,low,CA,116.83,False,1207
2776,119,6312.36,1,53.04504201680672,131.08,low,US,601.07,False,681
2777,108,35067.52,0,324.69925925925924,0.0,low,US,1717.61,False,1157
2778,126,9329.19,0,74.04119047619048,0.0,low,US,660.41,False,1980
2779,124,1286.85,1,10.37782258064516,12.85,low,GB,88.75,False,869
2780,118,1092.32,2,9.256949152542372,84.22999999999999,low,US,108.33,False,127
2781,114,22073.97,1,193.6313157894737,368.76,high,US,538.06,False,701
2782,135,24680.33,6,182.81725925925926,1844.1100000000001,high,US,170.49,False,2051
2783,117,16420.33,1,140.34470085470087,150.31,low,CA,557.25,False,1675
2784,121,10604.15,3,87.63760330578512,166.88,medium,GB,587.81,False,1838
2785,119,1860.59,1,15.635210084033613,10.1,low,US,317.1,False,1999
2786,115,47282.98,1,411.15634782608697,611.12,low,US,2523.19,False,283
2787,113,6720.32,0,59.471858407079644,0.0,medium,US,838.34,False,640
2788,125,54517.17,0,436.13736,0.0,low,US,1466.2,False,159
2789,114,16641.79,0,145.98061403508774,0.0,low,US,1128.36,False,40
2790,129,4015.68,0,31.129302325581396,0.0,low,US,430.49,False,1832
2791,107,23039.56,1,215.32299065420563,64.68,low,US,413.64,False,2053
2792,115,77644.22,0,675.1671304347826,0.0,low,US,376.96,False,366
2793,111,16090.17,0,144.95648648648648,0.0,low,US,909.59,False,1589
2794,95,1416.0,0,14.905263157894737,0.0,low,US,274.42,False,1185
2795,114,60978.66,1,534.9005263157895,754.33,low,US,2327.45,False,179
2796,106,7273.14,0,68.61452830188679,0.0,low,US,251.82,True,2008
2797,115,16482.8,0,143.3286956521739,0.0,low,US,597.66,False,1911
2798,115,11569.18,1,100.60156521739131,145.43,medium,CA,400.95,False,1255
2799,119,40651.11,0,341.6059663865546,0.0,low,US,328.42,False,1559
2800,110,63434.18,2,576.6743636363636,3780.9399999999996,low,US,3481.13,False,888
2801,124,7857.01,0,63.362983870967746,0.0,low,US,331.91,False,1742
2802,114,9773.99,0,85.73675438596491,0.0,low,GB,374.56,True,991
2803,112,5736.35,1,51.21741071428572,71.67,low,GB,271.04,False,2166
2804,120,8207.64,1,68.39699999999999,74.56,low,US,511.29,True,166
2805,111,21418.85,1,192.9626126126126,66.43,low,US,449.81,False,401
2806,110,2121.42,0,19.285636363636364,0.0,low,US,179.95,False,2122
2807,120,25453.36,1,212.11133333333333,146.91,low,AU,336.32,False,653
2808,134,18303.06,1,136.59,41.36,low,US,852.96,False,701
2809,136,47330.0,1,348.0147058823529,136.69,low,US,1241.76,False,1739
2810,122,2596.99,0,21.286803278688524,0.0,low,US,503.51,False,439
2811,108,16931.81,0,156.77601851851853,0.0,low,US,519.62,False,1139
2812,125,21163.25,1,169.306,447.3,low,US,356.06,False,647
2813,119,19266.46,1,161.90302521008402,276.0,low,US,313.5,False,457
2814,112,17416.74,0,155.50660714285715,0.0,low,US,215.38,False,2113
2815,115,3399.35,1,29.559565217391302,9.55,low,US,121.39,False,461
2816,112,8048.46,0,71.86125,0.0,low,US,261.86,False,233
2817,114,3663.28,1,32.1340350877193,87.53,low,DE,1111.7,False,1485
2818,122,17138.88,1,140.4826229508197,424.27,low,US,336.31,False,1903
2819,128,7101.98,0,55.48421875,0.0,low,US,360.89,False,305
2820,123,8283.38,1,67.34455284552845,75.99,low,US,354.63,False,1558
2821,107,50911.9,1,475.8121495327103,78.63,low,US,1510.56,False,1198
2822,106,5335.9,1,50.33867924528302,74.13,low,US,213.67,False,1822
2823,112,16676.87,1,148.900625,220.85,low,US,632.29,False,304
2824,116,9044.55,0,77.97025862068965,0.0,low,US,463.3,False,2137
2825,115,5718.2,0,49.72347826086956,0.0,low,US,523.81,False,1367
2826,110,45479.86,2,413.45327272727275,1831.4299999999998,low,US,613.95,False,1849
2827,129,11297.12,0,87.57457364341086,0.0,low,US,518.76,False,811
2828,113,14311.66,0,126.65185840707964,0.0,low,US,1005.98,False,2067
2829,125,15860.22,1,126.88176,329.27,low,US,479.94,False,1382
2830,111,23264.29,1,209.5881981981982,256.76,low,US,2368.33,False,304
2831,105,9318.89,1,88.75133333333332,12.63,low,US,512.87,False,2023
2832,116,1186.74,2,10.23051724137931,25.05,low,AU,106.37,False,1748
2833,140,307035.28,2,2193.109142857143,12627.59,low,DE,875.22,False,678
2834,101,26542.92,0,262.80118811881187,0.0,low,US,701.27,False,1208
2835,116,3513.23,0,30.28646551724138,0.0,low,US,507.4,False,868
2836,124,3253.19,0,26.23540322580645,0.0,low,US,390.09,False,1203
2837,137,7250.77,1,52.925328467153285,39.92,medium,GB,73.47,False,2115
2838,115,3934.64,0,34.214260869565216,0.0,low,US,85.44,False,1971
2839,117,26750.03,0,228.63273504273502,0.0,low,US,2170.62,False,495
2840,116,3434.31,0,29.60612068965517,0.0,low,US,290.92,False,2129
2841,126,292597.21,0,2322.2000793650795,0.0,low,AU,1175.04,False,975
2842,118,6093.96,0,51.64372881355932,0.0,low,US,116.43,False,1552
2843,132,2379.92,0,18.02969696969697,0.0,low,US,192.06,False,1680
2844,124,23900.3,3,192.74435483870968,1194.13,low,US,907.58,False,1073
2845,115,3004.3,1,26.124347826086957,14.57,low,US,449.33,False,1016
2846,115,21706.21,4,188.74965217391303,1126.81,medium,US,799.43,False,1015
2847,116,3651.49,0,31.478362068965517,0.0,medium,US,486.74,False,1893
2848,116,3970.27,1,34.22646551724138,134.99,low,US,408.75,False,864
2849,129,10246.84,1,79.43286821705426,19.73,low,AU,267.19,False,634
2850,144,18095.93,1,125.66618055555556,264.72,low,US,168.24,False,811
2851,119,50368.65,5,423.2659663865546,4603.08,high,US,1741.38,False,450
2852,115,277511.13,2,2413.1402608695653,3883.47,medium,US,2019.45,False,875
2853,111,3936.38,1,35.46288288288289,15.92,low,US,193.48,False,276
2854,125,41950.54,0,335.60432000000003,0.0,low,US,182.42,False,223
2855,112,2597.31,0,23.190267857142857,0.0,low,US,360.32,False,1593
2856,126,9502.62,0,75.41761904761906,0.0,low,US,669.41,False,197
2857,113,7623.99,2,67.46893805309735,88.56,low,US,418.37,False,1257
2858,121,36064.36,1,298.0525619834711,92.77,low,US,772.45,False,1714
2859,137,5176.71,0,37.786204379562044,0.0,low,GB,471.39,False,1594
2860,148,17527.29,1,118.42763513513515,195.77,low,US,444.45,False,993
2861,110,142940.61,0,1299.4600909090907,0.0,low,US,4323.29,False,448
2862,125,2575.04,1,20.60032,62.76,low,US,307.14,False,2040
2863,123,213559.22,0,1736.2538211382114,0.0,low,US,2155.88,False,1833
2864,106,35391.03,0,333.87764150943394,0.0,low,US,1811.98,False,1352
2865,130,199836.11,0,1537.200846153846,0.0,low,US,775.64,False,217
2866,122,4235.31,0,34.71565573770492,0.0,low,US,87.05,False,105
2867,123,3939.78,1,32.030731707317074,45.99,low,US,506.72,False,710
2868,115,17293.73,0,150.3802608695652,0.0,low,US,310.06,False,370
2869,119,21680.14,1,182.18605042016807,66.63,low,US,501.74,False,1888
2870,125,5517.56,0,44.140480000000004,0.0,low,US,189.3,False,474
2871,116,39282.99,0,338.6464655172414,0.0,low,US,973.24,False,640
2872,128,4139.17,0,32.337265625,0.0,low,DE,1195.7,False,2137
2873,122,77397.67,1,634.407131147541,191.7,low,US,1412.37,False,1797
2874,124,6207.63,2,50.06153225806452,138.25,low,US,349.34,False,502
2875,103,1840.61,0,17.869999999999997,0.0,low,US,189.9,False,858
2876,119,40884.06,1,343.5635294117647,208.09,low,GB,676.22,False,1144
2877,118,34392.43,1,291.4612711864407,39.59,low,US,2393.39,False,1464
2878,138,2915.73,3,21.128478260869564,225.23000000000002,low,GB,524.5,False,2052
2879,113,13306.52,1,117.75681415929203,30.89,low,GB,740.31,False,1911
2880,121,2180.18,0,18.018016528925617,0.0,low,US,398.84,False,2140
2881,124,21681.85,0,174.85362903225806,0.0,low,US,313.21,False,117
2882,120,26273.11,1,218.94258333333335,700.68,low,US,891.09,False,540
2883,107,4249.9,1,39.71869158878504,18.42,low,US,447.89,False,1246
2884,115,89223.68,0,775.8580869565217,0.0,medium,US,708.51,False,136
2885,117,2599.65,0,22.21923076923077,0.0,low,US,778.02,False,797
2886,128,13103.92,1,102.374375,65.39,low,DE,673.69,False,361
2887,111,24393.24,0,219.75891891891894,0.0,low,US,814.09,False,2045
2888,138,13071.33,0,94.71978260869565,0.0,low,US,228.67,False,166
2889,113,21103.36,2,186.7553982300885,117.47999999999999,low,GB,216.45,False,350
2890,133,25885.31,4,194.6263909774436,813.6800000000001,low,US,474.21,True,451
2891,110,53360.03,1,485.0911818181818,699.91,medium,US,484.59,False,350
2892,133,3659.59,1,27.515714285714285,42.0,low,US,307.94,False,1258
2893,133,19117.49,0,143.74052631578948,0.0,low,US,612.1,False,816
2894,127,28830.63,1,227.0128346456693,40.95,low,US,1115.88,False,2000
2895,120,17175.9,0,143.13250000000002,0.0,low,GB,1434.77,False,593
2896,129,206044.27,1,1597.2424031007752,140.03,low,US,1756.42,False,1190
2897,108,3344.55,2,30.96805555555556,37.96,low,US,150.91,False,1455
2898,118,6457.58,0,54.725254237288134,0.0,low,US,173.0,False,1382
2899,129,1522.49,0,11.802248062015504,0.0,low,GB,379.68,True,1750
2900,132,8689.85,1,65.83219696969697,21.12,low,US,529.67,False,466
2901,121,35720.05,1,295.2070247933884,145.03,low,US,397.59,True,1126
2902,118,5128.14,1,43.45881355932204,22.48,low,US,299.65,False,1759
2903,136,27766.989999999998,1,204.16904411764705,238.25,low,US,374.66,False,1894
2904,125,28424.37,0,227.39496,0.0,low,CA,761.27,False,1364
2905,105,1664.3400000000001,1,15.850857142857144,25.84,low,US,148.91,False,1438
2906,121,407864.23,0,3370.7787603305783,0.0,medium,US,4060.34,False,1896
2907,125,23641.88,1,189.13504,223.14,low,US,502.15,False,1379
2908,119,56005.98,0,470.638487394958,0.0,low,US,1268.72,False,2079
2909,125,12363.53,2,98.90824,567.23,low,US,292.36,False,305
2910,114,10549.57,2,92.54008771929824,253.32,low,US,826.26,True,781
2911,105,23641.01,1,225.15247619047616,1268.35,medium,US,539.2,True,272
2912,108,24781.38,0,229.45722222222224,0.0,low,US,1065.42,False,225
2913,138,41701.0,0,302.1811594202899,0.0,low,US,412.08,False,1049
2914,109,13802.65,0,126.62981651376147,0.0,low,US,1991.03,True,518
2915,123,3932.49,1,31.971463414634144,26.15,low,US,128.66,False,909
2916,115,28803.12,1,250.46191304347826,550.46,low,US,1157.98,False,975
2917,129,8322.78,1,64.51767441860466,49.76,low,GB,548.31,False,1371
2918,129,9735.63,0,75.47,0.0,low,US,197.06,False,2072
2919,129,139461.84,1,1081.099534883721,11724.29,medium,US,2855.09,False,1864
2920,128,105188.4,0,821.784375,0.0,low,US,2601.46,False,847
2921,123,2102.46,0,17.093170731707318,0.0,low,GB,76.21,False,733
2922,112,33603.38,1,300.03017857142856,281.29,low,AU,577.73,True,1694
2923,115,26887.99,0,233.8086086956522,0.0,low,US,929.92,False,297
2924,107,58434.88,0,546.1203738317756,0.0,low,US,733.28,False,1197
2925,114,21929.74,1,192.3661403508772,260.12,low,US,1927.5,False,943
2926,120,4683.66,2,39.030499999999996,97.34,low,US,1598.58,False,424
2927,123,3676.88,1,29.893333333333334,32.51,low,US,625.57,False,1361
2928,118,204002.46,0,1728.8344067796609,0.0,low,US,3825.3,True,722
2929,110,83074.05,0,755.2186363636364,0.0,medium,US,1145.0,False,430
2930,130,7051.65,0,54.24346153846154,0.0,low,US,359.15,False,1440
2931,106,3521.4,2,33.22075471698113,66.6,high,US,299.73,False,406
2932,131,64420.07,1,491.7562595419847,139.57,low,CA,1508.71,False,1483
2933,123,6182.1,1,50.2609756097561,178.73,low,US,241.37,False,380
2934,110,2856.22,2,25.96563636363636,57.53,low,US,340.78,False,969
2935,97,1731.45,2,17.85,12.739999999999998,low,GB,397.18,False,1775
2936,121,3316.77,0,27.41132231404959,0.0,low,US,678.64,False,523
2937,124,13036.37,1,105.13201612903227,189.04,low,US,414.01,True,1688
2938,111,2181.64,1,19.654414414414415,9.11,low,US,150.61,False,1589
2939,139,19084.35,1,137.2974820143885,379.46,low,US,1402.3,False,1979
2940,121,7907.46,0,65.35090909090908,0.0,low,US,342.42,False,394
2941,122,12457.0,1,102.10655737704919,178.16,low,US,3034.92,False,1574
2942,121,12345.59,0,102.02966942148761,0.0,low,US,647.81,False,2053
2943,132,86016.06,0,651.6368181818182,0.0,low,US,1541.46,False,1678
2944,115,17532.35,0,152.45521739130433,0.0,low,US,869.38,False,435
2945,120,37382.57,0,311.52141666666665,0.0,low,US,1609.29,False,1805
2946,127,8479.98,2,66.77149606299213,110.74000000000001,low,US,823.29,False,261
2947,128,6657.81,1,52.014140625,377.04,low,US,608.9,False,1301
2948,121,178514.85,1,1475.3293388429752,1252.05,low,US,1318.05,False,1104
2949,119,94063.95999999999,1,790.4534453781512,210.67,low,US,4616.42,False,1177
2950,116,15673.5,1,135.11637931034483,165.09,low,US,386.52,False,1152
2951,130,136537.68,1,1050.2898461538462,587.42,low,CA,1007.71,False,97
2952,126,8639.18,1,68.56492063492064,173.41,low,US,490.43,False,1127
2953,122,20476.06,1,167.8365573770492,291.8,low,US,777.01,False,2053
2954,128,25707.63,0,200.840859375,0.0,low,US,511.8,False,973
2955,129,4359.97,0,33.79821705426357,0.0,low,US,70.67,False,628
2956,135,57978.54,1,429.47066666666666,602.69,low,US,411.51,False,2178
2957,117,33956.340000000004,1,290.2251282051282,71.17,low,US,1211.48,False,243
2958,120,2808.2,0,23.401666666666664,0.0,low,US,247.48,False,1080
2959,125,5162.57,1,41.30056,23.85,low,CA,1128.73,False,1137
2960,120,4252.87,0,35.44058333333333,0.0,low,CA,581.29,False,1062
2961,127,77019.98,4,606.4565354330708,8517.61,low,US,414.74,False,2020
2962,113,29910.97,0,264.6988495575221,0.0,low,AU,1113.47,False,941
2963,127,4348.56,0,34.240629921259846,0.0,low,US,909.53,True,2132
2964,118,7979.98,1,67.62694915254237,108.18,low,US,719.45,False,174
2965,116,10212.5,1,88.03879310344827,363.04,low,US,1229.44,True,1615
2966,122,15356.99,0,125.87696721311475,0.0,low,US,591.58,False,1310
2967,127,1497.02,0,11.78755905511811,0.0,low,US,112.15,False,549
2968,129,1374.98,0,10.65875968992248,0.0,low,US,350.62,True,522
2969,105,6895.11,2,65.66771428571428,158.89,low,US,97.13,False,1584
2970,136,73737.07,0,542.1843382352941,0.0,low,US,890.36,False,1407
2971,118,12977.01,0,109.97466101694916,0.0,low,CA,1103.87,False,1350
2972,112,13257.72,0,118.37249999999999,0.0,low,US,1150.02,False,139
2973,113,11627.47,1,102.8979646017699,72.77,low,US,765.24,False,1321
2974,137,67064.57,2,489.5224087591241,1702.18,high,US,1177.48,False,2149
2975,112,3035.37,2,27.101517857142856,91.56,medium,US,119.23,False,67
2976,133,30669.55,1,230.59812030075187,187.13,low,US,447.28,False,1043
2977,142,18912.68,0,133.18788732394367,0.0,low,US,137.91,False,1097
2978,108,93692.5,0,867.5231481481482,0.0,low,DE,356.92,False,1966
2979,118,52069.0,0,441.26271186440675,0.0,low,US,2110.39,False,640
2980,116,30811.49,0,265.6162931034483,0.0,low,US,1318.06,False,1057
2981,112,26785.079999999998,2,239.15249999999997,679.8000000000001,low,AU,894.31,False,1579
2982,111,7397.139999999999,1,66.6409009009009,92.13,low,US,418.44,False,160
2983,131,4141.14,1,31.611755725190843,31.09,low,US,201.5,False,1760
2984,113,27256.260000000002,2,241.20584070796463,4665.05,low,US,583.08,False,1805
2985,122,10532.69,1,86.33352459016393,25.21,low,US,1338.91,True,1584
2986,113,12418.44,0,109.89769911504425,0.0,low,AU,712.57,False,1430
2987,132,3708.65,1,28.095833333333335,25.23,low,US,118.26,True,1644
2988,109,28114.71,0,257.93311926605503,0.0,low,US,541.4,False,1718
2989,117,9154.34,1,78.24222222222222,161.33,medium,US,88.06,False,1981
2990,119,24557.68,1,206.36705882352942,47.16,low,CA,1016.14,True,954
2991,129,10676.5,1,82.76356589147287,267.96,low,US,264.09,False,1015
2992,125,4794.07,1,38.35256,83.74,low,CA,163.89,False,1407
2993,104,46502.12,1,447.13576923076926,215.99,medium,US,1028.79,False,447
2994,121,140164.52,1,1158.3844628099173,1663.55,medium,US,815.21,False,1879
2995,105,8579.76,0,81.712,0.0,low,US,607.38,False,1694
2996,105,30318.19,0,288.74466666666666,0.0,low,US,3542.32,False,1393
2997,109,6772.48,0,62.13284403669724,0.0,low,US,872.62,False,681
2998,125,1347.8,1,10.782399999999999,18.04,low,US,275.76,False,780
2999,125,107484.79,1,859.8783199999999,384.01,medium,US,786.26,False,969
3000,109,9171.89,1,84.14577981651375,197.81,low,US,380.9,False,1461
3001,104,120996.68,0,1163.4296153846153,0.0,low,US,1540.84,False,1710
3002,122,5447.23,1,44.649426229508194,25.48,low,US,634.53,False,1481
3003,119,26594.26,0,223.48117647058822,0.0,low,US,693.62,False,2038
3004,121,2916.74,1,24.105289256198347,8.81,low,US,134.54,False,2104
3005,123,4690.51,0,38.13422764227642,0.0,low,GB,520.72,True,1552
3006,126,3197.77,0,25.379126984126984,0.0,low,US,468.42,False,831
3007,115,1814.57,1,15.778869565217391,37.77,low,US,196.02,False,1323
3008,126,46095.24,0,365.8352380952381,0.0,medium,US,403.69,False,948
3009,119,62683.02,2,526.7480672268907,780.72,low,US,729.37,False,1388
3010,143,9561.77,1,66.86552447552448,14.97,medium,US,490.82,False,1784
3011,140,12083.61,0,86.31150000000001,0.0,low,US,138.26,False,827
3012,122,67415.34,0,552.5847540983606,0.0,low,US,385.33,False,1122
3013,108,14566.12,0,134.87148148148148,0.0,low,US,323.36,False,128
3014,126,88645.02,1,703.5319047619048,543.64,low,US,586.49,False,1620
3015,133,50573.24,0,380.2499248120301,0.0,low,GB,532.18,False,1088
3016,115,20775.87,0,180.6597391304348,0.0,low,US,340.2,True,1022
3017,120,7822.04,0,65.18366666666667,0.0,low,US,328.46,False,1180
3018,126,77688.02,0,616.5715873015873,0.0,low,US,523.48,False,495
3019,110,63450.64,0,576.824,0.0,low,US,1172.25,False,1321
3020,114,20837.18,0,182.7822807017544,0.0,medium,US,633.19,False,1639
3021,122,20712.71,3,169.77631147540984,1546.54,high,US,1773.59,False,785
3022,114,10282.42,2,90.19666666666667,1024.54,medium,US,1366.31,False,313
3023,111,63821.99,0,574.9728828828829,0.0,low,US,1895.08,False,865
3024,132,145092.29,2,1099.1840151515153,945.28,medium,US,1688.79,False,458
3025,108,32446.18,0,300.4275925925926,0.0,low,US,2011.54,False,837
3026,119,1857.13,1,15.606134453781513,43.53,medium,US,174.54,False,1383
3027,121,30855.329999999998,2,255.00272727272727,568.0799999999999,low,US,882.43,False,274
3028,120,13058.01,2,108.81675,292.32,low,US,1475.11,False,1644
3029,119,121074.79,0,1017.4352100840335,0.0,medium,US,1735.63,False,515
3030,110,5385.64,1,48.96036363636364,460.66,low,GB,246.25,False,1962
3031,123,27219.13,0,221.2937398373984,0.0,low,US,890.37,False,1612
3032,107,4297.83,1,40.166635514018694,45.09,low,US,527.25,False,618
3033,126,134509.33,0,1067.534365079365,0.0,low,US,2597.63,False,1246
3034,118,5338.14,0,45.23847457627119,0.0,low,US,141.38,False,269
3035,113,5954.8,3,52.697345132743365,290.58,high,US,246.57,False,245
3036,123,9188.51,1,74.70333333333333,152.08,medium,US,96.59,False,2095
3037,91,6452.89,2,70.91087912087913,136.16,medium,US,561.24,False,1763
3038,129,174459.67,0,1352.4005426356591,0.0,low,US,3779.91,True,363
3039,133,4105.11,1,30.86548872180451,301.58,low,US,473.47,False,640
3040,110,65382.77,3,594.3888181818181,574.79,low,AU,539.65,False,456
3041,122,36685.44,2,300.70032786885247,1298.27,low,US,808.53,False,883
3042,111,24627.94,0,221.87333333333333,0.0,low,CA,443.78,False,659
3043,115,13054.34,0,113.516,0.0,low,US,685.0,False,738
3044,117,22723.88,2,194.22119658119658,775.5799999999999,high,US,701.34,False,1173
3045,102,1714.3799999999999,0,16.807647058823527,0.0,low,US,230.21,False,438
3046,117,12807.96,0,109.46974358974359,0.0,low,US,452.76,False,1936
3047,115,32294.38,1,280.8206956521739,260.11,low,US,960.77,False,1601
3048,115,7108.74,0,61.81513043478261,0.0,low,US,1136.51,False,1672
3049,119,46499.2,0,390.74957983193275,0.0,low,US,1585.49,False,396
3050,130,31961.89,1,245.8606923076923,110.25,low,CA,666.4,False,1559
3051,116,60539.34,0,521.8908620689655,0.0,low,US,678.72,False,1836
3052,117,90555.39,2,773.9776923076923,1048.6599999999999,low,US,967.94,True,408
3053,125,21357.27,1,170.85816,172.41,low,US,288.5,False,1652
3054,104,4226.25,1,40.63701923076923,43.51,low,AU,278.05,False,802
3055,119,12486.57,0,104.92915966386555,0.0,low,CA,440.4,False,1731
3056,95,2826.11,0,29.748526315789476,0.0,low,US,156.41,False,1063
3057,120,71771.77,0,598.0980833333334,0.0,low,US,710.67,True,1762
3058,107,8664.12,0,80.97308411214954,0.0,low,US,1266.7,True,348
3059,147,3693.96,0,25.128979591836735,0.0,low,US,260.07,False,870
3060,119,58804.97,1,494.1594117647059,662.78,medium,US,728.97,False,620
3061,115,32510.14,0,282.6968695652174,0.0,low,US,279.72,False,566
3062,105,4617.46,1,43.975809523809524,90.81,low,US,197.37,False,695
3063,130,45305.46,0,348.5035384615385,0.0,low,GB,3133.81,False,856
3064,122,10775.21,1,88.32139344262295,125.32,low,US,199.93,False,304
3065,99,2156.06,0,21.77838383838384,0.0,low,US,155.81,False,1557
3066,114,6321.17,0,55.44885964912281,0.0,medium,US,597.79,False,1218
3067,136,29824.92,0,219.30088235294116,0.0,low,US,627.45,False,1821
3068,118,2395.63,0,20.301949152542374,0.0,low,US,898.3,False,1552
3069,106,72666.75,0,685.5353773584906,0.0,low,US,2984.25,True,351
3070,123,9772.75,1,79.45325203252033,92.22,low,US,244.83,False,181
3071,125,5398.19,2,43.18552,66.33,medium,AU,292.78,False,943
3072,114,138094.64,0,1211.3564912280704,0.0,low,US,2096.29,True,1069
3073,113,3745.5699999999997,4,33.14663716814159,111.97,low,US,1147.35,False,548
3074,113,28307.010000000002,3,250.5045132743363,941.65,low,US,1012.39,True,1719
3075,124,37414.46,1,301.7295161290323,202.83,low,US,289.78,False,1286
3076,125,21330.51,1,170.64407999999997,236.14,low,US,1357.36,False,1645
3077,125,9220.63,0,73.76504,0.0,low,US,1015.22,False,265
3078,141,4124.87,0,29.254397163120565,0.0,low,US,584.4,False,1790
3079,128,2468.08,0,19.281875,0.0,low,US,291.07,False,475
3080,116,10571.31,1,91.13198275862068,69.83,medium,AU,542.41,False,998
3081,118,36665.95,0,310.72838983050843,0.0,low,US,2172.51,False,979
3082,102,3910.0099999999998,0,38.333431372549015,0.0,low,GB,184.09,False,1802
3083,108,4341.82,0,40.20203703703704,0.0,low,US,239.89,False,627
3084,122,2350.58,2,19.267049180327867,23.630000000000003,low,US,280.05,True,550
3085,122,2139.31,0,17.53532786885246,0.0,low,US,340.45,False,763
3086,117,24890.88,0,212.7425641025641,0.0,low,US,485.82,False,809
3087,123,11208.59,1,91.12674796747967,205.66,low,GB,1167.61,False,422
3088,104,6160.71,0,59.237596153846155,0.0,low,US,746.41,False,410
3089,117,179928.92,2,1537.8540170940173,783.29,low,US,520.48,False,529
3090,106,18260.83,1,172.2719811320755,52.33,low,US,632.26,False,1039
3091,128,18092.65,0,141.348828125,0.0,low,US,864.02,False,771
3092,117,2459.8,1,21.023931623931624,64.12,low,US,108.47,False,876
3093,110,49453.29,0,449.57536363636365,0.0,low,US,1292.62,False,1583
3094,145,3077.43,0,21.223655172413793,0.0,low,US,234.21,False,550
3095,127,5229.89,2,41.180236220472445,55.82,high,US,330.58,True,1995
3096,129,36650.29,2,284.1107751937985,1521.19,low,US,669.41,False,1653
3097,120,9097.72,1,75.81433333333332,94.8,low,US,460.42,False,407
3098,118,32138.02,0,272.35610169491525,0.0,low,US,763.75,False,707
3099,127,29374.15,0,231.2925196850394,0.0,low,US,559.84,False,426
3100,130,6905.83,0,53.12176923076923,0.0,low,US,379.78,False,619
3101,101,82532.18000000001,2,817.1502970297031,3010.74,low,US,1950.58,False,819
3102,122,22405.18,2,183.64901639344262,257.26,low,GB,931.93,False,312
3103,129,19383.02,0,150.25596899224806,0.0,low,US,646.71,False,61
3104,110,6456.51,0,58.69554545454546,0.0,low,US,918.98,False,977
3105,119,16174.54,0,135.92050420168067,0.0,low,US,261.18,False,1544
3106,127,324751.91000000003,0,2557.1016535433073,0.0,medium,GB,3488.74,False,684
3107,110,2154.18,2,19.583454545454543,14.829999999999998,high,US,185.14,False,1888
3108,115,46359.3,0,403.124347826087,0.0,low,US,545.58,False,827
3109,110,73839.63,0,671.2693636363637,0.0,low,US,380.78,False,1975
3110,132,29849.27,0,226.13083333333333,0.0,low,US,367.98,False,539
3111,120,806.54,1,6.721166666666666,3.52,low,US,327.4,False,1194
3112,139,8363.31,0,60.167697841726614,0.0,low,GB,246.03,False,1678
3113,111,43877.22,1,395.2902702702703,2516.72,low,US,1435.84,True,157
3114,127,29522.71,2,232.46228346456692,48.55,medium,US,166.63,False,2038
3115,128,47489.5,0,371.01171875,0.0,low,US,1194.17,False,818
3116,129,55441.58,0,429.77968992248066,0.0,low,US,883.32,False,1105
3117,126,3756.27,2,29.811666666666667,109.13,low,GB,349.74,False,1387
3118,112,28033.09,0,250.29544642857144,0.0,low,US,795.8,False,1418
3119,125,3928.98,0,31.43184,0.0,medium,US,427.47,False,81
3120,146,3349.29,1,22.940342465753425,12.39,low,US,182.93,False,1903
3121,102,3509.35,0,34.405392156862746,0.0,low,US,184.68,False,1376
3122,107,15314.74,1,143.12841121495327,17.72,low,US,888.82,False,2187
3123,121,9397.73,4,77.66719008264462,524.91,low,GB,848.28,False,1048
3124,128,3498.87,1,27.334921875,11.91,low,US,612.66,False,1355
3125,124,3206.82,0,25.861451612903227,0.0,low,US,346.41,False,982
3126,141,71081.26,2,504.1224113475177,2856.0099999999998,low,US,415.14,False,1951
3127,134,8815.16,1,65.78477611940298,26.21,low,US,367.6,False,1827
3128,121,8017.74,1,66.26231404958678,15.62,low,US,102.28,False,1992
3129,115,6329.65,2,55.04043478260869,267.28,low,US,520.68,False,1119
3130,132,15836.49,1,119.97340909090909,54.47,low,US,788.56,False,1739
3131,109,3847.0,0,35.293577981651374,0.0,low,US,523.66,False,804
3132,112,12495.17,0,111.56401785714286,0.0,low,US,2421.72,False,1025
3133,111,3826.77,0,34.475405405405404,0.0,low,US,199.52,False,1672
3134,143,14189.97,0,99.23055944055943,0.0,low,US,271.78,False,205
3135,118,68251.81,0,578.4051694915254,0.0,low,US,555.42,False,1564
3136,119,8618.38,0,72.42336134453781,0.0,low,US,613.63,False,64
3137,128,6516.79,2,50.912421875,42.1,medium,GB,89.02,False,1284
3138,141,7242.47,1,51.36503546099291,98.24,low,US,847.62,False,1060
3139,123,17750.48,1,144.31284552845528,143.09,low,US,616.15,False,1042
3140,117,57508.16,1,491.52273504273506,46.17,low,GB,73.15,False,1097
3141,135,9936.03,0,73.60022222222223,0.0,low,US,443.62,False,1092
3142,133,1973.65,0,14.839473684210526,0.0,low,US,238.01,False,909
3143,138,1701.62,0,12.330579710144926,0.0,low,US,327.67,False,1004
3144,112,3139.75,0,28.033482142857142,0.0,low,US,147.78,False,1257
3145,110,25202.94,1,229.11763636363636,189.43,low,US,716.64,False,1679
3146,144,71021.83,0,493.20715277777776,0.0,low,US,2405.71,False,1222
3147,108,65532.97,0,606.7867592592593,0.0,low,US,625.48,False,1417
3148,126,16035.74,2,127.26777777777778,131.75,low,US,70.57,False,1837
3149,122,45603.89,0,373.80237704918034,0.0,medium,US,637.17,False,2167
3150,140,68690.5,2,490.64642857142854,385.87,low,US,413.57,False,264
3151,144,6704.15,1,46.55659722222222,22.39,low,US,182.93,False,1569
3152,102,13169.87,0,129.11637254901962,0.0,low,US,677.4,False,516
3153,129,39307.49,0,304.7092248062015,0.0,low,US,1087.66,False,455
3154,120,38072.96,1,317.27466666666663,1515.91,low,US,269.98,False,1742
3155,109,38470.96,0,352.9445871559633,0.0,low,US,112.24,True,178
3156,118,12423.58,1,105.28457627118644,47.93,low,US,80.6,False,1861
3157,125,6944.47,0,55.55576,0.0,low,US,270.67,True,1694
3158,113,27298.27,0,241.57761061946903,0.0,low,US,428.4,False,2178
3159,117,1181.64,0,10.09948717948718,0.0,low,US,309.7,False,1472
3160,117,8591.18,3,73.42888888888889,854.19,medium,US,266.41,False,1915
3161,108,4212.2,0,39.00185185185185,0.0,low,US,821.48,False,286
3162,130,17546.79,0,134.9753076923077,0.0,low,US,747.36,False,1952
3163,134,46894.3,0,349.95746268656717,0.0,low,CA,589.71,False,376
3164,122,97145.79,2,796.2769672131147,6459.87,low,US,1027.45,False,708
3165,119,11920.76,1,100.17445378151261,135.73,medium,US,272.96,False,306
3166,108,1440.76,1,13.34037037037037,118.93,low,US,183.99,False,897
3167,108,8957.66,0,82.9412962962963,0.0,low,US,307.94,False,1647
3168,119,2737.84,0,23.007058823529412,0.0,low,US,289.41,False,609
3169,106,1043.5,0,9.84433962264151,0.0,low,US,77.78,False,1805
3170,137,7546.33,0,55.082700729927005,0.0,low,US,301.57,False,1339
3171,123,125467.71,1,1020.0626829268293,600.43,high,US,1331.9,True,1388
3172,109,17550.09,1,161.01,85.21,low,US,1013.1,False,2057
3173,111,53994.15,2,486.4337837837838,1233.62,low,US,790.5,False,962
3174,116,220683.79,0,1902.4464655172414,0.0,low,US,554.72,False,774
3175,121,92330.93,0,763.0655371900826,0.0,low,US,1815.3,False,2178
3176,139,4249.72,1,30.573525179856116,53.17,high,AU,189.78,False,1233
3177,151,10557.789999999999,1,69.91913907284767,185.37,low,US,206.78,False,1357
3178,124,39849.44,1,321.36645161290323,219.38,low,US,1355.42,False,670
3179,117,5949.17,0,50.84760683760684,0.0,low,AU,505.14,False,495
3180,118,1420.35,0,12.03686440677966,0.0,low,US,269.33,False,396
3181,134,12993.94,0,96.96970149253731,0.0,low,US,809.76,False,512
3182,130,28436.96,2,218.74584615384614,661.55,low,US,332.08,False,451
3183,118,17251.79,1,146.20161016949154,144.39,low,US,231.88,False,1642
3184,122,1925.36,0,15.781639344262294,0.0,low,US,226.15,False,155
3185,133,46603.41,1,350.4015789473684,63.37,low,US,658.12,False,1389
3186,131,94567.46,2,721.8890076335879,2199.9700000000003,low,US,593.02,False,2080
3187,133,124907.38,0,939.1532330827068,0.0,low,DE,1929.61,False,1683
3188,115,3796.76,0,33.01530434782609,0.0,low,US,379.52,False,900
3189,113,21882.68,0,193.65203539823008,0.0,low,US,373.74,False,158
3190,129,1303.24,0,10.102635658914728,0.0,low,US,1800.23,False,1831
3191,129,28685.74,1,222.37007751937986,57.1,low,US,1196.41,False,36
3192,117,14599.77,0,124.78435897435898,0.0,low,US,561.39,False,1501
3193,131,13663.75,1,104.30343511450381,212.39,low,CA,120.92,False,1479
3194,131,9359.24,1,71.44458015267175,44.85,low,US,237.3,False,444
3195,108,8826.74,0,81.72907407407408,0.0,low,US,190.82,True,1628
3196,137,4402.8,0,32.137226277372264,0.0,low,US,509.18,False,408
3197,115,4874.88,1,42.39026086956522,143.03,low,US,311.84,False,517
3198,110,193618.7,0,1760.17,0.0,low,US,2085.19,False,1783
3199,124,9029.09,2,72.81524193548387,148.73,low,US,119.79,False,2144
3200,128,2548.7400000000002,6,19.912031250000002,121.13,high,CA,173.26,False,601
3201,96,6250.42,0,65.10854166666667,0.0,low,US,614.1,False,2020
3202,124,96219.87,1,775.9666935483871,2149.15,low,US,787.84,False,2002
3203,125,3451.96,1,27.61568,12.65,low,US,48.02,False,1691
3204,124,19542.74,1,157.6027419354839,38.23,low,US,103.35,False,332
3205,118,19432.37,0,164.68110169491524,0.0,low,US,388.68,False,676
3206,122,23857.1,1,195.54999999999998,349.03,low,CA,1669.77,False,1493
3207,138,6431.54,1,46.60536231884058,109.34,low,US,2694.55,False,2188
3208,123,4039.79,0,32.84382113821138,0.0,low,US,339.32,False,1789
3209,122,30407.38,3,249.24081967213115,930.3299999999999,low,US,422.6,False,937
3210,111,3105.44,0,27.976936936936937,0.0,low,US,232.02,False,538
3211,105,54952.31,0,523.3553333333333,0.0,low,US,871.21,False,2104
3212,125,399092.69,1,3192.74152,2381.24,low,US,1950.18,False,626
3213,135,37052.01,0,274.45933333333335,0.0,low,US,1526.02,False,769
3214,144,12082.85,1,83.90868055555556,109.41,low,US,480.05,False,2113
3215,102,5078.73,0,49.79147058823529,0.0,low,AU,231.67,False,1243
3216,122,5495.63,0,45.046147540983604,0.0,low,GB,496.4,False,601
3217,120,23877.15,1,198.97625000000002,284.5,low,US,1707.37,True,41
3218,120,8504.94,0,70.8745,0.0,low,GB,343.62,False,958
3219,89,3850.88,0,43.268314606741576,0.0,low,AU,96.17,False,2159
3220,140,12287.92,2,87.77085714285714,63.199999999999996,low,US,356.38,False,964
3221,139,12789.15,1,92.00827338129496,88.48,low,US,383.32,False,1540
3222,118,2376.02,1,20.135762711864405,23.55,low,US,95.66,False,576
3223,122,17205.29,1,141.02696721311477,78.12,low,US,607.19,False,1705
3224,116,40020.66,0,345.00568965517243,0.0,low,US,776.97,False,1705
3225,117,23368.49,0,199.73068376068377,0.0,low,US,2627.8,False,1343
3226,95,1769.18,0,18.622947368421052,0.0,low,CA,148.54,False,1697
3227,107,24153.54,1,225.7340186915888,114.81,low,US,950.96,False,1280
3228,114,136772.33,0,1199.7572807017543,0.0,low,US,1176.33,False,847
3229,111,40052.39,1,360.8323423423423,543.27,low,US,786.55,False,1623
3230,119,1537.37,0,12.9190756302521,0.0,low,US,199.11,False,1833
3231,147,23130.32,2,157.3491156462585,82.86,medium,US,188.97,False,1846
3232,126,16670.83,0,132.30817460317462,0.0,low,US,537.79,False,490
3233,113,3052.08,1,27.00955752212389,16.87,low,US,534.41,False,1491
3234,122,1363.54,0,11.17655737704918,0.0,low,US,297.83,False,39
3235,123,38041.82,0,309.2830894308943,0.0,low,US,1575.73,False,1265
3236,137,33977.88,0,248.0137226277372,0.0,low,US,343.55,False,1263
3237,131,4325.4,1,33.01832061068702,21.62,low,US,89.63,False,815
3238,115,8555.48,0,74.39547826086957,0.0,low,AU,402.76,False,2177
3239,116,89294.15,1,769.7771551724137,408.15,low,US,759.19,False,1937
3240,120,12883.16,0,107.35966666666667,0.0,low,US,670.33,False,113
3241,128,4958.86,1,38.74109375,51.34,low,CA,665.67,False,481
3242,117,69524.81999999999,0,594.2292307692308,0.0,low,US,1890.49,True,479
3243,129,11396.949999999999,0,88.34844961240309,0.0,low,US,180.67,False,1968
3244,144,101721.99,0,706.4027083333334,0.0,low,US,336.52,False,1150
3245,108,83571.55,0,773.8106481481482,0.0,low,US,1979.4,False,1604
3246,103,1229.45,1,11.93640776699029,46.35,low,CA,83.88,True,1779
3247,138,7232.88,2,52.41217391304348,46.8,medium,US,469.5,False,1688
3248,106,13619.22,0,128.4832075471698,0.0,medium,US,1489.25,False,222
3249,101,61405.53,0,607.9755445544554,0.0,low,DE,1469.41,False,333
3250,121,33432.51,0,276.3017355371901,0.0,low,US,892.57,False,883
3251,122,2827.9,0,23.17950819672131,0.0,low,US,913.15,True,760
3252,122,13908.43,1,114.00352459016393,154.56,low,US,193.08,False,1643
3253,118,5630.18,1,47.713389830508476,22.05,low,US,1695.71,False,367
3254,104,12390.55,0,119.13990384615384,0.0,low,US,167.33,False,832
3255,125,3941.15,2,31.5292,71.86,medium,US,176.55,True,541
3256,102,4025.32,2,39.463921568627455,105.07,medium,US,698.61,False,437
3257,109,22933.72,0,210.4011009174312,0.0,low,US,316.17,False,403
3258,124,19212.48,0,154.93935483870968,0.0,low,CA,593.49,False,452
3259,119,8591.2,2,72.19495798319328,55.78,low,US,726.1,True,1249
3260,105,31156.2,0,296.7257142857143,0.0,low,US,2441.33,False,915
3261,106,20270.22,0,191.22849056603775,0.0,medium,US,728.04,False,970
3262,133,1370.53,1,10.304736842105262,13.87,low,US,282.4,False,1065
3263,114,21363.03,1,187.39499999999998,186.07,low,AU,905.82,False,1630
3264,126,10552.19,0,83.74753968253968,0.0,low,US,233.09,False,1891
3265,99,44870.79,0,453.24030303030304,0.0,low,US,1120.85,False,1167
3266,143,68045.26,0,475.840979020979,0.0,low,DE,522.26,False,1417
3267,128,7568.47,0,59.128671875,0.0,low,US,706.62,False,1625
3268,103,5479.77,2,53.2016504854369,512.5,low,US,99.23,False,1521
3269,117,15326.36,0,130.99452991452992,0.0,low,US,65.0,False,320
3270,140,1214.26,1,8.673285714285715,4.22,low,US,127.58,False,2153
3271,109,50524.68,0,463.5291743119266,0.0,low,US,2371.3,False,385
3272,108,3681.9,2,34.09166666666667,25.09,low,US,175.33,False,919
3273,120,44878.9,2,373.99083333333334,2836.2900000000004,low,US,952.49,False,1439
3274,130,4058.78,2,31.22138461538462,112.51,low,AU,276.52,False,901
3275,96,1289.81,1,13.435520833333333,23.75,low,US,397.01,False,555
3276,117,6539.42,2,55.892478632478635,89.66,low,CA,473.31,False,2024
3277,108,40140.41,0,371.670462962963,0.0,low,US,2163.32,False,184
3278,116,42067.46,1,362.6505172413793,553.65,low,US,833.85,False,561
3279,120,38967.92,0,324.73266666666666,0.0,low,CA,696.82,False,2174
3280,121,17041.59,0,140.8395867768595,0.0,low,US,1582.92,False,1606
3281,130,13834.91,1,106.42238461538462,254.1,low,US,278.7,False,217
3282,117,47592.05,1,406.7696581196581,97.37,low,US,1288.85,False,1659
3283,130,9316.97,0,71.669,0.0,low,US,1108.95,False,2124
3284,131,5099.7,1,38.92900763358779,42.76,low,US,1097.63,False,241
3285,116,48022.91,0,413.9906034482759,0.0,low,CA,428.58,False,924
3286,124,13010.92,1,104.92677419354838,33.9,low,US,332.43,False,1041
3287,152,10028.51,1,65.97703947368421,117.71,low,US,225.24,False,312
3288,111,27057.0,0,243.75675675675674,0.0,medium,AU,238.3,True,463
3289,119,11981.23,0,100.6826050420168,0.0,low,US,215.87,False,405
3290,113,5164.38,0,45.702477876106194,0.0,medium,US,685.51,False,430
3291,110,7365.33,0,66.95754545454545,0.0,low,US,401.21,False,901
3292,119,100786.14,1,846.9423529411764,19.7,medium,US,726.52,False,1031
3293,107,1787.66,1,16.70710280373832,15.0,medium,CA,764.4,True,544
3294,116,4540.48,2,39.14206896551724,68.34,high,US,189.85,False,655
3295,114,2528.38,0,22.178771929824563,0.0,low,US,184.79,False,445
3296,107,45704.9,1,427.14859813084115,216.12,low,US,401.1,False,1749
3297,121,7491.43,0,61.91264462809917,0.0,low,US,245.28,False,487
3298,123,11481.91,0,93.34886178861788,0.0,low,US,223.1,False,1990
3299,106,44060.76,1,415.6675471698113,1548.4,low,US,2266.79,False,1193
3300,107,1482.52,0,13.855327102803738,0.0,medium,US,123.96,False,1763
3301,128,26264.829999999998,1,205.19398437499999,30.92,low,US,3043.48,False,1404
3302,114,3380.72,0,29.655438596491226,0.0,low,US,639.05,False,604
3303,108,38858.45,0,359.8004629629629,0.0,low,US,1197.05,False,1328
3304,104,11041.11,1,106.16451923076923,91.57,low,US,1076.53,False,622
3305,130,45057.99,0,346.59992307692306,0.0,low,US,858.57,False,286
3306,113,101495.76000000001,0,898.1925663716816,0.0,low,US,2198.76,False,580
3307,102,7235.74,0,70.93862745098039,0.0,low,US,186.01,False,625
3308,125,8072.01,0,64.57608,0.0,low,US,428.06,False,321
3309,135,2416.8,1,17.902222222222225,5.95,low,US,228.71,False,80
3310,112,1812.24,1,16.180714285714284,34.91,low,US,107.07,False,2068
3311,130,2936.2200000000003,0,22.586307692307695,0.0,low,CA,271.75,False,1138
3312,115,88909.67,1,773.1275652173913,246.01,low,US,2657.9,False,898
3313,131,2137.21,1,16.314580152671756,12.39,medium,CA,421.53,False,2038
3314,124,30589.71,2,246.69120967741935,533.55,low,US,2937.06,False,515
3315,98,18320.61,0,186.945,0.0,low,US,3220.35,True,900
3316,120,62846.88,0,523.7239999999999,0.0,low,US,7299.91,False,1858
3317,120,376332.4,0,3136.1033333333335,0.0,low,US,2737.89,True,1395
3318,126,139304.6,0,1105.5920634920635,0.0,low,US,4114.69,False,892
3319,120,3440.45,1,28.670416666666664,102.15,low,US,660.27,False,582
3320,140,9800.56,0,70.00399999999999,0.0,low,US,605.16,True,105
3321,120,5913.56,0,49.27966666666667,0.0,low,US,642.49,False,213
3322,130,23743.99,0,182.64607692307695,0.0,low,US,492.78,False,379
3323,119,29696.97,3,249.55436974789916,1240.6299999999999,medium,US,563.8,False,1729
3324,142,28162.95,0,198.33063380281692,0.0,low,US,969.68,False,1410
3325,114,24603.96,0,215.8242105263158,0.0,low,US,324.01,False,966
3326,139,2360.5,1,16.98201438848921,4.35,low,DE,142.61,False,1721
3327,118,16355.34,0,138.60457627118643,0.0,low,US,683.52,False,377
3328,104,1986.8,1,19.103846153846153,15.12,low,US,264.14,False,485
3329,123,1189.61,0,9.671626016260161,0.0,low,US,289.93,False,878
3330,114,39420.64,0,345.79508771929824,0.0,low,US,433.34,False,2011
3331,126,3388.7,1,26.894444444444442,33.42,low,AU,352.51,False,1356
3332,140,89959.17,1,642.5655,1083.08,medium,US,1338.14,False,1868
3333,123,47166.07,0,383.4639837398374,0.0,low,US,424.08,False,566
3334,127,104502.22,1,822.852125984252,2366.96,low,US,1400.25,False,1862
3335,110,48410.19,0,440.09263636363636,0.0,low,CA,593.13,False,186
3336,98,6846.84,0,69.86571428571429,0.0,low,US,455.01,False,521
3337,137,20313.98,2,148.27722627737225,499.75,low,US,568.16,False,1159
3338,108,12183.31,0,112.80842592592592,0.0,low,US,154.09,False,139
3339,98,5106.69,2,52.10908163265306,44.41,low,US,667.99,False,1883
3340,118,8441.43,0,71.53754237288136,0.0,low,US,1058.14,False,1903
3341,104,93803.71,0,901.95875,0.0,medium,US,1202.03,False,1199
3342,128,3651.42,2,28.52671875,99.1,medium,US,145.92,False,690
3343,118,5038.17,1,42.69635593220339,18.69,medium,US,125.58,False,243
3344,112,33742.44,0,301.2717857142857,0.0,low,US,303.95,False,1366
3345,129,121853.19,0,944.5983720930233,0.0,low,CA,1713.33,False,1191
3346,106,7079.13,0,66.78424528301886,0.0,low,US,601.17,False,1671
3347,130,7007.11,2,53.90084615384615,110.16999999999999,medium,US,245.37,False,1331
3348,112,4707.2,1,42.028571428571425,33.52,low,US,133.27,False,307
3349,125,14726.3,2,117.81039999999999,221.66,low,US,266.24,False,293
3350,105,5547.34,0,52.831809523809525,0.0,low,GB,250.54,False,1716
3351,119,60201.340000000004,2,505.8936134453782,1327.8,low,US,1143.74,False,373
3352,138,19143.69,1,138.7223913043478,69.59,medium,US,1225.73,False,2057
3353,118,4433.16,3,37.56915254237288,271.68,low,US,191.54,False,258
3354,117,60337.86,1,515.7082051282051,211.23,low,US,970.54,False,1603
3355,115,9557.82,0,83.11147826086956,0.0,low,US,885.08,False,2136
3356,124,7006.62,1,56.505,16.61,low,US,170.42,False,983
3357,114,36189.09,2,317.4481578947368,424.8,low,US,456.95,False,152
3358,119,2452.72,0,20.61109243697479,0.0,medium,US,669.64,False,1923
3359,109,5576.21,1,51.157889908256884,93.61,low,US,570.73,False,434
3360,126,4973.1,0,39.46904761904762,0.0,low,US,105.69,False,1169
3361,135,11640.23,1,86.22392592592593,32.82,low,US,554.5,False,2156
3362,117,78928.17,0,674.5997435897435,0.0,low,US,873.61,False,1638
3363,130,80791.54,1,621.4733846153846,374.19,low,US,2041.9,False,130
3364,118,2938.88,0,24.90576271186441,0.0,low,US,269.91,False,1802
3365,136,5552.03,0,40.82375,0.0,medium,US,301.6,False,378
3366,107,4461.57,0,41.696915887850466,0.0,low,US,408.31,False,1648
3367,130,35556.89,1,273.51453846153845,98.03,low,CA,640.4,False,1371
3368,105,6557.75,1,62.4547619047619,88.07,low,US,537.71,False,651
3369,120,9842.88,0,82.02399999999999,0.0,low,AU,848.85,False,944
3370,111,3202.41,0,28.85054054054054,0.0,low,US,178.99,False,284
3371,126,70660.9,3,560.8007936507936,4163.75,medium,US,704.27,False,2161
3372,122,19445.77,0,159.3915573770492,0.0,low,US,252.65,False,544
3373,123,22439.42,3,182.4343089430894,1411.5,high,US,433.11,False,696
3374,119,31285.45,0,262.9029411764706,0.0,low,US,2292.07,False,1116
3375,119,7810.65,0,65.63571428571429,0.0,low,US,139.99,False,1482
3376,114,9765.64,0,85.66350877192981,0.0,low,CA,383.17,False,1121
3377,116,5103.65,1,43.99698275862069,41.32,low,US,156.46,False,1121
3378,132,10198.72,0,77.26303030303029,0.0,medium,US,565.53,False,1288
3379,130,13512.26,1,103.94046153846153,361.37,low,US,1265.74,False,1882
3380,119,42647.99,2,358.3864705882353,982.1500000000001,low,DE,574.03,False,883
3381,121,14373.32,0,118.78776859504131,0.0,low,US,443.61,False,1827
3382,139,20931.36,1,150.5853237410072,72.97,medium,CA,1628.74,False,1729
3383,128,41481.44,3,324.07375,668.81,low,US,663.45,False,2105
3384,129,24317.32,2,188.5063565891473,958.95,low,US,1030.3,False,2002
3385,118,24404.53,0,206.8180508474576,0.0,low,US,937.98,False,1754
3386,113,3034.08,0,26.850265486725664,0.0,medium,US,37.02,False,562
3387,114,1539.0,0,13.5,0.0,low,US,459.89,False,1702
3388,127,1261.84,0,9.935748031496063,0.0,low,US,186.74,False,1620
3389,124,1876.54,2,15.133387096774193,31.700000000000003,high,US,233.6,False,655
3390,124,36771.17,0,296.54169354838706,0.0,low,US,1857.76,False,1494
3391,131,7925.35,1,60.498854961832066,13.21,low,US,351.66,False,576
3392,121,8893.8,0,73.50247933884297,0.0,low,US,2706.23,False,1159
3393,105,1893.03,0,18.02885714285714,0.0,low,US,138.81,False,1750
3394,114,3194.79,2,28.024473684210527,95.82000000000001,low,US,185.8,False,437
3395,116,8476.84,0,73.07620689655172,0.0,low,US,978.59,False,757
3396,122,23706.73,1,194.31745901639343,268.35,low,US,362.41,False,1747
3397,122,31857.079999999998,2,261.12360655737706,743.85,low,US,649.75,False,1010
3398,117,5554.98,0,47.47846153846154,0.0,low,CA,445.38,False,2104
3399,111,15027.04,1,135.37873873873875,178.27,low,US,433.41,False,47
3400,113,56324.66,0,498.4483185840708,0.0,low,US,374.72,False,1589
3401,125,12820.460000000001,1,102.56368,66.39,low,US,579.14,False,1788
3402,105,110510.59,1,1052.4818095238095,2180.67,low,US,877.85,False,2012
3403,127,15909.84,0,125.27433070866142,0.0,low,US,2106.91,False,368
3404,113,6418.14,0,56.79769911504425,0.0,low,US,410.65,True,2155
3405,104,6790.57,0,65.2939423076923,0.0,low,US,345.75,True,877
3406,107,4008.26,0,37.460373831775705,0.0,low,US,307.9,False,790
3407,128,30383.36,4,237.37,1287.6100000000001,medium,US,1849.75,False,797
3408,119,12438.55,1,104.52563025210084,249.33,low,US,917.17,False,1408
3409,108,1962.3799999999999,1,18.170185185185183,3.83,low,US,89.2,False,1454
3410,138,2339.82,1,16.95521739130435,4.78,low,US,85.73,False,1053
3411,105,12475.19,0,118.81133333333334,0.0,low,US,233.45,False,183
3412,133,27322.93,3,205.43556390977443,1343.94,low,US,606.15,False,2161
3413,109,14520.0,0,133.21100917431193,0.0,low,US,478.13,False,509
3414,124,15434.26,0,124.46983870967742,0.0,medium,DE,783.13,False,232
3415,136,121720.69,2,895.0050735294118,1227.26,low,US,420.78,False,1320
3416,134,23736.98,1,177.14164179104478,431.0,low,US,1733.12,False,920
3417,117,156659.99,0,1338.9742735042735,0.0,low,US,987.23,False,1359
3418,115,19229.38,0,167.21200000000002,0.0,low,US,528.38,False,1921
3419,107,28001.84,0,261.69943925233645,0.0,medium,US,1381.33,True,240
3420,129,5778.45,0,44.794186046511626,0.0,low,US,111.72,False,643
3421,140,89163.73,0,636.8837857142856,0.0,low,US,456.43,False,1145
3422,116,4148.06,0,35.75913793103449,0.0,low,US,557.67,False,1731
3423,106,12887.51,1,121.58028301886793,128.14,low,CA,847.11,False,1327
3424,107,1226.64,1,11.463925233644861,9.81,low,US,105.25,False,856
3425,125,6016.68,0,48.13344,0.0,low,US,389.8,True,1347
3426,124,7684.9800000000005,0,61.97564516129032,0.0,low,US,706.56,False,2146
3427,133,107911.70999999999,1,811.3662406015037,4326.24,low,US,757.06,False,1066
3428,114,54836.61,0,481.0228947368421,0.0,low,US,1432.99,False,1938
3429,104,12994.45,1,124.94663461538462,18.33,low,US,977.85,False,1714
3430,131,7550.57,0,57.63793893129771,0.0,low,US,466.49,False,680
3431,106,7382.93,0,69.65028301886792,0.0,low,US,904.59,False,568
3432,135,7041.25,1,52.157407407407405,291.52,low,US,411.07,False,1693
3433,115,82883.41,0,720.7253043478261,0.0,low,US,562.33,False,478
3434,120,42698.7,0,355.8225,0.0,medium,US,1007.6,False,757
3435,115,11697.1,1,101.71391304347826,195.74,low,US,473.06,False,538
3436,105,6806.0199999999995,1,64.81923809523809,22.19,low,US,682.52,False,1339
3437,132,69631.5,0,527.5113636363636,0.0,low,US,1170.49,False,665
3438,106,8337.55,0,78.65613207547169,0.0,low,US,935.38,False,1452
3439,114,12005.89,0,105.3148245614035,0.0,medium,US,1495.36,False,2049
3440,120,270327.65,0,2252.7304166666668,0.0,low,US,4006.22,False,1821
3441,117,4097.96,1,35.025299145299144,58.1,low,US,927.63,True,2077
3442,101,4390.15,0,43.466831683168316,0.0,medium,US,325.33,True,82
3443,117,11213.06,0,95.83811965811965,0.0,low,US,781.05,False,1013
3444,104,11257.66,0,108.24673076923077,0.0,low,US,751.4,False,505
3445,128,5477.59,1,42.793671875,10.02,low,US,855.91,True,2012
3446,137,151572.41,0,1106.3679562043797,0.0,low,US,1892.24,False,1567
3447,126,9425.91,0,74.80880952380953,0.0,low,CA,108.23,False,721
3448,127,608769.19,0,4793.458188976378,0.0,low,US,1924.56,False,1247
3449,127,52476.97,0,413.20448818897637,0.0,low,US,2605.49,False,1337
3450,127,109237.54,1,860.1381102362204,2229.88,low,DE,821.61,False,1100
3451,117,22720.79,2,194.19478632478632,668.34,low,US,839.6,False,1054
3452,124,17224.05,0,138.90362903225807,0.0,low,DE,396.44,False,149
3453,92,14189.68,0,154.23565217391305,0.0,low,US,495.56,False,1007
3454,132,47532.22,0,360.0925757575758,0.0,low,US,923.49,False,782
3455,111,10828.36,0,97.5527927927928,0.0,low,US,871.48,False,1797
3456,114,46264.3,0,405.82719298245615,0.0,low,US,942.6,False,1898
3457,108,2781.97,0,25.75898148148148,0.0,low,US,866.1,False,1650
3458,122,54867.11,0,449.7304098360656,0.0,low,US,1106.05,False,96
3459,133,12252.33,2,92.12278195488722,196.10000000000002,low,US,1000.23,False,1847
3460,106,3178.98,0,29.990377358490566,0.0,low,CA,195.99,False,886
3461,112,34098.29,1,304.44901785714285,281.02,low,US,1042.15,False,929
3462,113,50951.24,2,450.8959292035398,1182.23,low,US,2624.72,False,2071
3463,115,13358.92,0,116.16452173913044,0.0,low,US,481.08,False,1903
3464,124,211133.02,0,1702.6856451612903,0.0,low,US,1899.85,False,139
3465,128,3030.44,1,23.6753125,109.19,low,US,215.82,False,807
3466,127,6834.59,1,53.81566929133859,41.75,medium,US,479.73,True,1649
3467,125,41785.41,0,334.28328000000005,0.0,low,AU,276.71,False,1193
3468,133,103815.66,1,780.5688721804512,377.72,low,DE,1704.96,False,586
3469,122,381035.23,0,3123.2395901639343,0.0,medium,US,2156.9,False,1163
3470,134,36595.0,1,273.0970149253731,71.36,medium,US,450.66,False,1901
3471,125,42254.27,0,338.03416,0.0,low,US,1413.69,False,512
3472,106,54634.47,3,515.4195283018868,3958.2799999999997,low,US,2176.7,False,1641
3473,121,3168.2400000000002,2,26.183801652892566,14.0,high,US,478.36,False,1617
3474,117,7108.59,1,60.757179487179485,12.03,low,US,553.78,False,1943
3475,107,64820.53,1,605.7993457943925,731.15,low,CA,953.61,False,673
3476,115,13801.23,3,120.01069565217391,83.76,low,US,230.84,False,496
3477,120,7166.49,1,59.720749999999995,46.46,low,US,544.08,False,1212
3478,132,152240.72,1,1153.3387878787878,511.16,low,US,3389.74,False,1177
3479,124,51833.26,0,418.01016129032257,0.0,low,US,314.19,False,914
3480,121,80354.37,2,664.0857024793388,941.88,low,US,1062.57,False,1713
3481,115,17792.84,1,154.72034782608696,1127.28,low,US,789.52,False,1755
3482,131,23661.24,0,180.62015267175573,0.0,low,GB,425.22,False,560
3483,99,5656.84,0,57.13979797979798,0.0,medium,GB,601.54,True,1748
3484,116,144985.47,1,1249.8747413793103,586.64,low,US,2385.96,False,528
3485,108,186045.89,2,1722.6471296296297,5111.219999999999,high,US,810.98,False,910
3486,123,12616.54,0,102.57349593495935,0.0,medium,US,933.4,False,88
3487,112,56588.39,1,505.25348214285714,1340.62,low,US,2081.36,False,765
3488,144,10658.52,0,74.0175,0.0,low,US,379.76,False,2100
3489,109,11022.5,1,101.12385321100918,76.42,low,US,192.05,True,985
3490,125,44174.44,0,353.39552000000003,0.0,high,US,2419.98,False,1563
3491,130,72927.5,1,560.9807692307693,1248.51,low,DE,557.17,False,263
3492,132,21482.96,0,162.74969696969697,0.0,low,US,1101.29,False,1402
3493,128,11445.74,1,89.41984375,20.38,low,US,248.12,False,832
3494,135,10809.19,0,80.06807407407408,0.0,low,US,699.02,False,1637
3495,128,2875.21,1,22.462578125,17.18,low,US,183.6,False,2034
3496,119,27519.010000000002,0,231.2521848739496,0.0,low,US,521.84,False,1178
3497,121,3385.4,0,27.978512396694217,0.0,low,US,275.03,False,252
3498,130,6132.0199999999995,0,47.169384615384615,0.0,low,US,223.66,False,1058
3499,116,4023.76,2,34.687586206896555,43.7,low,US,375.1,False,295
3500,108,1247.45,0,11.550462962962964,0.0,low,US,62.55,False,1000
3501,137,14782.52,3,107.90160583941606,1565.4099999999999,medium,US,173.48,False,162
3502,144,60174.12,1,417.87583333333333,101.4,low,US,996.42,False,1413
3503,130,5081.34,0,39.08723076923077,0.0,low,US,673.78,False,700
3504,128,2840.55,1,22.191796875,30.32,medium,US,187.4,False,465
3505,116,4296.88,1,37.042068965517245,180.47,low,DE,806.81,False,67
3506,125,3812.06,0,30.49648,0.0,low,US,223.54,False,1948
3507,125,196580.87,0,1572.64696,0.0,medium,US,943.66,False,1838
3508,117,24893.43,1,212.76435897435897,133.29,low,US,444.04,False,1783
3509,131,29800.12,1,227.4818320610687,29.97,low,US,367.74,False,155
3510,121,5314.93,2,43.92504132231405,62.839999999999996,low,US,453.98,False,785
3511,121,92990.39,0,768.5156198347107,0.0,low,US,4932.37,False,2128
3512,101,14257.77,0,141.1660396039604,0.0,low,US,248.91,False,1279
3513,114,9435.57,1,82.76815789473685,36.18,low,US,604.2,False,307
3514,126,34642.21,0,274.9381746031746,0.0,low,US,995.49,False,334
3515,135,2929.69,2,21.70140740740741,61.31,low,US,207.23,False,598
3516,112,12647.94,0,112.92803571428571,0.0,low,US,117.35,False,2130
3517,135,8161.05,2,60.452222222222225,134.07,low,US,286.86,True,396
3518,103,6468.35,0,62.7995145631068,0.0,low,GB,976.05,False,1980
3519,129,5313.61,0,41.190775193798444,0.0,low,US,362.2,True,1494
3520,143,14491.29,1,101.33769230769231,138.93,low,CA,400.22,False,2021
3521,111,29232.31,1,263.35414414414413,304.57,medium,US,1118.44,False,1814
3522,101,3517.88,0,34.830495049504954,0.0,low,US,238.48,False,747
3523,106,1460.97,0,13.782735849056603,0.0,low,AU,454.92,False,1818
3524,116,2202.65,0,18.988362068965518,0.0,low,US,126.16,False,395
3525,107,1933.13,1,18.066635514018692,107.99,low,US,657.63,False,658
3526,139,49152.52,2,353.61525179856113,1374.8600000000001,high,US,605.8,False,487
3527,130,84013.57,1,646.2582307692309,747.13,low,GB,1008.26,False,317
3528,121,6881.15,1,56.869008264462806,48.1,low,US,175.79,False,224
3529,116,36726.24,0,316.6055172413793,0.0,low,US,414.59,False,434
3530,129,9073.74,0,70.33906976744186,0.0,low,US,155.93,True,289
3531,125,4090.42,0,32.72336,0.0,low,US,394.85,False,851
3532,128,171304.08,3,1338.313125,5771.82,high,US,1869.84,False,184
3533,115,14156.19,1,123.0973043478261,106.36,low,US,369.19,False,162
3534,121,3855.69,0,31.865206611570247,0.0,low,US,144.12,False,2168
3535,119,6149.47,1,51.67621848739496,31.39,low,US,267.23,False,219
3536,113,3209.68,0,28.40424778761062,0.0,low,US,115.6,False,189
3537,113,6055.39,1,53.587522123893805,112.38,low,US,153.52,False,95
3538,126,60174.4,0,477.57460317460317,0.0,low,US,901.35,False,316
3539,123,2814.97,2,22.88593495934959,59.790000000000006,low,US,134.07,False,1170
3540,127,49258.05,1,387.8586614173229,288.77,low,US,652.69,False,1816
3541,116,5849.63,0,50.427844827586206,0.0,medium,US,504.3,False,1617
3542,113,14422.539999999999,1,127.63309734513274,53.56,low,US,305.4,False,1283
3543,117,4983.65,0,42.595299145299144,0.0,medium,US,604.63,False,213
3544,115,30845.16,1,268.2187826086957,384.73,low,US,211.9,False,1702
3545,115,33633.96,2,292.4692173913043,2036.46,low,US,1050.23,False,110
3546,133,2322.11,0,17.459473684210526,0.0,low,US,262.83,False,1392
3547,97,8379.91,0,86.39082474226804,0.0,low,CA,348.02,True,914
3548,123,3889.93,1,31.625447154471544,46.17,low,US,312.68,False,1935
3549,107,16256.97,2,151.93429906542056,855.3,low,US,916.47,False,694
3550,128,62734.9,0,490.11640625,0.0,low,US,804.32,False,1409
3551,109,7832.89,2,71.861376146789,312.14,medium,US,46.55,False,980
3552,105,15227.45,0,145.02333333333334,0.0,low,US,619.44,True,1157
3553,98,7787.72,0,79.4665306122449,0.0,low,US,102.5,False,2057
3554,136,12158.2,1,89.39852941176471,20.42,low,CA,362.42,False,1569
3555,127,118393.41,0,932.2315748031497,0.0,low,US,447.04,False,925
3556,133,16104.39,0,121.08563909774436,0.0,low,US,358.94,False,996
3557,116,2776.31,1,23.933706896551723,17.2,medium,US,773.35,False,1551
3558,111,34170.95,0,307.84639639639636,0.0,low,US,942.06,False,777
3559,105,2526.22,0,24.059238095238094,0.0,medium,US,245.64,True,392
3560,113,7633.09,1,67.54946902654868,331.59,low,US,237.74,False,1040
3561,130,38488.05,2,296.0619230769231,278.7,low,US,477.05,False,177
3562,146,13283.43,2,90.98239726027397,302.05,low,US,122.81,False,396
3563,91,1843.18,1,20.254725274725274,5.51,low,US,320.77,False,938
3564,145,145141.67,1,1000.9770344827587,5396.68,medium,US,1657.84,False,1750
3565,131,4627.48,0,35.3242748091603,0.0,low,US,127.02,False,1717
3566,121,11784.87,3,97.39561983471076,160.01999999999998,low,US,362.82,False,593
3567,108,6071.41,0,56.216759259259256,0.0,low,DE,289.15,False,941
3568,113,47362.1,1,419.13362831858404,49.55,low,US,2995.12,False,361
3569,123,5771.52,0,46.9229268292683,0.0,low,GB,303.66,False,1661
3570,109,2662.09,1,24.42284403669725,118.29,medium,DE,319.95,False,562
3571,139,2982.58,2,21.457410071942444,155.64999999999998,low,US,194.87,False,1756
3572,122,36492.44,1,299.1183606557377,431.13,low,CA,496.9,False,1848
3573,119,76036.73,0,638.9641176470587,0.0,low,US,628.38,False,1518
3574,114,2966.71,0,26.023771929824562,0.0,low,US,222.02,False,743
3575,124,6572.0,0,53.0,0.0,low,US,1199.73,False,2088
3576,97,20198.16,2,208.22845360824743,424.74,low,US,628.89,False,1511
3577,112,23424.99,4,209.15169642857146,2203.43,low,US,1060.73,False,1425
3578,117,9938.19,0,84.94179487179488,0.0,low,US,366.75,False,1879
3579,102,23472.9,1,230.12647058823532,858.36,medium,US,613.31,False,1933
3580,124,1352.27,1,10.90540322580645,8.21,medium,US,406.76,False,197
3581,116,10775.8,0,92.89482758620689,0.0,low,US,1829.71,False,1934
3582,123,22256.09,2,180.94382113821138,222.53000000000003,low,GB,547.1,False,1682
3583,104,7542.34,0,72.52250000000001,0.0,low,US,496.65,False,476
3584,123,1976.22,0,16.066829268292683,0.0,low,US,326.22,False,694
3585,122,14018.53,0,114.90598360655738,0.0,low,AU,309.71,False,1655
3586,138,53776.36,0,389.68376811594203,0.0,low,US,610.3,False,497
3587,96,23264.06,2,242.33395833333336,290.70000000000005,low,GB,1030.32,False,1007
3588,109,12727.78,1,116.76862385321101,38.04,medium,AU,266.11,False,1518
3589,111,6673.68,0,60.123243243243245,0.0,medium,US,552.21,False,1435
3590,146,15134.97,3,103.66417808219178,466.97,low,US,581.58,False,1995
3591,115,37093.21,0,322.54965217391305,0.0,low,US,680.3,True,270
3592,139,6214.48,2,44.70848920863309,97.78,low,US,105.98,False,667
3593,110,3869.26,2,35.17509090909091,79.26,low,US,214.38,False,2157
3594,118,2189.49,1,18.555,13.55,low,US,144.13,False,1258
3595,109,765.95,1,7.027064220183487,15.09,high,US,507.55,False,567
3596,117,21296.7,0,182.02307692307693,0.0,low,US,219.01,False,656
3597,114,9057.15,1,79.44868421052631,41.52,low,US,315.26,False,762
3598,124,4963.57,1,40.02879032258064,49.57,low,GB,168.2,False,1227
3599,109,18866.31,0,173.0854128440367,0.0,low,US,342.78,False,644
3600,110,34927.82,0,317.52563636363635,0.0,low,CA,179.16,True,1373
3601,122,16619.87,2,136.2284426229508,344.19,low,US,974.69,False,991
3602,140,17066.0,1,121.9,11.77,low,US,758.47,False,1348
3603,152,58370.11,1,384.01388157894735,199.58,low,US,564.09,True,365
3604,127,9360.15,0,73.70196850393701,0.0,low,US,375.5,False,1376
3605,123,4416.27,1,35.904634146341465,11.09,low,US,78.73,True,2027
3606,139,7691.34,0,55.33338129496403,0.0,low,US,326.23,False,321
3607,124,2460.25,1,19.840725806451612,83.06,medium,US,248.31,False,737
3608,108,11666.0,0,108.01851851851852,0.0,low,US,615.57,False,1528
3609,99,30636.5,1,309.45959595959596,161.01,low,US,860.69,False,1363
3610,95,14053.25,1,147.92894736842106,449.77,low,US,659.95,False,1487
3611,104,28364.170000000002,0,272.7324038461539,0.0,low,US,1535.69,False,1238
3612,112,14674.76,1,131.02464285714285,662.24,low,US,295.46,False,1504
3613,116,25825.84,0,222.63655172413795,0.0,low,US,284.63,False,1346
3614,140,50403.76,0,360.0268571428572,0.0,low,US,1254.0,True,189
3615,103,15129.55,5,146.88883495145632,1017.4100000000001,high,US,572.26,False,1652
3616,112,8465.11,0,75.5813392857143,0.0,low,US,394.53,True,995
3617,109,121996.27,0,1119.2318348623853,0.0,low,US,2596.37,False,141
3618,127,37546.17,3,295.6391338582677,1872.5500000000002,medium,US,828.78,False,913
3619,128,7774.39,1,60.737421875,44.92,low,US,415.1,False,969
3620,129,4369.19,2,33.86968992248062,104.34,low,GB,265.77,False,217
3621,108,43379.52,0,401.66222222222217,0.0,low,US,1625.97,False,2181
3622,123,30382.02,1,247.00829268292682,210.02,low,US,593.65,False,510
3623,140,51084.45,1,364.88892857142855,98.71,low,US,503.74,True,744
3624,119,19431.95,2,163.2936974789916,602.02,low,US,905.65,False,982
3625,115,4367.71,0,37.98008695652174,0.0,low,US,1087.98,False,1828
3626,127,68825.65,1,541.9342519685039,108.11,medium,US,808.26,True,1634
3627,116,49744.5,0,428.8318965517241,0.0,low,US,1091.79,True,1695
3628,119,3383.06,0,28.4290756302521,0.0,low,US,739.69,False,542
3629,114,38253.42,1,335.5563157894737,79.98,low,US,811.92,False,1856
3630,134,24039.29,0,179.3976865671642,0.0,low,US,255.07,False,1822
3631,132,80526.16,0,610.0466666666667,0.0,low,US,2513.22,False,1031
3632,136,18810.66,1,138.31367647058823,465.1,low,US,162.34,False,1208
3633,121,6848.07,0,56.59561983471074,0.0,medium,US,650.95,False,110
3634,122,16833.97,1,137.98336065573773,38.88,low,US,147.96,False,1672
3635,123,10609.34,0,86.25479674796748,0.0,low,US,451.1,False,2105
3636,134,25681.09,2,191.64992537313432,507.08,low,US,294.66,False,1050
3637,126,14216.95,1,112.83293650793651,47.29,low,US,556.79,False,1197
3638,119,33044.28,0,277.683025210084,0.0,low,US,670.2,False,1108
3639,104,3225.79,1,31.017211538461538,21.05,low,US,208.37,False,208
3640,123,37047.45,2,301.19878048780487,722.23,low,US,479.88,False,1368
3641,125,31059.14,1,248.47312,137.49,low,AU,1727.29,False,1588
3642,124,4195.8,1,33.83709677419355,79.87,low,AU,151.25,False,2034
3643,127,6190.67,0,48.74543307086614,0.0,low,DE,228.46,False,2038
3644,136,7110.51,1,52.28316176470588,57.43,low,US,1069.21,False,1092
3645,121,4890.86,3,40.42033057851239,97.47,low,US,528.37,False,2101
3646,131,59394.25,2,453.3912213740458,3217.0499999999997,low,US,564.56,False,1171
3647,112,99888.26,0,891.8594642857142,0.0,low,US,1236.54,False,1416
3648,137,16925.1,3,123.54087591240875,321.82,low,US,241.13,False,1330
3649,128,1558.81,1,12.178203125,3.5,medium,US,308.77,False,2187
3650,121,6072.91,0,50.189338842975204,0.0,low,US,276.34,False,1623
3651,111,13220.83,1,119.10657657657657,21.05,low,US,360.18,False,289
3652,129,5409.03,2,41.930465116279066,55.4,high,US,1645.12,False,185
3653,131,2151.7599999999998,0,16.425648854961832,0.0,low,US,106.59,False,915
3654,111,1255.85,1,11.313963963963964,3.07,low,US,168.21,False,1143
3655,116,5670.93,1,48.8873275862069,13.43,low,US,144.15,False,1474
3656,113,50860.57,0,450.0935398230088,0.0,low,US,1739.8,False,1070
3657,117,3740.35,2,31.968803418803418,32.96,low,GB,283.45,False,1141
3658,118,3146.91,1,26.66872881355932,16.11,medium,US,367.23,True,2020
3659,125,12627.48,1,101.01984,403.44,low,GB,115.22,False,753
3660,132,2993.93,1,22.681287878787877,36.83,low,US,389.11,False,1095
3661,118,7789.87,0,66.01584745762712,0.0,low,US,1074.78,False,1233
3662,123,8911.48,1,72.45105691056911,55.42,medium,US,618.73,False,1041
3663,105,14142.92,0,134.6944761904762,0.0,low,US,447.16,False,2121
3664,106,7769.88,1,73.30075471698113,49.45,low,US,120.49,False,2108
3665,123,5697.61,1,46.3220325203252,145.14,low,US,366.81,False,1138
3666,133,34341.36,1,258.2057142857143,286.18,low,US,562.41,False,1003
3667,142,4331.41,0,30.50288732394366,0.0,low,US,201.82,False,1302
3668,139,45616.55,2,328.176618705036,957.2099999999999,low,US,888.38,False,420
3669,108,15862.12,0,146.87148148148148,0.0,low,US,1092.87,True,950
3670,134,10020.82,1,74.78223880597015,608.1,low,US,306.19,False,498
3671,124,6700.03,0,54.0325,0.0,low,US,946.95,False,341
3672,119,80262.72,1,674.4766386554622,732.28,low,US,446.41,False,235
3673,136,74388.74,2,546.9760294117648,1031.0900000000001,low,GB,1383.57,False,1298
3674,133,179190.57,1,1347.2975187969926,1385.86,low,US,3074.0,False,31
3675,121,4073.95,1,33.66900826446281,189.29,low,US,184.14,False,1425
3676,122,48897.75,1,400.80122950819674,1745.68,low,US,984.9,False,963
3677,131,8144.49,0,62.17167938931298,0.0,low,CA,1594.74,False,821
3678,139,59032.83,2,424.696618705036,323.52,medium,US,205.69,False,1691
3679,127,17095.82,1,134.61275590551182,45.6,low,GB,293.65,False,1193
3680,111,10181.33,1,91.72369369369369,328.21,low,US,290.69,False,1614
3681,115,5453.82,0,47.424521739130434,0.0,low,US,437.25,False,1562
3682,133,59166.28,0,444.8592481203007,0.0,medium,US,357.55,False,99
3683,113,8680.81,1,76.82132743362831,48.61,low,US,412.21,False,495
3684,135,141590.3,0,1048.817037037037,0.0,low,US,1047.53,False,1261
3685,108,5666.2699999999995,1,52.46546296296296,201.17,low,US,89.46,False,2137
3686,129,2081.29,1,16.134031007751936,52.98,low,US,205.1,False,363
3687,104,32862.23,1,315.9829807692308,770.22,medium,US,900.49,False,258
3688,128,42661.64,0,333.2940625,0.0,medium,US,810.38,False,2062
3689,129,26144.86,0,202.67333333333335,0.0,low,US,190.05,False,2118
3690,137,42636.33,1,311.2140875912409,32.13,low,US,815.44,True,391
3691,118,33573.02,1,284.51711864406775,968.76,low,US,1626.49,False,897
3692,120,2299.13,1,19.15941666666667,8.65,low,CA,471.48,False,1383
3693,127,3359.75,1,26.45472440944882,13.88,medium,US,198.91,False,451
3694,119,11905.89,1,100.04949579831933,21.85,low,US,1082.97,False,734
3695,128,168161.5,1,1313.76171875,1829.16,low,US,2323.29,False,883
3696,94,1983.52,2,21.101276595744682,61.62,low,US,221.95,False,1415
3697,109,3834.52,0,35.17908256880734,0.0,low,US,510.47,False,695
3698,116,35926.74,1,309.71327586206894,214.77,low,US,1314.41,False,920
3699,127,6984.99,0,54.999921259842516,0.0,low,US,546.66,False,655
3700,112,6638.11,0,59.268839285714286,0.0,low,US,102.25,False,1670
3701,116,61748.19,1,532.3119827586207,446.17,low,US,734.42,True,360
3702,137,8000.08,2,58.394744525547445,75.77000000000001,low,US,204.19,False,528
3703,101,1228.73,2,12.165643564356436,10.61,high,US,157.02,False,569
3704,118,25496.92,1,216.07559322033896,100.74,low,US,104.07,False,1986
3705,113,45652.01,1,404.00008849557526,1999.61,low,US,1438.51,False,2070
3706,119,13563.76,0,113.98117647058824,0.0,low,US,232.47,False,1110
3707,122,24398.06,1,199.98409836065574,124.57,low,US,665.14,False,367
3708,125,36236.38,0,289.89104,0.0,low,US,829.7,False,1663
3709,113,3162.89,0,27.99017699115044,0.0,low,US,570.0,False,1092
3710,116,11291.15,0,97.33749999999999,0.0,low,CA,643.49,False,1865
3711,120,49135.24,1,409.4603333333333,514.83,low,US,694.33,False,807
3712,134,11381.17,1,84.93410447761194,98.27,medium,US,557.96,False,2187
3713,95,7985.85,1,84.06157894736843,30.18,low,US,248.6,False,1773
3714,130,2472.3,2,19.017692307692307,47.06999999999999,low,US,229.43,False,513
3715,95,931.15,0,9.801578947368421,0.0,low,US,448.32,False,1597
3716,109,4564.14,0,41.87284403669725,0.0,low,US,439.86,False,649
3717,109,25566.75,2,234.55733944954127,1569.3799999999999,low,US,725.16,False,785
3718,118,112542.34,0,953.7486440677966,0.0,low,US,1328.07,False,570
3719,134,9246.69,1,69.00514925373135,35.97,low,US,671.5,False,1503
3720,109,1122.94,1,10.302201834862386,7.35,low,US,237.51,False,597
3721,141,1686.17,0,11.958652482269503,0.0,low,US,69.2,False,1409
3722,156,52015.37,1,333.431858974359,214.05,low,US,246.65,False,1288
3723,112,1764.43,0,15.753839285714287,0.0,low,US,146.93,False,1651
3724,120,16780.63,0,139.83858333333333,0.0,low,US,255.36,False,2176
3725,119,10901.76,2,91.61142857142858,535.78,low,US,612.81,False,49
3726,117,24527.88,0,209.64000000000001,0.0,low,US,531.63,False,2169
3727,114,327310.0,0,2871.1403508771928,0.0,low,US,2623.75,False,266
3728,102,9189.24,0,90.09058823529412,0.0,low,US,761.11,False,1167
3729,121,73033.16,0,603.5798347107439,0.0,low,US,2746.96,False,766
3730,97,4707.79,0,48.5339175257732,0.0,low,US,937.88,False,1410
3731,97,132915.98,0,1370.2678350515464,0.0,low,US,1309.15,False,1588
3732,102,11412.76,1,111.88980392156863,159.53,low,US,356.73,False,1887
3733,110,3491.79,2,31.743545454545455,432.35,medium,US,187.34,False,898
3734,115,15751.48,0,136.96939130434782,0.0,low,US,328.96,False,2045
3735,113,40670.1,1,359.91238938053095,326.56,low,US,487.51,False,726
3736,124,3373.19,1,27.203145161290323,16.04,high,US,279.96,False,470
3737,120,31247.12,2,260.3926666666667,756.46,low,US,200.13,False,848
3738,102,3630.46,0,35.59274509803922,0.0,low,US,717.06,False,1171
3739,118,3215.69,1,27.251610169491524,94.62,low,US,199.37,False,1473
3740,121,4726.83,1,39.064710743801655,60.6,low,AU,123.95,False,1828
3741,130,4867.0199999999995,1,37.43861538461538,19.6,low,US,179.49,False,515
3742,121,11072.44,0,91.50776859504133,0.0,low,US,399.05,False,684
3743,120,1897.21,0,15.810083333333333,0.0,low,CA,201.98,True,2057
3744,111,5740.53,1,51.71648648648648,390.77,low,US,401.3,False,979
3745,107,18386.18,0,171.83345794392523,0.0,low,US,845.9,False,551
3746,123,30045.93,0,244.2758536585366,0.0,low,US,826.33,False,2158
3747,114,6188.42,0,54.28438596491228,0.0,low,US,271.85,False,999
3748,112,2822.71,0,25.202767857142856,0.0,low,US,152.39,False,2157
3749,115,835.92,1,7.268869565217391,6.9,low,US,293.52,False,2015
3750,116,31940.98,1,275.353275862069,150.82,low,DE,888.98,True,1987
3751,117,4364.63,1,37.304529914529915,203.58,low,US,1096.94,False,1286
3752,128,28204.08,0,220.344375,0.0,low,US,676.95,False,1754
3753,118,12414.9,1,105.21101694915254,57.05,low,US,1452.86,False,2104
3754,115,99373.47,0,864.1171304347827,0.0,medium,US,2336.2,False,611
3755,130,7365.95,0,56.661153846153844,0.0,low,US,318.97,False,111
3756,145,184144.87,0,1269.9646206896552,0.0,low,US,1877.9,True,723
3757,113,2610.0099999999998,0,23.097433628318583,0.0,low,US,389.75,False,1405
3758,148,47985.79,2,324.2283108108108,1266.9699999999998,medium,US,1233.81,False,1212
3759,120,39711.06,0,330.9255,0.0,low,US,932.36,False,204
3760,134,2131.9900000000002,1,15.91037313432836,20.0,low,US,83.15,False,1241
3761,125,4370.99,1,34.96792,7.84,low,GB,206.52,False,406
3762,113,3114.54,0,27.562300884955754,0.0,low,US,164.16,False,1121
3763,123,2041.65,0,16.598780487804877,0.0,medium,US,99.1,True,1273
3764,129,12226.85,0,94.78178294573644,0.0,low,CA,1087.22,False,1405
3765,113,24052.78,0,212.85646017699113,0.0,low,CA,3171.29,False,921
3766,109,48825.52,0,447.94055045871556,0.0,low,US,390.76,False,911
3767,110,37609.21,0,341.9019090909091,0.0,low,US,1062.88,False,1495
3768,123,21862.14,1,177.7409756097561,169.62,low,CA,1874.62,False,1648
3769,127,28001.69,2,220.48574803149606,208.12,low,US,594.37,False,1774
3770,117,13035.72,1,111.41641025641024,45.91,low,CA,481.65,False,750
3771,138,3754.6,2,27.207246376811593,135.85,low,CA,395.0,False,946
3772,131,32058.28,2,244.71969465648854,1356.16,low,US,799.35,False,744
3773,134,483706.24,1,3609.7480597014924,1235.56,low,US,1082.71,False,1169
3774,110,12040.82,3,109.462,255.35,high,US,746.67,True,304
3775,134,87813.09,1,655.3215671641791,153.58,low,US,723.95,True,958
3776,109,39634.16,1,363.6161467889909,887.76,low,US,470.56,False,437
3777,112,2810.09,0,25.09008928571429,0.0,low,US,117.49,False,1179
3778,126,145762.61,2,1156.846111111111,744.75,low,US,1105.38,False,1867
3779,130,16188.87,0,124.52976923076923,0.0,low,US,155.06,False,2158
3780,105,20133.01,0,191.74295238095237,0.0,low,US,860.44,True,993
3781,126,482502.93,2,3829.3883333333333,26866.109999999997,low,US,972.78,False,151
3782,106,1932.1399999999999,2,18.227735849056604,21.880000000000003,low,US,176.55,True,522
3783,123,1685.01,0,13.699268292682927,0.0,low,US,285.14,False,256
3784,118,60535.58,0,513.0133898305085,0.0,low,US,3325.34,False,1670
3785,126,34861.79,0,276.68087301587303,0.0,low,US,458.73,False,2156
3786,129,26043.4,2,201.88682170542637,212.94,low,CA,164.32,True,1226
3787,122,9176.37,1,75.21614754098361,57.01,low,US,1013.12,False,411
3788,108,1563.23,0,14.474351851851852,0.0,low,US,245.82,False,75
3789,125,13684.67,1,109.47736,135.51,low,US,87.49,False,2138
3790,100,6213.28,0,62.132799999999996,0.0,low,US,786.66,False,713
3791,112,3428.4300000000003,0,30.610982142857146,0.0,low,US,215.95,False,271
3792,118,6660.87,1,56.44805084745763,128.43,low,AU,657.91,False,412
3793,130,3566.84,1,27.43723076923077,75.32,low,US,237.12,False,581
3794,96,9973.61,1,103.89177083333334,121.91,low,US,931.21,False,1446
3795,131,54570.93,0,416.57198473282443,0.0,low,US,581.23,False,1956
3796,111,1554.1,0,14.0009009009009,0.0,low,US,47.93,False,624
3797,120,12989.83,0,108.24858333333333,0.0,low,US,694.93,True,1514
3798,146,10931.73,0,74.87486301369863,0.0,low,US,379.65,False,170
3799,120,47121.5,0,392.6791666666667,0.0,low,GB,1763.48,False,51
3800,124,5272.0,1,42.516129032258064,15.89,low,US,703.23,True,148
3801,94,20964.05,1,223.0218085106383,96.54,low,GB,973.15,False,2023
3802,91,3125.23,2,34.34318681318681,240.95999999999998,low,US,259.96,False,1286
3803,131,10273.5,0,78.42366412213741,0.0,low,US,242.0,False,1769
3804,123,2327.36,0,18.921626016260163,0.0,low,US,481.5,False,76
3805,132,8768.59,2,66.42871212121213,133.57,medium,US,356.18,False,78
3806,134,36931.94,1,275.61149253731344,698.39,low,US,1642.88,False,1863
3807,113,1484.59,0,13.13796460176991,0.0,low,US,429.24,False,251
3808,118,1750.6,2,14.835593220338982,13.99,medium,US,163.64,False,365
3809,123,13640.03,2,110.89455284552847,280.94,low,AU,233.97,False,1150
3810,123,63856.37,1,519.1574796747967,929.67,low,US,1174.44,False,1340
3811,115,6257.69,2,54.41469565217391,180.91,low,US,423.89,False,524
3812,137,21004.06,0,153.31430656934307,0.0,low,US,403.98,False,990
3813,123,50230.88,1,408.3811382113821,189.97,low,US,1279.43,True,1487
3814,114,5297.49,0,46.469210526315784,0.0,low,US,216.31,False,986
3815,115,2540.97,2,22.095391304347825,28.61,low,US,65.91,False,856
3816,126,1151.26,0,9.136984126984126,0.0,low,US,228.7,False,185
3817,124,13186.24,0,106.34064516129033,0.0,low,US,612.7,False,1006
3818,109,12061.93,2,110.65990825688074,940.39,low,US,393.64,False,1763
3819,113,3097.19,0,27.408761061946905,0.0,low,GB,120.98,False,1383
3820,108,13348.14,3,123.59388888888888,336.73,medium,GB,1229.61,True,1958
3821,130,15341.12,1,118.0086153846154,4.18,low,US,570.86,False,302
3822,120,70160.1,0,584.6675,0.0,medium,US,699.32,False,53
3823,128,79929.73,0,624.451015625,0.0,low,US,718.85,False,1214
3824,115,1784.3,1,15.515652173913043,3.06,low,US,153.14,False,415
3825,124,8432.1,0,68.0008064516129,0.0,low,US,647.16,False,1313
3826,102,11650.47,1,114.22029411764706,60.81,low,US,1115.11,False,1982
3827,119,13294.630000000001,1,111.71957983193278,140.93,low,AU,1375.1,False,758
3828,118,11025.04,1,93.43254237288136,171.48,medium,US,943.07,False,1216
3829,128,5323.8,0,41.5921875,0.0,low,GB,781.97,False,1502
3830,125,1730.24,0,13.84192,0.0,low,GB,103.16,False,354
3831,121,58140.51,0,480.5000826446281,0.0,low,US,486.17,False,1968
3832,110,27548.2,1,250.43818181818182,360.78,low,AU,208.32,False,468
3833,109,8815.26,0,80.87394495412845,0.0,low,US,1562.36,False,1775
3834,115,90484.26,3,786.819652173913,2868.84,high,US,1362.86,False,1455
3835,118,20380.44,1,172.71559322033897,113.06,low,US,209.46,False,334
3836,138,28367.22,2,205.5595652173913,112.95,low,US,472.78,False,1595
3837,108,3950.9,0,36.58240740740741,0.0,low,US,616.25,False,454
3838,126,19260.19,3,152.85865079365078,454.84,low,US,1108.44,False,1324
3839,105,2115.61,1,20.148666666666667,14.58,high,US,109.06,False,2102
3840,131,1104.1,3,8.42824427480916,20.62,medium,US,67.45,False,2088
3841,119,6603.11,0,55.48831932773109,0.0,low,US,509.96,False,1911
3842,113,6562.85,2,58.0783185840708,118.15,high,US,50.49,False,1097
3843,128,39908.16,0,311.7825,0.0,low,US,568.34,True,1238
3844,140,147415.66,0,1052.969,0.0,low,US,839.65,False,678
3845,115,124740.86,0,1084.7031304347827,0.0,low,US,1498.88,False,2019
3846,130,2175.59,1,16.735307692307693,60.36,low,US,281.38,False,1060
3847,118,5944.74,0,50.37915254237288,0.0,low,US,569.67,True,1696
3848,108,37402.48,0,346.3192592592593,0.0,low,US,885.68,False,806
3849,128,14813.7,0,115.73203125,0.0,low,US,171.03,True,1629
3850,120,33800.44,0,281.67033333333336,0.0,medium,US,1123.06,False,514
3851,129,29407.8,4,227.9674418604651,1739.85,high,US,630.75,False,1614
3852,112,13658.73,0,121.95294642857142,0.0,low,US,285.74,False,129
3853,114,3260.69,0,28.602543859649124,0.0,low,US,559.61,False,256
3854,139,6132.25,0,44.11690647482014,0.0,low,US,434.68,False,790
3855,116,14453.11,0,124.59577586206898,0.0,low,US,994.33,False,1071
3856,122,7090.66,0,58.12016393442623,0.0,low,GB,356.23,False,1566
3857,126,9033.47,0,71.69420634920634,0.0,low,US,604.49,False,805
3858,125,1849.63,0,14.79704,0.0,low,CA,281.79,False,69
3859,117,3931.83,1,33.605384615384615,36.92,low,US,211.86,False,732
3860,115,9646.61,0,83.88356521739131,0.0,low,US,575.01,False,978
3861,117,8544.48,0,73.02974358974359,0.0,low,US,219.84,False,1204
3862,120,2713.73,3,22.614416666666667,83.23,medium,US,1012.85,False,1421
3863,103,5789.91,1,56.21271844660194,70.4,low,US,839.67,False,564
3864,138,8263.58,1,59.88101449275362,20.45,low,US,247.5,False,1348
3865,124,14970.22,0,120.72758064516128,0.0,low,US,597.29,False,1394
3866,150,4064.77,0,27.098466666666667,0.0,low,US,246.48,False,1707
3867,120,2093.68,1,17.447333333333333,10.19,low,US,116.29,False,1157
3868,112,8541.94,2,76.26732142857144,279.29,low,US,287.87,True,1780
3869,126,6744.76,2,53.52984126984127,67.64,low,CA,470.93,False,508
3870,122,24373.48,0,199.78262295081967,0.0,low,US,787.82,False,1567
3871,107,10465.369999999999,2,97.80719626168224,877.8599999999999,low,CA,563.71,False,129
3872,119,26707.8,0,224.43529411764706,0.0,low,US,1115.33,False,252
3873,123,5268.9400000000005,1,42.8369105691057,42.95,low,AU,203.76,False,1897
3874,102,10698.460000000001,1,104.88686274509804,434.61,low,US,351.07,False,1056
3875,127,37563.05,1,295.7720472440945,1721.49,low,US,2164.47,False,1371
3876,108,3836.5099999999998,1,35.52324074074074,93.89,low,US,86.66,False,1333
3877,134,9013.26,0,67.2631343283582,0.0,low,GB,328.07,False,1530
3878,95,1227.76,0,12.923789473684211,0.0,low,US,187.85,False,560
3879,127,10898.52,1,85.81511811023623,209.19,low,US,413.29,False,415
3880,120,4067.51,2,33.89591666666667,84.17,low,GB,333.28,False,121
3881,114,24050.87,2,210.9725438596491,291.94,low,US,847.2,False,1897
3882,124,4863.94,1,39.225322580645155,63.84,low,US,620.15,False,512
3883,121,7545.48,0,62.359338842975205,0.0,low,US,152.16,False,1272
3884,127,23046.420000000002,0,181.46787401574804,0.0,low,GB,290.22,False,1012
3885,117,12028.27,3,102.8057264957265,723.6600000000001,medium,AU,492.7,True,380
3886,124,27303.85,2,220.19233870967741,203.34,medium,US,958.57,False,924
3887,120,51970.78,0,433.08983333333333,0.0,low,US,4401.32,False,209
3888,116,13061.79,2,112.60163793103449,249.61,low,US,927.52,True,411
3889,113,13965.17,0,123.58557522123894,0.0,low,US,198.1,False,331
3890,125,8535.27,0,68.28216,0.0,low,GB,452.84,False,1810
3891,141,17948.42,0,127.29375886524821,0.0,low,US,579.91,False,1255
3892,101,17113.03,0,169.4359405940594,0.0,low,AU,308.76,False,2029
3893,141,110598.44,2,784.3860992907802,2689.38,low,US,752.37,True,971
3894,122,3107.76,0,25.47344262295082,0.0,low,AU,63.8,False,464
3895,108,32433.47,1,300.3099074074074,1473.47,low,US,810.65,False,1344
3896,99,1591.0,0,16.07070707070707,0.0,low,US,320.94,False,2037
3897,134,2634.65,1,19.661567164179104,2.78,medium,US,446.42,False,1180
3898,119,106279.84,2,893.1078991596638,819.6,low,US,1843.0,False,68
3899,121,2063.14,1,17.050743801652892,25.09,low,US,158.32,False,685
3900,129,4465.09,1,34.6131007751938,90.3,medium,US,629.83,False,2027
3901,121,56095.31,2,463.5976033057851,206.17,low,US,1006.8,False,1149
3902,135,12819.83,1,94.9617037037037,325.98,low,US,574.39,False,2086
3903,114,3458.75,1,30.339912280701753,27.64,low,DE,115.26,False,1130
3904,97,136504.99,0,1407.2679381443297,0.0,low,GB,1661.3,False,56
3905,117,19954.21,0,170.5488034188034,0.0,low,US,407.39,False,1915
3906,137,44662.13,1,326.00094890510945,368.88,low,US,306.5,False,1678
3907,113,7531.9,0,66.65398230088495,0.0,low,US,372.62,True,1574
3908,132,10753.66,0,81.46712121212121,0.0,low,US,349.35,True,2125
3909,119,6572.26,1,55.229075630252105,15.72,high,US,168.82,False,453
3910,128,588060.08,1,4594.219375,7921.54,low,GB,571.61,False,1986
3911,146,16239.92,0,111.23232876712329,0.0,low,CA,287.86,False,532
3912,115,165467.02,0,1438.843652173913,0.0,low,AU,901.27,True,2126
3913,140,12025.380000000001,0,85.89557142857143,0.0,low,US,785.12,False,443
3914,96,28288.1,0,294.66770833333334,0.0,low,GB,2128.35,False,1218
3915,120,66173.21,1,551.4434166666667,597.59,low,US,407.29,False,1734
3916,116,3343.22,2,28.820862068965514,134.34,medium,US,239.15,True,198
3917,116,3476.94,0,29.973620689655174,0.0,low,US,131.27,False,174
3918,106,28403.27,1,267.9553773584906,886.79,low,US,3547.54,False,1865
3919,124,23006.71,0,185.53798387096774,0.0,low,US,894.17,False,160
3920,113,1408.37,0,12.463451327433628,0.0,low,DE,264.23,False,1355
3921,109,164172.31,1,1506.167981651376,553.31,low,US,2261.63,False,2056
3922,140,42883.41,1,306.31007142857146,2143.28,low,US,1669.95,False,1357
3923,121,1754.87,0,14.503057851239669,0.0,low,GB,146.04,False,1068
3924,137,30735.010000000002,0,224.3431386861314,0.0,low,US,250.1,False,931
3925,128,28317.5,0,221.23046875,0.0,low,CA,437.43,False,1408
3926,146,6415.49,0,43.941712328767125,0.0,low,AU,188.09,False,1265
3927,118,15232.72,0,129.09084745762712,0.0,low,US,451.73,False,1113
3928,113,13773.93,2,121.89318584070797,412.72,medium,US,935.2,False,361
3929,106,8999.24,3,84.89849056603774,265.57,low,US,143.17,False,1461
3930,147,33270.38,3,226.3291156462585,467.18,high,US,641.43,False,1627
3931,128,133149.17,2,1040.227890625,7434.080000000001,low,US,1410.43,False,1561
3932,106,48755.34,0,459.956037735849,0.0,low,US,706.41,False,192
3933,112,18689.64,0,166.87178571428572,0.0,low,US,460.33,False,1548
3934,117,3354.79,3,28.6734188034188,67.82,low,US,270.08,False,1606
3935,104,45736.77,1,439.7766346153846,419.4,low,US,1040.81,True,426
3936,123,6213.8,1,50.518699186991874,42.36,low,GB,170.85,False,1863
3937,110,17115.77,0,155.5979090909091,0.0,medium,US,613.09,False,1161
3938,96,32225.08,1,335.6779166666667,1431.6,low,US,504.2,False,1050
3939,102,7306.56,0,71.6329411764706,0.0,low,US,1357.02,False,1591
3940,125,10316.89,2,82.53511999999999,98.03,low,US,291.64,False,1131
3941,126,20189.7,0,160.2357142857143,0.0,low,US,314.83,False,1206
3942,107,1797.28,1,16.797009345794393,18.78,low,US,161.15,False,704
3943,111,33024.47,1,297.51774774774776,271.89,low,US,730.37,False,2034
3944,118,23772.53,3,201.4621186440678,475.38,low,CA,336.49,False,2124
3945,114,7802.6900000000005,1,68.44464912280702,39.39,low,US,226.81,True,311
3946,121,6204.58,1,51.27752066115703,12.78,low,GB,247.12,False,1613
3947,113,16849.38,0,149.1095575221239,0.0,low,DE,799.03,False,80
3948,133,6068.01,1,45.624135338345866,60.37,low,US,182.61,False,827
3949,113,5131.15,1,45.40840707964601,94.32,low,US,197.8,False,2125
3950,122,22193.37,1,181.912868852459,126.62,medium,US,1104.03,False,407
3951,121,3679.7,0,30.41074380165289,0.0,low,US,424.32,False,844
3952,120,9452.35,3,78.76958333333333,274.56,medium,US,1164.33,False,504
3953,127,4223.84,0,33.25858267716536,0.0,low,US,356.59,False,1602
3954,125,4739.16,1,37.91328,23.3,low,US,492.25,False,1032
3955,121,16358.13,0,135.19115702479337,0.0,low,GB,567.18,False,1311
3956,122,52382.52,0,429.3649180327869,0.0,low,US,1717.38,False,2065
3957,109,54094.57,0,496.28045871559635,0.0,low,US,1596.05,False,1155
3958,128,107614.22,1,840.73609375,5331.53,low,US,1391.19,False,1615
3959,121,1747.36,0,14.440991735537189,0.0,low,CA,279.8,False,241
3960,132,4056.2799999999997,1,30.729393939393937,20.14,medium,US,202.73,False,494
3961,118,13616.37,0,115.39296610169492,0.0,low,US,977.22,False,2075
3962,127,282454.46,3,2224.0508661417325,14885.84,low,US,1701.19,False,1886
3963,96,20993.57,0,218.68302083333333,0.0,low,CA,1403.24,False,1448
3964,108,48762.92,2,451.5085185185185,1653.7900000000002,low,US,498.57,False,846
3965,134,60640.35,4,452.53992537313434,2082.17,low,US,948.64,False,461
3966,130,25844.29,0,198.8022307692308,0.0,low,US,963.77,False,1869
3967,131,61696.9,0,470.96870229007635,0.0,low,US,563.43,False,1726
3968,103,3295.32,0,31.993398058252428,0.0,low,US,585.89,False,552
3969,135,8171.25,0,60.52777777777778,0.0,low,US,538.28,False,1304
3970,135,69482.89,0,514.688074074074,0.0,low,US,242.43,False,1366
3971,123,1742.5,1,14.166666666666666,16.54,low,CA,265.75,False,1061
3972,125,60457.11,1,483.65688,456.51,low,US,262.08,False,2031
3973,133,1461.22,0,10.986616541353383,0.0,low,US,116.83,False,298
3974,124,7886.55,3,63.601209677419355,169.99,medium,US,560.36,False,587
3975,133,6109.13,1,45.93330827067669,39.12,low,US,475.08,False,235
3976,120,53233.78,0,443.6148333333333,0.0,low,DE,978.25,False,1526
3977,127,76640.16,2,603.4658267716536,1370.34,low,US,1532.48,False,1421
3978,135,71710.13,0,531.1861481481482,0.0,low,US,1622.73,False,2162
3979,114,103400.69,1,907.0235964912281,2204.27,low,US,1766.26,False,1201
3980,114,1961.05,0,17.20219298245614,0.0,low,CA,249.29,False,355
3981,135,4430.03,1,32.81503703703704,18.38,medium,US,135.81,False,1003
3982,100,25022.55,0,250.22549999999998,0.0,medium,US,1138.73,False,220
3983,123,15380.15,0,125.04186991869918,0.0,low,US,1709.44,False,1479
3984,134,137373.62,0,1025.1762686567163,0.0,low,US,1998.98,False,1486
3985,108,6146.47,2,56.91175925925926,123.12,low,US,762.42,False,1882
3986,124,3154.61,1,25.440403225806453,32.1,low,US,81.69,False,763
3987,116,16227.380000000001,0,139.89120689655172,0.0,low,US,684.75,False,699
3988,128,12874.78,0,100.58421875,0.0,low,US,812.32,False,183
3989,129,34154.45,0,264.7631782945736,0.0,low,US,1520.61,False,926
3990,112,91942.6,0,820.9160714285715,0.0,low,US,1784.09,False,1056
3991,110,25876.29,2,235.239,626.95,low,US,1117.3,False,1659
3992,134,13423.07,3,100.17216417910447,399.49,low,US,290.46,False,1658
3993,130,7439.12,1,57.224,36.23,medium,US,195.16,False,332
3994,112,8120.5,1,72.50446428571429,107.0,low,US,796.77,False,645
3995,117,7657.17,1,65.44589743589744,8.48,low,US,241.49,False,1134
3996,115,20320.61,0,176.70095652173913,0.0,low,US,1858.68,False,753
3997,127,1537.15,0,12.103543307086614,0.0,low,US,106.26,False,85
3998,127,25555.8,0,201.2267716535433,0.0,low,US,820.73,False,1856
3999,109,6815.46,1,62.527155963302754,104.35,medium,US,656.93,False,1609
4000,98,5529.74,0,56.42591836734694,0.0,low,CA,409.08,False,1153
4001,107,23447.95,0,219.13971962616824,0.0,low,US,214.3,False,715
4002,124,3707.86,1,29.90209677419355,4.16,medium,US,77.05,False,1850
4003,116,6420.02,0,55.345000000000006,0.0,low,US,305.43,False,106
4004,131,10802.19,1,82.45946564885496,136.18,low,US,310.29,False,994
4005,113,73598.18,2,651.3113274336282,3534.6400000000003,medium,US,1340.19,False,1760
4006,108,5050.1,0,46.760185185185186,0.0,low,CA,243.58,False,2088
4007,123,6031.9,1,49.03983739837398,33.56,low,US,740.62,False,573
4008,120,6187.84,0,51.565333333333335,0.0,low,AU,154.0,False,1435
4009,137,7860.22,2,57.37386861313869,73.99000000000001,low,US,759.17,False,439
4010,106,2244.29,1,21.17254716981132,29.03,low,US,65.76,False,280
4011,123,18117.41,2,147.2960162601626,411.09000000000003,low,US,3247.91,True,792
4012,123,71783.51,2,583.6057723577235,2226.09,high,US,434.0,True,1941
4013,112,22625.96,0,202.01749999999998,0.0,low,US,39.84,False,1519
4014,114,24194.01,1,212.22815789473682,972.32,low,US,258.28,False,1086
4015,122,6559.69,1,53.76795081967213,29.34,low,US,224.06,False,640
4016,108,31550.48,1,292.1340740740741,1652.5,medium,US,273.08,False,335
4017,98,2941.21,0,30.01234693877551,0.0,low,US,354.9,False,614
4018,135,14437.05,0,106.94111111111111,0.0,low,US,271.41,False,359
4019,134,10613.8,2,79.20746268656715,248.67,low,US,236.33,False,434
4020,104,2015.25,2,19.377403846153847,16.57,low,CA,173.67,False,1515
4021,134,7002.23,0,52.25544776119403,0.0,high,US,1032.37,False,316
4022,123,27434.78,4,223.04699186991868,1040.04,high,US,1452.47,False,132
4023,113,25837.25,0,228.64823008849558,0.0,low,US,391.85,False,1201
4024,139,6116.25,1,44.00179856115108,20.75,low,CA,484.99,False,649
4025,134,4807.42,1,35.87626865671642,32.09,low,US,178.81,False,1012
4026,102,5646.84,0,55.361176470588234,0.0,low,US,525.27,False,331
4027,124,15768.05,1,127.16169354838709,358.58,low,US,606.05,False,483
4028,109,2454.97,0,22.522660550458713,0.0,low,US,404.46,True,982
4029,120,14436.28,1,120.30233333333334,206.41,low,US,703.78,False,1520
4030,125,13468.16,2,107.74528,725.8399999999999,medium,AU,650.56,False,925
4031,132,3518.5,2,26.65530303030303,106.53,low,US,190.81,True,1200
4032,115,15060.79,0,130.96339130434782,0.0,low,US,1441.94,False,1157
4033,120,23909.73,2,199.24775,237.15,low,US,408.76,False,610
4034,121,15702.18,0,129.7700826446281,0.0,low,US,2226.12,False,634
4035,129,88439.72,0,685.5792248062015,0.0,low,AU,719.37,False,949
4036,121,276755.46,2,2287.2352066115704,12390.24,low,US,2903.99,True,99
4037,137,74119.26,0,541.016496350365,0.0,low,US,1419.05,False,1510
4038,129,13871.4,0,107.53023255813953,0.0,low,US,604.54,False,1357
4039,114,18948.32,2,166.21333333333334,292.09000000000003,medium,US,257.03,False,691
4040,120,6420.72,0,53.506,0.0,medium,US,262.06,False,837
4041,121,198530.49,2,1640.7478512396694,19632.38,low,US,796.1,False,739
4042,121,8737.47,1,72.21049586776859,7.57,low,US,560.49,False,1436
4043,135,7548.86,1,55.91748148148148,360.66,low,US,290.0,False,1670
4044,102,5545.93,0,54.37186274509804,0.0,low,GB,1042.89,False,264
4045,128,1724.47,0,13.472421875,0.0,medium,US,510.25,True,922
4046,112,8394.43,0,74.95026785714286,0.0,medium,AU,1048.49,False,59
4047,122,28051.74,1,229.93229508196723,99.43,low,US,204.81,False,1006
4048,130,33749.159999999996,0,259.608923076923,0.0,low,US,1211.39,False,566
4049,125,14028.41,0,112.22728,0.0,low,US,773.48,False,755
4050,118,130217.58,1,1103.538813559322,4972.92,low,US,1447.82,False,1016
4051,121,27826.7,2,229.97272727272727,1357.3200000000002,high,US,1187.6,False,729
4052,124,15200.09,1,122.58137096774193,427.84,low,US,456.48,False,881
4053,131,16642.34,1,127.04076335877863,222.49,low,US,424.61,False,1681
4054,105,27280.43,1,259.81361904761906,724.75,low,US,2452.17,False,1780
4055,108,3225.75,0,29.868055555555557,0.0,low,AU,379.36,False,42
4056,114,49267.19,2,432.16833333333335,793.56,low,US,966.41,False,846
4057,122,9777.45,6,80.14303278688526,674.52,medium,US,349.59,False,1859
4058,120,8962.31,2,74.68591666666666,209.63,low,US,92.23,False,1175
4059,114,4213.5,0,36.96052631578947,0.0,low,US,163.27,False,473
4060,135,22672.3,2,167.94296296296295,340.77,low,GB,710.05,False,1311
4061,99,14091.119999999999,1,142.33454545454543,33.81,low,US,926.13,False,343
4062,109,5409.37,0,49.62724770642202,0.0,low,US,712.15,False,77
4063,137,185061.15,0,1350.811313868613,0.0,low,US,1382.09,False,1396
4064,143,10603.14,0,74.14783216783216,0.0,low,US,700.74,False,1142
4065,117,3590.86,1,30.691111111111113,285.17,low,US,245.25,False,1664
4066,121,41596.73,0,343.7746280991736,0.0,low,DE,841.24,False,774
4067,123,6505.11,0,52.8870731707317,0.0,low,CA,574.01,False,1875
4068,125,23673.66,0,189.38927999999999,0.0,medium,US,293.54,False,939
4069,120,74094.68,0,617.4556666666666,0.0,low,US,753.91,True,1624
4070,135,7503.08,0,55.57837037037037,0.0,low,CA,529.24,False,246
4071,122,2245.26,1,18.40377049180328,6.81,low,US,285.86,False,239
4072,134,84700.84,1,632.0958208955224,770.02,low,GB,419.86,False,1720
4073,110,254622.35,0,2314.7486363636363,0.0,low,US,1758.49,False,1831
4074,102,67251.91,1,659.3324509803922,686.59,low,US,1707.52,False,2065
4075,113,3528.37,1,31.22451327433628,26.29,low,US,583.67,False,731
4076,132,8144.9,1,61.70378787878788,40.28,low,US,518.81,False,78
4077,130,2298.4,1,17.68,32.4,low,US,135.67,False,2146
4078,121,88134.75,3,728.3863636363636,1371.97,high,US,2315.61,False,1328
4079,151,19293.61,0,127.77225165562915,0.0,low,US,1252.26,False,563
4080,122,8238.59,2,67.5294262295082,170.1,medium,US,969.48,False,1679
4081,113,1475.2,0,13.054867256637168,0.0,low,US,63.61,False,1982
4082,117,80254.23,1,685.9335897435897,634.35,low,AU,511.24,False,645
4083,117,21011.19,0,179.5828205128205,0.0,low,US,439.48,True,1692
4084,113,11239.01,1,99.46026548672566,25.56,low,US,910.99,False,1731
4085,117,11751.79,1,100.44264957264959,683.6,low,US,328.35,False,1113
4086,122,11455.42,0,93.89688524590164,0.0,low,US,400.0,False,1395
4087,134,2985.75,1,22.28171641791045,31.3,low,US,860.46,False,612
4088,133,14570.44,1,109.55218045112782,467.54,low,US,245.62,False,2036
4089,121,9112.02,1,75.30595041322314,44.9,low,GB,293.94,False,2153
4090,106,8164.84,1,77.0267924528302,30.46,low,US,586.4,False,2148
4091,117,56309.08,0,481.27418803418806,0.0,low,US,1643.59,False,1622
4092,130,148055.69,0,1138.8899230769232,0.0,low,US,1020.07,False,121
4093,121,86910.42,1,718.2679338842975,3111.89,low,US,1297.07,False,821
4094,135,25163.92,0,186.39940740740738,0.0,low,CA,521.64,False,991
4095,114,67028.63,0,587.9704385964912,0.0,low,US,1892.34,False,2103
4096,122,11814.24,0,96.83803278688525,0.0,low,US,102.82,False,1211
4097,128,82160.21,0,641.876640625,0.0,low,US,3041.22,False,1188
4098,117,36033.41,0,307.9778632478633,0.0,low,US,3417.22,False,346
4099,122,113851.13,1,933.2059836065574,1153.41,low,US,743.19,False,1744
4100,102,21685.82,0,212.60607843137254,0.0,low,US,1042.15,False,756
4101,113,37912.42,0,335.5081415929203,0.0,low,US,476.18,False,228
4102,119,1457.81,1,12.250504201680672,41.66,low,US,408.05,True,2163
4103,129,12911.48,0,100.08899224806201,0.0,low,US,284.35,False,440
4104,124,83592.13,0,674.1300806451613,0.0,low,US,471.49,False,65
4105,110,9850.06,0,89.54599999999999,0.0,low,US,812.68,False,198
4106,115,13064.14,1,113.60121739130435,61.97,low,CA,719.02,False,1007
4107,128,151112.07,0,1180.563046875,0.0,low,US,2945.23,False,252
4108,120,6141.66,1,51.1805,228.8,low,US,539.29,False,1850
4109,120,4876.29,0,40.63575,0.0,low,US,129.03,False,1136
4110,114,102503.41,1,899.1527192982456,1520.52,low,US,2164.36,True,729
4111,127,13633.8,1,107.3527559055118,10.39,medium,GB,164.21,True,36
4112,113,8453.88,1,74.81309734513273,67.64,low,US,297.84,False,1066
4113,110,25561.84,0,232.38036363636363,0.0,low,US,629.28,False,356
4114,126,17176.57,0,136.32198412698412,0.0,low,US,717.27,True,2142
4115,106,6612.09,1,62.378207547169815,132.37,low,US,134.17,False,658
4116,117,5263.2,0,44.98461538461538,0.0,medium,US,251.68,False,1055
4117,119,2172.24,1,18.254117647058823,25.79,low,US,129.97,False,70
4118,119,71828.82,1,603.6035294117647,381.27,low,GB,862.25,False,312
4119,115,30287.67,2,263.37104347826084,1593.32,low,US,1429.45,False,478
4120,115,9686.66,1,84.23182608695652,29.34,low,US,164.08,False,141
4121,117,2415.37,0,20.644188034188033,0.0,low,US,1207.24,False,1598
4122,121,103823.89,0,858.0486776859505,0.0,low,US,1138.77,False,2072
4123,112,2363.58,1,21.103392857142858,4.28,medium,US,272.28,False,2158
4124,110,1735.36,1,15.776,5.24,medium,US,82.74,False,604
4125,101,7107.5,0,70.37128712871286,0.0,low,US,187.89,False,1733
4126,118,1194.07,2,10.119237288135592,58.160000000000004,high,US,288.38,False,1118
4127,103,31937.43,1,310.0721359223301,58.09,low,US,1973.38,False,129
4128,134,102801.5,0,767.1753731343283,0.0,low,US,442.98,False,225
4129,111,3794.89,0,34.188198198198194,0.0,medium,US,199.11,False,1213
4130,133,11790.4,1,88.64962406015037,167.58,low,US,562.88,False,945
4131,139,3051.48,1,21.953093525179856,8.09,low,US,153.57,False,48
4132,123,4406.31,1,35.82365853658537,20.19,low,US,782.82,False,2039
4133,110,6205.18,1,56.41072727272728,34.66,low,US,204.4,False,1607
4134,125,3966.94,1,31.73552,46.53,low,CA,232.93,False,1115
4135,119,10820.13,0,90.92546218487394,0.0,low,CA,690.86,False,2161
4136,129,51373.19,1,398.2417829457365,232.59,low,US,2380.84,False,2127
4137,95,28996.38,1,305.22505263157893,350.73,low,US,3561.76,True,2133
4138,124,8729.92,1,70.4025806451613,1.72,low,US,193.28,False,589
4139,136,5748.03,0,42.264926470588236,0.0,low,US,288.03,False,1932
4140,139,39485.31,0,284.06697841726617,0.0,low,US,783.66,False,1119
4141,103,55710.96,0,540.8831067961165,0.0,low,US,1410.8,False,1598
4142,109,6974.02,1,63.98183486238533,72.94,low,AU,70.27,True,1886
4143,132,9976.56,1,75.58,397.78,low,US,533.04,False,382
4144,128,20657.19,1,161.384296875,114.92,low,US,317.85,False,998
4145,106,4843.9,2,45.69716981132075,28.56,medium,US,87.22,False,308
4146,141,6167.07,0,43.738085106382975,0.0,low,CA,147.9,False,633
4147,119,13237.24,0,111.23731092436975,0.0,low,US,295.6,False,923
4148,118,13960.5,1,118.30932203389831,88.48,low,US,519.53,False,1877
4149,139,154571.53,1,1112.0253956834533,74.82,low,US,1220.84,False,1893
4150,117,2500.35,1,21.37051282051282,8.78,low,AU,677.84,False,872
4151,129,80368.31,0,623.0101550387596,0.0,low,US,1156.07,True,741
4152,122,38791.21,0,317.960737704918,0.0,low,US,504.74,False,1176
4153,134,13407.09,4,100.05291044776119,553.87,high,CA,261.27,False,1999
4154,113,13244.96,0,117.21203539823009,0.0,low,US,417.64,False,2139
4155,128,42850.409999999996,0,334.76882812499997,0.0,low,US,921.47,False,519
4156,144,37541.55,0,260.70520833333336,0.0,low,US,1248.01,False,432
4157,134,45093.29,3,336.5170895522388,884.39,medium,US,431.35,True,1556
4158,124,1631.25,0,13.15524193548387,0.0,medium,US,213.53,False,681
4159,107,5802.35,0,54.22757009345795,0.0,low,US,666.53,False,461
4160,124,17707.21,0,142.80008064516127,0.0,low,US,757.62,False,97
4161,123,412583.77,2,3354.3395934959353,2705.59,low,US,1494.35,False,900
4162,102,2854.72,0,27.987450980392154,0.0,low,US,267.5,False,876
4163,92,2261.56,0,24.582173913043476,0.0,low,DE,270.15,False,1246
4164,110,8906.8,0,80.97090909090909,0.0,low,US,973.16,False,462
4165,123,2958.35,0,24.051626016260162,0.0,medium,US,341.49,False,1573
4166,116,23090.42,3,199.0553448275862,159.17000000000002,low,US,328.75,False,1498
4167,123,9513.98,0,77.34943089430894,0.0,low,US,1523.44,True,1028
4168,111,4440.11,1,40.000990990990985,47.16,low,US,143.47,False,421
4169,120,54301.24,0,452.51033333333334,0.0,low,US,3135.62,False,1125
4170,129,3069.9700000000003,1,23.798217054263567,42.9,low,US,283.9,False,1487
4171,105,20797.31,1,198.06961904761906,1032.43,low,CA,1074.98,False,835
4172,117,25189.5,3,215.2948717948718,2207.5099999999998,low,DE,446.79,False,599
4173,123,5348.46,0,43.48341463414634,0.0,low,US,629.06,True,1124
4174,96,2838.45,0,29.5671875,0.0,low,US,388.97,False,797
4175,113,59901.97,0,530.1059292035399,0.0,low,US,1065.2,False,895
4176,117,13195.83,0,112.78487179487179,0.0,low,US,360.47,False,783
4177,108,13835.31,1,128.10472222222222,318.26,low,US,294.23,True,685
4178,130,28730.43,2,221.0033076923077,146.71,high,CA,2519.98,False,1578
4179,137,18958.3,2,138.3817518248175,280.78,medium,US,505.95,False,1024
4180,120,31597.29,1,263.31075,2556.8,low,US,268.24,False,1037
4181,115,9400.05,2,81.7395652173913,462.8,low,US,128.86,False,1440
4182,127,1115568.81,1,8784.006377952757,3371.41,low,US,2641.28,False,810
4183,121,9818.11,2,81.1414049586777,160.53,low,CA,299.85,False,248
4184,114,48704.659999999996,2,427.2338596491228,785.16,low,US,3151.56,False,1871
4185,114,6773.2300000000005,0,59.41429824561404,0.0,low,GB,705.54,False,150
4186,128,14700.19,1,114.845234375,170.52,low,US,560.37,False,1265
4187,104,3203.88,0,30.806538461538462,0.0,low,AU,574.13,False,604
4188,122,42353.32,2,347.1583606557377,721.09,low,US,3620.46,False,491
4189,113,5327.84,1,47.149026548672566,36.51,low,US,68.51,False,120
4190,96,37423.36,0,389.82666666666665,0.0,low,US,597.59,False,1974
4191,117,28114.68,0,240.29641025641027,0.0,low,GB,388.12,False,957
4192,95,4213.8,1,44.35578947368421,24.2,low,US,406.76,False,770
4193,114,2780.62,0,24.39140350877193,0.0,low,US,563.62,False,1631
4194,129,31463.93,1,243.90643410852712,295.96,low,US,387.75,False,114
4195,132,26850.14,1,203.4101515151515,290.03,low,US,583.66,False,1249
4196,111,3048.04,0,27.45981981981982,0.0,medium,US,482.4,True,1098
4197,121,10002.28,0,82.66347107438017,0.0,low,US,151.08,False,1225
4198,129,3223.35,3,24.98720930232558,116.64,medium,US,694.53,False,297
4199,106,4261.27,0,40.200660377358496,0.0,low,GB,938.66,True,2087
4200,124,22934.2,0,184.95322580645163,0.0,low,US,302.52,False,545
4201,140,30054.67,2,214.67621428571428,160.57,low,US,2646.8,False,1495
4202,110,343344.55,0,3121.3140909090907,0.0,low,CA,1639.28,False,1643
4203,115,17212.6,1,149.67478260869564,198.63,low,US,1053.17,False,773
4204,128,39059.53,2,305.152578125,1550.72,high,US,1041.73,False,312
4205,113,14661.59,0,129.74858407079645,0.0,low,CA,506.28,False,670
4206,120,42336.81,0,352.80674999999997,0.0,low,US,1376.41,False,1772
4207,91,77887.14,1,855.9026373626374,1887.19,low,CA,2025.72,False,1988
4208,123,16992.85,0,138.1532520325203,0.0,low,US,1019.66,False,2053
4209,126,2494.72,0,19.799365079365078,0.0,low,CA,294.93,False,518
4210,125,5040.23,3,40.321839999999995,533.8499999999999,low,CA,475.46,False,1340
4211,109,21809.77,0,200.08963302752295,0.0,low,US,825.76,False,356
4212,110,372511.08999999997,0,3386.4644545454544,0.0,low,US,1047.3,False,1564
4213,138,4690.16,1,33.986666666666665,55.97,low,US,459.56,False,928
4214,118,42400.91,0,359.32974576271187,0.0,low,US,295.86,False,1571
4215,99,67026.89,0,677.039292929293,0.0,low,US,2050.39,False,1509
4216,118,2187.17,0,18.53533898305085,0.0,low,US,187.71,False,2174
4217,121,2047.04,1,16.917685950413222,12.33,low,US,211.2,False,1085
4218,126,1634.92,0,12.975555555555555,0.0,low,US,149.24,False,767
4219,125,3617.12,0,28.93696,0.0,low,US,210.78,False,1167
4220,120,91545.87,1,762.88225,1342.43,low,US,1514.15,False,381
4221,106,38013.02,0,358.6133962264151,0.0,low,US,1560.48,False,271
4222,99,11096.2,1,112.08282828282829,76.02,low,US,460.98,False,1151
4223,134,22931.33,1,171.12932835820897,440.22,low,US,770.23,False,1812
4224,112,6872.1,0,61.35803571428572,0.0,low,US,488.11,False,1181
4225,115,18972.15,0,164.97521739130437,0.0,low,US,168.55,True,1718
4226,121,150188.54,0,1241.2276033057851,0.0,low,US,3627.49,False,414
4227,123,232965.02,0,1894.0245528455284,0.0,low,US,1698.1,False,1000
4228,124,7332.16,0,59.130322580645164,0.0,low,US,677.88,False,1354
4229,116,13065.16,0,112.63068965517242,0.0,low,US,228.08,False,780
4230,116,10569.35,2,91.11508620689655,726.91,high,US,402.45,False,60
4231,129,8258.3,0,64.01782945736433,0.0,low,US,264.23,False,188
4232,122,12209.93,1,100.08139344262295,191.36,low,US,537.98,False,2033
4233,105,40507.69,1,385.7875238095238,77.29,low,US,651.27,False,1337
4234,110,9463.38,2,86.03072727272726,129.56,low,US,362.49,False,601
4235,98,8399.24,1,85.70653061224489,125.64,low,AU,133.09,False,589
4236,147,247446.81,0,1683.3116326530612,0.0,low,US,3357.17,True,115
4237,109,28757.27,1,263.8281651376147,94.99,low,US,610.19,False,2070
4238,112,38904.81,1,347.364375,397.7,low,US,743.18,False,263
4239,106,5363.41,0,50.59820754716981,0.0,low,AU,336.92,False,1670
4240,123,1786.58,0,14.525040650406503,0.0,low,US,120.81,False,548
4241,121,20180.33,1,166.77958677685953,36.03,low,US,457.16,False,754
4242,119,2618.78,0,22.006554621848743,0.0,low,CA,368.37,False,621
4243,108,22351.43,1,206.9576851851852,363.92,low,US,933.16,False,1810
4244,145,34265.39,1,236.3130344827586,246.63,low,US,1113.73,False,100
4245,117,10075.02,1,86.11128205128206,24.15,low,US,980.95,False,790
4246,115,38935.94,2,338.57339130434787,2561.06,high,US,1199.24,False,633
4247,107,23851.24,1,222.90878504672898,315.42,medium,CA,2498.13,False,619
4248,150,14363.53,9,95.75686666666667,171.31,low,US,699.85,False,446
4249,120,102415.68,0,853.4639999999999,0.0,low,US,1325.17,False,2000
4250,116,78147.75,1,673.6875,897.43,low,AU,768.53,False,847
4251,95,2649.14,1,27.885684210526314,31.11,low,US,89.12,False,933
4252,136,22316.86,0,164.0945588235294,0.0,low,US,428.77,False,861
4253,106,24416.28,2,230.34226415094338,1041.44,medium,US,225.67,False,2147
4254,126,14345.65,1,113.85436507936508,237.8,low,US,606.86,False,762
4255,132,44011.24,2,333.4184848484848,356.98,low,US,241.8,False,768
4256,116,38567.52,1,332.47862068965514,65.04,low,US,849.89,False,738
4257,132,64510.79,0,488.7181060606061,0.0,low,US,1191.45,False,736
4258,131,168602.51,3,1287.0420610687024,4680.01,medium,US,1455.66,False,223
4259,119,133397.97,2,1120.9913445378152,9949.44,low,AU,2116.11,False,1335
4260,122,3072.73,2,25.186311475409838,24.78,low,US,109.03,False,84
4261,129,9089.7,1,70.46279069767442,154.65,medium,GB,167.49,False,518
4262,128,373688.11,0,2919.438359375,0.0,low,US,6870.79,False,466
4263,126,63614.909999999996,0,504.88023809523804,0.0,low,US,1222.4,False,659
4264,127,54121.48,1,426.1533858267717,850.08,low,US,603.05,False,1664
4265,128,3578.78,2,27.95921875,36.660000000000004,low,US,507.16,False,1324
4266,120,2694.82,0,22.456833333333336,0.0,low,US,468.17,False,2170
4267,114,1881.47,2,16.504122807017545,44.2,low,US,86.46,False,788
4268,126,17436.81,4,138.38738095238097,272.64,low,AU,245.89,False,2035
4269,114,2760.44,0,24.21438596491228,0.0,medium,US,445.56,False,127
4270,126,12788.9,1,101.49920634920635,48.39,low,US,258.71,False,1119
4271,118,4213.24,0,35.70542372881356,0.0,medium,US,291.02,False,1755
4272,126,106542.45,3,845.5749999999999,2133.64,medium,GB,4928.84,False,1178
4273,123,3200.41,1,26.01959349593496,113.87,low,US,392.88,False,2045
4274,115,3591.23,0,31.22808695652174,0.0,low,CA,632.9,False,709
4275,100,54223.28,2,542.2328,1697.8400000000001,low,US,612.95,False,101
4276,132,6184.65,0,46.85340909090909,0.0,low,CA,837.58,False,1701
4277,144,17373.64,1,120.65027777777777,158.68,low,US,320.68,False,176
4278,122,28498.06,0,233.59065573770494,0.0,low,US,1513.66,False,1681
4279,107,18812.04,0,175.81345794392524,0.0,low,US,734.51,False,1614
4280,108,4901.82,0,45.38722222222222,0.0,low,US,154.71,False,1853
4281,125,19116.12,1,152.92896,600.67,low,US,447.31,False,1064
4282,112,5125.28,0,45.76142857142857,0.0,low,US,422.03,True,1964
4283,137,12703.35,1,92.72518248175183,51.6,low,US,404.9,False,396
4284,118,20739.239999999998,0,175.75627118644067,0.0,low,US,779.28,False,968
4285,116,5880.65,2,50.69525862068965,54.41,medium,US,872.4,False,293
4286,125,26492.489999999998,1,211.93991999999997,215.47,medium,US,784.45,False,1686
4287,127,108080.65,3,851.0287401574802,3419.86,low,US,668.49,False,1572
4288,128,2726.5,1,21.30078125,30.42,low,US,532.23,False,1771
4289,136,6182.47,1,45.45933823529412,5.17,low,US,71.09,False,1680
4290,101,14373.18,2,142.30871287128713,360.22,low,US,992.38,False,696
4291,116,21918.66,2,188.9539655172414,706.1800000000001,low,US,764.73,False,177
4292,121,1738.73,2,14.369669421487604,12.64,low,US,203.1,True,2037
4293,113,8512.84,1,75.33486725663717,8.24,low,US,634.3,False,1094
4294,117,118779.37,0,1015.2082905982905,0.0,low,US,882.84,True,233
4295,127,186788.57,1,1470.7761417322836,4788.94,low,US,1413.92,False,2032
4296,114,48768.2,2,427.7912280701754,129.1,high,US,779.98,False,2177
4297,118,24286.38,0,205.81677966101697,0.0,low,US,658.16,False,992
4298,128,14264.7,2,111.44296875,89.46,low,US,1155.28,False,1693
4299,119,18417.7,1,154.77058823529413,100.75,medium,US,373.95,False,108
4300,89,948.92,0,10.662022471910111,0.0,low,US,713.94,False,231
4301,111,1296.36,0,11.678918918918917,0.0,low,US,281.74,False,627
4302,125,37208.31,1,297.66648,751.34,low,US,1338.45,False,1447
4303,105,2429.81,0,23.14104761904762,0.0,medium,US,115.73,False,318
4304,137,113255.64,0,826.683503649635,0.0,low,US,1027.68,True,103
4305,145,40649.58,1,280.3419310344828,125.9,low,US,500.67,True,1474
4306,102,13635.4,0,133.68039215686275,0.0,low,US,1174.79,False,1693
4307,120,2519.13,0,20.99275,0.0,low,US,244.08,False,1626
4308,124,7571.41,1,61.059758064516124,83.97,low,US,534.31,True,1756
4309,117,54687.3,1,467.41282051282053,51.41,low,US,520.38,False,1764
4310,122,163059.77,1,1336.5554918032785,280.48,low,US,728.14,False,1331
4311,116,2108.23,0,18.174396551724136,0.0,low,US,191.94,False,1151
4312,133,9858.69,0,74.12548872180452,0.0,low,US,873.57,False,1880
4313,113,3984.2000000000003,1,35.25840707964602,62.59,low,US,93.57,False,781
4314,101,5721.75,0,56.6509900990099,0.0,low,CA,270.14,False,241
4315,117,1420.79,0,12.143504273504274,0.0,low,US,120.73,False,1654
4316,103,86899.5,0,843.6844660194175,0.0,low,CA,1038.36,False,625
4317,123,18467.78,0,150.14455284552844,0.0,medium,US,706.35,False,2144
4318,132,16595.28,2,125.72181818181818,659.7299999999999,high,US,742.81,True,924
4319,134,52426.67,2,391.24380597014925,1049.1399999999999,low,US,1855.43,False,1869
4320,126,1443.36,1,11.455238095238094,2.34,low,US,370.8,False,121
4321,128,20509.96,1,160.2340625,35.71,low,US,852.89,False,1453
4322,125,5433.56,0,43.46848000000001,0.0,low,US,522.92,False,998
4323,111,7332.67,0,66.06009009009009,0.0,low,US,455.95,False,1029
4324,100,20791.71,2,207.9171,482.21,medium,US,1597.13,False,602
4325,117,61770.62,2,527.9540170940171,2385.29,low,US,3208.93,False,2127
4326,115,14974.11,1,130.20965217391304,450.06,low,US,334.18,False,878
4327,119,5011.52,1,42.11361344537816,151.21,medium,US,1043.51,False,1867
4328,125,8675.69,2,69.40552000000001,190.49,low,GB,656.69,False,948
4329,118,45050.14,2,381.7808474576271,752.3,low,US,663.81,False,134
4330,134,52039.86,1,388.3571641791045,1542.66,low,US,615.52,False,1929
4331,123,2664.12,1,21.659512195121952,46.99,low,US,365.12,False,429
4332,136,8128.4,1,59.76764705882353,93.22,medium,US,20.0,False,613
4333,135,175166.71,0,1297.5311851851852,0.0,low,US,1961.23,False,1889
4334,131,11578.96,1,88.38900763358778,43.96,low,US,263.68,False,1960
4335,136,18616.52,1,136.88617647058823,52.27,low,US,396.47,True,2010
4336,105,80192.35,0,763.7366666666667,0.0,medium,CA,404.13,False,950
4337,125,2732.97,0,21.86376,0.0,low,US,243.37,True,1665
4338,107,16453.39,0,153.76999999999998,0.0,low,US,611.68,True,738
4339,118,19504.52,0,165.29254237288137,0.0,low,US,473.48,False,1629
4340,119,20663.55,1,173.64327731092436,33.93,medium,US,258.56,False,1115
4341,119,13031.93,1,109.5120168067227,147.07,low,US,563.62,True,142
4342,131,20273.57,3,154.76007633587787,1461.4,low,US,478.31,False,932
4343,127,18604.12,6,146.4891338582677,41.51,medium,US,1135.76,False,1040
4344,128,11208.56,3,87.566875,355.90000000000003,low,US,147.47,False,585
4345,131,16354.8,1,124.84580152671755,877.18,low,GB,238.69,False,838
4346,104,128591.95,1,1236.4610576923076,4575.4,low,US,946.5,False,1115
4347,102,1779.44,0,17.44549019607843,0.0,low,CA,277.06,False,137
4348,103,10152.8,0,98.57087378640776,0.0,low,AU,218.53,True,357
4349,128,3710.02,0,28.98453125,0.0,low,CA,289.67,True,1686
4350,110,4104.6,1,37.31454545454546,12.62,low,US,449.94,False,790
4351,110,29685.03,2,269.8639090909091,513.47,low,US,451.48,False,1344
4352,123,5538.33,0,45.027073170731704,0.0,low,US,407.91,False,1252
4353,117,4049.48,0,34.61094017094017,0.0,medium,US,195.25,False,1220
4354,127,12081.42,0,95.12929133858268,0.0,low,US,988.16,False,922
4355,126,46956.2,0,372.66825396825396,0.0,low,US,1625.54,False,1073
4356,124,2430.13,2,19.59782258064516,16.48,low,US,88.29,False,1809
4357,112,1761.99,1,15.73205357142857,62.57,low,US,121.73,False,2114
4358,127,504741.21,0,3974.3402362204724,0.0,low,GB,1215.09,False,584
4359,123,12651.57,2,102.85829268292683,32.5,low,US,2023.97,False,1476
4360,129,9190.36,1,71.24310077519381,48.9,low,US,72.51,False,2124
4361,147,51992.05,1,353.6874149659864,104.78,low,US,1026.48,False,46
4362,144,143856.79,1,999.0054861111112,614.59,low,US,2151.87,False,1724
4363,146,4832.38,2,33.09849315068493,103.57,medium,US,226.75,False,1103
4364,129,21501.73,0,166.68007751937984,0.0,low,US,2042.03,False,2120
4365,119,10937.72,1,91.91361344537815,521.18,low,US,419.81,False,1279
4366,122,12828.09,0,105.14827868852458,0.0,low,US,654.04,False,1840
4367,126,17649.56,0,140.07587301587301,0.0,low,US,257.93,False,388
4368,110,23534.41,1,213.9491818181818,35.19,low,CA,1213.09,False,336
4369,118,8880.09,0,75.255,0.0,medium,US,1044.2,False,2031
4370,112,44947.090000000004,1,401.3133035714286,509.77,medium,US,2326.77,False,1167
4371,109,57342.659999999996,0,526.0794495412844,0.0,low,US,1801.81,False,1236
4372,129,14481.37,1,112.25868217054264,293.13,low,US,488.71,False,397
4373,117,36877.64,1,315.1935042735043,619.04,low,US,8083.18,False,519
4374,103,32054.39,0,311.20766990291264,0.0,low,GB,1661.89,True,1797
4375,117,20799.32,1,177.7719658119658,57.06,low,US,801.48,False,685
4376,116,2472.4,1,21.313793103448276,39.92,low,US,200.85,False,1291
4377,123,3119.5,0,25.36178861788618,0.0,low,US,124.33,False,713
4378,132,8493.48,3,64.34454545454545,234.8,medium,US,134.22,True,599
4379,131,26120.65,1,199.39427480916032,95.63,low,US,212.66,False,388
4380,131,43949.86,0,335.4951145038168,0.0,low,US,1702.02,False,2037
4381,125,89982.59,2,719.86072,543.16,low,US,763.86,False,2060
4382,116,5028.51,0,43.34922413793104,0.0,low,US,283.71,False,278
4383,118,67244.17,1,569.8658474576271,209.0,medium,US,436.03,False,793
4384,116,10037.1,0,86.52672413793104,0.0,low,US,390.73,False,1247
4385,121,6566.17,0,54.265867768595044,0.0,low,US,1012.37,True,857
4386,139,1844.6,1,13.270503597122302,16.58,low,US,223.43,True,1587
4387,130,28650.84,0,220.39107692307692,0.0,low,US,675.0,False,592
4388,107,16606.71,2,155.2028971962617,799.74,low,US,645.53,False,157
4389,132,38280.88,0,290.00666666666666,0.0,low,US,229.53,False,757
4390,118,60593.34,1,513.5028813559321,3928.99,low,US,2057.41,False,1321
4391,127,9504.86,0,74.84141732283464,0.0,low,US,377.66,False,420
4392,118,8422.54,0,71.37745762711864,0.0,low,US,201.65,False,1792
4393,124,8725.56,1,70.3674193548387,282.95,low,US,1061.66,False,56
4394,108,4309.71,0,39.904722222222226,0.0,low,US,517.52,False,175
4395,107,47347.57,0,442.5006542056075,0.0,medium,US,711.65,False,1129
4396,135,4215.15,0,31.22333333333333,0.0,medium,US,169.66,False,1136
4397,109,11235.3,1,103.07614678899083,103.06,low,US,1023.7,False,666
4398,129,53427.4,1,414.1658914728682,476.1,low,US,3481.39,True,588
4399,114,3383.84,3,29.682807017543862,184.23999999999998,high,US,158.14,False,180
4400,130,26109.91,0,200.84546153846154,0.0,low,US,677.76,False,1461
4401,121,4875.3,0,40.291735537190085,0.0,low,CA,243.04,False,848
4402,114,160483.99,0,1407.7542982456139,0.0,low,US,5544.96,False,286
4403,119,82057.54,0,689.5591596638654,0.0,low,US,1503.68,False,893
4404,123,5836.03,0,47.44739837398374,0.0,low,US,635.17,True,2054
4405,130,6664.83,2,51.267923076923076,294.51,low,CA,163.19,False,594
4406,93,3921.79,2,42.16978494623656,31.08,low,US,202.87,False,1962
4407,142,112932.98,1,795.302676056338,3392.89,medium,CA,964.54,True,588
4408,130,3193.71,1,24.567,38.41,low,US,144.57,False,431
4409,121,1553.8600000000001,1,12.841818181818184,30.88,low,US,148.71,False,592
4410,125,14550.99,0,116.40792,0.0,low,US,496.68,False,728
4411,117,7140.29,0,61.02811965811966,0.0,low,US,555.61,False,290
4412,118,2193.75,0,18.591101694915253,0.0,low,US,693.69,False,1299
4413,121,2554.52,1,21.111735537190082,24.21,low,US,331.77,True,750
4414,131,20734.83,0,158.28114503816795,0.0,low,US,1127.92,False,1581
4415,114,1822.22,0,15.984385964912281,0.0,low,AU,226.87,False,1090
4416,136,39632.82,1,291.4177941176471,152.48,low,US,866.08,False,986
4417,131,28328.34,1,216.24687022900764,349.74,low,US,597.47,False,1047
4418,107,33809.97,1,315.98102803738317,438.74,medium,US,846.05,False,367
4419,126,18735.66,1,148.69571428571427,121.54,low,AU,1427.67,False,1569
4420,113,4328.93,1,38.30911504424779,7.68,low,US,327.08,True,254
4421,111,13708.73,1,123.50207207207207,55.12,low,US,271.79,False,1588
4422,125,3696.3,2,29.570400000000003,12.17,low,US,107.82,False,2189
4423,117,2506.77,1,21.425384615384615,27.43,low,US,80.07,False,1680
4424,113,57670.97,1,510.36256637168145,151.19,low,US,420.58,False,1013
4425,124,3098.7200000000003,0,24.98967741935484,0.0,low,US,447.3,False,709
4426,121,3207.92,1,26.511735537190084,13.9,low,US,185.4,False,1914
4427,128,12005.49,3,93.792890625,718.38,high,US,224.98,False,585
4428,93,7372.01,0,79.26892473118279,0.0,low,US,1941.29,False,1071
4429,119,28514.82,0,239.62033613445377,0.0,low,US,1083.83,False,1695
4430,119,6064.11,1,50.95890756302521,287.47,medium,US,158.31,False,2022
4431,123,11458.63,0,93.15959349593496,0.0,low,GB,330.92,False,2019
4432,120,17780.4,0,148.17000000000002,0.0,low,US,710.1,False,219
4433,126,3651.27,0,28.97833333333333,0.0,low,US,280.39,False,1970
4434,134,2650.84,1,19.782388059701493,26.49,low,CA,237.98,False,276
4435,133,1533.3799999999999,1,11.529172932330827,3.29,low,AU,363.43,False,1292
4436,105,13783.71,1,131.27342857142855,375.06,low,US,1315.0,False,2038
4437,113,72559.12,0,642.1161061946902,0.0,low,US,1426.9,False,1444
4438,113,4228.83,0,37.423274336283185,0.0,low,US,254.19,False,2076
4439,129,32627.64,1,252.9274418604651,2795.98,low,US,745.83,False,773
4440,134,29415.73,2,219.52037313432837,617.41,medium,US,489.91,True,709
4441,144,5004.63,1,34.754375,18.69,medium,US,198.86,False,734
4442,112,27998.47,0,249.9863392857143,0.0,low,US,377.15,False,797
4443,129,3009.3,0,23.32790697674419,0.0,low,US,157.94,False,1504
4444,137,183390.05,1,1338.613503649635,5166.24,low,US,1403.54,False,1007
4445,116,242812.83,1,2093.214051724138,5131.9,low,US,1992.66,False,1622
4446,102,5173.5599999999995,1,50.72117647058823,23.49,low,US,340.52,False,928
4447,118,1924.03,0,16.30533898305085,0.0,low,US,274.74,False,694
4448,114,84932.61,1,745.0228947368421,975.57,low,US,1273.0,False,440
4449,139,20679.71,0,148.77489208633094,0.0,low,US,1472.23,False,1220
4450,129,62280.590000000004,0,482.7952713178295,0.0,low,US,180.73,False,1970
4451,108,20008.29,0,185.26194444444445,0.0,low,US,431.28,False,1885
4452,121,7002.38,1,57.870909090909095,116.22,low,US,467.29,False,577
4453,135,25534.64,2,189.14548148148148,273.55,low,US,246.24,False,1061
4454,128,9263.16,0,72.3684375,0.0,low,US,697.42,False,1553
4455,142,12708.26,1,89.49478873239437,124.67,medium,US,262.45,True,1352
4456,104,6404.79,2,61.58451923076923,23.509999999999998,low,US,303.01,False,175
4457,111,29610.12,1,266.7578378378378,144.48,low,US,449.79,False,1306
4458,132,9311.87,1,70.5444696969697,58.09,low,US,129.0,False,113
4459,132,22777.58,0,172.55742424242425,0.0,low,US,77.42,False,281
4460,120,34913.28,1,290.944,176.69,low,US,1126.02,False,1442
4461,142,8454.36,2,59.537746478873245,28.52,low,US,253.08,False,251
4462,132,150467.26,1,1139.9034848484848,181.29,low,US,3365.65,False,762
4463,123,18260.51,1,148.45943089430892,66.32,low,US,2906.35,False,1301
4464,134,5073.85,1,37.86455223880597,31.74,medium,DE,312.36,False,1445
4465,127,286196.04,4,2253.5121259842517,26774.22,medium,US,4044.64,False,992
4466,128,17580.44,1,137.3471875,46.35,low,US,1145.75,False,233
4467,115,5007.61,2,43.54443478260869,50.17,low,AU,275.67,False,1756
4468,113,1761.49,0,15.588407079646018,0.0,low,US,48.25,False,2081
4469,95,12305.83,0,129.53505263157894,0.0,low,US,915.38,False,1949
4470,119,27097.4,2,227.709243697479,115.85,low,US,506.83,False,1646
4471,124,4195.81,0,33.837177419354845,0.0,low,US,726.49,False,898
4472,113,17483.47,0,154.72097345132744,0.0,low,US,401.03,False,1922
4473,139,52850.33,1,380.21820143884895,873.83,low,GB,176.01,False,1084
4474,119,11882.02,0,99.84890756302521,0.0,low,US,335.52,True,324
4475,126,51386.21,1,407.8270634920635,202.58,low,US,930.73,False,1867
4476,122,11004.24,3,90.19868852459017,706.28,low,US,358.19,False,721
4477,115,3526.8,1,30.667826086956524,10.56,low,US,356.25,False,2057
4478,111,6034.86,2,54.3681081081081,127.00999999999999,low,US,125.53,False,825
4479,143,7339.16,1,51.322797202797204,116.04,low,US,534.9,True,1907
4480,112,7793.11,0,69.58133928571428,0.0,medium,US,181.14,False,1190
4481,108,36480.94,0,337.78648148148153,0.0,low,US,1126.28,False,1039
4482,148,14822.17,1,100.1497972972973,20.55,medium,US,254.5,True,671
4483,123,9790.92,1,79.6009756097561,48.02,low,CA,377.61,False,1835
4484,118,119830.42,0,1015.512033898305,0.0,low,US,3455.03,False,160
4485,119,11982.19,0,100.69067226890756,0.0,low,US,373.94,False,1042
4486,127,6796.71,0,53.51740157480315,0.0,low,US,331.45,False,826
4487,121,33782.72,2,279.19603305785125,726.84,low,US,834.69,False,1203
4488,134,2125.5099999999998,0,15.862014925373133,0.0,low,US,98.82,False,579
4489,117,34065.82,0,291.1608547008547,0.0,low,GB,1518.88,False,1465
4490,128,30627.0,0,239.2734375,0.0,low,US,1205.38,False,863
4491,118,32472.98,0,275.1947457627119,0.0,medium,US,789.98,False,436
4492,109,3708.27,3,34.020825688073394,372.0,high,US,23.59,True,455
4493,114,124051.5,1,1088.171052631579,905.87,low,GB,390.15,False,1534
4494,140,2601.29,0,18.580642857142855,0.0,low,US,156.71,False,595
4495,123,28401.399999999998,0,230.90569105691054,0.0,medium,CA,1355.19,False,693
4496,104,21666.4,1,208.33076923076925,685.12,low,US,1270.68,False,1384
4497,101,10518.95,1,104.14801980198021,471.24,low,US,698.69,False,742
4498,128,2437.58,0,19.04359375,0.0,low,US,166.87,False,868
4499,131,12207.88,0,93.18992366412213,0.0,low,GB,1891.01,False,558
4500,134,18271.64,1,136.3555223880597,209.53,low,US,389.15,False,776
4501,123,54541.840000000004,0,443.42959349593497,0.0,low,US,2501.97,False,1526
4502,115,41227.48,1,358.49982608695655,1845.03,low,US,625.69,False,1183
4503,115,35837.39,2,311.6294782608696,1595.1799999999998,low,US,777.53,False,2184
4504,106,70050.54,1,660.8541509433961,145.67,low,US,325.62,False,1697
4505,130,118205.87,0,909.275923076923,0.0,low,US,1748.06,False,66
4506,103,33268.55,1,322.9956310679612,546.91,low,US,852.0,False,848
4507,134,24563.96,3,183.3131343283582,1229.5,medium,US,1805.52,False,656
4508,122,32270.35,1,264.51106557377045,118.75,low,US,578.12,False,1299
4509,133,21339.87,0,160.45015037593984,0.0,low,US,472.32,False,603
4510,112,5435.32,0,48.52964285714285,0.0,low,US,841.86,True,2116
4511,113,23457.92,1,207.5922123893805,38.58,low,US,1804.95,False,676
4512,118,57719.5,0,489.14830508474574,0.0,low,US,1230.36,False,1157
4513,114,12637.59,0,110.85605263157895,0.0,low,US,558.02,False,295
4514,117,2481.92,1,21.212991452991453,12.54,low,US,92.62,False,1995
4515,109,26886.73,1,246.66724770642202,560.04,low,CA,1021.83,False,1999
4516,126,8758.28,0,69.51015873015874,0.0,low,US,134.99,False,1744
4517,107,2726.21,2,25.47859813084112,58.12,medium,US,508.52,False,789
4518,130,26849.31,0,206.53315384615385,0.0,low,US,443.99,False,156
4519,113,39429.05,1,348.92964601769916,206.64,low,US,137.55,False,1565
4520,124,9015.06,0,72.70209677419355,0.0,low,US,689.01,False,956
4521,133,107009.12,3,804.5798496240601,6030.219999999999,low,US,3425.1,False,2169
4522,113,3569.21,0,31.585929203539823,0.0,low,US,371.91,False,1538
4523,118,24929.5,1,211.26694915254237,48.91,low,US,981.71,False,1193
4524,105,294419.73,1,2803.9974285714284,8074.99,low,CA,4105.66,False,2161
4525,122,109927.11,0,901.0418852459017,0.0,low,US,1071.0,False,1759
4526,107,1681.97,1,15.719345794392524,5.15,low,US,275.79,True,1020
4527,97,28515.36,1,293.97278350515467,458.57,low,US,609.91,False,70
4528,115,8022.18,0,69.75808695652174,0.0,low,US,759.53,False,230
4529,133,33113.43,0,248.97315789473686,0.0,low,US,1790.83,False,988
4530,116,54041.42,0,465.87431034482756,0.0,low,US,1469.45,False,1243
4531,109,2256.55,1,20.702293577981653,20.28,low,US,40.74,False,95
4532,113,7465.2300000000005,0,66.06398230088496,0.0,low,US,228.02,False,303
4533,132,9274.99,0,70.26507575757576,0.0,low,CA,462.65,False,1551
4534,120,13426.59,1,111.88825,17.94,low,US,197.6,False,1653
4535,119,4450.46,1,37.398823529411764,26.26,low,US,20.0,True,94
4536,116,3618.38,1,31.19293103448276,9.23,medium,US,256.45,False,1126
4537,107,2117.29,0,19.787757009345793,0.0,low,US,491.15,False,204
4538,115,50217.0,0,436.6695652173913,0.0,low,US,307.12,False,1592
4539,131,4687.72,0,35.78412213740458,0.0,low,US,200.89,False,1831
4540,137,5829.6,0,42.55182481751825,0.0,low,US,511.48,False,1907
4541,124,23573.59,0,190.10959677419356,0.0,medium,US,671.01,False,1322
4542,138,3423.16,1,24.80550724637681,4.22,low,US,323.2,False,1388
4543,105,13771.9,0,131.16095238095238,0.0,low,US,1693.53,False,2031
4544,97,24776.71,0,255.42999999999998,0.0,high,US,519.02,False,1352
4545,107,5121.34,1,47.86299065420561,37.74,low,US,224.9,False,993
4546,96,1897.7,0,19.767708333333335,0.0,low,AU,179.1,False,1659
4547,118,9655.58,0,81.82694915254237,0.0,low,US,406.8,False,1306
4548,127,42427.28,0,334.07307086614173,0.0,low,US,1342.22,False,1849
4549,104,3950.55,0,37.986057692307696,0.0,low,US,234.79,False,1163
4550,116,183114.15,1,1578.5702586206896,10724.21,low,US,842.43,False,1907
4551,110,13309.27,2,120.99336363636364,275.99,medium,CA,536.52,False,126
4552,115,57449.61,2,499.5618260869565,1499.3200000000002,low,US,2962.86,False,108
4553,129,82742.05,0,641.4112403100776,0.0,low,US,700.1,False,243
4554,146,51347.75,2,351.69691780821915,157.17000000000002,low,US,262.85,False,1231
4555,126,32214.18,0,255.66809523809525,0.0,low,US,955.98,False,1561
4556,124,10469.13,0,84.42846774193548,0.0,medium,US,985.37,False,497
4557,115,1519.43,0,13.212434782608696,0.0,low,US,344.71,False,366
4558,127,3085.79,2,24.29755905511811,133.24,low,US,172.85,False,1888
4559,119,18517.65,0,155.6105042016807,0.0,medium,CA,798.26,False,1651
4560,121,3478.36,0,28.746776859504134,0.0,medium,US,521.74,True,1430
4561,118,7983.29,2,67.655,329.76,medium,US,125.85,True,1084
4562,107,4788.61,0,44.75336448598131,0.0,low,US,619.6,False,937
4563,128,120913.03,0,944.633046875,0.0,low,US,277.75,False,74
4564,115,3963.64,0,34.466434782608694,0.0,low,US,125.96,False,436
4565,115,8946.91,0,77.79921739130435,0.0,low,US,358.92,False,1967
4566,103,6099.34,1,59.216893203883494,22.8,medium,US,1563.41,False,762
4567,141,163265.62,0,1157.9121985815602,0.0,low,US,1461.55,False,1551
4568,136,65336.56,0,480.41588235294114,0.0,low,US,1155.26,False,1550
4569,115,31901.56,1,277.4048695652174,92.01,medium,US,627.86,False,698
4570,128,11774.06,2,91.98484375,373.6,high,CA,842.37,False,471
4571,100,7002.65,0,70.0265,0.0,low,US,538.5,False,1524
4572,128,8374.07,2,65.422421875,228.63,medium,US,182.26,True,232
4573,127,36876.39,0,290.36527559055116,0.0,low,US,218.12,False,1098
4574,107,5168.05,0,48.299532710280374,0.0,low,AU,285.3,False,1948
4575,122,47888.7,0,392.53032786885245,0.0,low,US,1739.27,False,1566
4576,118,123041.28,1,1042.7227118644068,377.86,high,GB,1298.57,False,1680
4577,103,7016.01,1,68.11660194174758,30.02,medium,GB,186.44,False,209
4578,133,22649.67,1,170.29827067669171,69.34,low,US,517.0,False,461
4579,122,15737.2,1,128.99344262295082,165.27,low,US,342.97,True,624
4580,141,21196.21,1,150.32773049645388,170.86,low,US,428.55,False,661
4581,124,10199.5,1,82.25403225806451,49.92,low,US,304.16,False,449
4582,112,236729.81,2,2113.6590178571428,3328.88,low,US,1746.07,False,2129
4583,108,1495.28,0,13.845185185185185,0.0,low,US,484.44,False,386
4584,123,17627.24,2,143.3108943089431,127.00999999999999,low,US,598.57,False,1559
4585,121,4486.74,0,37.08049586776859,0.0,low,CA,602.95,False,1297
4586,117,959.89,0,8.204188034188034,0.0,low,US,195.39,False,1348
4587,129,17645.68,2,136.78821705426355,427.81,low,US,543.32,False,493
4588,141,10166.11,1,72.10007092198582,110.34,high,US,1281.88,False,694
4589,133,26175.16,0,196.8057142857143,0.0,low,DE,1854.6,False,1340
4590,132,2510.35,0,19.01780303030303,0.0,low,US,175.38,False,676
4591,129,1755.76,0,13.610542635658915,0.0,low,US,125.62,False,1529
4592,124,62661.68,1,505.33612903225804,196.86,medium,CA,521.09,False,115
4593,131,41204.22,0,314.53603053435114,0.0,low,DE,1337.11,True,187
4594,108,36386.38,1,336.9109259259259,1649.62,low,US,681.05,False,1603
4595,113,9174.55,1,81.19070796460176,7.94,low,US,908.93,False,1362
4596,121,3042.1,1,25.141322314049585,8.12,medium,CA,144.86,False,123
4597,130,11411.13,0,87.77792307692307,0.0,low,AU,294.48,False,1971
4598,108,1212.63,1,11.228055555555557,4.66,low,US,68.27,False,40
4599,120,4364.63,1,36.37191666666667,20.57,low,US,433.44,False,2093
4600,132,15876.26,0,120.27469696969698,0.0,low,US,70.26,False,1605
4601,99,30432.0,0,307.3939393939394,0.0,high,US,1635.0,False,2164
4602,137,92603.82,3,675.940291970803,3348.6,high,US,1996.88,False,2079
4603,113,4463.52,0,39.50017699115045,0.0,low,US,559.24,False,706
4604,137,2552.0,2,18.62773722627737,211.18,low,DE,126.3,True,1664
4605,112,4884.86,2,43.614821428571425,68.42,medium,US,691.0,False,485
4606,135,82196.35,4,608.8618518518518,3922.7400000000002,high,AU,2626.01,False,1048
4607,108,15947.48,0,147.66185185185185,0.0,low,US,756.09,False,548
4608,109,64955.159999999996,0,595.9188990825688,0.0,low,US,1431.51,False,1079
4609,131,23542.16,0,179.71114503816793,0.0,low,US,318.41,False,1914
4610,124,3753.6,0,30.270967741935483,0.0,medium,US,224.96,True,972
4611,104,29670.8,0,285.29615384615386,0.0,low,US,462.3,False,229
4612,121,1390.65,2,11.492975206611572,22.14,low,US,87.0,True,731
4613,114,88260.74,0,774.2170175438597,0.0,low,US,3780.76,False,1728
4614,131,82301.61,1,628.2565648854962,616.48,low,US,558.74,False,1156
4615,130,40048.11,1,308.06238461538464,463.77,low,DE,1075.02,True,1240
4616,121,22497.88,0,185.9328925619835,0.0,low,CA,325.27,False,961
4617,107,10057.45,0,93.99485981308412,0.0,low,US,122.88,False,662
4618,102,13932.03,0,136.5885294117647,0.0,low,US,1777.98,False,1322
4619,127,3093.79,1,24.360551181102363,59.75,low,US,179.17,False,1397
4620,111,16293.62,0,146.78936936936938,0.0,low,US,674.49,False,1969
4621,134,6962.73,1,51.960671641791045,106.73,low,AU,734.2,False,1364
4622,148,62429.21,1,421.8189864864865,591.39,low,US,526.66,False,2179
4623,122,14298.67,0,117.2022131147541,0.0,low,US,243.2,False,1815
4624,127,1050.23,0,8.269527559055119,0.0,low,US,430.67,False,200
4625,130,5015.33,1,38.57946153846154,12.74,low,AU,209.55,False,877
4626,115,11220.27,0,97.5675652173913,0.0,low,US,1020.72,False,860
4627,124,3771.62,2,30.416290322580643,31.83,medium,US,824.18,True,36
4628,123,264714.75,1,2152.1524390243903,4698.13,medium,US,483.35,False,420
4629,126,8377.76,0,66.49015873015873,0.0,low,CA,295.45,False,1676
4630,112,103306.61,2,922.3804464285714,1881.31,low,US,3283.24,False,790
4631,109,3135.66,2,28.767522935779816,107.17,low,GB,152.65,False,349
4632,106,5863.87,1,55.31952830188679,122.13,low,US,122.71,False,650
4633,130,10696.62,1,82.28169230769231,27.08,medium,US,457.69,False,623
4634,109,14868.23,0,136.40577981651376,0.0,low,US,390.63,False,407
4635,115,13737.25,1,119.45434782608696,25.98,low,US,1323.22,True,248
4636,110,22610.17,0,205.547,0.0,low,US,881.39,False,1680
4637,108,13632.97,0,126.2312037037037,0.0,low,US,506.02,False,1810
4638,130,45649.36,0,351.1489230769231,0.0,medium,US,773.02,False,1101
4639,131,47337.76,1,361.3569465648855,530.48,low,US,760.48,False,1359
4640,128,63206.86,0,493.80359375,0.0,low,US,3272.15,False,2015
4641,113,57012.38,2,504.53433628318584,1144.44,low,US,618.95,True,1850
4642,101,2614.95,0,25.890594059405938,0.0,medium,US,266.94,False,100
4643,109,8441.33,2,77.44339449541285,40.78,low,US,589.13,False,2088
4644,112,2143.1,2,19.134821428571428,51.41,low,US,46.67,False,174
4645,131,13391.99,1,102.22893129770992,62.85,low,CA,478.48,False,87
4646,106,21418.87,1,202.0648113207547,86.43,low,US,1317.75,False,901
4647,114,105454.73,2,925.0414912280702,1387.78,low,US,847.22,True,1641
4648,131,5295.17,2,40.42114503816794,121.27,low,CA,644.65,False,203
4649,103,6378.96,0,61.93165048543689,0.0,low,US,883.87,False,662
4650,111,53660.1,1,483.4243243243243,225.6,low,US,1330.0,False,597
4651,117,4401.54,1,37.62,37.15,low,US,1777.05,False,888
4652,121,11813.47,1,97.63198347107438,161.62,low,US,737.09,False,2159
4653,118,15921.27,0,134.92601694915254,0.0,low,US,370.74,False,745
4654,121,2120.44,0,17.524297520661158,0.0,low,US,61.43,False,481
4655,122,39251.44,0,321.7331147540984,0.0,low,US,1188.39,False,294
4656,112,16251.85,0,145.10580357142857,0.0,low,US,783.43,False,457
4657,114,11353.95,0,99.59605263157896,0.0,low,US,565.32,False,317
4658,126,31491.07,0,249.92912698412698,0.0,low,US,265.27,False,1269
4659,125,12592.16,0,100.73728,0.0,low,CA,1174.55,False,938
4660,122,11677.87,0,95.72024590163934,0.0,low,AU,390.91,False,1105
4661,140,5423.85,3,38.74178571428572,62.93000000000001,low,GB,477.72,False,1827
4662,118,34563.3,3,292.9093220338983,767.8399999999999,high,US,468.53,False,1283
4663,126,29926.85,0,237.51468253968252,0.0,low,GB,738.68,False,365
4664,127,3980.92,1,31.345826771653545,6.76,medium,AU,175.25,True,843
4665,139,56995.2,2,410.0374100719424,664.19,low,US,817.54,True,705
4666,139,2021.89,1,14.545971223021583,44.09,low,US,257.55,False,1815
4667,126,14174.04,1,112.49238095238096,66.95,low,AU,265.81,False,693
4668,126,296322.1,0,2351.7626984126982,0.0,low,US,1093.04,False,329
4669,117,15737.34,2,134.50717948717949,206.63,low,US,201.24,False,1619
4670,147,169000.19,1,1149.661156462585,216.22,low,US,1091.27,False,955
4671,122,12246.53,1,100.38139344262295,87.68,high,US,539.82,False,237
4672,121,2658.11,1,21.96785123966942,20.64,low,US,111.78,False,1519
4673,116,38211.2,0,329.4068965517241,0.0,medium,US,1682.49,False,484
4674,122,50352.9,0,412.72868852459015,0.0,low,US,651.47,False,1905
4675,104,10396.44,0,99.96576923076924,0.0,low,US,702.55,False,1828
4676,118,4363.92,0,36.982372881355936,0.0,low,US,1219.89,False,828
4677,113,83246.5,0,736.6946902654868,0.0,low,US,1899.41,False,1230
4678,105,63614.04,2,605.848,525.61,medium,US,590.47,False,1256
4679,113,64893.39,3,574.2777876106195,3075.0,medium,DE,858.82,False,1441
4680,118,17750.93,2,150.43161016949153,438.03999999999996,high,US,688.19,True,179
4681,130,2116.37,3,16.27976923076923,21.75,high,US,361.92,False,731
4682,103,8827.93,0,85.7080582524272,0.0,low,US,118.5,False,397
4683,124,2993.26,1,24.139193548387098,8.16,low,US,597.9,False,1536
4684,128,158282.05,0,1236.578515625,0.0,medium,US,1704.53,False,179
4685,121,147375.66,1,1217.9806611570248,2077.65,low,US,832.97,False,1146
4686,114,10408.53,1,91.3028947368421,39.82,low,US,188.54,False,1602
4687,122,84751.1,0,694.6811475409836,0.0,low,US,1323.15,False,2078
4688,116,3072.94,1,26.49086206896552,7.1,low,US,372.96,False,652
4689,123,10711.0,2,87.08130081300813,273.32,low,US,74.98,False,47
4690,138,84438.75,0,611.875,0.0,low,US,1231.65,False,1593
4691,121,12422.42,0,102.66462809917356,0.0,low,US,210.43,False,33
4692,139,230342.68,0,1657.1415827338128,0.0,low,US,2447.09,False,173
4693,92,82689.24,0,898.7960869565218,0.0,low,US,1384.36,False,2169
4694,123,10678.46,1,86.81674796747967,39.07,low,US,401.41,False,1893
4695,119,58909.270000000004,2,495.0358823529412,6156.58,low,US,745.03,False,1558
4696,129,115168.86,0,892.7818604651163,0.0,low,US,4365.67,False,1834
4697,125,14642.97,1,117.14376,144.31,low,US,1211.97,False,192
4698,119,23577.95,1,198.13403361344538,590.91,low,US,610.56,False,222
4699,123,710911.66,2,5779.769593495936,8129.209999999999,low,US,6635.83,False,679
4700,103,11210.29,2,108.83776699029127,429.51,low,AU,547.75,False,81
4701,108,16618.82,0,153.87796296296295,0.0,low,US,831.83,False,1948
4702,113,1617.5,0,14.314159292035399,0.0,low,US,212.17,False,151
4703,118,23685.01,0,200.72042372881356,0.0,low,US,109.15,False,1205
4704,98,3564.32,0,36.37061224489796,0.0,low,US,380.31,False,1873
4705,113,1832.46,0,16.216460176991152,0.0,low,US,510.08,False,1617
4706,116,38061.84,1,328.11931034482757,408.28,low,US,662.71,False,536
4707,121,3432.66,0,28.369090909090907,0.0,low,US,137.31,False,1045
4708,123,16089.44,1,130.80845528455285,106.97,low,US,893.02,False,1214
4709,130,6528.64,0,50.22030769230769,0.0,low,US,233.38,True,1688
4710,113,31387.4,1,277.7646017699115,282.32,low,US,852.23,False,950
4711,117,9439.91,0,80.68299145299144,0.0,low,US,1143.03,True,645
4712,129,16602.47,0,128.70131782945737,0.0,low,US,345.17,False,1748
4713,129,17629.23,0,136.6606976744186,0.0,low,US,206.97,False,1944
4714,117,42884.61,0,366.5351282051282,0.0,low,US,1976.9,False,1086
4715,134,53694.58,2,400.7058208955224,770.1099999999999,low,US,1080.98,False,90
4716,132,4066.64,0,30.80787878787879,0.0,low,GB,564.97,False,1111
4717,108,24623.26,1,227.99314814814812,1002.07,low,US,1847.49,False,1950
4718,100,9969.28,0,99.6928,0.0,low,US,531.09,False,2166
4719,124,5765.76,3,46.498064516129034,304.89,low,US,281.9,False,896
4720,108,10160.62,3,94.07981481481482,660.12,low,US,200.03,False,354
4721,116,16591.19,0,143.02749999999997,0.0,low,CA,447.19,False,1265
4722,131,79143.07,0,604.145572519084,0.0,medium,US,986.88,False,1824
4723,117,11417.04,0,97.58153846153847,0.0,low,AU,1721.21,False,2071
4724,109,8322.33,1,76.35165137614679,251.52,low,US,503.29,False,141
4725,124,12708.87,1,102.4908870967742,318.99,medium,US,1468.23,False,657
4726,118,27870.38,0,236.18966101694917,0.0,low,CA,406.33,False,1061
4727,128,10771.3,1,84.15078125,77.99,low,US,243.85,False,242
4728,116,11861.27,1,102.2523275862069,29.34,low,US,152.07,False,1944
4729,118,17918.81,0,151.8543220338983,0.0,low,US,312.43,False,272
4730,129,7686.0,1,59.58139534883721,87.69,low,US,157.31,False,1466
4731,120,307322.0,0,2561.016666666667,0.0,low,US,3006.59,False,2014
4732,125,68571.13,0,548.5690400000001,0.0,low,GB,731.7,False,1510
4733,132,3221.59,0,24.40598484848485,0.0,low,US,452.12,False,1678
4734,129,313370.52,1,2429.2288372093026,506.39,low,US,2321.11,False,598
4735,135,15607.43,1,115.6105925925926,178.08,low,US,152.62,False,1817
4736,130,18343.73,2,141.1056153846154,149.83,low,US,435.53,True,934
4737,122,24287.64,2,199.07901639344263,1493.46,low,US,2980.08,False,162
4738,117,51590.62,0,440.9454700854701,0.0,low,US,432.84,False,821
4739,115,171179.06,2,1488.5135652173913,3632.29,low,US,4456.56,False,785
4740,108,45671.74,0,422.88648148148144,0.0,low,US,999.29,False,1156
4741,100,116239.06,0,1162.3906,0.0,low,US,1596.12,False,602
4742,103,10735.26,0,104.22582524271844,0.0,low,US,1638.29,False,1028
4743,128,26717.64,2,208.7315625,760.61,low,US,493.46,False,954
4744,129,256319.62,2,1986.9737984496123,4274.84,medium,US,317.54,False,736
4745,122,5074.16,1,41.591475409836065,34.19,low,US,444.12,False,1533
4746,123,2179.26,0,17.717560975609757,0.0,low,US,202.71,False,689
4747,140,11498.29,1,82.13064285714286,50.74,low,US,464.35,False,1684
4748,126,10732.4,1,85.17777777777778,282.84,low,AU,490.8,False,571
4749,139,25486.36,1,183.35510791366906,412.79,low,US,2253.66,False,1898
4750,103,18966.9,0,184.14466019417478,0.0,low,US,840.46,False,818
4751,128,482910.7,4,3772.73984375,19581.85,medium,US,4131.33,False,117
4752,115,2708.98,1,23.556347826086956,25.6,low,US,70.56,False,353
4753,146,2650.4700000000003,2,18.153904109589043,53.83,medium,US,164.79,False,1771
4754,107,6493.73,1,60.689065420560745,12.26,low,CA,357.88,False,1913
4755,125,33747.0,0,269.976,0.0,low,US,1887.95,False,487
4756,136,47511.84,4,349.3517647058823,669.19,medium,US,446.47,False,1330
4757,129,2133.2599999999998,0,16.5368992248062,0.0,low,US,131.49,False,1270
4758,104,15704.77,1,151.00740384615386,634.63,low,US,395.2,False,318
4759,137,4625.56,0,33.76321167883212,0.0,low,US,167.7,False,1006
4760,124,13130.58,0,105.89177419354839,0.0,low,US,140.57,False,1528
4761,126,46909.54,0,372.2979365079365,0.0,low,US,2977.81,False,2118
4762,116,7993.46,3,68.90913793103448,221.82000000000002,medium,US,359.08,False,1860
4763,133,7212.26,1,54.227518796992484,49.37,low,US,575.84,False,241
4764,120,11445.99,1,95.38325,143.12,low,US,453.2,False,543
4765,130,1528.48,0,11.757538461538461,0.0,low,US,392.94,False,973
4766,118,4735.58,1,40.13203389830508,52.1,low,US,231.23,False,355
4767,122,8817.42,0,72.2739344262295,0.0,low,US,372.57,False,1262
4768,115,73477.44,0,638.9342608695653,0.0,low,US,667.48,False,48
4769,137,27183.74,2,198.4214598540146,176.09,high,US,1766.53,False,275
4770,123,52699.32,1,428.44975609756096,130.87,low,US,1155.97,False,132
4771,107,3320.14,2,31.029345794392523,72.64,low,US,164.49,False,668
4772,131,9001.15,0,68.71106870229008,0.0,low,US,1199.52,False,1676
4773,118,15597.79,0,132.18466101694915,0.0,low,US,755.89,False,412
4774,106,13275.29,0,125.23858490566039,0.0,medium,US,280.83,False,2162
4775,109,16401.75,0,150.47477064220183,0.0,low,US,580.5,False,612
4776,101,2416.3,0,23.923762376237626,0.0,low,US,824.73,False,126
4777,110,15172.79,0,137.93445454545454,0.0,low,US,514.06,False,754
4778,126,1301.04,2,10.325714285714286,24.35,medium,US,759.16,False,1645
4779,119,8088.03,0,67.96663865546218,0.0,low,US,226.64,True,260
4780,126,812929.4299999999,0,6451.820873015872,0.0,low,US,2961.79,False,185
4781,115,5689.65,0,49.47521739130435,0.0,low,US,86.8,False,1864
4782,125,2283.61,2,18.26888,84.73,low,US,828.87,False,1309
4783,123,13362.22,1,108.63593495934958,182.22,low,US,685.46,False,771
4784,123,60416.23,2,491.1888617886179,3036.76,low,US,878.88,False,1663
4785,121,30140.19,0,249.09247933884296,0.0,low,US,260.46,False,1853
4786,122,11733.14,1,96.17327868852459,17.15,medium,US,1411.32,False,805
4787,112,1935.77,1,17.283660714285713,23.66,low,US,447.12,False,1242
4788,126,26589.73,1,211.02960317460318,164.57,low,US,169.42,False,53
4789,108,7613.62,1,70.49648148148148,27.85,low,US,183.95,False,691
4790,114,5460.39,0,47.89815789473685,0.0,low,CA,551.28,False,1315
4791,107,1368.42,3,12.788971962616824,11.29,low,US,117.11,False,455
4792,108,38346.86,1,355.06351851851855,139.64,low,US,2491.04,False,2171
4793,105,35133.06,1,334.6005714285714,298.25,low,CA,1266.52,False,2127
4794,139,85242.8,1,613.2575539568345,740.72,low,US,2550.79,False,586
4795,106,33059.21,0,311.8793396226415,0.0,low,US,2319.9,False,886
4796,118,2248.0,1,19.050847457627118,4.85,low,US,358.99,False,439
4797,109,29531.91,0,270.9349541284404,0.0,low,US,225.34,False,1118
4798,116,7238.17,1,62.398017241379314,9.57,medium,US,44.26,False,297
4799,110,6915.69,1,62.86990909090909,341.41,low,US,341.86,False,874
4800,118,36542.45,1,309.68177966101695,937.75,low,AU,2414.11,False,1229
4801,114,6501.11,1,57.027280701754385,130.51,low,AU,233.91,False,1351
4802,113,6917.49,1,61.216725663716815,92.93,low,US,407.92,False,1318
4803,104,1983.9,0,19.075961538461538,0.0,low,DE,299.13,False,508
4804,135,51792.46,1,383.64785185185184,401.85,low,US,690.56,False,1741
4805,109,3632.63,0,33.326880733944954,0.0,low,US,1567.87,False,1524
4806,111,1399.42,0,12.607387387387387,0.0,low,US,123.31,False,1656
4807,116,1560.88,1,13.455862068965518,18.98,low,US,146.5,False,1040
4808,106,11681.88,0,110.20641509433962,0.0,low,US,1877.99,False,1957
4809,107,10824.46,1,101.16317757009345,212.3,medium,GB,953.14,False,872
4810,120,1700.74,1,14.172833333333333,10.89,low,US,390.16,False,1770
4811,136,68048.56999999999,1,500.3571323529411,556.17,low,GB,2290.15,False,469
4812,122,1479.27,1,12.12516393442623,36.84,low,US,144.24,True,564
4813,113,67227.84,0,594.9366371681416,0.0,low,US,1139.21,False,1167
4814,139,29928.58,0,215.31352517985613,0.0,low,US,463.4,False,1230
4815,132,27087.53,0,205.2085606060606,0.0,low,US,850.56,False,1641
4816,133,4919.5599999999995,3,36.989172932330824,171.3,low,US,57.49,False,672
4817,152,10231.76,2,67.31421052631579,359.09999999999997,low,US,389.7,False,1914
4818,119,57665.55,1,484.58445378151265,124.0,low,US,956.34,False,742
4819,127,24303.43,2,191.3655905511811,1001.27,high,US,465.45,False,1183
4820,132,7684.74,0,58.217727272727274,0.0,low,US,1525.03,False,2042
4821,121,237154.82,1,1959.9571900826447,1633.69,low,US,1479.74,False,1195
4822,96,20372.78,0,212.21645833333332,0.0,low,US,207.95,False,1502
4823,114,104864.17,1,919.8611403508771,627.78,low,US,1034.42,False,1992
4824,122,2691.38,0,22.06049180327869,0.0,low,US,201.66,False,2135
4825,117,9724.68,2,83.11692307692309,353.47,high,US,517.3,False,1108
4826,129,16012.05,0,124.12441860465115,0.0,low,US,889.37,False,930
4827,115,6018.8,1,52.337391304347825,199.08,low,US,232.35,False,455
4828,126,14329.85,0,113.72896825396826,0.0,low,US,1000.48,False,1190
4829,122,68832.91,0,564.2041803278689,0.0,low,US,312.68,False,2013
4830,119,2902.31,0,24.389159663865545,0.0,low,GB,292.18,False,1082
4831,125,7687.79,1,61.50232,139.94,medium,US,930.75,False,782
4832,131,3695.09,0,28.20679389312977,0.0,low,US,232.21,False,261
4833,114,1833.6399999999999,3,16.084561403508772,52.72,low,US,221.82,False,871
4834,105,14329.61,2,136.4724761904762,218.77,low,US,1257.7,False,541
4835,134,56437.42,1,421.17477611940296,129.48,low,US,543.32,False,2139
4836,135,10320.66,1,76.44933333333333,392.06,low,US,133.13,False,1169
4837,109,51355.57,0,471.15201834862387,0.0,low,US,1064.3,False,325
4838,111,2634.78,0,23.73675675675676,0.0,low,US,341.74,False,175
4839,121,3924.75,2,32.43595041322314,221.89,low,US,139.39,False,1867
4840,126,1040.24,0,8.255873015873016,0.0,low,GB,51.59,False,2041
4841,111,9854.21,2,88.77666666666666,186.05,medium,DE,1111.06,False,1678
4842,115,1657.61,0,14.414,0.0,low,US,227.26,False,297
4843,128,3402.66,1,26.58328125,69.72,low,GB,160.86,False,242
4844,113,8204.5,1,72.60619469026548,34.24,low,US,876.08,False,457
4845,139,55735.11,0,400.9720143884892,0.0,low,US,1017.61,False,1652
4846,104,14493.04,0,139.35615384615386,0.0,low,US,242.65,False,1683
4847,120,284261.51,2,2368.8459166666667,6460.13,low,GB,1120.33,False,1839
4848,108,49916.42,1,462.1890740740741,375.89,low,US,3131.93,False,239
4849,110,143030.31,1,1300.2755454545454,3082.1,low,US,1655.73,True,360
4850,119,37998.2,0,319.3126050420168,0.0,low,US,1439.36,False,1974
4851,115,13904.83,0,120.9115652173913,0.0,low,US,653.74,True,2036
4852,111,4640.77,1,41.80873873873874,26.01,low,US,330.52,False,1597
4853,124,5864.89,3,47.2975,293.65999999999997,low,US,468.58,False,259
4854,113,21831.82,3,193.20194690265487,605.95,low,US,732.65,False,178
4855,127,2902.31,1,22.85283464566929,43.84,low,GB,158.89,False,150
4856,93,15043.32,0,161.75612903225806,0.0,low,US,246.55,False,1524
4857,121,1737.81,0,14.36206611570248,0.0,low,US,136.32,False,1857
4858,131,6969.66,2,53.203511450381676,34.18,low,US,608.91,False,1394
4859,123,12217.46,1,99.3289430894309,127.1,low,US,530.99,False,596
4860,126,14409.46,1,114.36079365079364,23.45,low,CA,273.84,False,1665
4861,127,28563.89,0,224.91251968503937,0.0,low,US,1031.17,False,157
4862,129,3726.59,2,28.88829457364341,32.239999999999995,low,US,192.45,False,1818
4863,124,1596.05,0,12.871370967741935,0.0,low,US,264.85,False,1956
4864,121,24303.57,0,200.85595041322313,0.0,low,US,994.73,False,1581
4865,122,24697.75,2,202.4405737704918,297.31,low,US,1136.76,False,1929
4866,122,3691.63,2,30.259262295081967,238.11,low,US,240.77,False,1296
4867,129,40404.28,2,313.2114728682171,215.81,low,US,607.19,False,1041
4868,110,17652.92,1,160.48109090909088,815.2,low,US,244.47,False,726
4869,111,8902.69,0,80.20441441441442,0.0,low,US,412.57,False,2020
4870,100,6131.96,0,61.3196,0.0,low,US,560.85,False,1536
4871,124,55380.36,2,446.6158064516129,2803.73,low,US,815.93,False,441
4872,122,24284.8,1,199.05573770491802,113.42,low,US,655.77,False,2097
4873,104,12488.26,0,120.07942307692308,0.0,low,US,630.08,False,157
4874,111,4460.52,0,40.18486486486487,0.0,low,US,186.67,False,1299
4875,143,92631.58,4,647.7732867132868,3537.4599999999996,low,US,698.86,False,441
4876,121,14154.98,0,116.98330578512396,0.0,low,US,809.13,True,1464
4877,89,9146.2,0,102.76629213483147,0.0,low,US,916.02,False,921
4878,102,3274.5,0,32.10294117647059,0.0,low,US,257.86,True,974
4879,134,47698.979999999996,5,355.9625373134328,3437.0499999999997,high,CA,1123.3,False,1480
4880,113,4596.76,0,40.679292035398234,0.0,medium,US,150.58,False,1663
4881,110,2002.06,0,18.200545454545455,0.0,low,US,334.38,False,850
4882,114,20590.35,0,180.6171052631579,0.0,low,US,384.53,False,2184
4883,112,921.14,2,8.224464285714285,53.410000000000004,low,US,158.2,True,1106
4884,105,9918.64,0,94.46323809523808,0.0,low,US,379.31,False,376
4885,135,9768.71,0,72.3608148148148,0.0,low,US,601.44,False,43
4886,132,5380.98,2,40.76499999999999,213.45,low,US,95.28,False,467
4887,110,39290.39,0,357.1853636363636,0.0,low,US,345.43,False,1522
4888,112,1848.86,1,16.50767857142857,19.55,low,US,102.15,False,1195
4889,99,154678.33,2,1562.4073737373735,2997.3700000000003,low,US,3094.51,True,759
4890,131,20625.81,0,157.44893129770995,0.0,low,US,596.6,False,1069
4891,111,6260.15,2,56.397747747747744,96.91,low,US,551.83,False,1840
4892,118,6064.51,0,51.394152542372886,0.0,medium,US,607.2,False,1264
4893,124,34018.04,0,274.33903225806455,0.0,low,US,849.01,False,155
4894,137,369904.82,0,2700.0351824817517,0.0,low,US,1188.37,False,135
4895,102,3936.35,2,38.59166666666667,81.85,low,CA,120.64,False,1071
4896,124,33307.48,0,268.60870967741937,0.0,low,US,1602.24,False,903
4897,139,40585.52,0,291.9821582733813,0.0,low,US,1512.08,False,1867
4898,137,12875.35,1,93.98065693430657,151.02,low,US,464.19,False,1289
4899,121,18898.67,1,156.18735537190082,114.5,medium,US,442.81,False,1664
4900,108,1005.88,0,9.313703703703704,0.0,low,US,30.19,True,1294
4901,117,8729.72,1,74.61299145299145,54.04,low,US,160.84,False,775
4902,103,22123.81,0,214.79427184466022,0.0,low,US,786.01,False,1449
4903,125,21380.07,0,171.04056,0.0,medium,US,1451.79,False,1372
4904,131,14792.29,0,112.91824427480917,0.0,low,AU,949.52,False,1585
4905,133,35083.55,2,263.78609022556395,1254.3999999999999,medium,US,460.29,False,438
4906,118,66584.0,1,564.271186440678,2667.96,low,US,2788.57,False,1415
4907,133,46552.03,0,350.0152631578947,0.0,low,US,1217.63,False,646
4908,147,20621.47,0,140.28210884353743,0.0,low,US,345.69,False,1736
4909,135,147520.27,2,1092.7427407407406,1626.77,low,US,3511.85,True,1754
4910,133,2740.18,1,20.602857142857143,136.81,low,US,183.73,False,1379
4911,100,2192.23,0,21.9223,0.0,high,US,131.02,False,2074
4912,114,15534.09,0,136.26394736842104,0.0,low,US,337.31,False,1191
4913,138,4364.5,1,31.6268115942029,12.13,low,US,248.94,False,84
4914,119,8842.19,1,74.30411764705883,54.3,medium,US,354.8,False,1339
4915,130,102053.19,3,785.0245384615384,2234.36,medium,US,1010.58,False,1709
4916,106,19908.73,2,187.8182075471698,289.27,high,US,477.91,False,248
4917,112,13897.93,2,124.08866071428572,251.29999999999998,medium,US,489.08,False,255
4918,110,26645.36,2,242.23054545454545,1720.91,low,CA,519.53,False,620
4919,134,7968.36,2,59.46537313432835,90.04,medium,US,61.49,False,1853
4920,112,4059.04,1,36.24142857142857,5.54,low,US,126.0,False,1169
4921,114,4818.55,0,42.26798245614035,0.0,low,US,348.35,False,2139
4922,133,10470.07,1,78.72233082706767,41.18,low,US,230.76,False,1915
4923,125,3151.18,0,25.209439999999997,0.0,low,US,399.97,False,1228
4924,113,81994.68,0,725.6166371681416,0.0,low,US,1743.61,False,1496
4925,119,9127.27,0,76.69974789915966,0.0,low,CA,460.81,False,744
4926,153,2303.21,2,15.053660130718955,29.22,low,US,149.91,True,225
4927,121,4555.79,1,37.651157024793385,169.88,low,US,241.34,False,891
4928,120,127934.6,1,1066.1216666666667,755.14,low,US,2297.37,False,1309
4929,113,80071.54,1,708.5976991150442,206.03,low,US,1957.15,False,423
4930,143,35112.85,1,245.5444055944056,591.3,low,CA,842.43,False,508
4931,121,6989.7300000000005,2,57.76636363636364,149.28,low,US,120.76,False,62
4932,102,23215.53,4,227.60323529411764,993.48,low,US,649.45,False,1615
4933,94,3034.32,1,32.28,12.74,low,CA,695.98,True,1972
4934,147,6712.72,2,45.6647619047619,22.13,low,US,504.21,False,1817
4935,135,29975.989999999998,1,222.04437037037036,92.63,low,US,295.0,False,850
4936,105,4778.01,0,45.50485714285715,0.0,low,US,355.54,False,1311
4937,129,2128.28,0,16.498294573643413,0.0,low,US,277.07,False,2105
4938,109,13844.68,0,127.0154128440367,0.0,low,US,175.82,False,1307
4939,130,21492.34,1,165.32569230769232,47.24,low,US,1684.78,False,669
4940,125,32201.62,1,257.61296,318.78,low,US,1090.16,False,761
4941,123,24166.38,0,196.47463414634146,0.0,low,US,381.29,False,1600
4942,127,41463.05,0,326.48070866141734,0.0,low,US,676.52,False,993
4943,118,2516.87,3,21.329406779661017,183.04,low,US,699.76,False,1838
4944,132,256742.94,1,1945.0222727272728,616.83,low,US,4058.61,True,1896
4945,129,11015.630000000001,2,85.39248062015504,274.3,low,US,1080.64,False,107
4946,122,13204.38,0,108.23262295081966,0.0,low,US,1044.5,False,1592
4947,124,20571.62,1,165.9001612903226,56.38,medium,US,509.88,False,829
4948,108,1733.82,0,16.05388888888889,0.0,low,US,333.29,False,1152
4949,108,13519.99,2,125.1850925925926,124.14,low,US,1710.33,False,601
4950,137,9506.84,0,69.39299270072993,0.0,medium,US,886.29,False,825
4951,122,6208.05,0,50.88565573770492,0.0,low,US,233.55,False,743
4952,120,7343.96,1,61.199666666666666,113.02,low,US,741.36,False,138
4953,121,16117.52,3,133.20264462809916,242.25,medium,US,1046.96,True,1720
4954,124,3905.76,2,31.498064516129034,32.28,low,US,74.72,True,338
4955,127,5509.35,0,43.38070866141732,0.0,low,AU,214.83,False,841
4956,117,15674.44,0,133.96957264957265,0.0,low,CA,683.0,False,446
4957,118,3750.16,0,31.78101694915254,0.0,low,US,87.18,False,376
4958,121,1058.0,0,8.743801652892563,0.0,low,US,100.53,False,836
4959,127,36504.39,1,287.4361417322835,111.03,low,US,386.29,False,2014
4960,120,2159.89,0,17.99908333333333,0.0,medium,US,766.93,False,2069
4961,145,27044.02,0,186.5104827586207,0.0,low,US,799.52,False,854
4962,132,13761.48,1,104.25363636363636,114.06,low,US,2047.06,False,1121
4963,120,6645.53,0,55.379416666666664,0.0,low,US,530.62,False,2159
4964,140,9253.18,0,66.09414285714286,0.0,low,US,352.35,False,537
4965,114,938.94,0,8.236315789473684,0.0,low,US,151.92,False,2070
4966,116,6253.08,2,53.90586206896552,92.21000000000001,low,US,348.57,False,258
4967,131,9620.16,2,73.43633587786259,354.38,low,GB,931.48,False,517
4968,132,181131.94,1,1372.2116666666666,755.74,low,US,970.15,False,760
4969,114,9752.77,0,85.55061403508772,0.0,low,US,625.25,False,110
4970,119,13864.36,0,116.50722689075631,0.0,low,US,806.26,False,1791
4971,104,27749.41,1,266.82125,354.12,low,US,1554.25,False,1877
4972,122,6181.7300000000005,0,50.66991803278689,0.0,low,US,527.29,False,858
4973,135,22460.32,3,166.37274074074074,1081.3200000000002,low,US,1686.8,False,1836
4974,125,7793.21,1,62.34568,144.83,low,AU,256.22,False,1698
4975,116,3293.4700000000003,1,28.391982758620692,25.26,low,DE,461.3,False,1761
4976,112,4565.55,2,40.76383928571429,33.44,medium,CA,319.66,False,1763
4977,110,3161.91,0,28.744636363636364,0.0,low,US,1005.7,False,1268
4978,121,8020.11,0,66.28190082644628,0.0,medium,US,197.74,False,269
4979,124,13919.28,2,112.25225806451614,142.88,medium,US,368.86,False,2024
4980,116,1154.18,0,9.949827586206897,0.0,low,US,92.42,False,1344
4981,124,9628.01,3,77.64524193548387,278.58,low,CA,841.29,False,1976
4982,118,6931.62,0,58.74254237288135,0.0,medium,US,1513.4,True,2101
4983,118,34879.51,0,295.5890677966102,0.0,medium,US,1118.38,False,434
4984,115,22478.79,3,195.46773913043478,516.41,high,US,1023.89,False,898
4985,112,33917.83,0,302.83776785714286,0.0,low,US,1048.86,False,445
4986,125,150376.76,2,1203.0140800000001,3069.75,low,US,924.94,False,140
4987,121,7037.650000000001,2,58.162396694214884,163.92000000000002,medium,AU,856.59,False,2117
4988,118,17026.1,0,144.28898305084743,0.0,medium,US,907.8,False,2024
4989,127,4946.77,0,38.95094488188977,0.0,low,US,273.11,False,2042
4990,134,3862.85,0,28.827238805970147,0.0,medium,US,411.51,False,1938
4991,112,64512.29,2,576.0025892857143,471.47,low,US,524.91,False,1431
4992,119,4112.09,1,34.555378151260506,13.82,medium,US,364.26,False,1157
4993,119,7600.45,3,63.86932773109243,329.1,low,DE,120.34,False,2171
4994,124,6036.19,2,48.67895161290322,60.53,medium,US,162.15,False,1222
4995,125,24562.92,1,196.50336,121.24,low,US,606.06,True,1417
4996,123,45619.44,1,370.889756097561,223.17,low,DE,1113.43,False,487
4997,131,4025.96,1,30.732519083969464,45.3,low,US,496.91,False,1642
4998,112,322914.51,0,2883.165267857143,0.0,low,US,5933.32,True,1800
4999,121,4915.86,2,40.62694214876033,55.27,low,US,215.34,False,1495
5000,131,31615.29,0,241.33809160305344,0.0,medium,US,735.42,False,1106
5001,113,34536.840000000004,0,305.63575221238943,0.0,low,US,1575.11,False,457
5002,111,11055.76,3,99.60144144144144,385.37,medium,US,1285.77,False,103
5003,123,29152.89,1,237.01536585365852,279.19,low,US,888.52,False,1384
5004,125,269966.7,0,2159.7336,0.0,low,US,1291.07,False,1505
5005,115,20337.989999999998,0,176.85208695652173,0.0,low,DE,517.94,False,1698
5006,107,14095.96,1,131.73794392523362,576.26,low,US,2200.84,False,2083
5007,110,31885.35,0,289.8668181818182,0.0,low,US,1563.75,False,1104
5008,107,13271.95,0,124.03691588785047,0.0,low,US,228.83,False,1820
5009,112,9607.27,0,85.77919642857144,0.0,low,US,658.14,False,1577
5010,138,2909.79,1,21.085434782608694,14.16,low,CA,122.42,False,628
5011,124,276828.48,1,2232.487741935484,4347.8,medium,US,1938.38,False,1855
5012,109,1723.27,1,15.809816513761469,28.68,low,US,602.93,True,145
5013,128,18838.91,1,147.178984375,160.32,low,US,1658.88,False,1323
5014,126,5430.73,0,43.101031746031744,0.0,low,US,446.56,False,2061
5015,130,8031.77,0,61.78284615384616,0.0,low,US,92.7,False,1453
5016,128,117964.51,1,921.597734375,487.23,low,US,5290.3,False,2054
5017,118,45972.74,0,389.59949152542373,0.0,low,CA,554.45,False,151
5018,124,7697.95,1,62.08024193548387,339.65,low,CA,200.3,False,1180
5019,114,17872.77,0,156.7786842105263,0.0,low,US,1381.86,False,1716
5020,132,405478.07,2,3071.8035606060607,7211.129999999999,low,US,3078.73,False,1417
5021,97,16951.65,0,174.75927835051547,0.0,low,US,410.68,False,1931
5022,123,16265.38,1,132.23886178861787,145.58,low,US,450.65,False,1029
5023,138,65499.72,3,474.63565217391306,838.51,medium,US,610.48,False,1504
5024,123,10463.85,0,85.0719512195122,0.0,low,DE,181.3,False,936
5025,114,3998.44,1,35.074035087719295,50.57,low,GB,264.65,False,1913
5026,135,163255.38,1,1209.2991111111112,810.05,low,US,2449.73,False,288
5027,115,1887.3700000000001,1,16.41191304347826,53.38,low,US,437.47,False,578
5028,118,3880.71,1,32.88737288135593,19.19,low,US,231.88,False,238
5029,114,52761.33,2,462.8186842105263,729.88,medium,AU,328.05,False,1546
5030,119,50666.25,1,425.76680672268907,177.16,low,US,1294.06,False,532
5031,121,1624.24,0,13.423471074380165,0.0,low,US,83.24,False,715
5032,127,27455.64,1,216.18614173228346,85.89,low,US,619.67,False,1837
5033,123,560211.09,2,4554.561707317073,7384.24,low,US,4518.78,False,807
5034,107,74886.95,3,699.8780373831776,5784.84,low,DE,3065.47,False,344
5035,126,12106.65,0,96.0845238095238,0.0,low,US,825.41,False,75
5036,128,33772.43,1,263.847109375,231.51,medium,US,1611.3,False,519
5037,104,21268.06,0,204.50057692307695,0.0,low,US,1597.42,False,2005
5038,122,98952.1,1,811.0827868852459,259.88,low,US,439.98,False,1215
5039,114,4150.62,2,36.40894736842105,104.13,low,US,1132.65,False,2178
5040,117,66957.58,0,572.2870085470086,0.0,low,US,2464.45,False,494
5041,116,1530.76,1,13.196206896551724,8.64,low,US,158.0,False,789
5042,125,42874.64,0,342.99712,0.0,low,US,827.98,False,382
5043,122,3008.73,0,24.66172131147541,0.0,low,US,682.2,False,890
5044,114,2714.23,0,23.809035087719298,0.0,low,US,540.69,False,1246
5045,127,7916.17,4,62.33204724409449,263.92,medium,AU,499.28,False,1775
5046,119,48275.83,0,405.679243697479,0.0,low,CA,606.98,False,825
5047,142,69817.12,1,491.66985915492955,579.03,low,US,654.59,False,1696
5048,105,3852.84,4,36.693714285714286,158.72,high,US,1348.51,False,1382
5049,131,31958.99,1,243.96175572519084,222.0,low,US,756.62,False,660
5050,117,32673.28,2,279.2588034188034,1129.13,low,CA,419.86,False,2000
5051,114,13087.33,0,114.80114035087719,0.0,low,US,231.38,False,967
5052,130,22481.04,1,172.93107692307694,109.75,low,US,322.08,False,356
5053,126,50643.85,1,401.93531746031744,777.86,medium,US,623.31,False,2109
5054,126,11705.24,1,92.89873015873016,146.05,low,US,261.0,False,2003
5055,114,40991.96,1,359.57859649122804,1444.62,medium,US,1154.35,False,137
5056,108,25196.01,0,233.29638888888888,0.0,low,US,725.64,False,1979
5057,136,11557.16,2,84.97911764705883,96.08999999999999,low,GB,1379.08,False,2076
5058,128,2945.58,0,23.01234375,0.0,low,US,277.29,False,1820
5059,96,5202.06,0,54.18812500000001,0.0,low,US,233.23,False,580
5060,105,52431.66,1,499.3491428571429,269.99,medium,US,1369.84,False,1393
5061,119,29344.35,0,246.5911764705882,0.0,low,US,553.89,False,1192
5062,131,5026.29,1,38.36862595419847,20.71,low,US,410.65,False,1369
5063,111,17355.65,0,156.3572072072072,0.0,low,US,924.08,False,1361
5064,109,40937.59,0,375.5742201834862,0.0,low,US,893.64,False,1410
5065,126,3761.14,2,29.85031746031746,22.52,medium,US,159.14,False,1140
5066,124,52132.58,0,420.4240322580645,0.0,low,US,1713.31,False,1521
5067,108,20685.78,0,191.535,0.0,low,US,340.57,False,1167
5068,107,245643.7,0,2295.735514018692,0.0,low,US,2275.64,False,65
5069,135,10757.35,2,79.68407407407408,545.01,low,US,148.38,False,106
5070,108,4587.53,4,42.47712962962963,461.62,high,US,655.67,False,2099
5071,107,1032.85,0,9.652803738317756,0.0,low,US,416.94,False,1993
5072,104,3229.03,2,31.048365384615387,32.97,low,US,83.29,False,1294
5073,121,23627.97,0,195.272479338843,0.0,low,US,891.04,False,407
5074,111,7177.71,0,64.66405405405405,0.0,low,US,87.22,False,1717
5075,109,6339.85,5,58.16376146788991,539.64,high,US,378.99,True,339
5076,119,6092.7,0,51.199159663865544,0.0,low,US,1331.22,False,844
5077,119,6802.7,0,57.16554621848739,0.0,low,US,305.81,False,742
5078,120,3304.58,1,27.538166666666665,17.37,low,US,218.47,False,56
5079,123,11758.66,2,95.59886178861788,252.81,high,US,1012.64,False,1773
5080,120,10861.19,3,90.50991666666667,435.24,high,US,393.64,False,1131
5081,111,30422.27,2,274.0745045045045,611.21,low,GB,342.22,False,713
5082,141,75939.62,0,538.5788652482269,0.0,low,US,1552.3,True,1125
5083,117,3764.87,1,32.17837606837607,34.18,low,US,172.34,False,30
5084,121,6976.1,1,57.65371900826447,192.65,low,US,325.82,False,973
5085,116,9130.16,0,78.70827586206896,0.0,low,US,1074.71,True,1152
5086,122,1702.66,0,13.956229508196722,0.0,low,US,162.59,False,763
5087,132,32730.12,0,247.95545454545453,0.0,medium,US,2435.27,False,1823
5088,104,8673.01,2,83.39432692307693,556.59,low,US,405.39,False,569
5089,103,18537.58,1,179.97650485436895,484.95,low,US,1082.55,False,327
5090,127,7596.94,0,59.81842519685039,0.0,low,US,1080.51,False,1169
5091,118,29424.87,0,249.36330508474575,0.0,low,US,429.64,False,1946
5092,139,7819.8,0,56.257553956834535,0.0,low,US,320.18,False,840
5093,129,10479.07,0,81.23310077519379,0.0,low,US,474.06,False,130
5094,138,95728.81999999999,2,693.6871014492754,489.19000000000005,high,US,935.81,False,2125
5095,128,4412.94,0,34.47609375,0.0,low,US,202.8,False,989
5096,141,18775.51,0,133.15964539007092,0.0,medium,US,166.85,False,403
5097,137,37797.68,3,275.89547445255477,986.24,low,US,1873.91,False,1359
5098,122,1369.62,1,11.22639344262295,9.97,low,US,254.33,False,720
5099,110,45020.3,1,409.2754545454546,1003.56,low,US,677.68,False,2055
5100,118,7659.37,1,64.90991525423729,483.93,medium,US,410.76,False,664
5101,119,39064.51,1,328.27319327731095,187.19,low,US,427.49,False,1218
5102,100,48778.97,0,487.78970000000004,0.0,low,US,1785.32,False,1203
5103,122,4176.98,2,34.23754098360656,99.30000000000001,low,US,456.39,False,553
5104,112,10573.29,1,94.404375,92.97,low,CA,357.4,False,1108
5105,128,1741.42,0,13.60484375,0.0,low,US,386.55,False,265
5106,131,7296.67,1,55.69977099236641,29.36,low,US,313.21,False,1420
5107,119,10296.97,1,86.52915966386554,152.77,low,CA,269.59,False,1667
5108,123,4422.11,1,35.952113821138205,9.47,low,US,314.35,False,2082
5109,132,38862.03,0,294.40931818181815,0.0,low,GB,2201.49,False,733
5110,137,10167.14,1,74.21270072992701,18.52,low,US,934.81,False,646
5111,130,15392.01,1,118.40007692307692,561.12,low,US,361.16,True,1215
5112,125,10602.66,0,84.82128,0.0,low,US,1192.12,False,1526
5113,115,6581.79,3,57.23295652173913,230.75,medium,US,118.1,False,2173
5114,140,114656.39,0,818.9742142857143,0.0,low,US,1699.54,False,84
5115,121,64715.99,1,534.8428925619835,376.69,low,US,1580.73,False,544
5116,108,598318.86,3,5539.989444444444,6832.74,medium,AU,3687.49,False,596
5117,130,80538.16,0,619.5243076923077,0.0,low,US,1224.63,False,581
5118,130,35672.36,1,274.40276923076925,555.92,low,US,730.34,False,1031
5119,117,26990.47,2,230.6877777777778,581.52,low,GB,1575.02,False,1915
5120,123,1618.6,0,13.159349593495934,0.0,low,US,280.56,False,96
5121,126,2194.31,0,17.41515873015873,0.0,low,US,345.2,False,1792
5122,111,5436.58,0,48.9781981981982,0.0,low,US,465.07,False,1364
5123,121,43566.659999999996,2,360.055041322314,1893.08,low,US,1689.17,False,1358
5124,145,53487.85,0,368.88172413793103,0.0,low,US,228.08,False,1495
5125,104,8033.09,2,77.24125000000001,68.71,medium,US,207.3,False,279
5126,108,24487.77,0,226.7386111111111,0.0,low,US,609.65,False,1642
5127,118,32390.0,0,274.49152542372883,0.0,low,US,939.9,False,565
5128,129,17555.29,0,136.08751937984496,0.0,low,US,261.71,False,1145
5129,113,5274.0199999999995,0,46.67274336283185,0.0,low,US,900.88,False,1492
5130,153,100565.63,1,657.2916993464053,1824.84,low,US,1688.44,False,1334
5131,127,44708.35,0,352.03425196850395,0.0,low,US,1451.59,False,727
5132,112,2654.52,0,23.701071428571428,0.0,medium,US,677.2,False,885
5133,144,23068.55,0,160.19826388888887,0.0,low,US,454.17,False,1059
5134,121,110117.66,0,910.063305785124,0.0,low,US,2349.74,False,119
5135,136,11801.39,0,86.77492647058823,0.0,low,US,499.63,True,1598
5136,129,6977.0,0,54.08527131782946,0.0,low,US,1148.62,False,245
5137,113,105930.44,0,937.4375221238938,0.0,low,US,2871.11,False,1020
5138,120,8026.14,1,66.8845,59.18,low,US,1044.97,False,1444
5139,112,10985.34,2,98.08339285714285,497.66,low,US,200.86,False,203
5140,114,7333.86,1,64.33210526315789,81.45,low,US,161.56,False,2180
5141,126,22266.73,1,176.72007936507936,1286.67,low,US,376.96,False,844
5142,114,90237.43000000001,0,791.556403508772,0.0,low,US,933.13,False,64
5143,110,12649.12,1,114.992,396.68,low,US,735.32,False,1452
5144,105,80128.94,0,763.1327619047619,0.0,low,DE,3591.67,False,1234
5145,117,14133.17,1,120.79632478632479,168.93,low,US,728.91,False,1413
5146,137,10343.27,0,75.49832116788322,0.0,low,US,366.98,False,1652
5147,125,14806.28,0,118.45024000000001,0.0,low,US,177.68,False,1057
5148,128,278694.43,0,2177.300234375,0.0,low,CA,1425.66,False,1815
5149,123,22246.0,1,180.8617886178862,75.08,low,US,490.07,False,829
5150,134,1006.05,0,7.507835820895522,0.0,low,US,127.04,False,1207
5151,140,12931.460000000001,0,92.36757142857144,0.0,low,US,502.72,False,372
5152,114,6571.25,1,57.64254385964912,1.47,low,US,201.11,False,1369
5153,115,13722.55,1,119.32652173913043,91.56,low,US,335.94,True,595
5154,130,10763.23,2,82.79407692307691,247.72,medium,US,495.5,False,1534
5155,108,11333.65,2,104.9412037037037,323.09999999999997,low,CA,218.18,True,1760
5156,117,17709.75,2,151.3653846153846,740.8900000000001,high,US,317.71,True,1885
5157,99,2146.47,1,21.68151515151515,13.86,medium,US,252.22,False,2036
5158,98,890.26,0,9.084285714285715,0.0,low,US,258.38,False,294
5159,132,4391.66,5,33.27015151515151,219.10999999999999,low,US,198.9,False,328
5160,127,39934.72,1,314.44661417322834,573.53,low,US,319.1,False,2030
5161,127,10378.25,0,81.71850393700787,0.0,low,US,220.25,False,852
5162,100,14090.9,1,140.909,94.01,low,US,835.41,False,86
5163,126,7050.34,2,55.955079365079364,78.89999999999999,low,AU,590.35,False,649
5164,121,95488.13,0,789.1580991735538,0.0,low,US,1444.1,False,1836
5165,108,28349.07,1,262.4913888888889,578.77,low,DE,2691.98,False,796
5166,109,21725.42,1,199.31577981651375,39.13,low,US,906.5,False,195
5167,123,327429.0,0,2662.0243902439024,0.0,low,CA,738.51,True,1589
5168,110,16751.97,1,152.29063636363637,147.64,high,US,959.4,False,450
5169,132,25385.53,1,192.3146212121212,62.28,low,GB,749.89,False,792
5170,117,14963.95,0,127.89700854700855,0.0,low,CA,515.52,False,38
5171,123,21699.95,5,176.42235772357725,736.1600000000001,medium,US,479.91,False,1330
5172,133,16533.72,2,124.31368421052632,784.37,low,AU,196.47,False,991
5173,118,13026.49,0,110.39398305084745,0.0,low,US,1048.41,False,1902
5174,113,19359.81,0,171.3257522123894,0.0,low,US,479.06,False,752
5175,97,47244.21,0,487.0537113402062,0.0,low,US,1816.32,False,471
5176,132,283291.3,4,2146.146212121212,18644.69,medium,US,1122.85,False,388
5177,131,10079.6,1,76.94351145038168,22.21,low,DE,280.52,True,462
5178,115,38945.49,0,338.6564347826087,0.0,low,US,1513.26,False,1004
5179,117,3938.07,1,33.65871794871795,34.72,low,US,49.17,False,218
5180,126,32407.78,1,257.20460317460316,72.27,low,US,2799.52,False,899
5181,109,2698.08,0,24.753027522935778,0.0,low,US,147.73,False,1876
5182,131,86699.45,0,661.8278625954198,0.0,low,US,769.39,False,1688
5183,113,2305.3,0,20.400884955752215,0.0,low,US,723.92,False,1406
5184,105,47330.03,0,450.7621904761905,0.0,low,US,1354.71,False,1959
5185,123,10285.18,2,83.61934959349594,192.91,low,US,366.56,False,1715
5186,115,2712.15,1,23.583913043478262,86.87,medium,CA,71.45,False,1439
5187,123,9484.01,3,77.10577235772358,434.59000000000003,low,US,367.03,False,1894
5188,114,21090.73,0,185.00640350877194,0.0,low,US,404.54,False,298
5189,112,1613.94,1,14.410178571428572,22.75,low,US,77.92,False,1797
5190,134,4742.61,1,35.39261194029851,13.27,low,US,513.29,False,668
5191,113,9268.97,1,82.0262831858407,34.95,low,CA,187.12,False,1613
5192,109,8017.61,0,73.55605504587156,0.0,medium,US,883.75,False,2002
5193,127,79027.52,0,622.263937007874,0.0,low,GB,394.86,False,1101
5194,102,29658.66,2,290.7711764705882,1786.75,medium,US,2878.39,False,221
5195,111,13895.05,0,125.18063063063063,0.0,medium,US,391.29,False,829
5196,118,18089.27,1,153.29889830508475,260.38,low,US,725.86,False,908
5197,123,5388.42,0,43.80829268292683,0.0,low,US,406.77,False,2053
5198,116,10885.77,1,93.8428448275862,22.31,low,US,114.33,False,2065
5199,123,6494.85,2,52.80365853658537,375.13,low,US,409.84,False,1257
5200,146,42875.16,2,293.6654794520548,1094.31,low,US,970.75,False,2083
5201,105,21329.94,2,203.1422857142857,286.05,low,US,847.08,False,972
5202,119,11580.05,4,97.31134453781512,322.34000000000003,high,US,378.44,False,918
5203,113,11098.47,0,98.21654867256636,0.0,low,DE,132.81,True,1836
5204,114,23054.82,5,202.23526315789474,2042.88,low,US,880.08,False,1471
5205,102,5936.82,2,58.20411764705882,80.68,low,CA,718.77,False,1158
5206,111,41324.37,0,372.29162162162163,0.0,low,US,1052.65,False,1016
5207,118,15122.41,3,128.15601694915253,801.6300000000001,low,AU,385.02,False,1554
5208,110,2427.54,0,22.068545454545454,0.0,low,DE,108.21,False,1657
5209,117,18982.83,0,162.24641025641026,0.0,low,US,796.63,False,1089
5210,117,50691.32,2,433.2591452991453,591.7900000000001,medium,US,488.71,False,98
5211,142,68886.12,3,485.11352112676053,663.44,low,US,1724.19,False,249
5212,120,15338.55,1,127.82124999999999,142.57,high,US,505.66,False,341
5213,113,20464.63,0,181.1029203539823,0.0,low,US,472.99,False,1028
5214,110,3041.6,0,27.65090909090909,0.0,low,US,717.33,False,1356
5215,115,32930.159999999996,0,286.3492173913043,0.0,low,US,287.94,False,1766
5216,122,9249.97,0,75.8194262295082,0.0,low,US,275.72,False,532
5217,103,5501.7,0,53.414563106796116,0.0,medium,US,451.19,False,1729
5218,123,3718.48,0,30.231544715447153,0.0,low,US,215.21,False,1468
5219,119,5584.33,0,46.927142857142854,0.0,low,US,400.94,False,141
5220,113,8818.7,1,78.04159292035399,38.63,low,US,2823.14,False,788
5221,105,29999.06,0,285.70533333333333,0.0,low,US,1259.37,False,683
5222,134,9812.69,1,73.22902985074627,155.32,low,US,650.17,True,1945
5223,103,17377.09,0,168.70961165048544,0.0,low,US,1991.23,False,2019
5224,129,4993.48,1,38.709147286821704,38.43,medium,US,234.53,False,1799
5225,97,42122.28,1,434.2503092783505,227.04,low,US,4635.02,True,1170
5226,108,13945.92,2,129.1288888888889,105.72,low,US,325.56,False,1094
5227,122,45999.83,1,377.0477868852459,3769.38,low,US,2991.19,False,702
5228,129,44145.84,1,342.21581395348835,279.89,low,US,2979.36,False,1699
5229,126,10203.27,3,80.97833333333334,563.21,medium,US,101.71,False,216
5230,124,234702.37,1,1892.7610483870967,2114.25,low,CA,1845.27,False,615
5231,117,2227.94,0,19.04222222222222,0.0,low,US,381.64,False,322
5232,121,1815.1,1,15.00082644628099,5.3,low,US,295.55,False,1097
5233,119,26927.23,1,226.279243697479,434.04,medium,CA,790.11,False,677
5234,102,4477.56,1,43.89764705882353,19.71,low,US,198.91,False,456
5235,133,3728.25,1,28.031954887218046,30.53,medium,US,774.17,False,843
5236,115,6609.95,1,57.47782608695652,59.65,low,US,211.3,False,1889
5237,116,9008.38,1,77.65844827586206,25.56,medium,CA,577.88,False,1235
5238,123,24455.65,0,198.82642276422766,0.0,low,US,1638.97,False,1807
5239,109,8068.32,0,74.02128440366972,0.0,low,US,697.75,False,2004
5240,122,5331.1,3,43.69754098360656,338.54,low,US,356.45,False,1978
5241,113,10542.59,0,93.29725663716815,0.0,low,CA,802.13,False,788
5242,138,1484.69,3,10.758623188405798,26.3,medium,US,138.96,False,1925
5243,133,6388.51,4,48.03390977443609,84.36,high,US,231.6,False,1994
5244,106,5940.76,0,56.04490566037736,0.0,low,US,334.54,False,2102
5245,101,52032.77,0,515.1759405940594,0.0,medium,US,1000.41,False,788
5246,120,9123.57,1,76.02974999999999,76.43,low,US,709.97,False,523
5247,132,61173.09,0,463.43249999999995,0.0,low,GB,797.63,False,1292
5248,119,28904.37,1,242.89386554621848,147.53,low,US,480.75,False,2042
5249,116,16419.53,0,141.5476724137931,0.0,low,US,242.43,False,1975
5250,122,346264.68,0,2838.235081967213,0.0,low,US,1880.52,False,1263
5251,121,5186.91,0,42.86702479338843,0.0,low,US,262.96,False,352
5252,117,16265.7,2,139.02307692307693,136.04000000000002,low,US,718.48,False,942
5253,104,27295.16,2,262.4534615384615,186.28,low,US,445.46,False,1572
5254,137,33319.24,1,243.2061313868613,51.31,low,US,817.86,False,1240
5255,116,2068.11,2,17.82853448275862,14.350000000000001,low,GB,285.73,False,776
5256,122,81741.89,0,670.0154918032787,0.0,low,AU,1270.81,False,770
5257,126,70147.93,0,556.7296031746031,0.0,low,US,1703.52,False,159
5258,130,24058.13,1,185.06253846153848,81.24,low,US,1202.54,False,653
5259,131,7965.12,0,60.8024427480916,0.0,low,US,567.85,False,1475
5260,132,6222.77,0,47.142196969696975,0.0,low,US,333.08,False,551
5261,112,93378.59,0,833.7374107142857,0.0,low,US,6247.27,False,2175
5262,131,4308.43,0,32.8887786259542,0.0,low,US,201.85,False,208
5263,122,185618.55,0,1521.4635245901638,0.0,low,US,1089.1,False,1301
5264,117,12613.05,1,107.80384615384615,35.57,medium,US,664.81,False,1102
5265,121,4174.03,0,34.49611570247934,0.0,low,US,465.78,False,1829
5266,142,5730.51,0,40.35570422535211,0.0,medium,US,582.1,False,1947
5267,118,1664.27,0,14.103983050847457,0.0,medium,US,311.32,False,1203
5268,101,6365.84,1,63.02811881188119,25.53,low,US,723.68,False,1391
5269,115,29994.7,1,260.8234782608696,1076.37,low,US,655.33,False,1539
5270,142,110276.07,1,776.5920422535212,437.2,low,US,5485.63,False,1155
5271,135,21329.41,0,157.99562962962963,0.0,low,US,1291.73,False,429
5272,134,4765.47,2,35.563208955223885,140.15,low,US,783.91,False,955
5273,120,13598.08,2,113.31733333333334,1741.32,high,US,827.16,True,551
5274,113,57603.88,2,509.7688495575221,852.01,low,US,2580.1,False,1033
5275,120,2799.59,0,23.32991666666667,0.0,low,US,205.74,False,1358
5276,103,20257.2,1,196.67184466019418,105.22,low,US,418.02,False,482
5277,123,3448.09,0,28.033252032520327,0.0,low,US,88.55,False,568
5278,115,29133.22,1,253.33234782608696,191.26,low,GB,814.76,False,1807
5279,129,30112.39,0,233.42937984496123,0.0,medium,US,1057.18,False,845
5280,119,5190.4800000000005,0,43.61747899159664,0.0,low,AU,201.13,False,458
5281,121,22892.37,2,189.19314049586777,145.96,low,US,1792.87,False,1570
5282,119,1001.34,0,8.414621848739497,0.0,low,US,258.01,False,1577
5283,107,8452.789999999999,1,78.99803738317756,8.53,low,US,362.05,False,1814
5284,125,5133.7,1,41.0696,184.99,low,US,548.73,False,1671
5285,119,9755.99,0,81.98310924369748,0.0,low,US,2068.91,False,2172
5286,128,3284.35,0,25.658984375,0.0,low,US,227.61,False,1271
5287,136,43966.68,2,323.2844117647059,1562.9299999999998,low,US,640.42,False,649
5288,105,25959.56,3,247.23390476190477,1603.13,medium,US,989.65,False,1893
5289,118,51090.57,0,432.97093220338985,0.0,low,US,821.9,False,602
5290,130,23558.84,1,181.22184615384614,188.07,low,US,849.68,True,658
5291,92,38903.25,1,422.86141304347825,224.28,low,US,977.84,False,1819
5292,112,1298.68,1,11.595357142857143,3.94,medium,US,299.09,False,1934
5293,98,697162.29,0,7113.900918367347,0.0,low,US,2250.71,True,762
5294,111,47747.39,0,430.15666666666664,0.0,low,US,445.84,False,1605
5295,120,19948.49,1,166.2374166666667,69.38,low,US,395.65,False,2022
5296,134,173358.86000000002,2,1293.7228358208956,670.28,low,US,1657.16,False,1755
5297,108,6846.29,1,63.39157407407407,12.14,low,US,279.36,False,40
5298,126,3996.34,0,31.716984126984126,0.0,low,US,657.37,False,1465
5299,127,3172.48,0,24.98015748031496,0.0,low,US,257.1,False,396
5300,135,34503.18,0,255.5791111111111,0.0,low,US,4756.71,False,1858
5301,117,312584.11,0,2671.6590598290595,0.0,low,US,3935.48,False,174
5302,134,2484.19,0,18.538731343283583,0.0,low,US,446.21,False,2175
5303,111,38449.56,3,346.39243243243243,436.4,low,US,786.72,False,413
5304,120,5245.02,0,43.7085,0.0,low,US,495.06,False,937
5305,122,11730.27,0,96.14975409836066,0.0,low,GB,360.06,False,535
5306,119,3674.46,1,30.87781512605042,28.63,low,US,548.76,False,1788
5307,150,6611.4,1,44.076,13.28,low,US,475.07,True,879
5308,109,12469.43,0,114.39844036697248,0.0,low,US,125.39,False,1638
5309,121,9983.6,0,82.50909090909092,0.0,low,US,624.36,False,175
5310,111,3287.68,2,29.618738738738738,34.92,high,US,474.35,False,1008
5311,115,4163.88,2,36.20765217391305,196.31,medium,US,652.61,False,1997
5312,134,25316.4,1,188.92835820895525,25.55,low,US,459.54,False,2032
5313,114,17770.43,2,155.88096491228072,1144.6599999999999,low,CA,356.27,False,480
5314,123,19114.18,1,155.399837398374,606.26,low,US,1082.92,False,881
5315,120,12885.0,0,107.375,0.0,low,US,796.18,False,913
5316,124,22802.42,0,183.89048387096773,0.0,low,US,1730.98,False,1251
5317,122,24356.41,0,199.6427049180328,0.0,medium,US,769.13,False,1190
5318,117,2709.09,1,23.154615384615386,38.59,medium,US,412.47,False,258
5319,112,44475.13,1,397.09937499999995,347.26,low,US,858.42,False,1677
5320,108,5564.79,0,51.52583333333333,0.0,low,DE,82.88,False,517
5321,107,28687.24,0,268.10504672897196,0.0,low,CA,3272.51,False,710
5322,127,15759.27,1,124.08874015748032,78.25,low,US,630.77,True,1845
5323,131,209711.0,0,1600.8473282442749,0.0,low,US,3519.28,False,1519
5324,132,1902.58,1,14.413484848484847,2.27,medium,US,225.34,False,886
5325,128,8420.56,1,65.785625,4.57,medium,US,180.21,False,2000
5326,120,30114.16,1,250.95133333333334,180.59,low,US,684.88,False,881
5327,126,24610.93,0,195.32484126984127,0.0,low,CA,682.85,False,1251
5328,120,20135.22,0,167.79350000000002,0.0,low,US,668.09,False,561
5329,136,4791.24,0,35.22970588235294,0.0,low,US,582.45,False,425
5330,117,10739.83,1,91.7934188034188,461.84,low,US,279.97,False,1091
5331,133,7340.97,2,55.195263157894736,105.66,low,US,129.44,False,1246
5332,140,56665.020000000004,0,404.75014285714286,0.0,low,US,635.77,False,1770
5333,106,8924.51,0,84.19349056603774,0.0,low,US,155.35,False,874
5334,128,3659.21,0,28.587578125,0.0,low,US,142.69,False,1963
5335,122,11060.63,2,90.66090163934426,285.38,low,US,349.82,False,1341
5336,126,9245.53,0,73.37722222222223,0.0,low,CA,726.03,False,181
5337,112,47262.25,1,421.984375,360.11,low,US,2948.3,False,1626
5338,133,42218.93,1,317.43556390977443,34.96,low,US,1189.55,False,1271
5339,121,63308.01,0,523.206694214876,0.0,low,US,1789.87,True,871
5340,121,13020.36,0,107.60628099173555,0.0,low,US,887.4,False,1039
5341,121,12605.39,0,104.17677685950413,0.0,low,US,685.51,False,681
5342,137,193682.1,1,1413.7379562043795,82.73,low,US,4699.5,False,1356
5343,121,15394.32,0,127.22578512396694,0.0,low,US,149.82,False,1254
5344,117,14197.26,0,121.34410256410257,0.0,low,US,339.71,True,996
5345,119,4705.51,0,39.54210084033614,0.0,low,US,364.43,False,646
5346,148,82247.05,2,555.7233108108109,517.22,low,US,1101.25,False,891
5347,133,5273.64,0,39.651428571428575,0.0,low,US,204.2,False,1105
5348,157,387910.86,1,2470.769808917197,201.81,low,US,979.54,False,1049
5349,117,48656.76,0,415.8697435897436,0.0,low,US,830.22,False,698
5350,121,119489.15,1,987.5136363636364,3324.0,low,US,1024.55,False,1287
5351,132,5294.88,1,40.11272727272728,57.45,medium,US,1007.98,False,519
5352,137,20713.2,0,151.19124087591243,0.0,medium,US,1967.44,False,1112
5353,114,3465.82,0,30.401929824561407,0.0,low,US,471.4,False,292
5354,115,14294.13,3,124.29678260869565,233.48,low,US,794.05,False,1049
5355,131,3985.31,0,30.422213740458016,0.0,low,US,253.94,False,1723
5356,157,24146.61,1,153.80006369426752,50.08,low,GB,206.79,False,1796
5357,101,375153.66,1,3714.3926732673267,1430.28,low,US,2412.32,True,1530
5358,112,5823.34,1,51.994107142857146,21.08,low,US,237.24,False,1640
5359,122,75540.93000000001,1,619.1879508196722,841.25,medium,US,877.59,False,172
5360,114,10203.81,1,89.5071052631579,261.01,low,US,794.68,False,767
5361,109,11676.06,0,107.11981651376146,0.0,low,GB,1418.68,False,1443
5362,113,2674.3,1,23.66637168141593,48.77,medium,US,110.79,False,1759
5363,111,36694.340000000004,0,330.57963963963965,0.0,low,GB,1098.92,False,1288
5364,126,57177.1,0,453.7865079365079,0.0,low,US,467.67,False,1873
5365,121,3785.4900000000002,0,31.28504132231405,0.0,low,US,287.17,False,619
5366,121,8376.06,4,69.22363636363636,271.1,high,CA,393.18,False,361
5367,128,140782.0,0,1099.859375,0.0,low,CA,1252.75,False,216
5368,136,246898.22,1,1815.4280882352941,3029.48,low,AU,951.57,False,1288
5369,119,12965.34,1,108.95243697478992,50.22,low,US,439.16,False,1466
5370,132,25170.89,0,190.6885606060606,0.0,low,US,176.76,False,646
5371,112,816.02,0,7.285892857142857,0.0,low,US,188.35,False,1722
5372,109,74304.98,0,681.6970642201834,0.0,low,US,970.42,False,1626
5373,118,3473.39,0,29.43550847457627,0.0,low,AU,156.03,False,807
5374,116,15757.27,1,135.83853448275863,253.27,low,US,443.04,False,545
5375,117,329912.12,0,2819.761709401709,0.0,low,US,5502.54,False,1633
5376,119,17575.829999999998,1,147.69605042016806,296.18,low,US,745.16,False,1480
5377,119,19626.26,0,164.92655462184874,0.0,low,US,961.05,False,398
5378,115,1870.87,0,16.268434782608693,0.0,low,US,189.63,True,581
5379,139,2285.81,0,16.444676258992807,0.0,low,US,163.27,False,1079
5380,111,5973.45,1,53.814864864864866,203.42,low,US,1008.52,False,1134
5381,136,36826.7,0,270.7845588235294,0.0,low,US,382.18,False,388
5382,133,84121.96,1,632.4959398496242,919.69,low,US,1416.95,False,2079
5383,113,24075.920000000002,0,213.06123893805312,0.0,low,US,560.49,False,869
5384,116,349744.51,0,3015.038879310345,0.0,low,US,12097.17,False,853
5385,122,7449.97,0,61.065327868852464,0.0,low,US,322.12,False,160
5386,112,28205.29,1,251.83294642857143,214.09,low,US,699.4,False,1921
5387,133,1996.55,5,15.011654135338345,125.93,high,US,241.11,False,537
5388,128,16611.77,0,129.779453125,0.0,low,US,1364.95,False,2161
5389,129,27585.1,1,213.83798449612402,273.73,low,US,801.48,True,1101
5390,122,12762.33,1,104.60926229508196,57.66,low,US,227.0,False,1919
5391,109,16459.33,1,151.0030275229358,31.17,low,US,405.23,False,416
5392,122,32799.83,2,268.8510655737705,819.81,low,US,1853.17,False,388
5393,114,47820.29,1,419.47622807017547,931.99,low,DE,1663.27,False,1760
5394,133,1191.53,0,8.958872180451127,0.0,low,US,150.96,False,1800
5395,120,16562.3,0,138.01916666666665,0.0,low,CA,354.47,False,1203
5396,123,15664.4,1,127.35284552845528,612.2,low,US,2777.36,False,99
5397,95,11712.68,1,123.29136842105264,173.07,low,US,463.84,False,2068
5398,117,9032.22,1,77.19846153846153,403.83,low,US,635.92,False,879
5399,121,20704.06,4,171.10793388429752,2028.13,high,US,1358.64,False,2051
5400,132,35011.61,1,265.2394696969697,243.83,low,US,162.56,False,1910
5401,121,7848.31,0,64.86206611570248,0.0,low,DE,231.43,False,1869
5402,112,1069.73,2,9.551160714285714,27.7,low,US,402.89,False,1517
5403,118,74896.09,1,634.712627118644,12300.88,low,US,1594.25,False,1484
5404,109,153010.23,0,1403.7635779816515,0.0,low,US,1349.9,False,1180
5405,118,13894.13,1,117.74686440677965,77.82,medium,US,1030.49,False,83
5406,139,31982.260000000002,1,230.08820143884893,527.63,low,US,475.69,False,867
5407,110,16405.59,0,149.14172727272728,0.0,low,AU,1490.12,False,1607
5408,121,15543.81,1,128.46123966942147,415.4,low,US,469.95,False,1784
5409,118,48469.33,1,410.7570338983051,260.94,medium,US,907.03,False,1238
5410,128,14932.83,0,116.662734375,0.0,low,US,1225.17,False,1562
5411,135,1120888.4,0,8302.877037037037,0.0,low,US,2482.79,False,76
5412,129,15863.67,1,122.97418604651163,729.93,low,US,512.5,False,1041
5413,124,3982.86,0,32.11983870967742,0.0,low,US,389.03,False,1126
5414,115,71661.20999999999,0,623.1409565217391,0.0,low,US,1729.47,False,1957
5415,131,66404.87,0,506.9074045801526,0.0,low,US,1853.2,False,701
5416,127,2006.2,1,15.796850393700788,26.37,low,US,330.62,False,526
5417,125,71350.97,4,570.80776,4344.98,medium,US,199.43,False,791
5418,114,3853.09,0,33.7990350877193,0.0,medium,US,1615.07,False,398
5419,120,9031.87,2,75.26558333333334,211.06,low,US,123.03,False,1236
5420,109,29310.2,0,268.9009174311927,0.0,low,US,117.5,False,1418
5421,130,156663.7,0,1205.1053846153848,0.0,low,US,423.49,False,1760
5422,124,11185.16,0,90.20290322580645,0.0,low,US,540.34,False,2129
5423,141,7193.68,1,51.019007092198585,64.5,low,CA,189.81,False,188
5424,109,6133.45,1,56.27018348623853,25.44,medium,US,601.65,False,564
5425,126,55045.51,0,436.869126984127,0.0,low,DE,626.3,False,679
5426,121,12010.34,1,99.2590082644628,73.43,low,US,319.79,True,569
5427,114,34376.04,0,301.5442105263158,0.0,low,US,3072.1,False,1816
5428,122,18373.45,0,150.60204918032787,0.0,low,US,725.44,False,331
5429,120,33104.270000000004,0,275.8689166666667,0.0,medium,US,1360.54,False,94
5430,133,5848.73,0,43.97541353383458,0.0,low,US,132.87,False,1888
5431,134,8017.82,2,59.834477611940294,230.73000000000002,low,CA,131.85,False,2106
5432,126,46017.93,0,365.2216666666667,0.0,low,CA,745.5,False,519
5433,123,158654.29,0,1289.8722764227643,0.0,medium,US,2615.92,False,748
5434,101,13539.08,0,134.05029702970296,0.0,low,US,198.55,False,1116
5435,127,16725.32,0,131.69543307086613,0.0,low,US,560.62,False,1166
5436,126,17811.68,0,141.36253968253968,0.0,low,US,162.13,False,2170
5437,123,5534.87,0,44.998943089430895,0.0,low,US,258.07,True,902
5438,111,74678.38,1,672.7781981981982,806.4,low,US,586.28,False,56
5439,92,1692.66,0,18.398478260869567,0.0,medium,US,316.29,False,943
5440,124,19921.05,3,160.65362903225807,700.84,low,DE,152.17,False,1232
5441,154,8738.58,1,56.74402597402597,969.41,low,US,149.14,False,1146
5442,110,8011.49,0,72.83172727272726,0.0,low,US,90.25,False,1136
5443,113,26481.52,0,234.34973451327434,0.0,low,US,756.67,False,2022
5444,124,8731.45,1,70.41491935483872,17.45,low,US,843.72,False,1774
5445,143,14703.68,2,102.82293706293707,278.6,medium,US,839.91,False,573
5446,121,8572.23,0,70.84487603305784,0.0,low,US,217.4,False,797
5447,122,55809.79,1,457.45729508196723,1000.25,low,US,1218.48,False,1471
5448,124,37972.29,0,306.22814516129034,0.0,low,US,930.85,False,916
5449,123,27665.17,0,224.920081300813,0.0,low,US,495.99,False,955
5450,107,18707.97,0,174.84084112149534,0.0,low,US,427.88,False,392
5451,116,6796.07,0,58.58681034482758,0.0,medium,US,274.73,False,579
5452,127,15679.57,2,123.4611811023622,788.61,low,US,585.78,False,1630
5453,125,19960.54,0,159.68432,0.0,low,US,2112.28,False,1850
5454,146,42011.45,2,287.7496575342466,433.36,high,US,1372.06,False,1724
5455,121,4316.03,1,35.669669421487605,64.1,low,DE,391.27,False,694
5456,95,9224.62,0,97.10126315789475,0.0,low,US,800.12,False,325
5457,129,7131.0,1,55.27906976744186,43.76,medium,US,182.86,True,374
5458,136,27975.1,2,205.69926470588234,427.34999999999997,medium,US,950.57,True,879
5459,114,13639.47,0,119.64447368421052,0.0,low,US,233.28,False,1148
5460,108,45780.09,1,423.8897222222222,114.82,low,US,917.11,False,1958
5461,125,331894.89,3,2655.1591200000003,5809.6,medium,US,7130.7,False,1971
5462,111,12233.39,0,110.21072072072072,0.0,low,CA,295.0,False,35
5463,116,543578.03,0,4686.0175,0.0,low,US,6839.86,False,1558
5464,115,14602.32,0,126.97669565217392,0.0,low,US,766.3,False,675
5465,105,26748.85,0,254.75095238095236,0.0,low,US,250.97,False,457
5466,111,42481.4,0,382.7153153153153,0.0,low,AU,240.83,False,1228
5467,100,46148.98,0,461.48980000000006,0.0,low,US,4140.04,False,103
5468,114,71161.03,3,624.2195614035088,1906.6200000000001,low,US,767.92,False,751
5469,127,3647.11,0,28.71740157480315,0.0,low,US,296.03,False,1222
5470,111,41208.32,0,371.2461261261261,0.0,low,US,410.3,False,617
5471,124,29307.84,1,236.35354838709677,577.21,low,CA,726.11,False,1311
5472,118,25458.48,0,215.74983050847456,0.0,low,CA,488.9,False,1023
5473,113,11402.28,0,100.90513274336284,0.0,low,US,672.71,False,1756
5474,130,15626.0,0,120.2,0.0,low,US,2431.47,False,422
5475,129,10035.75,0,77.79651162790698,0.0,low,US,178.54,False,153
5476,138,21797.01,0,157.94934782608695,0.0,low,US,880.22,False,1173
5477,121,12114.69,0,100.12140495867769,0.0,low,CA,461.46,False,584
5478,121,10702.91,0,88.45380165289257,0.0,low,US,314.46,False,1556
5479,134,18340.43,3,136.86888059701494,497.08000000000004,low,US,1293.31,False,231
5480,109,2100.53,0,19.27091743119266,0.0,low,US,132.25,False,1272
5481,122,7268.62,0,59.578852459016396,0.0,low,US,58.57,False,2168
5482,117,15107.67,1,129.1253846153846,51.83,low,US,603.1,False,231
5483,133,8163.87,1,61.382481203007515,91.47,low,US,435.13,False,681
5484,117,2399.5099999999998,0,20.508632478632478,0.0,low,US,145.83,False,1853
5485,143,3721.01,2,26.021048951048954,38.95,low,US,105.69,False,1182
5486,116,21437.72,0,184.80793103448278,0.0,low,DE,2800.55,False,407
5487,127,17617.11,1,138.71740157480315,159.73,medium,US,747.48,False,490
5488,124,17215.6,0,138.83548387096772,0.0,low,US,501.54,False,1681
5489,110,34178.95,0,310.71772727272725,0.0,low,US,3553.61,False,1889
5490,122,34948.74,2,286.4650819672131,868.97,low,US,1236.27,False,808
5491,135,76583.83,0,567.2876296296297,0.0,low,US,2422.0,False,1053
5492,141,20504.34,0,145.4208510638298,0.0,medium,CA,170.38,False,1720
5493,108,7554.22,1,69.94648148148148,115.84,low,DE,164.74,False,412
5494,112,182835.05,2,1632.4558035714285,1869.98,medium,US,858.66,False,475
5495,125,19503.66,3,156.02928,486.94,low,US,715.55,False,1702
5496,123,24351.89,2,197.98284552845527,590.62,low,US,1517.31,False,433
5497,105,3390.73,0,32.29266666666667,0.0,low,US,113.56,False,1694
5498,105,36374.33,2,346.4221904761905,1119.85,medium,US,928.19,False,1103
5499,117,10792.16,0,92.24068376068377,0.0,low,US,1200.32,False,2168
5500,108,12134.78,0,112.35907407407409,0.0,low,US,1144.31,False,101
5501,118,3517.61,2,29.810254237288138,100.16000000000001,low,US,341.71,False,2073
5502,122,2665.42,2,21.847704918032786,52.400000000000006,low,CA,785.84,False,516
5503,121,12107.03,1,100.05809917355373,16.13,low,US,245.16,False,105
5504,120,14566.05,0,121.38374999999999,0.0,low,US,378.55,False,1593
5505,114,2591.28,1,22.730526315789476,139.56,low,US,192.74,False,1180
5506,99,4283.37,1,43.266363636363636,26.19,low,US,248.94,False,1838
5507,105,7506.9,2,71.49428571428571,129.47,low,AU,396.68,False,264
5508,131,13270.75,0,101.30343511450381,0.0,low,US,316.76,False,204
5509,123,2175.71,0,17.68869918699187,0.0,medium,US,248.91,False,1255
5510,121,3094.82,1,25.577024793388432,30.72,medium,US,152.99,False,1935
5511,132,241349.26,4,1828.4034848484848,10193.56,low,US,2878.39,False,906
5512,112,5585.62,3,49.871607142857144,348.35,low,US,314.03,False,1752
5513,129,27282.85,1,211.49496124031006,23.27,low,US,663.13,False,1987
5514,131,2059.34,2,15.720152671755727,61.980000000000004,medium,AU,101.18,False,1908
5515,104,67013.08,2,644.3565384615384,359.02,low,US,1672.18,False,1128
5516,132,7976.05,0,60.42462121212122,0.0,low,US,572.75,False,1538
5517,123,5122.27,1,41.64447154471545,43.61,medium,US,330.47,False,1165
5518,116,28591.93,1,246.4821551724138,132.76,low,US,333.08,False,1486
5519,114,70619.08,0,619.4656140350877,0.0,low,US,1077.58,False,1254
5520,111,28285.18,0,254.82144144144144,0.0,low,US,34.54,True,1164
5521,110,2612.72,0,23.752,0.0,low,US,234.68,False,973
5522,133,5175.29,0,38.911954887218045,0.0,low,US,442.67,False,1440
5523,135,38464.38,3,284.92133333333334,729.86,medium,GB,438.1,False,1652
5524,130,29217.31,0,224.74853846153846,0.0,low,US,4697.48,False,2015
5525,111,5541.28,0,49.92144144144144,0.0,low,US,363.64,False,1354
5526,131,178258.56,0,1360.7523664122136,0.0,low,US,1201.35,False,247
5527,118,72044.03,0,610.5426271186441,0.0,low,CA,2516.17,False,1298
5528,115,17506.36,0,152.22921739130436,0.0,low,US,901.04,False,712
5529,114,5263.03,1,46.1669298245614,49.48,low,US,268.69,False,87
5530,126,1703.99,1,13.523730158730158,27.79,low,GB,155.08,False,186
5531,120,20064.44,1,167.20366666666666,570.96,low,US,963.79,False,1307
5532,107,26668.13,0,249.2348598130841,0.0,low,US,2165.75,False,2070
5533,126,6652.52,1,52.79777777777778,6.71,low,US,805.42,False,1122
5534,106,75056.13,1,708.0766981132076,481.96,medium,US,1495.33,False,991
5535,122,197316.25,1,1617.34631147541,2958.95,low,US,5078.4,False,221
5536,115,29332.27,1,255.06321739130436,1131.74,low,US,1046.95,False,1488
5537,120,16959.42,1,141.3285,96.05,low,US,182.99,False,149
5538,125,2740.7200000000003,1,21.92576,90.02,medium,US,515.92,False,1846
5539,114,16574.09,0,145.3867543859649,0.0,low,US,1691.2,False,1793
5540,122,28696.39,0,235.21631147540984,0.0,low,US,393.9,False,2170
5541,127,258836.65,0,2038.0838582677166,0.0,low,US,1910.53,False,644
5542,117,2482.79,0,21.22042735042735,0.0,low,US,463.94,False,379
5543,130,76141.69,0,585.7053076923077,0.0,low,US,665.75,False,676
5544,105,6687.47,2,63.69019047619048,93.85,high,US,359.36,False,1756
5545,118,8446.31,4,71.57889830508473,205.82999999999998,low,US,568.83,False,502
5546,118,2707.11,0,22.941610169491526,0.0,low,US,596.57,False,1946
5547,126,9662.05,0,76.6829365079365,0.0,low,CA,115.85,False,363
5548,127,1699.13,1,13.378976377952757,94.86,low,US,331.15,False,135
5549,127,1389.3799999999999,0,10.94,0.0,low,US,162.41,False,503
5550,127,10224.63,0,80.50889763779527,0.0,low,US,341.59,False,1658
5551,118,3944.25,0,33.42584745762712,0.0,low,US,240.89,False,1330
5552,119,96569.16,0,811.5055462184874,0.0,low,US,1224.93,False,796
5553,127,31026.48,0,244.30299212598425,0.0,low,CA,1237.76,False,1447
5554,116,32092.81,0,276.6621551724138,0.0,low,US,815.88,True,1430
5555,129,4530.95,1,35.123643410852715,26.12,low,US,157.45,False,1228
5556,109,14816.31,2,135.9294495412844,582.38,low,US,451.1,False,1140
5557,113,24155.1,1,213.76194690265484,343.11,low,US,146.57,False,249
5558,121,2462.85,0,20.354132231404957,0.0,low,US,431.57,False,591
5559,123,22539.45,1,183.24756097560976,238.49,low,US,882.43,False,1169
5560,123,19589.94,0,159.26780487804876,0.0,medium,GB,1203.39,False,322
5561,123,5405.06,3,43.94357723577236,94.09,low,US,754.13,False,1057
5562,127,8992.06,2,70.80362204724409,108.25,low,US,1529.39,False,282
5563,141,33685.14,2,238.90170212765958,691.77,medium,US,622.52,False,1730
5564,119,16640.86,0,139.83915966386556,0.0,low,US,399.33,False,253
5565,110,11477.53,3,104.34118181818182,148.19,low,AU,1081.71,False,229
5566,120,23185.65,0,193.21375,0.0,low,US,1114.13,False,1407
5567,109,6426.87,1,58.96211009174312,19.2,medium,US,307.43,False,506
5568,131,56914.02,0,434.4581679389313,0.0,low,US,693.04,False,789
5569,112,3756.4,0,33.53928571428572,0.0,low,US,378.08,False,708
5570,107,3657.61,0,34.18327102803738,0.0,low,US,80.82,False,497
5571,118,5090.97,2,43.143813559322034,253.72000000000003,low,US,732.23,True,1675
5572,120,63038.52,1,525.321,79.46,medium,US,153.69,False,1524
5573,100,11389.85,0,113.8985,0.0,low,US,662.09,False,545
5574,114,3447.3,1,30.239473684210527,9.65,low,US,123.75,False,1513
5575,100,3323.73,2,33.2373,55.21,medium,US,257.83,True,1571
5576,132,8125.8,1,61.55909090909091,107.24,low,US,333.54,False,1194
5577,115,32718.29,1,284.5068695652174,1489.02,low,US,1453.24,False,1279
5578,121,68746.22,0,568.1505785123967,0.0,low,US,304.86,False,2049
5579,108,1990.07,0,18.42657407407407,0.0,low,US,187.27,False,1010
5580,118,21679.56,0,183.72508474576273,0.0,low,US,683.97,False,862
5581,116,6722.69,1,57.95422413793103,64.42,low,US,405.34,False,1194
5582,112,10200.89,0,91.079375,0.0,low,US,1003.76,False,1835
5583,104,2345.49,1,22.55278846153846,23.56,low,DE,198.21,False,1562
5584,134,17949.32,1,133.95014925373135,82.73,low,US,595.72,False,192
5585,120,54559.42,0,454.66183333333333,0.0,low,AU,4548.76,False,1022
5586,136,60515.25,1,444.96507352941177,73.21,low,US,397.28,False,1628
5587,122,8582.74,0,70.35032786885246,0.0,low,US,582.92,False,513
5588,130,4259.9,0,32.76846153846154,0.0,low,US,110.51,False,2165
5589,107,2316.62,0,21.650654205607477,0.0,low,US,228.68,False,1775
5590,115,10969.77,0,95.3893043478261,0.0,low,US,745.27,False,1858
5591,137,1984.69,1,14.486788321167884,6.07,low,AU,366.17,False,206
5592,121,24023.75,0,198.54338842975207,0.0,low,US,856.62,False,1282
5593,102,29073.6,0,285.035294117647,0.0,medium,US,722.3,True,1170
5594,117,1175.23,1,10.044700854700855,7.24,low,US,150.47,False,1383
5595,106,53738.16,0,506.9637735849057,0.0,low,US,1228.78,False,1866
5596,121,9071.03,1,74.96719008264463,139.27,low,US,161.03,True,793
5597,116,1489.36,1,12.839310344827584,3.81,low,US,247.54,False,1183
5598,119,11922.33,2,100.18764705882353,448.40999999999997,low,US,605.79,False,1497
5599,115,152550.31,0,1326.5244347826088,0.0,low,US,2018.93,False,1656
5600,117,3973.68,0,33.96307692307692,0.0,low,US,199.64,False,1694
5601,110,3613.25,1,32.847727272727276,2.33,low,US,562.8,False,757
5602,142,24976.07,1,175.88781690140846,252.42,low,US,567.03,True,2186
5603,126,19796.65,0,157.11626984126985,0.0,low,CA,890.36,False,50
5604,114,21399.64,4,187.7161403508772,796.0,high,US,1430.28,False,1093
5605,111,7620.58,1,68.65387387387388,167.32,low,US,342.52,False,1344
5606,121,43336.64,1,358.15404958677686,64.65,low,US,1224.96,False,162
5607,116,84375.39,1,727.3740517241379,565.09,low,GB,1631.56,False,1004
5608,134,31607.53,0,235.8770895522388,0.0,low,US,2454.22,False,1317
5609,96,15211.3,0,158.45104166666667,0.0,low,US,774.12,False,1342
5610,110,20124.15,0,182.9468181818182,0.0,low,US,567.76,False,287
5611,129,3961.5299999999997,0,30.709534883720927,0.0,low,US,321.46,False,629
5612,111,2085.93,1,18.79216216216216,8.37,low,US,132.54,False,558
5613,106,48821.06,2,460.576037735849,828.15,low,US,383.69,False,1412
5614,107,40157.55,0,375.30420560747666,0.0,low,US,545.17,False,740
5615,111,4745.06,0,42.74828828828829,0.0,low,US,446.51,False,1264
5616,119,3752.38,0,31.532605042016808,0.0,low,US,843.83,False,1609
5617,121,4843.8,1,40.03140495867769,16.9,low,US,133.12,False,1752
5618,123,5140.65,0,41.793902439024386,0.0,low,US,418.31,False,427
5619,117,121056.58,0,1034.671623931624,0.0,low,US,2966.96,False,1981
5620,127,49946.94,0,393.28299212598426,0.0,low,US,1207.18,False,388
5621,125,52219.82,3,417.75856,1523.76,medium,US,857.97,False,77
5622,124,10829.02,1,87.3308064516129,264.49,low,AU,700.37,False,127
5623,102,6327.05,0,62.029901960784315,0.0,low,CA,354.64,False,464
5624,116,4872.84,0,42.007241379310344,0.0,low,US,101.63,False,1916
5625,129,30703.09,2,238.0084496124031,1140.91,low,CA,743.53,False,479
5626,102,4288.02,0,42.03941176470589,0.0,low,GB,54.4,False,1527
5627,123,5635.4,1,45.81626016260162,11.31,low,US,367.6,False,933
5628,107,56093.8,3,524.2411214953271,2210.46,medium,DE,491.13,False,116
5629,121,1728.52,0,14.285289256198347,0.0,low,US,329.48,False,989
5630,119,140229.97,0,1178.4031092436976,0.0,medium,US,3478.11,False,91
5631,107,205848.14,1,1923.8143925233646,8274.61,low,GB,2545.06,False,1058
5632,121,10042.78,0,82.99818181818182,0.0,low,US,1248.29,False,1236
5633,130,13874.4,0,106.72615384615385,0.0,low,US,214.26,False,1156
5634,123,394681.26,1,3208.7907317073173,8736.32,low,US,2777.41,False,640
5635,134,49243.27,1,367.4870895522388,294.46,low,US,860.12,False,1685
5636,146,6872.03,0,47.068698630136986,0.0,low,US,211.08,False,1318
5637,122,16898.43,3,138.5117213114754,592.69,low,GB,507.47,False,580
5638,121,12755.08,0,105.41388429752067,0.0,low,US,1167.61,False,968
5639,125,18969.09,0,151.75272,0.0,low,AU,287.44,False,264
5640,123,9397.98,0,76.40634146341463,0.0,low,US,559.18,True,2024
5641,128,78132.92,3,610.4134375,2956.3900000000003,low,US,655.13,False,1656
5642,130,3025.92,1,23.276307692307693,8.09,high,US,182.95,False,651
5643,123,5760.95,0,46.8369918699187,0.0,low,US,386.42,False,1487
5644,139,23817.25,0,171.34712230215828,0.0,low,US,195.8,False,1496
5645,102,31185.8,1,305.74313725490197,756.55,low,US,1076.86,False,1346
5646,112,9031.57,0,80.63901785714286,0.0,low,US,217.62,False,146
5647,121,8973.48,1,74.16099173553718,29.99,low,US,640.74,False,1927
5648,117,4349.03,0,37.17119658119658,0.0,low,US,141.01,False,2094
5649,138,3182.4,0,23.06086956521739,0.0,low,US,177.67,False,2134
5650,129,9906.35,0,76.79341085271318,0.0,low,US,170.09,False,2148
5651,108,8074.25,1,74.76157407407408,17.99,low,US,379.7,True,2036
5652,129,10870.16,2,84.26480620155039,579.49,medium,US,579.6,False,1626
5653,118,10856.43,2,92.00364406779661,391.03999999999996,high,CA,684.22,False,152
5654,151,6196.6,1,41.037086092715235,28.97,low,US,99.98,False,1034
5655,140,3573.23,2,25.523071428571427,132.89000000000001,low,US,423.36,False,559
5656,128,10689.4,3,83.5109375,797.98,low,US,250.76,True,505
5657,115,42091.9,2,366.01652173913044,440.77,low,GB,796.93,False,1824
5658,113,26044.579999999998,0,230.4830088495575,0.0,low,US,387.27,False,1785
5659,145,19538.68,1,134.74951724137932,413.05,low,US,458.18,True,1157
5660,117,3165.37,3,27.054444444444442,106.65,low,US,252.03,False,1620
5661,113,27757.38,1,245.64053097345135,1873.09,low,US,2326.65,False,309
5662,129,3860.94,2,29.929767441860466,69.37,low,US,155.21,False,509
5663,122,7625.28,3,62.50229508196721,382.46,high,GB,343.86,False,1888
5664,109,1747.43,1,16.031467889908257,7.73,medium,US,542.85,False,1004
5665,121,40410.56,0,333.97157024793387,0.0,low,CA,392.99,False,1210
5666,112,4140.82,2,36.97160714285714,77.25,low,US,247.76,True,1029
5667,137,4146.1,3,30.26350364963504,26.7,low,US,96.49,True,466
5668,122,8169.53,0,66.9633606557377,0.0,low,US,264.45,False,1815
5669,114,1091.65,2,9.575877192982457,11.7,low,US,207.8,False,1667
5670,103,159972.66,3,1553.1326213592233,6129.27,medium,US,2233.45,False,1507
5671,118,95981.67,0,813.4039830508474,0.0,low,US,3782.82,False,792
5672,118,1706.08,0,14.458305084745762,0.0,low,CA,470.73,False,1419
5673,120,3793.05,4,31.60875,197.38,high,CA,139.17,False,2089
5674,119,10572.41,2,88.84378151260503,83.18,low,US,957.42,False,1433
5675,129,9052.19,0,70.17201550387597,0.0,low,CA,203.78,False,1097
5676,125,24601.51,0,196.81207999999998,0.0,low,GB,300.59,False,614
5677,122,2145.75,0,17.58811475409836,0.0,low,US,279.79,False,1159
5678,116,3772.72,0,32.523448275862066,0.0,low,US,314.05,False,832
5679,114,43057.76,1,377.69964912280705,19.96,low,US,358.08,False,1350
5680,149,53937.98,2,361.9998657718121,449.22,low,US,151.09,False,128
5681,122,7603.04,2,62.32,280.0,low,US,261.96,False,440
5682,127,32595.95,0,256.66102362204725,0.0,low,GB,1233.92,False,1729
5683,130,9794.17,2,75.33976923076924,102.25,low,US,478.09,False,852
5684,121,7929.6,1,65.53388429752066,91.05,medium,CA,551.58,False,965
5685,124,1244.85,2,10.039112903225806,29.15,low,GB,66.09,False,1204
5686,123,6261.04,1,50.90276422764228,15.36,low,US,1156.33,True,976
5687,112,2987.81,1,26.676875,1.84,low,US,265.88,True,1668
5688,117,25448.95,2,217.51239316239318,650.28,low,US,1355.02,False,559
5689,111,15132.17,0,136.32585585585585,0.0,low,US,566.14,False,1668
5690,103,16063.84,0,155.95961165048544,0.0,low,US,297.12,False,482
5691,128,4888.79,0,38.193671875,0.0,low,US,108.85,False,830
5692,115,599213.4,1,5210.551304347826,14891.68,low,US,3488.97,False,1299
5693,130,30006.33,2,230.81792307692308,1070.98,low,US,1015.28,False,1943
5694,125,167083.07,2,1336.6645600000002,787.55,low,US,1071.45,False,532
5695,116,78299.24,2,674.9934482758621,776.24,low,US,2532.46,False,1298
5696,112,15220.27,0,135.89526785714287,0.0,low,US,602.86,False,168
5697,116,29442.32,0,253.81310344827585,0.0,low,US,1664.3,False,192
5698,131,49519.34,1,378.01022900763354,624.54,low,US,320.31,False,1687
5699,104,37351.67,0,359.15067307692306,0.0,low,US,957.02,False,1582
5700,111,5598.82,0,50.43981981981982,0.0,low,US,279.48,False,843
5701,136,17128.67,1,125.94610294117646,612.54,low,CA,313.1,False,1375
5702,142,59016.42,1,415.60859154929574,230.32,low,US,537.7,False,851
5703,108,4879.84,0,45.183703703703706,0.0,low,US,157.49,False,628
5704,130,12804.41,0,98.49546153846154,0.0,low,US,662.81,False,961
5705,119,3205.83,0,26.939747899159663,0.0,low,US,372.13,False,703
5706,103,2298.17,0,22.31233009708738,0.0,low,US,82.37,False,1790
5707,139,9813.31,0,70.59935251798561,0.0,low,US,326.39,False,919
5708,111,6663.51,2,60.031621621621625,349.60999999999996,low,CA,361.21,True,723
5709,133,5026.93,1,37.796466165413534,51.85,low,US,1061.62,False,1188
5710,123,7788.91,0,63.32447154471544,0.0,low,US,636.94,False,1667
5711,124,28490.19,0,229.75959677419354,0.0,low,US,1812.98,False,621
5712,140,47059.03,0,336.13592857142856,0.0,low,US,786.9,False,2059
5713,128,4320.01,1,33.750078125,21.15,low,US,299.3,False,1031
5714,119,14311.43,0,120.26411764705882,0.0,low,US,467.54,False,1457
5715,148,5190.29,1,35.06952702702703,5.74,low,US,360.24,False,2097
5716,127,121880.38,0,959.688031496063,0.0,low,US,764.46,False,962
5717,103,9827.38,2,95.4114563106796,257.33,low,US,520.01,False,461
5718,115,9200.98,0,80.00852173913043,0.0,low,US,279.86,False,1645
5719,108,69764.17,0,645.9645370370371,0.0,low,US,496.58,False,44
5720,111,4782.49,0,43.08549549549549,0.0,low,US,746.25,False,1019
5721,144,7056.56,0,49.003888888888895,0.0,low,US,199.18,False,2146
5722,98,13023.11,0,132.8888775510204,0.0,low,AU,655.44,False,925
5723,104,860.41,0,8.273173076923076,0.0,low,DE,119.01,False,1507
5724,135,12428.17,0,92.06051851851852,0.0,low,DE,1332.77,False,1164
5725,143,18981.06,0,132.73468531468532,0.0,low,US,791.92,False,493
5726,117,4393.47,2,37.551025641025646,189.35,medium,US,2135.28,False,716
5727,130,35475.82,2,272.89092307692306,1145.08,high,CA,180.38,False,1160
5728,125,30667.55,0,245.3404,0.0,low,US,1366.63,False,255
5729,130,11284.83,0,86.80638461538462,0.0,low,US,1143.9,False,926
5730,94,2861.75,1,30.444148936170212,73.06,low,US,418.21,False,926
5731,138,28316.79,0,205.1941304347826,0.0,low,US,351.08,False,1833
5732,115,15570.27,1,135.39365217391304,109.64,low,US,185.56,False,297
5733,118,4200.71,0,35.59923728813559,0.0,low,US,146.76,True,1850
5734,109,4923.16,0,45.16660550458715,0.0,low,US,250.61,False,916
5735,138,6744.57,3,48.87369565217391,162.62,low,US,159.14,False,1436
5736,113,68382.13,2,605.151592920354,891.72,low,US,2071.75,False,1232
5737,128,6204.06,0,48.46921875,0.0,low,US,127.5,False,677
5738,107,11313.95,1,105.73785046728973,16.76,low,US,563.41,False,2040
5739,135,7663.41,1,56.766,41.08,low,CA,729.34,False,514
5740,124,14784.25,1,119.22782258064517,75.82,low,US,679.77,False,108
5741,122,5402.44,1,44.28229508196721,68.5,low,GB,735.65,False,1650
5742,124,69231.4,1,558.3177419354838,380.67,low,US,1154.89,False,1372
5743,112,18367.08,0,163.99178571428573,0.0,low,US,329.86,False,1953
5744,128,8185.33,0,63.947890625,0.0,low,US,533.15,False,1018
5745,121,13058.74,1,107.92347107438016,133.17,low,US,378.34,True,66
5746,134,120266.1,2,897.508208955224,1295.1,low,US,1591.25,False,73
5747,127,290524.94,2,2287.5979527559057,10014.95,low,US,3261.29,False,965
5748,109,9054.47,1,83.06853211009174,40.17,medium,US,168.25,False,569
5749,125,2998.97,1,23.99176,42.42,low,US,79.2,False,2021
5750,121,40669.57,1,336.11214876033057,22.89,low,US,822.39,False,285
5751,131,133580.43,1,1019.6979389312977,203.06,low,US,1291.21,True,1932
5752,137,139205.13,0,1016.0958394160584,0.0,low,US,2867.74,False,498
5753,117,18268.89,0,156.14435897435897,0.0,low,CA,957.29,False,287
5754,112,68247.14,0,609.3494642857142,0.0,low,US,1730.56,False,623
5755,121,28692.49,0,237.12801652892563,0.0,low,US,2195.26,False,341
5756,127,28180.77,0,221.89582677165356,0.0,low,US,1841.43,True,896
5757,129,115525.06,0,895.5431007751938,0.0,low,US,1089.03,False,743
5758,128,1427.96,1,11.1559375,4.38,low,US,155.4,True,1172
5759,131,15282.17,0,116.65778625954198,0.0,low,US,489.05,False,1190
5760,119,8596.05,0,72.23571428571428,0.0,low,US,645.51,False,32
5761,116,8751.7,1,75.44568965517242,16.5,low,US,450.42,False,299
5762,108,8602.75,0,79.6550925925926,0.0,low,US,476.14,False,379
5763,111,100651.98,0,906.7745945945945,0.0,low,US,2019.3,False,450
5764,101,3386.76,0,33.53227722772277,0.0,low,US,249.35,False,232
5765,117,7469.27,0,63.83991452991453,0.0,low,US,1011.46,False,709
5766,120,28210.89,1,235.09074999999999,387.5,low,US,655.11,False,1217
5767,130,3364.22,1,25.878615384615383,50.66,low,US,227.74,False,697
5768,124,3490.81,3,28.151693548387097,60.07,high,GB,186.99,False,740
5769,119,3130.54,0,26.307058823529413,0.0,low,US,106.57,False,1044
5770,111,31736.04,0,285.9102702702703,0.0,low,US,762.82,False,1214
5771,110,7490.79,1,68.09809090909091,96.24,low,CA,465.48,False,744
5772,128,5807.95,3,45.374609375,312.94,medium,US,234.35,False,509
5773,99,1624.17,0,16.405757575757576,0.0,low,US,91.06,False,914
5774,115,17044.18,1,148.21026086956522,149.57,low,AU,727.37,False,82
5775,120,7473.17,2,62.27641666666667,333.23,low,US,421.43,False,1093
5776,120,6782.47,0,56.520583333333335,0.0,low,US,259.22,False,2063
5777,136,25974.28,2,190.98735294117645,1758.32,low,US,206.93,False,889
5778,128,3462.82,0,27.05328125,0.0,low,US,397.53,False,263
5779,118,13313.34,0,112.82491525423728,0.0,medium,US,752.2,False,1557
5780,108,10237.18,1,94.7887037037037,160.26,low,US,366.14,False,304
5781,119,8493.64,1,71.37512605042016,10.8,low,US,169.07,True,448
5782,116,15957.53,2,137.56491379310344,202.88,low,US,467.63,False,346
5783,114,7631.71,1,66.94482456140351,35.04,medium,US,1262.68,False,1938
5784,125,5198.83,0,41.59064,0.0,low,US,510.93,False,2149
5785,124,13597.91,0,109.66056451612903,0.0,low,US,524.05,False,1260
5786,143,15229.65,0,106.50104895104894,0.0,low,US,367.56,False,1364
5787,111,3329.89,0,29.999009009009008,0.0,low,US,221.25,False,1424
5788,113,2945.88,0,26.069734513274337,0.0,low,US,214.73,False,1348
5789,129,19820.12,1,153.64434108527132,530.83,low,DE,110.42,False,1205
5790,101,19254.52,1,190.63881188118813,898.94,low,US,1426.68,False,2161
5791,134,28162.04,0,210.1644776119403,0.0,medium,US,747.11,False,1613
5792,103,20725.35,2,201.21699029126214,908.09,medium,US,530.72,False,221
5793,104,43055.49,1,413.99509615384613,420.43,low,US,642.92,False,876
5794,121,22798.6,0,188.4181818181818,0.0,low,US,668.86,False,2134
5795,120,2861.33,0,23.844416666666667,0.0,low,US,254.4,False,901
5796,139,32539.45,1,234.09676258992806,191.21,low,US,367.7,False,470
5797,118,2349.19,0,19.908389830508476,0.0,low,CA,321.57,False,1905
5798,122,169849.87,1,1392.2120491803278,654.92,low,US,4723.39,False,1375
5799,121,35735.91,2,295.33809917355376,509.71,low,US,1234.2,False,1245
5800,114,3179.9,1,27.893859649122806,19.28,low,AU,573.12,False,937
5801,107,42710.99,2,399.16813084112147,1298.06,low,US,1684.77,False,298
5802,116,40592.69,0,349.93698275862073,0.0,low,US,1503.75,False,859
5803,121,6453.15,2,53.33181818181818,329.33000000000004,low,US,142.24,False,974
5804,120,14461.96,0,120.51633333333332,0.0,low,US,403.2,False,2041
5805,134,1077.21,0,8.038880597014925,0.0,low,US,485.56,False,693
5806,129,74065.15,1,574.148449612403,1227.53,low,US,854.38,False,352
5807,112,91668.26,0,818.4666071428571,0.0,low,US,402.79,True,953
5808,109,60088.57,0,551.2712844036697,0.0,low,US,450.93,False,2183
5809,129,2977.58,0,23.08201550387597,0.0,medium,DE,325.31,False,1071
5810,121,19223.92,2,158.87537190082642,558.52,medium,US,1266.54,False,848
5811,121,3891.7400000000002,1,32.16314049586777,30.21,low,US,134.42,False,1470
5812,120,13289.91,1,110.74925,150.26,high,US,335.42,False,1431
5813,129,2563.43,1,19.871550387596898,67.13,low,US,93.76,False,676
5814,105,1769.91,1,16.856285714285715,32.47,medium,US,195.06,False,2120
5815,117,5762.02,2,49.24803418803419,58.84,medium,CA,655.54,False,1310
5816,119,34661.83,3,291.2758823529412,918.67,low,US,666.83,False,154
5817,108,3224.85,1,29.85972222222222,15.31,medium,US,371.72,False,910
5818,121,7811.84,0,64.5606611570248,0.0,low,US,1355.04,False,2023
5819,115,18897.95,1,164.33,58.41,low,US,1666.76,False,879
5820,122,14061.21,0,115.25581967213114,0.0,medium,US,462.99,False,1256
5821,129,15232.17,2,118.07883720930232,437.07000000000005,low,US,617.32,False,1353
5822,129,5317.68,1,41.22232558139535,217.14,low,CA,327.9,True,1551
5823,124,41257.22,0,332.7195161290323,0.0,low,US,866.27,False,1914
5824,106,3323.76,0,31.35622641509434,0.0,low,CA,168.23,False,352
5825,108,70149.91,0,649.5362037037038,0.0,medium,US,2480.59,False,1146
5826,123,39522.09,3,321.3178048780488,881.06,medium,GB,1374.69,False,1182
5827,122,14785.73,1,121.1945081967213,17.61,low,US,167.5,False,359
5828,124,6007.55,0,48.44798387096775,0.0,medium,US,242.23,False,1484
5829,110,47422.79,3,431.11627272727276,527.31,low,US,719.91,False,285
5830,126,13989.33,0,111.02642857142857,0.0,medium,DE,363.43,False,1015
5831,120,250968.12,1,2091.401,440.39,low,US,804.43,False,743
5832,97,3987.87,2,41.1120618556701,63.38,low,US,356.57,False,364
5833,101,9899.46,0,98.01445544554454,0.0,low,US,1943.66,False,1806
5834,132,16816.57,1,127.39825757575757,214.5,low,US,496.45,True,557
5835,117,161924.63,1,1383.9711965811966,11832.99,low,US,4352.47,False,581
5836,126,22908.87,0,181.81642857142856,0.0,low,US,847.6,False,1875
5837,110,4566.45,1,41.51318181818181,3.77,low,US,146.28,False,1925
5838,118,87071.86,1,737.8971186440677,1052.65,low,DE,3222.29,False,104
5839,105,85018.72,1,809.7020952380952,491.36,low,US,1324.53,False,630
5840,116,10764.48,0,92.79724137931034,0.0,low,US,693.76,True,1561
5841,125,11057.65,0,88.46119999999999,0.0,low,US,881.8,False,1710
5842,123,7637.49,0,62.09341463414634,0.0,low,US,168.99,False,2188
5843,108,3792.49,0,35.115648148148146,0.0,low,DE,97.13,False,1228
5844,119,5823.55,0,48.937394957983194,0.0,low,US,474.58,False,46
5845,141,17939.81,0,127.232695035461,0.0,low,AU,1704.27,False,1917
5846,99,15054.66,0,152.06727272727272,0.0,low,US,703.55,False,377
5847,114,8733.71,1,76.61149122807016,71.88,low,AU,2294.46,False,290
5848,126,39017.82,4,309.66523809523807,2411.0499999999997,low,US,1618.25,False,1486
5849,123,9928.97,1,80.72333333333333,419.82,low,CA,501.97,False,1334
5850,108,39038.14,0,361.4642592592593,0.0,high,US,1429.93,False,159
5851,107,15677.720000000001,0,146.52074766355142,0.0,low,DE,1939.79,False,395
5852,120,47489.24,0,395.7436666666666,0.0,low,US,458.44,False,1303
5853,122,11950.86,1,97.95786885245901,163.23,low,US,406.51,False,581
5854,122,22225.42,1,182.17557377049178,360.92,low,US,559.14,False,1507
5855,129,2414.37,0,18.716046511627905,0.0,low,US,56.22,False,919
5856,102,13938.17,0,136.64872549019609,0.0,low,US,634.22,False,1300
5857,115,24313.43,1,211.4211304347826,575.68,medium,US,942.37,False,1055
5858,109,23875.72,1,219.04330275229358,145.86,medium,US,561.19,False,818
5859,117,6292.1,0,53.77863247863248,0.0,low,US,671.97,True,769
5860,117,25045.82,0,214.0668376068376,0.0,low,US,473.84,False,1536
5861,107,1290.4,1,12.05981308411215,34.42,low,US,81.67,False,1141
5862,121,113239.83,3,935.8663636363636,5113.17,low,US,2200.27,False,1313
5863,131,14136.64,2,107.91328244274808,265.23,medium,US,353.88,False,1276
5864,119,17004.01,2,142.89084033613443,204.0,low,US,282.59,False,478
5865,117,21806.07,1,186.37666666666667,824.37,low,US,1672.68,False,2002
5866,129,21751.96,1,168.6198449612403,86.35,low,US,1188.96,False,1246
5867,122,28941.44,0,237.2249180327869,0.0,low,US,630.02,False,1581
5868,135,34986.84,1,259.16177777777773,1172.27,low,US,984.79,False,1934
5869,116,6204.2,0,53.484482758620686,0.0,low,US,174.25,False,2027
5870,123,21813.28,0,177.34373983739837,0.0,low,CA,458.15,False,1470
5871,122,386722.95,1,3169.8602459016392,5065.5,low,US,1580.2,False,1730
5872,115,3192.1,0,27.757391304347824,0.0,medium,US,267.89,False,1049
5873,119,5653.43,0,47.507815126050424,0.0,low,US,200.64,False,1623
5874,120,20151.25,0,167.92708333333334,0.0,low,CA,528.87,False,724
5875,124,33656.32,0,271.421935483871,0.0,low,CA,540.15,False,1567
5876,110,35862.38,1,326.02163636363633,287.81,low,DE,882.55,False,215
5877,115,3453.06,0,30.026608695652172,0.0,medium,US,142.55,False,2004
5878,113,1153.05,1,10.203982300884956,9.12,low,US,49.68,False,558
5879,114,27201.04,0,238.60561403508774,0.0,low,US,1129.02,False,1448
5880,105,913.75,0,8.702380952380953,0.0,low,US,185.92,False,54
5881,133,3979.94,0,29.92436090225564,0.0,low,US,284.58,False,366
5882,133,6099.04,2,45.85744360902255,17.44,medium,US,69.07,False,2161
5883,103,67029.07,2,650.7676699029126,6426.55,low,US,1237.22,False,1830
5884,121,10797.93,0,89.2390909090909,0.0,low,US,675.4,False,510
5885,98,6487.63,2,66.20030612244898,95.92,low,US,651.43,False,312
5886,103,35859.25,1,348.1480582524272,630.25,low,US,647.49,False,1790
5887,121,1878.88,2,15.527933884297521,10.38,low,US,77.16,False,2168
5888,117,2563.78,0,21.912649572649574,0.0,low,US,203.03,False,394
5889,125,4638.69,0,37.109519999999996,0.0,low,US,328.14,False,1464
5890,103,10010.55,0,97.18980582524271,0.0,low,US,251.17,False,642
5891,130,29747.01,3,228.82315384615384,2924.75,low,US,385.92,False,1637
5892,120,26711.49,0,222.59575,0.0,low,US,614.97,False,933
5893,117,28583.63,1,244.30452991452992,158.7,low,US,1219.01,False,300
5894,102,2365.28,1,23.18901960784314,86.21,low,US,130.04,False,730
5895,110,3322.66,1,30.206,15.29,low,US,488.85,False,1193
5896,128,6123.0,0,47.8359375,0.0,low,US,934.85,False,1754
5897,128,9778.53,1,76.394765625,183.25,low,US,214.5,False,75
5898,118,7236.21,0,61.32381355932203,0.0,low,US,414.24,False,2098
5899,121,29547.63,0,244.19528925619835,0.0,low,US,749.87,False,1433
5900,87,3233.2200000000003,0,37.16344827586207,0.0,low,US,497.75,False,1920
5901,111,41602.02,0,374.79297297297296,0.0,low,US,903.95,False,2038
5902,146,39293.75,2,269.13527397260276,229.42,medium,CA,536.59,False,361
5903,120,27011.48,1,225.09566666666666,145.67,low,CA,372.16,False,232
5904,112,3488.66,1,31.14875,8.04,low,US,171.5,False,1707
5905,105,7891.52,1,75.15733333333334,16.71,medium,US,615.51,False,435
5906,108,6929.68,0,64.1637037037037,0.0,low,US,539.14,False,349
5907,110,3802.45,0,34.56772727272727,0.0,low,US,201.63,False,1041
5908,125,21205.89,1,169.64712,74.74,low,DE,832.01,False,2002
5909,114,60620.49,0,531.7586842105263,0.0,low,US,1542.46,False,1748
5910,111,2545.96,1,22.936576576576577,43.11,low,US,272.03,True,1148
5911,124,22858.33,0,184.34137096774194,0.0,low,US,255.99,True,454
5912,104,817.0,0,7.855769230769231,0.0,low,US,247.71,False,756
5913,120,3030.4,1,25.253333333333334,22.83,low,US,108.77,False,1517
5914,130,149954.56,0,1153.4966153846153,0.0,low,US,2993.01,False,369
5915,124,4284.95,0,34.55604838709677,0.0,low,US,328.98,False,1162
5916,121,3167.07,0,26.17413223140496,0.0,low,US,227.55,False,55
5917,122,4457.5,0,36.53688524590164,0.0,low,US,178.73,False,732
5918,119,6633.99,0,55.74781512605042,0.0,low,US,347.52,False,565
5919,109,17174.39,1,157.5632110091743,230.28,medium,US,263.57,False,1501
5920,115,109749.93000000001,0,954.3472173913044,0.0,low,US,1797.7,False,2004
5921,112,1776.71,0,15.863482142857142,0.0,low,US,160.15,False,346
5922,105,5243.28,0,49.936,0.0,low,US,123.39,False,1752
5923,116,96064.72,0,828.1441379310345,0.0,low,US,809.65,False,1446
5924,121,13732.7,1,113.49338842975207,424.67,low,US,447.43,False,2124
5925,112,5281.83,3,47.15919642857143,532.9300000000001,low,US,403.17,False,1998
5926,126,27899.83,1,221.42722222222224,344.94,low,US,815.39,False,247
5927,129,5081.35,1,39.39031007751938,44.5,low,US,557.26,False,1635
5928,140,40988.46,1,292.77471428571425,29.1,medium,US,472.42,False,1309
5929,127,2320.46,0,18.271338582677167,0.0,low,US,139.06,False,274
5930,114,9217.869999999999,0,80.85850877192982,0.0,low,US,109.81,False,585
5931,101,1309.95,0,12.96980198019802,0.0,low,US,262.33,False,2032
5932,122,1162.4,1,9.527868852459017,7.2,low,US,185.69,False,1202
5933,128,35568.19,0,277.876484375,0.0,low,GB,627.84,False,761
5934,117,3997.33,0,34.16521367521367,0.0,medium,US,97.63,False,722
5935,117,4624.2,0,39.52307692307692,0.0,low,CA,329.49,False,1839
5936,112,15885.08,1,141.83107142857142,188.21,medium,US,421.67,False,642
5937,127,29159.33,0,229.60102362204725,0.0,low,CA,475.47,True,373
5938,129,20126.71,0,156.021007751938,0.0,low,US,705.61,False,1269
5939,117,28478.12,2,243.40273504273503,1417.54,low,US,367.28,False,2173
5940,125,40724.9,0,325.7992,0.0,medium,US,270.23,False,425
5941,108,33434.88,0,309.5822222222222,0.0,low,US,1510.25,True,581
5942,112,30261.09,1,270.18830357142855,260.88,low,US,369.43,True,1043
5943,118,102668.59,1,870.0727966101695,1584.66,low,US,1767.32,False,461
5944,123,30207.89,0,245.59260162601626,0.0,low,US,367.74,False,1435
5945,123,17706.45,1,143.9548780487805,4.03,low,US,485.59,False,577
5946,123,18597.51,2,151.19926829268292,387.8,low,GB,434.9,False,306
5947,117,25541.79,0,218.30589743589744,0.0,low,US,606.74,False,594
5948,133,11845.57,0,89.06443609022556,0.0,low,US,337.69,False,2040
5949,127,38858.08,0,305.96913385826775,0.0,low,US,537.28,False,2049
5950,125,47941.97,1,383.53576,885.27,low,US,1954.19,False,1122
5951,119,10911.41,1,91.69252100840336,12.61,low,DE,1266.44,False,894
5952,136,184243.9,1,1354.7345588235294,5451.03,low,US,1274.32,False,1800
5953,107,1455.75,1,13.605140186915888,15.55,low,US,147.27,False,449
5954,131,6672.76,1,50.937099236641224,18.16,medium,US,170.36,False,1442
5955,104,2354.0,0,22.634615384615383,0.0,low,DE,599.43,False,1498
5956,136,6121.57,1,45.011544117647055,95.76,low,US,986.01,False,1563
5957,98,4121.09,0,42.05193877551021,0.0,low,US,308.83,False,500
5958,121,2860.14,1,23.637520661157023,65.94,low,US,263.01,False,1576
5959,105,53171.09,0,506.3913333333333,0.0,low,US,1727.55,False,1351
5960,120,14960.7,2,124.6725,151.48000000000002,low,CA,913.51,False,1920
5961,126,105264.86,1,835.4353968253969,815.4,low,US,1276.9,False,406
5962,122,7394.66,0,60.61196721311475,0.0,low,US,331.19,False,1355
5963,110,14153.33,0,128.66663636363637,0.0,low,US,308.58,False,1822
5964,155,152539.04,1,984.1228387096775,436.89,low,US,1157.48,False,630
5965,134,2934.3,0,21.89776119402985,0.0,low,US,388.99,False,1636
5966,111,6558.97,1,59.08981981981982,64.29,low,US,284.36,False,244
5967,115,42697.72,0,371.28452173913047,0.0,low,US,216.62,False,1581
5968,134,13286.6,0,99.15373134328358,0.0,low,US,311.01,False,1339
5969,135,118780.17,1,879.853111111111,2204.05,medium,US,1083.09,False,445
5970,139,8181.34,1,58.85856115107914,4.79,low,US,126.63,False,173
5971,133,120978.63,0,909.6137593984963,0.0,medium,US,867.96,False,1640
5972,133,2734.1,1,20.557142857142857,33.0,low,US,260.5,False,551
5973,106,8621.13,2,81.33141509433962,366.68,low,US,407.78,False,1104
5974,111,4845.14,0,43.649909909909915,0.0,low,US,431.98,False,161
5975,120,941.61,0,7.84675,0.0,low,US,403.97,False,2111
5976,113,8740.67,0,77.35106194690266,0.0,low,US,380.54,False,1215
5977,117,1880.64,0,16.073846153846155,0.0,low,US,330.33,False,2042
5978,114,12545.38,0,110.04719298245614,0.0,medium,GB,294.63,False,376
5979,128,132222.53,1,1032.988515625,2822.17,low,GB,1616.14,False,474
5980,131,11035.43,1,84.23992366412214,176.06,low,US,503.98,False,1348
5981,118,31462.47,0,266.6311016949153,0.0,low,US,439.94,False,1335
5982,148,16243.960000000001,3,109.7564864864865,300.58,low,GB,275.84,False,1738
5983,150,41614.29,0,277.4286,0.0,low,US,341.33,False,2034
5984,115,12480.36,0,108.5248695652174,0.0,low,US,276.7,False,1805
5985,129,28147.71,1,218.19930232558139,120.65,low,US,981.23,False,332
5986,112,6301.01,1,56.25901785714286,25.28,low,CA,250.07,False,698
5987,117,3128.88,1,26.742564102564103,32.55,low,US,65.26,False,2003
5988,105,11367.99,4,108.26657142857142,499.54999999999995,high,US,519.3,False,1215
5989,138,3238.68,0,23.468695652173913,0.0,low,US,383.2,False,1902
5990,113,55562.79,0,491.7061061946903,0.0,low,US,290.85,True,1246
5991,112,21316.73,0,190.32794642857144,0.0,medium,US,1119.23,False,137
5992,120,1889.02,0,15.741833333333334,0.0,low,US,42.09,True,1051
5993,149,40128.8,0,269.3208053691275,0.0,low,US,2035.75,False,1811
5994,118,23152.14,0,196.20457627118643,0.0,low,US,1273.1,False,1445
5995,118,5726.69,1,48.53127118644068,18.61,low,GB,279.99,True,316
5996,130,23749.01,2,182.6846923076923,559.6999999999999,medium,US,328.42,False,483
5997,119,9530.98,0,80.09226890756302,0.0,low,US,775.84,False,1875
5998,134,10271.83,1,76.65544776119403,155.53,low,US,794.8,False,2145
5999,134,3165.33,3,23.62186567164179,97.11000000000001,high,US,278.52,False,1656
6000,127,37541.03,1,295.59866141732283,22.98,low,US,115.0,False,241
