device_id,total_txns,fraud_txns,fraud_value,linked_accounts,device_type
1.0,53,0,0.0,1,mobile
2.0,60,0,0.0,1,mobile
3.0,120,1,649.27,1,mobile
4.0,124,0,0.0,1,desktop
5.0,114,1,31.04,1,mobile
6.0,128,1,572.64,1,mobile
7.0,84,0,0.0,1,mobile
8.0,28,0,0.0,1,mobile
9.0,123,0,0.0,1,mobile
10.0,46,0,0.0,1,mobile
11.0,77,1,121.19,1,mobile
12.0,110,1,27.97,1,mobile
13.0,114,1,42.86,1,mobile
14.0,1,0,0.0,1,desktop
15.0,123,0,0.0,1,mobile
16.0,251,2,275.84000000000003,2,mobile
17.0,105,0,0.0,1,mobile
18.0,66,0,0.0,1,desktop
19.0,72,0,0.0,1,tablet
20.0,116,0,0.0,1,desktop
21.0,106,0,0.0,1,desktop
22.0,286,3,778.48,2,mobile
23.0,116,2,329.31,1,desktop
24.0,117,2,220.58999999999997,1,desktop
25.0,197,2,378.71000000000004,2,tablet
26.0,42,0,0.0,1,mobile
27.0,47,0,0.0,1,mobile
28.0,14,0,0.0,1,mobile
29.0,109,2,139.59,1,desktop
30.0,10,0,0.0,1,desktop
31.0,88,1,8.3,1,desktop
32.0,127,0,0.0,1,mobile
33.0,102,1,7.69,1,mobile
34.0,66,0,0.0,1,tablet
35.0,34,0,0.0,1,mobile
36.0,34,0,0.0,1,tablet
37.0,144,1,177.91,1,mobile
38.0,236,4,75.34,2,mobile
39.0,80,1,108.73,1,mobile
40.0,60,0,0.0,1,mobile
41.0,129,1,336.4,1,desktop
42.0,108,0,0.0,1,desktop
43.0,115,0,0.0,1,mobile
44.0,116,0,0.0,1,mobile
45.0,19,0,0.0,1,mobile
46.0,71,2,3855.65,1,mobile
47.0,92,1,1613.73,2,desktop
48.0,130,2,114.85,2,desktop
49.0,43,0,0.0,1,mobile
50.0,98,0,0.0,1,desktop
51.0,141,0,0.0,1,desktop
52.0,43,0,0.0,1,mobile
53.0,68,1,93.97,1,mobile
54.0,62,1,36.82,1,mobile
55.0,69,0,0.0,1,mobile
56.0,96,0,0.0,1,desktop
57.0,39,0,0.0,1,mobile
58.0,13,0,0.0,1,mobile
59.0,119,1,8.26,1,mobile
60.0,111,0,0.0,1,mobile
61.0,27,0,0.0,1,mobile
62.0,76,0,0.0,1,mobile
63.0,145,0,0.0,2,mobile
64.0,99,1,33.61,1,mobile
65.0,151,1,9.37,2,mobile
66.0,113,1,190.69,1,mobile
67.0,86,2,3195.31,2,mobile
68.0,16,0,0.0,1,mobile
70.0,38,0,0.0,1,mobile
71.0,50,0,0.0,1,mobile
72.0,68,1,18.6,1,desktop
73.0,122,1,26.79,1,mobile
74.0,89,0,0.0,1,desktop
75.0,21,0,0.0,1,tablet
76.0,36,0,0.0,1,mobile
77.0,89,0,0.0,1,mobile
78.0,126,0,0.0,1,mobile
79.0,112,1,791.88,1,mobile
80.0,195,0,0.0,2,mobile
81.0,130,1,725.67,1,mobile
82.0,152,0,0.0,1,desktop
83.0,72,1,1817.05,1,desktop
84.0,27,0,0.0,1,mobile
85.0,26,0,0.0,1,desktop
86.0,46,0,0.0,1,mobile
87.0,72,1,474.46,1,mobile
88.0,29,0,0.0,1,mobile
89.0,112,1,219.76,1,tablet
90.0,113,0,0.0,1,mobile
91.0,103,1,12.85,1,mobile
92.0,46,1,1210.25,1,mobile
93.0,65,2,1354.25,1,mobile
94.0,122,0,0.0,1,mobile
95.0,112,2,127.91,1,desktop
96.0,71,0,0.0,1,desktop
97.0,37,0,0.0,1,mobile
98.0,133,0,0.0,1,desktop
99.0,109,0,0.0,1,mobile
100.0,32,0,0.0,1,mobile
101.0,29,0,0.0,1,tablet
102.0,53,0,0.0,1,desktop
103.0,128,1,365.08,1,mobile
104.0,127,0,0.0,1,mobile
105.0,12,0,0.0,1,mobile
106.0,18,0,0.0,1,mobile
107.0,97,0,0.0,1,tablet
108.0,69,0,0.0,1,desktop
109.0,23,0,0.0,1,mobile
110.0,40,2,29.869999999999997,1,mobile
111.0,130,1,1261.68,1,desktop
112.0,28,0,0.0,1,mobile
113.0,106,2,2335.13,1,mobile
114.0,7,0,0.0,1,desktop
115.0,29,0,0.0,1,desktop
116.0,75,0,0.0,1,mobile
117.0,111,0,0.0,1,mobile
118.0,86,1,230.48,1,mobile
119.0,27,0,0.0,1,desktop
120.0,120,0,0.0,1,mobile
121.0,60,1,104.87,1,mobile
122.0,46,0,0.0,1,tablet
123.0,121,0,0.0,1,desktop
124.0,76,1,113.59,1,mobile
125.0,30,0,0.0,1,mobile
126.0,48,0,0.0,1,desktop
127.0,77,0,0.0,1,mobile
128.0,135,0,0.0,1,mobile
129.0,39,0,0.0,1,desktop
130.0,66,1,34.44,1,mobile
131.0,130,2,386.81,1,desktop
132.0,117,0,0.0,1,mobile
133.0,21,0,0.0,1,mobile
134.0,83,1,111.09,1,mobile
135.0,6,0,0.0,1,mobile
136.0,30,0,0.0,1,mobile
137.0,65,0,0.0,1,mobile
138.0,35,0,0.0,1,tablet
139.0,87,0,0.0,1,desktop
140.0,32,0,0.0,1,desktop
141.0,38,1,1225.42,1,mobile
142.0,83,1,1040.77,1,mobile
143.0,128,1,359.23,1,mobile
144.0,158,0,0.0,1,desktop
145.0,92,1,103.05,1,mobile
146.0,52,0,0.0,2,mobile
147.0,59,0,0.0,1,desktop
148.0,56,0,0.0,1,mobile
149.0,112,0,0.0,1,mobile
150.0,132,2,553.9300000000001,1,mobile
151.0,23,0,0.0,1,desktop
152.0,78,2,95.05,1,desktop
153.0,276,0,0.0,2,mobile
154.0,164,0,0.0,2,mobile
155.0,48,0,0.0,1,mobile
156.0,124,1,65.23,1,mobile
157.0,221,1,144.44,2,mobile
158.0,126,1,198.03,1,mobile
159.0,78,1,601.28,1,desktop
160.0,43,0,0.0,1,mobile
161.0,67,0,0.0,1,mobile
162.0,33,0,0.0,1,desktop
163.0,15,2,59.43,1,mobile
164.0,125,0,0.0,1,mobile
165.0,39,0,0.0,1,mobile
166.0,65,0,0.0,1,mobile
167.0,22,0,0.0,1,tablet
168.0,120,0,0.0,1,desktop
169.0,130,1,127.2,1,mobile
170.0,44,0,0.0,1,mobile
171.0,78,1,20.41,1,mobile
172.0,124,0,0.0,1,mobile
173.0,122,1,632.76,1,tablet
174.0,67,1,388.93,1,mobile
175.0,43,0,0.0,1,desktop
176.0,112,1,25.93,1,mobile
177.0,48,0,0.0,1,mobile
178.0,83,0,0.0,1,mobile
179.0,114,0,0.0,1,mobile
180.0,119,0,0.0,1,desktop
181.0,100,0,0.0,1,mobile
182.0,94,2,2901.53,1,desktop
183.0,62,0,0.0,1,mobile
184.0,47,0,0.0,1,mobile
185.0,114,1,4.75,1,desktop
186.0,85,0,0.0,1,mobile
187.0,49,0,0.0,1,mobile
188.0,118,2,70.3,1,mobile
189.0,108,0,0.0,1,mobile
190.0,102,0,0.0,1,mobile
191.0,22,0,0.0,1,mobile
192.0,117,0,0.0,1,desktop
193.0,125,0,0.0,1,mobile
194.0,122,0,0.0,1,mobile
195.0,103,1,51.62,1,mobile
196.0,126,2,23.15,1,mobile
197.0,39,0,0.0,1,desktop
198.0,30,0,0.0,1,mobile
199.0,126,1,115.69,1,mobile
200.0,131,1,133.83,1,desktop
201.0,141,1,737.66,1,desktop
202.0,49,0,0.0,1,mobile
203.0,55,0,0.0,1,mobile
204.0,112,1,98.0,1,tablet
205.0,122,1,222.47,1,mobile
206.0,98,0,0.0,1,mobile
207.0,50,2,797.5799999999999,1,mobile
208.0,62,1,75.69,1,mobile
209.0,244,2,487.95,2,desktop
210.0,32,0,0.0,1,mobile
211.0,89,2,128.05,1,mobile
212.0,132,0,0.0,1,mobile
213.0,62,0,0.0,1,mobile
214.0,55,0,0.0,1,mobile
215.0,8,0,0.0,1,mobile
216.0,29,0,0.0,1,tablet
217.0,90,1,537.22,1,mobile
218.0,11,0,0.0,1,desktop
219.0,48,1,396.78,1,mobile
220.0,72,0,0.0,1,mobile
221.0,86,0,0.0,1,tablet
222.0,40,0,0.0,1,mobile
223.0,56,1,163.97,1,tablet
224.0,63,1,42.02,1,mobile
225.0,67,0,0.0,1,desktop
226.0,34,0,0.0,1,mobile
227.0,116,1,4246.77,1,mobile
228.0,29,0,0.0,1,mobile
229.0,87,0,0.0,1,mobile
230.0,119,2,53.7,1,mobile
231.0,51,0,0.0,1,mobile
232.0,74,1,894.54,1,mobile
233.0,147,0,0.0,1,mobile
234.0,101,1,124.21,1,desktop
235.0,40,0,0.0,2,desktop
236.0,115,0,0.0,1,tablet
237.0,127,0,0.0,1,desktop
238.0,95,1,43.18,1,mobile
239.0,43,0,0.0,1,mobile
240.0,61,1,19.38,1,mobile
241.0,132,1,20.17,1,mobile
242.0,67,1,36.41,1,tablet
243.0,34,0,0.0,1,desktop
244.0,15,0,0.0,1,desktop
245.0,88,0,0.0,1,desktop
246.0,36,0,0.0,1,mobile
247.0,122,0,0.0,1,mobile
248.0,19,0,0.0,1,desktop
249.0,30,1,614.06,1,mobile
250.0,45,1,126.01,1,mobile
251.0,48,0,0.0,1,desktop
252.0,142,0,0.0,1,mobile
253.0,101,0,0.0,1,mobile
254.0,26,0,0.0,1,mobile
255.0,120,1,256.54,1,mobile
256.0,164,0,0.0,2,mobile
257.0,118,1,372.35,1,mobile
258.0,119,0,0.0,1,tablet
259.0,127,0,0.0,1,desktop
260.0,41,0,0.0,1,mobile
261.0,22,1,13.77,1,mobile
262.0,53,3,93.2,1,mobile
263.0,121,1,225.57,1,mobile
264.0,64,0,0.0,1,desktop
265.0,7,0,0.0,1,mobile
266.0,59,0,0.0,2,desktop
267.0,38,0,0.0,1,mobile
268.0,66,0,0.0,1,mobile
269.0,51,0,0.0,1,mobile
270.0,93,1,36.75,1,mobile
271.0,152,2,1421.3600000000001,2,desktop
272.0,86,0,0.0,1,mobile
273.0,51,0,0.0,1,mobile
274.0,125,0,0.0,2,desktop
275.0,49,0,0.0,1,mobile
276.0,128,0,0.0,1,mobile
277.0,130,1,3.42,1,desktop
278.0,109,1,307.41,1,desktop
279.0,125,0,0.0,1,desktop
280.0,131,0,0.0,1,mobile
281.0,121,2,358.84999999999997,1,mobile
282.0,47,0,0.0,1,mobile
283.0,13,0,0.0,1,desktop
284.0,28,0,0.0,1,desktop
285.0,35,0,0.0,1,mobile
286.0,123,1,628.05,1,desktop
287.0,41,0,0.0,1,desktop
288.0,61,0,0.0,1,mobile
289.0,2,0,0.0,1,mobile
290.0,120,1,4112.98,1,mobile
291.0,80,0,0.0,1,mobile
292.0,57,0,0.0,1,desktop
293.0,114,1,474.04,1,mobile
294.0,42,0,0.0,1,desktop
295.0,33,0,0.0,1,mobile
296.0,34,0,0.0,1,mobile
297.0,69,0,0.0,1,mobile
298.0,52,1,7338.6,1,desktop
299.0,143,0,0.0,1,mobile
300.0,55,1,71.57,2,mobile
301.0,66,0,0.0,1,mobile
302.0,47,0,0.0,1,desktop
303.0,142,0,0.0,1,desktop
304.0,12,1,96.58,1,mobile
305.0,66,1,85.13,1,desktop
306.0,43,0,0.0,1,mobile
307.0,113,1,142.98,1,tablet
308.0,118,2,217.33,1,desktop
309.0,114,1,53.18,1,mobile
310.0,63,1,4548.78,1,mobile
311.0,65,0,0.0,1,mobile
312.0,49,1,828.48,1,desktop
313.0,71,0,0.0,1,mobile
314.0,64,0,0.0,1,mobile
315.0,55,0,0.0,1,mobile
316.0,172,0,0.0,2,mobile
317.0,123,0,0.0,1,tablet
318.0,131,2,126.48,1,tablet
319.0,111,1,70.64,1,mobile
320.0,123,0,0.0,1,mobile
321.0,109,0,0.0,1,mobile
322.0,242,1,62.85,2,tablet
323.0,94,0,0.0,1,mobile
324.0,28,0,0.0,1,mobile
325.0,232,1,14.58,2,mobile
326.0,10,0,0.0,1,desktop
327.0,29,0,0.0,1,desktop
328.0,33,1,77.33,1,mobile
329.0,78,1,220.67,1,mobile
330.0,60,0,0.0,1,desktop
331.0,47,0,0.0,1,mobile
332.0,55,0,0.0,1,desktop
333.0,61,1,134.82,1,mobile
334.0,132,0,0.0,1,mobile
335.0,1,0,0.0,1,desktop
336.0,84,1,118.45,1,mobile
337.0,24,0,0.0,1,mobile
338.0,118,1,429.05,1,mobile
339.0,117,0,0.0,1,mobile
340.0,44,1,69.11,1,desktop
341.0,74,0,0.0,1,mobile
342.0,51,0,0.0,1,desktop
343.0,58,0,0.0,1,desktop
344.0,128,0,0.0,1,mobile
345.0,62,1,56.97,1,mobile
346.0,60,0,0.0,1,desktop
347.0,66,0,0.0,1,desktop
348.0,52,1,575.89,1,mobile
349.0,124,0,0.0,1,tablet
350.0,25,0,0.0,1,mobile
351.0,11,0,0.0,1,desktop
352.0,91,1,98.08,1,mobile
353.0,112,1,2540.93,1,mobile
354.0,25,0,0.0,1,mobile
355.0,104,0,0.0,1,mobile
356.0,70,1,15.14,1,mobile
357.0,46,1,11.28,1,mobile
358.0,123,1,7.52,1,mobile
359.0,45,0,0.0,1,mobile
360.0,89,0,0.0,1,desktop
361.0,124,2,105.94999999999999,1,mobile
362.0,45,1,305.06,1,desktop
363.0,70,0,0.0,1,desktop
364.0,91,0,0.0,1,mobile
365.0,22,0,0.0,1,mobile
366.0,85,1,114.84,1,desktop
367.0,38,1,154.42,1,desktop
368.0,27,0,0.0,1,desktop
369.0,44,0,0.0,1,tablet
370.0,53,0,0.0,1,mobile
371.0,22,0,0.0,1,mobile
372.0,105,1,109.61,1,desktop
373.0,220,1,81.9,2,mobile
374.0,129,1,317.6,1,mobile
375.0,97,0,0.0,1,mobile
376.0,27,0,0.0,1,mobile
377.0,113,0,0.0,1,mobile
378.0,151,1,25.9,2,mobile
379.0,116,1,785.89,1,mobile
380.0,39,0,0.0,1,mobile
381.0,82,1,8.91,1,mobile
382.0,23,0,0.0,1,mobile
383.0,142,0,0.0,2,desktop
384.0,67,0,0.0,1,mobile
385.0,63,1,14.94,1,mobile
386.0,121,1,2347.11,1,desktop
387.0,8,0,0.0,1,mobile
388.0,39,0,0.0,1,desktop
389.0,78,0,0.0,1,mobile
390.0,10,0,0.0,1,mobile
391.0,122,0,0.0,1,mobile
392.0,116,1,644.63,1,mobile
393.0,117,1,138.15,1,mobile
394.0,146,1,674.19,2,desktop
395.0,40,0,0.0,1,mobile
396.0,30,1,52.66,1,mobile
397.0,12,0,0.0,1,mobile
398.0,27,0,0.0,1,mobile
399.0,12,0,0.0,1,desktop
400.0,183,1,41.91,2,mobile
401.0,125,1,22.76,1,tablet
402.0,61,0,0.0,1,desktop
403.0,62,0,0.0,1,mobile
404.0,39,1,678.16,1,tablet
405.0,54,1,957.88,1,mobile
406.0,32,0,0.0,1,desktop
407.0,126,1,30.19,1,mobile
408.0,131,1,12.88,1,mobile
409.0,52,0,0.0,1,mobile
410.0,108,1,49.88,2,desktop
411.0,122,0,0.0,1,mobile
412.0,39,0,0.0,1,mobile
413.0,87,0,0.0,1,mobile
414.0,124,0,0.0,1,desktop
415.0,130,0,0.0,1,mobile
416.0,116,1,43.5,1,mobile
417.0,63,0,0.0,1,mobile
418.0,58,1,26.36,1,desktop
419.0,133,0,0.0,1,desktop
420.0,122,0,0.0,1,mobile
421.0,115,0,0.0,1,tablet
422.0,127,1,189.36,1,mobile
423.0,49,1,922.97,1,mobile
424.0,60,0,0.0,1,mobile
425.0,104,0,0.0,1,mobile
426.0,107,0,0.0,1,tablet
427.0,125,0,0.0,1,mobile
428.0,108,0,0.0,1,mobile
429.0,126,0,0.0,1,mobile
430.0,109,0,0.0,1,mobile
431.0,53,1,893.98,1,mobile
432.0,78,0,0.0,1,mobile
433.0,119,1,24.02,1,tablet
434.0,123,0,0.0,1,desktop
435.0,114,0,0.0,1,desktop
436.0,45,0,0.0,1,desktop
437.0,84,0,0.0,1,desktop
438.0,125,0,0.0,1,mobile
439.0,69,0,0.0,1,tablet
440.0,48,0,0.0,1,mobile
441.0,61,0,0.0,1,mobile
442.0,3,0,0.0,1,mobile
443.0,53,0,0.0,1,mobile
444.0,128,0,0.0,1,desktop
445.0,106,1,59.74,1,desktop
446.0,50,0,0.0,1,mobile
447.0,65,1,31.66,1,desktop
448.0,26,1,414.82,1,desktop
449.0,102,1,663.4,1,mobile
450.0,7,0,0.0,1,desktop
451.0,107,1,951.59,1,mobile
452.0,49,0,0.0,1,mobile
453.0,72,1,1301.45,1,mobile
454.0,52,1,15.36,2,mobile
455.0,109,2,2762.85,1,tablet
456.0,133,0,0.0,1,mobile
457.0,19,0,0.0,1,mobile
458.0,77,0,0.0,1,mobile
459.0,110,0,0.0,1,mobile
460.0,46,1,23.65,1,mobile
461.0,37,0,0.0,1,desktop
462.0,23,0,0.0,1,mobile
463.0,123,1,797.2,1,mobile
464.0,150,0,0.0,1,mobile
465.0,100,1,105.41,2,desktop
466.0,64,1,37.75,1,mobile
467.0,110,1,14.15,1,mobile
468.0,107,2,67.24000000000001,1,mobile
469.0,132,0,0.0,1,tablet
470.0,59,1,19.36,1,mobile
471.0,70,3,346.59000000000003,1,mobile
472.0,118,1,147.53,1,mobile
473.0,32,0,0.0,1,mobile
474.0,87,0,0.0,1,desktop
475.0,82,4,755.72,1,mobile
476.0,38,0,0.0,1,mobile
477.0,117,2,1090.65,1,desktop
478.0,41,0,0.0,1,desktop
479.0,78,1,114.72,1,mobile
480.0,127,0,0.0,1,mobile
481.0,115,0,0.0,1,mobile
482.0,117,1,248.95,1,mobile
483.0,151,0,0.0,2,mobile
484.0,78,0,0.0,1,desktop
485.0,66,1,75.97,1,mobile
486.0,40,0,0.0,1,desktop
487.0,51,2,343.64,1,mobile
488.0,37,0,0.0,1,mobile
489.0,106,0,0.0,1,mobile
490.0,138,0,0.0,1,mobile
491.0,110,1,20.72,1,desktop
492.0,105,0,0.0,1,mobile
493.0,61,1,169.17,1,mobile
494.0,33,0,0.0,1,mobile
495.0,121,0,0.0,1,mobile
496.0,97,0,0.0,1,mobile
497.0,28,0,0.0,1,desktop
498.0,144,0,0.0,1,mobile
499.0,104,0,0.0,1,desktop
500.0,33,0,0.0,1,desktop
501.0,77,1,670.44,1,desktop
502.0,123,2,1081.5,1,mobile
503.0,49,0,0.0,1,mobile
504.0,67,2,270.24,1,tablet
505.0,81,0,0.0,1,mobile
506.0,45,0,0.0,1,tablet
507.0,115,1,3144.39,1,mobile
508.0,124,1,7.91,1,mobile
509.0,129,1,21.22,1,desktop
510.0,26,0,0.0,1,mobile
511.0,59,0,0.0,1,mobile
512.0,76,0,0.0,2,mobile
513.0,71,0,0.0,1,mobile
514.0,53,0,0.0,1,mobile
515.0,4,0,0.0,1,mobile
516.0,114,0,0.0,1,desktop
517.0,32,1,386.31,1,desktop
518.0,171,0,0.0,2,mobile
519.0,21,0,0.0,1,mobile
520.0,89,1,26.0,1,mobile
521.0,100,1,45.1,1,desktop
522.0,18,0,0.0,1,mobile
523.0,152,2,368.17999999999995,2,desktop
525.0,20,0,0.0,1,mobile
526.0,117,1,18.45,1,desktop
527.0,83,0,0.0,1,mobile
528.0,63,1,634.6,1,mobile
529.0,73,0,0.0,1,mobile
530.0,49,0,0.0,1,mobile
531.0,117,0,0.0,1,mobile
532.0,112,0,0.0,1,desktop
533.0,117,0,0.0,1,desktop
534.0,105,0,0.0,1,desktop
535.0,10,0,0.0,1,mobile
536.0,64,1,103.8,1,mobile
537.0,80,0,0.0,1,mobile
538.0,34,0,0.0,1,desktop
539.0,56,0,0.0,1,mobile
540.0,3,0,0.0,1,mobile
541.0,127,5,3526.55,1,desktop
542.0,65,0,0.0,1,mobile
543.0,14,0,0.0,1,mobile
544.0,36,1,23.8,1,mobile
545.0,60,0,0.0,1,mobile
546.0,120,1,8.24,1,desktop
547.0,117,2,655.43,1,mobile
548.0,95,1,284.62,1,mobile
549.0,17,0,0.0,1,desktop
550.0,80,1,799.96,1,mobile
551.0,53,0,0.0,1,mobile
552.0,127,0,0.0,1,mobile
553.0,102,0,0.0,1,mobile
554.0,6,0,0.0,1,mobile
555.0,110,0,0.0,1,desktop
556.0,72,0,0.0,1,desktop
557.0,62,0,0.0,1,mobile
558.0,58,0,0.0,1,desktop
559.0,34,1,46.4,1,mobile
560.0,46,0,0.0,1,mobile
561.0,114,0,0.0,1,desktop
562.0,150,0,0.0,1,mobile
563.0,70,0,0.0,1,desktop
564.0,77,0,0.0,1,mobile
565.0,72,0,0.0,1,mobile
566.0,38,1,649.47,1,desktop
567.0,129,0,0.0,1,mobile
568.0,104,0,0.0,1,desktop
569.0,110,0,0.0,1,mobile
570.0,86,0,0.0,1,desktop
571.0,42,0,0.0,1,mobile
572.0,94,0,0.0,1,desktop
573.0,113,0,0.0,1,tablet
574.0,112,2,30.82,1,mobile
575.0,125,1,9.28,1,desktop
576.0,111,0,0.0,1,desktop
577.0,144,0,0.0,1,desktop
578.0,47,1,157.66,1,mobile
579.0,83,0,0.0,1,tablet
580.0,57,1,3.55,1,desktop
581.0,132,1,394.96,1,mobile
582.0,49,0,0.0,1,desktop
583.0,123,1,176.01,2,mobile
584.0,121,3,2677.8,1,desktop
585.0,86,1,17.5,1,desktop
586.0,44,0,0.0,1,mobile
587.0,45,0,0.0,1,mobile
588.0,67,3,11375.42,1,mobile
589.0,116,1,127.08,1,mobile
590.0,62,2,150.45,1,mobile
591.0,49,1,439.98,1,mobile
592.0,111,1,16.71,1,mobile
593.0,60,0,0.0,1,mobile
594.0,17,0,0.0,1,desktop
595.0,53,0,0.0,1,mobile
596.0,117,0,0.0,1,mobile
597.0,62,0,0.0,1,mobile
598.0,54,0,0.0,1,tablet
599.0,132,5,651.3,1,tablet
600.0,117,2,76.53999999999999,1,mobile
601.0,129,0,0.0,1,desktop
602.0,87,1,22.16,1,desktop
603.0,33,1,19.24,1,mobile
604.0,132,1,188.51,2,desktop
605.0,134,0,0.0,1,mobile
606.0,116,4,697.68,1,mobile
607.0,137,0,0.0,1,mobile
608.0,109,1,277.17,1,desktop
609.0,99,2,429.96000000000004,1,mobile
610.0,148,1,16.61,1,mobile
611.0,22,0,0.0,1,mobile
612.0,28,1,71.47,1,mobile
613.0,41,0,0.0,1,mobile
614.0,28,0,0.0,1,mobile
615.0,123,0,0.0,1,mobile
616.0,31,1,18.67,1,mobile
617.0,94,0,0.0,1,mobile
618.0,105,0,0.0,1,desktop
619.0,59,0,0.0,1,mobile
620.0,165,1,390.77,2,mobile
621.0,104,1,77.29,1,mobile
622.0,122,2,276.9,1,mobile
623.0,55,1,4474.28,1,desktop
624.0,34,1,160.66,1,desktop
625.0,167,0,0.0,2,desktop
626.0,109,0,0.0,1,desktop
627.0,65,0,0.0,1,desktop
628.0,110,2,4996.29,1,desktop
629.0,126,2,241.53000000000003,1,desktop
630.0,128,0,0.0,1,mobile
631.0,204,2,343.42,2,desktop
632.0,78,1,55.73,1,mobile
633.0,48,0,0.0,1,mobile
634.0,116,0,0.0,1,desktop
635.0,118,0,0.0,1,desktop
636.0,112,0,0.0,1,mobile
637.0,116,1,148.47,1,tablet
638.0,137,0,0.0,1,mobile
639.0,108,1,165.5,1,desktop
640.0,100,1,27.49,1,mobile
641.0,72,1,14.08,1,desktop
642.0,65,0,0.0,1,desktop
643.0,65,1,87.45,1,desktop
644.0,28,1,39.86,1,mobile
645.0,45,0,0.0,1,mobile
646.0,120,1,204.54,1,tablet
647.0,133,1,8.96,1,mobile
648.0,139,0,0.0,1,mobile
649.0,81,1,84.71,1,desktop
650.0,28,0,0.0,1,desktop
651.0,102,0,0.0,1,mobile
652.0,111,0,0.0,1,mobile
653.0,58,0,0.0,1,desktop
654.0,71,8,74.36,1,mobile
655.0,125,0,0.0,1,desktop
656.0,116,0,0.0,1,mobile
657.0,71,1,5.55,1,desktop
658.0,37,0,0.0,1,mobile
659.0,83,1,7.57,1,mobile
660.0,26,0,0.0,1,mobile
661.0,139,1,936.33,1,mobile
662.0,111,0,0.0,1,mobile
663.0,121,1,659.44,1,mobile
664.0,98,0,0.0,1,desktop
665.0,35,0,0.0,1,tablet
666.0,203,1,4.75,2,mobile
667.0,55,0,0.0,1,mobile
668.0,58,0,0.0,1,desktop
669.0,118,1,394.33,1,mobile
670.0,115,0,0.0,1,desktop
671.0,140,1,82.95,1,desktop
672.0,39,0,0.0,1,desktop
673.0,105,0,0.0,2,desktop
674.0,134,0,0.0,1,desktop
675.0,43,0,0.0,1,desktop
676.0,94,0,0.0,1,desktop
677.0,55,0,0.0,1,mobile
678.0,59,0,0.0,1,mobile
679.0,123,1,1227.64,1,mobile
680.0,35,0,0.0,1,desktop
681.0,128,0,0.0,2,desktop
682.0,103,0,0.0,1,mobile
683.0,120,0,0.0,1,desktop
684.0,119,0,0.0,1,mobile
685.0,93,0,0.0,1,mobile
686.0,125,0,0.0,1,mobile
687.0,117,1,3853.26,1,mobile
688.0,123,5,246.68,1,mobile
689.0,36,0,0.0,1,mobile
690.0,71,1,274.28,1,mobile
691.0,100,1,220.94,1,desktop
692.0,119,2,592.62,1,mobile
693.0,55,1,451.95,1,mobile
694.0,23,0,0.0,1,mobile
695.0,37,0,0.0,1,mobile
696.0,106,1,86.34,1,mobile
697.0,119,0,0.0,1,desktop
698.0,54,0,0.0,1,desktop
699.0,28,0,0.0,1,mobile
700.0,8,0,0.0,1,mobile
701.0,109,2,887.72,1,mobile
702.0,113,1,1859.0,1,mobile
703.0,110,0,0.0,1,mobile
704.0,33,0,0.0,1,mobile
705.0,88,0,0.0,1,desktop
706.0,64,0,0.0,1,desktop
707.0,43,0,0.0,1,mobile
708.0,33,0,0.0,1,desktop
709.0,82,2,3618.7000000000003,1,desktop
710.0,121,2,148.55,1,desktop
711.0,2,0,0.0,1,desktop
712.0,88,0,0.0,1,mobile
713.0,27,0,0.0,1,mobile
714.0,39,1,6.08,1,mobile
715.0,93,1,17.68,1,desktop
716.0,184,0,0.0,2,mobile
717.0,105,1,317.69,1,mobile
718.0,15,0,0.0,1,mobile
719.0,73,1,14.73,1,mobile
720.0,31,0,0.0,1,desktop
721.0,53,1,295.0,1,mobile
722.0,84,1,246.6,1,desktop
723.0,113,0,0.0,1,mobile
724.0,32,0,0.0,1,mobile
725.0,63,1,643.81,1,mobile
726.0,104,0,0.0,1,mobile
727.0,122,1,1520.3,1,tablet
728.0,146,1,153.75,1,mobile
729.0,112,0,0.0,1,mobile
730.0,127,0,0.0,1,mobile
731.0,60,2,291.94,1,mobile
732.0,72,0,0.0,1,mobile
733.0,93,0,0.0,1,mobile
734.0,28,0,0.0,1,mobile
735.0,123,2,199.08,1,mobile
736.0,132,0,0.0,1,mobile
737.0,125,0,0.0,1,mobile
738.0,5,0,0.0,1,mobile
739.0,23,0,0.0,1,mobile
740.0,63,0,0.0,1,mobile
741.0,25,0,0.0,1,mobile
742.0,49,1,149.33,1,mobile
743.0,73,1,48.28,1,mobile
744.0,28,0,0.0,1,mobile
745.0,78,0,0.0,1,mobile
746.0,28,1,178.49,1,tablet
747.0,87,0,0.0,1,mobile
748.0,78,0,0.0,1,desktop
749.0,42,0,0.0,1,mobile
750.0,109,3,5181.990000000001,1,mobile
751.0,69,1,53.89,1,mobile
752.0,49,0,0.0,1,desktop
753.0,56,1,183.55,1,desktop
754.0,46,2,1271.86,1,desktop
755.0,118,0,0.0,1,mobile
756.0,122,1,487.61,1,mobile
757.0,112,0,0.0,1,desktop
758.0,110,0,0.0,1,mobile
759.0,56,1,201.94,1,tablet
760.0,27,0,0.0,1,mobile
761.0,31,0,0.0,1,mobile
762.0,123,0,0.0,1,desktop
763.0,117,0,0.0,1,desktop
764.0,130,0,0.0,1,mobile
765.0,111,1,244.72,1,desktop
766.0,53,1,5.09,1,mobile
767.0,72,0,0.0,1,mobile
768.0,111,3,239.78,1,mobile
769.0,38,0,0.0,1,desktop
770.0,24,0,0.0,1,tablet
771.0,54,1,38.55,1,mobile
772.0,121,1,39.71,1,desktop
773.0,117,0,0.0,1,tablet
774.0,123,1,30.14,1,mobile
775.0,122,2,248.23,1,desktop
776.0,72,0,0.0,1,mobile
777.0,59,0,0.0,1,desktop
778.0,120,0,0.0,1,mobile
779.0,39,0,0.0,1,desktop
780.0,78,0,0.0,1,desktop
781.0,117,2,863.46,1,mobile
782.0,121,0,0.0,1,mobile
783.0,68,0,0.0,1,mobile
784.0,57,0,0.0,1,mobile
785.0,39,0,0.0,1,mobile
786.0,80,0,0.0,1,mobile
787.0,44,0,0.0,1,desktop
788.0,42,2,455.34000000000003,1,mobile
789.0,16,0,0.0,1,desktop
790.0,31,0,0.0,1,mobile
791.0,119,0,0.0,1,mobile
792.0,119,0,0.0,1,mobile
793.0,26,1,297.34,1,mobile
794.0,53,0,0.0,1,mobile
795.0,32,0,0.0,1,mobile
796.0,118,0,0.0,1,desktop
797.0,83,0,0.0,1,mobile
798.0,33,0,0.0,1,mobile
799.0,124,0,0.0,1,mobile
800.0,129,0,0.0,1,desktop
801.0,24,0,0.0,1,mobile
802.0,32,0,0.0,1,mobile
803.0,25,0,0.0,1,mobile
804.0,22,0,0.0,1,mobile
805.0,19,0,0.0,1,desktop
806.0,67,0,0.0,1,mobile
807.0,146,0,0.0,2,mobile
808.0,21,0,0.0,1,mobile
809.0,51,0,0.0,1,mobile
810.0,19,0,0.0,1,desktop
811.0,43,0,0.0,1,mobile
812.0,71,2,57.67,1,tablet
813.0,49,0,0.0,1,mobile
814.0,122,0,0.0,1,mobile
815.0,125,0,0.0,1,mobile
816.0,136,1,271.46,1,mobile
817.0,56,1,25.74,1,mobile
818.0,76,0,0.0,1,mobile
819.0,92,0,0.0,1,desktop
820.0,34,1,23.36,1,mobile
821.0,45,0,0.0,1,mobile
822.0,85,1,19.53,1,desktop
823.0,117,0,0.0,1,mobile
824.0,134,2,17.7,1,desktop
825.0,23,1,143.77,1,mobile
826.0,80,0,0.0,1,desktop
827.0,47,1,55.6,1,desktop
828.0,20,0,0.0,1,mobile
829.0,55,1,77.64,1,mobile
830.0,134,1,21149.15,1,mobile
831.0,125,0,0.0,1,mobile
832.0,70,0,0.0,1,mobile
833.0,41,0,0.0,1,mobile
834.0,21,0,0.0,1,mobile
835.0,68,0,0.0,1,desktop
836.0,52,0,0.0,1,desktop
837.0,57,1,531.44,1,desktop
838.0,67,2,856.66,1,mobile
839.0,38,0,0.0,1,mobile
840.0,61,2,1478.26,1,mobile
841.0,18,0,0.0,1,mobile
842.0,82,1,247.35,1,mobile
843.0,46,0,0.0,1,desktop
844.0,69,0,0.0,1,desktop
845.0,54,1,18.8,1,mobile
846.0,54,0,0.0,2,mobile
847.0,114,1,54.28,1,desktop
848.0,132,0,0.0,1,mobile
849.0,112,1,1008.19,1,desktop
850.0,108,0,0.0,1,desktop
851.0,34,0,0.0,1,mobile
852.0,77,1,39.28,1,desktop
853.0,123,0,0.0,1,desktop
854.0,28,1,110.97,1,tablet
855.0,28,2,773.73,1,desktop
856.0,79,0,0.0,1,desktop
857.0,116,1,114.24,1,desktop
858.0,25,0,0.0,1,desktop
859.0,92,0,0.0,1,tablet
860.0,128,0,0.0,1,desktop
861.0,131,0,0.0,1,mobile
862.0,135,0,0.0,1,mobile
863.0,7,0,0.0,1,mobile
864.0,99,0,0.0,1,mobile
865.0,124,2,119.96000000000001,1,desktop
866.0,131,0,0.0,1,mobile
867.0,32,0,0.0,1,mobile
868.0,96,1,11.2,1,mobile
869.0,102,0,0.0,1,mobile
870.0,23,1,62.23,1,mobile
871.0,41,1,255.95,1,mobile
872.0,59,0,0.0,1,mobile
873.0,36,2,101.24000000000001,1,mobile
874.0,72,0,0.0,1,tablet
875.0,77,0,0.0,1,mobile
876.0,38,0,0.0,1,mobile
877.0,121,1,1478.04,1,mobile
878.0,132,2,418.71000000000004,1,tablet
879.0,136,1,10.27,1,mobile
880.0,146,0,0.0,1,desktop
881.0,125,1,50.53,1,mobile
882.0,31,0,0.0,1,mobile
883.0,86,0,0.0,1,desktop
884.0,69,0,0.0,1,mobile
885.0,176,1,152.66,2,desktop
886.0,105,0,0.0,1,desktop
887.0,83,1,264.8,1,desktop
888.0,44,0,0.0,1,desktop
889.0,133,0,0.0,1,mobile
890.0,106,1,22.62,1,mobile
891.0,117,1,11.6,1,mobile
892.0,27,0,0.0,1,desktop
893.0,96,1,47.59,1,desktop
894.0,72,2,24.89,1,mobile
895.0,37,0,0.0,1,desktop
896.0,141,0,0.0,1,desktop
897.0,105,1,132.25,1,desktop
898.0,28,0,0.0,1,mobile
899.0,81,0,0.0,1,mobile
900.0,42,0,0.0,1,mobile
901.0,113,1,24.39,1,desktop
902.0,65,0,0.0,1,mobile
903.0,62,0,0.0,1,mobile
904.0,102,1,384.06,1,mobile
905.0,114,0,0.0,1,mobile
906.0,133,0,0.0,1,mobile
907.0,112,0,0.0,1,desktop
908.0,36,0,0.0,1,mobile
909.0,87,1,107.56,1,mobile
910.0,139,1,3466.05,1,desktop
911.0,119,3,188.73,1,mobile
912.0,101,2,6355.73,1,mobile
913.0,57,1,13.87,1,mobile
914.0,69,0,0.0,1,mobile
915.0,120,1,65.91,1,mobile
916.0,53,0,0.0,1,mobile
917.0,80,0,0.0,1,desktop
918.0,124,1,40.0,1,mobile
919.0,138,0,0.0,1,mobile
920.0,112,2,79.53,1,mobile
921.0,171,1,176.39,2,mobile
922.0,37,0,0.0,1,desktop
923.0,53,1,85.06,1,mobile
924.0,122,2,30.96,1,mobile
925.0,140,0,0.0,1,desktop
926.0,123,0,0.0,1,desktop
927.0,137,2,395.81,1,desktop
928.0,120,0,0.0,1,desktop
929.0,146,0,0.0,1,mobile
930.0,34,0,0.0,1,tablet
931.0,87,2,396.77,1,desktop
932.0,61,1,187.46,1,mobile
933.0,53,2,574.05,1,mobile
934.0,103,2,64.25999999999999,1,mobile
935.0,112,2,133.77,1,mobile
936.0,122,0,0.0,1,mobile
937.0,68,1,101.18,1,desktop
938.0,30,0,0.0,1,mobile
939.0,27,0,0.0,1,desktop
940.0,117,0,0.0,1,desktop
941.0,135,0,0.0,1,mobile
942.0,88,1,2.37,1,desktop
943.0,47,0,0.0,1,desktop
944.0,118,0,0.0,1,mobile
945.0,131,1,156.26,1,desktop
946.0,43,0,0.0,1,desktop
947.0,15,0,0.0,1,mobile
948.0,58,0,0.0,1,mobile
949.0,113,0,0.0,1,tablet
950.0,126,0,0.0,1,mobile
951.0,29,0,0.0,1,mobile
952.0,100,0,0.0,1,mobile
953.0,132,2,171.6,1,mobile
954.0,142,0,0.0,1,desktop
955.0,82,0,0.0,1,desktop
956.0,36,0,0.0,1,mobile
957.0,45,0,0.0,1,desktop
958.0,49,0,0.0,1,desktop
959.0,77,0,0.0,1,tablet
960.0,49,1,5.59,1,desktop
961.0,122,1,34.56,1,desktop
962.0,108,1,200.36,1,mobile
963.0,43,0,0.0,1,desktop
964.0,18,0,0.0,1,desktop
965.0,37,0,0.0,1,desktop
966.0,44,0,0.0,1,mobile
967.0,65,0,0.0,1,desktop
968.0,120,0,0.0,1,mobile
969.0,42,0,0.0,1,mobile
970.0,87,0,0.0,1,mobile
971.0,127,0,0.0,1,desktop
972.0,40,0,0.0,2,mobile
973.0,28,0,0.0,1,mobile
974.0,48,1,15.93,1,mobile
975.0,18,0,0.0,1,mobile
976.0,103,0,0.0,1,mobile
977.0,32,0,0.0,1,mobile
978.0,72,0,0.0,1,mobile
979.0,118,0,0.0,1,desktop
980.0,66,0,0.0,1,mobile
981.0,63,0,0.0,2,mobile
982.0,124,3,405.94,1,desktop
983.0,113,0,0.0,1,mobile
984.0,64,0,0.0,1,mobile
985.0,54,1,6.41,1,desktop
986.0,56,0,0.0,1,tablet
987.0,74,0,0.0,1,desktop
988.0,114,1,18.89,1,desktop
989.0,125,1,61.86,1,mobile
990.0,117,0,0.0,1,mobile
991.0,113,1,85.41,1,mobile
992.0,113,0,0.0,1,desktop
993.0,43,0,0.0,1,mobile
994.0,79,1,794.99,1,tablet
995.0,119,1,61.9,1,desktop
996.0,119,1,69.64,1,mobile
997.0,113,0,0.0,1,desktop
998.0,92,2,1011.48,1,desktop
999.0,111,3,211.57999999999998,1,mobile
1000.0,37,0,0.0,1,mobile
1001.0,79,1,8.78,1,mobile
1002.0,119,1,507.96,1,mobile
1003.0,111,3,1020.0,1,mobile
1004.0,246,1,680.8,2,mobile
1005.0,123,1,544.96,1,mobile
1006.0,55,0,0.0,1,desktop
1007.0,57,0,0.0,1,desktop
1008.0,51,0,0.0,1,desktop
1009.0,65,0,0.0,1,mobile
1010.0,95,0,0.0,1,mobile
1011.0,25,0,0.0,1,desktop
1012.0,122,0,0.0,1,desktop
1013.0,130,1,2.71,1,mobile
1014.0,110,0,0.0,1,desktop
1015.0,39,1,34.7,1,desktop
1016.0,91,0,0.0,1,desktop
1017.0,112,1,114.16,1,mobile
1018.0,92,2,1316.2,1,mobile
1019.0,47,0,0.0,1,desktop
1020.0,27,0,0.0,1,mobile
1021.0,94,0,0.0,1,mobile
1022.0,3,0,0.0,1,desktop
1023.0,13,0,0.0,1,mobile
1024.0,82,1,31.72,1,mobile
1025.0,47,0,0.0,1,mobile
1026.0,112,2,469.33,1,mobile
1027.0,39,0,0.0,1,desktop
1028.0,70,0,0.0,1,mobile
1029.0,126,0,0.0,1,mobile
1030.0,78,0,0.0,1,mobile
1031.0,33,1,124.02,1,mobile
1032.0,20,0,0.0,1,mobile
1033.0,95,1,27.09,1,mobile
1034.0,63,0,0.0,1,mobile
1035.0,56,0,0.0,1,desktop
1036.0,106,0,0.0,1,mobile
1037.0,33,0,0.0,1,mobile
1038.0,100,1,4568.54,1,mobile
1039.0,118,0,0.0,1,desktop
1040.0,129,0,0.0,1,mobile
1041.0,155,1,1269.81,1,desktop
1042.0,114,0,0.0,1,mobile
1043.0,125,0,0.0,1,mobile
1044.0,91,1,137.77,1,tablet
1045.0,24,0,0.0,1,mobile
1046.0,141,0,0.0,1,mobile
1047.0,43,0,0.0,1,desktop
1048.0,76,1,257.94,1,desktop
1049.0,108,1,48.95,1,mobile
1050.0,16,0,0.0,1,mobile
1051.0,105,0,0.0,1,mobile
1052.0,17,0,0.0,1,mobile
1053.0,79,1,13.46,1,mobile
1054.0,18,0,0.0,1,mobile
1055.0,132,0,0.0,1,mobile
1056.0,12,0,0.0,1,tablet
1057.0,8,1,354.13,1,mobile
1058.0,86,0,0.0,1,mobile
1059.0,44,0,0.0,1,tablet
1060.0,85,3,262.86,1,mobile
1061.0,113,1,15.38,1,tablet
1062.0,114,0,0.0,1,mobile
1063.0,59,0,0.0,1,mobile
1064.0,42,2,6.52,1,mobile
1065.0,15,0,0.0,1,mobile
1066.0,125,0,0.0,2,desktop
1067.0,37,0,0.0,1,mobile
1068.0,115,1,1694.19,1,mobile
1069.0,271,0,0.0,2,mobile
1070.0,123,1,14.02,1,mobile
1071.0,114,1,14.13,1,desktop
1072.0,117,0,0.0,1,mobile
1073.0,9,0,0.0,1,desktop
1074.0,58,0,0.0,1,desktop
1075.0,46,0,0.0,1,desktop
1076.0,20,0,0.0,1,mobile
1077.0,101,1,94.45,1,mobile
1078.0,117,0,0.0,1,mobile
1079.0,115,0,0.0,1,mobile
1080.0,131,0,0.0,1,mobile
1081.0,160,0,0.0,2,desktop
1082.0,28,0,0.0,1,desktop
1083.0,38,2,585.84,1,desktop
1084.0,88,2,64.6,1,desktop
1085.0,99,0,0.0,1,mobile
1086.0,32,1,85.86,1,desktop
1087.0,69,3,759.8399999999999,1,mobile
1088.0,63,3,658.25,1,mobile
1089.0,114,0,0.0,1,mobile
1090.0,121,0,0.0,1,mobile
1091.0,52,0,0.0,1,mobile
1092.0,49,0,0.0,1,desktop
1093.0,40,0,0.0,1,mobile
1094.0,56,0,0.0,1,tablet
1095.0,62,0,0.0,2,desktop
1096.0,65,1,217.35,1,mobile
1097.0,14,0,0.0,1,mobile
1098.0,115,1,19.74,1,mobile
1099.0,122,0,0.0,1,mobile
1100.0,125,2,218.15,1,mobile
1101.0,90,0,0.0,1,mobile
1102.0,37,0,0.0,2,mobile
1103.0,124,0,0.0,1,mobile
1104.0,120,1,150.95,1,desktop
1105.0,54,4,1890.46,1,desktop
1106.0,78,1,141.37,1,tablet
1107.0,114,0,0.0,1,mobile
1108.0,98,1,1118.18,1,mobile
1109.0,34,0,0.0,1,tablet
1110.0,127,0,0.0,1,desktop
1111.0,58,1,88.52,1,mobile
1112.0,57,1,6.64,1,mobile
1113.0,68,1,366.11,1,mobile
1114.0,5,0,0.0,1,mobile
1115.0,46,1,11.72,1,mobile
1116.0,2,0,0.0,1,mobile
1117.0,139,1,2047.2,1,mobile
1118.0,44,0,0.0,1,mobile
1119.0,46,1,107.27,1,desktop
1120.0,45,0,0.0,1,mobile
1121.0,62,1,328.9,1,mobile
1122.0,55,0,0.0,1,mobile
1123.0,57,1,158.69,1,mobile
1124.0,67,1,1155.26,1,mobile
1125.0,80,0,0.0,1,mobile
1126.0,36,0,0.0,1,mobile
1127.0,137,1,34.0,1,mobile
1128.0,122,2,383.01,1,mobile
1129.0,105,0,0.0,1,mobile
1130.0,93,3,1344.77,1,mobile
1131.0,24,2,560.16,1,mobile
1132.0,114,0,0.0,1,desktop
1133.0,124,1,25.26,1,desktop
1134.0,32,0,0.0,1,mobile
1135.0,43,0,0.0,1,desktop
1136.0,40,0,0.0,1,mobile
1137.0,2,0,0.0,1,mobile
1138.0,64,0,0.0,1,mobile
1139.0,54,0,0.0,1,desktop
1140.0,71,0,0.0,1,desktop
1141.0,69,1,669.95,1,mobile
1142.0,134,1,57.85,1,mobile
1143.0,54,2,189.24,1,mobile
1144.0,74,2,301.96,1,mobile
1145.0,18,0,0.0,1,mobile
1146.0,45,0,0.0,1,desktop
1147.0,47,1,287.26,1,desktop
1148.0,96,0,0.0,1,mobile
1149.0,121,0,0.0,1,desktop
1150.0,40,1,98.92,1,mobile
1151.0,24,0,0.0,1,mobile
1152.0,67,0,0.0,1,mobile
1153.0,110,0,0.0,1,desktop
1154.0,46,0,0.0,1,desktop
1155.0,68,1,535.53,1,mobile
1156.0,131,2,608.3000000000001,1,desktop
1157.0,130,0,0.0,1,mobile
1158.0,116,0,0.0,1,desktop
1159.0,100,0,0.0,1,mobile
1160.0,30,0,0.0,1,mobile
1161.0,7,0,0.0,1,mobile
1162.0,127,2,388.95000000000005,1,mobile
1163.0,36,0,0.0,1,mobile
1164.0,54,0,0.0,1,mobile
1165.0,48,0,0.0,1,mobile
1166.0,147,2,9.84,2,desktop
1167.0,10,0,0.0,1,mobile
1168.0,124,1,14.18,2,mobile
1169.0,33,0,0.0,1,mobile
1170.0,120,1,42.11,1,mobile
1171.0,120,0,0.0,1,mobile
1172.0,7,0,0.0,1,mobile
1173.0,67,0,0.0,1,mobile
1174.0,58,0,0.0,1,mobile
1175.0,110,1,469.2,1,desktop
1176.0,122,0,0.0,1,mobile
1177.0,111,0,0.0,1,mobile
1178.0,78,0,0.0,1,desktop
1179.0,55,0,0.0,1,desktop
1180.0,58,0,0.0,1,mobile
1181.0,65,0,0.0,1,mobile
1182.0,56,0,0.0,1,mobile
1183.0,17,1,159.37,1,desktop
1184.0,33,0,0.0,1,desktop
1185.0,118,0,0.0,1,mobile
1186.0,123,1,1476.22,1,desktop
1187.0,135,1,60.39,1,mobile
1188.0,47,0,0.0,1,desktop
1189.0,48,0,0.0,1,mobile
1190.0,10,0,0.0,1,mobile
1191.0,125,0,0.0,1,mobile
1192.0,126,1,5500.65,1,desktop
1193.0,113,0,0.0,1,desktop
1194.0,125,0,0.0,1,desktop
1195.0,91,1,17.49,1,mobile
1196.0,34,0,0.0,1,mobile
1197.0,121,2,119.97,1,mobile
1198.0,91,2,550.87,1,mobile
1199.0,32,0,0.0,1,desktop
1200.0,118,2,34.89,1,mobile
1201.0,118,1,20.61,1,mobile
1202.0,57,1,350.85,1,desktop
1203.0,64,0,0.0,1,desktop
1204.0,64,0,0.0,1,desktop
1205.0,63,0,0.0,1,mobile
1206.0,120,0,0.0,1,mobile
1207.0,61,0,0.0,1,desktop
1208.0,71,0,0.0,1,desktop
1209.0,41,0,0.0,1,mobile
1210.0,99,3,63.08,1,mobile
1211.0,13,0,0.0,1,desktop
1212.0,75,0,0.0,1,desktop
1213.0,49,0,0.0,1,desktop
1214.0,54,0,0.0,1,mobile
1215.0,59,0,0.0,1,mobile
1216.0,119,0,0.0,1,mobile
1217.0,119,2,7138.44,1,mobile
1218.0,118,1,278.96,1,tablet
1219.0,125,2,414.0,1,mobile
1220.0,64,0,0.0,1,mobile
1221.0,47,0,0.0,1,desktop
1222.0,84,0,0.0,1,mobile
1223.0,42,0,0.0,1,desktop
1224.0,105,0,0.0,1,desktop
1225.0,91,0,0.0,1,desktop
1226.0,14,0,0.0,1,mobile
1227.0,34,0,0.0,1,mobile
1228.0,11,0,0.0,1,desktop
1229.0,32,0,0.0,1,desktop
1230.0,74,0,0.0,1,desktop
1231.0,131,0,0.0,1,desktop
1232.0,114,0,0.0,1,desktop
1233.0,112,1,3.45,1,mobile
1234.0,15,0,0.0,1,mobile
1235.0,35,0,0.0,1,mobile
1236.0,62,0,0.0,1,mobile
1237.0,120,2,128.19,1,mobile
1238.0,89,1,91.0,1,mobile
1239.0,39,1,169.88,1,mobile
1240.0,51,0,0.0,1,mobile
1241.0,28,1,216.42,1,mobile
1242.0,45,0,0.0,1,mobile
1243.0,54,6,39.300000000000004,1,mobile
1244.0,75,0,0.0,1,mobile
1245.0,55,0,0.0,1,desktop
1246.0,64,1,272.92,1,mobile
1247.0,111,0,0.0,1,desktop
1248.0,105,2,116.88000000000001,1,desktop
1249.0,117,0,0.0,1,mobile
1250.0,67,0,0.0,1,mobile
1251.0,55,0,0.0,1,tablet
1252.0,126,2,521.25,1,mobile
1253.0,125,0,0.0,1,desktop
1254.0,130,1,55.1,2,desktop
1255.0,57,0,0.0,1,mobile
1256.0,131,1,333.43,1,mobile
1257.0,41,2,107.03,1,desktop
1258.0,66,1,2.99,1,desktop
1259.0,122,1,15.91,1,mobile
1260.0,139,1,34.25,1,desktop
1261.0,132,4,1082.69,1,mobile
1262.0,72,2,240.41,1,mobile
1263.0,104,0,0.0,1,mobile
1264.0,134,0,0.0,1,mobile
1265.0,36,0,0.0,1,desktop
1266.0,96,0,0.0,1,mobile
1267.0,104,1,21.76,1,desktop
1268.0,101,0,0.0,1,desktop
1269.0,124,3,2174.77,1,mobile
1270.0,42,0,0.0,1,mobile
1271.0,20,0,0.0,1,mobile
1272.0,52,1,102.21,1,mobile
1273.0,210,1,79.13,2,mobile
1274.0,28,0,0.0,1,mobile
1275.0,124,0,0.0,1,mobile
1276.0,75,0,0.0,1,desktop
1277.0,45,1,408.99,1,mobile
1278.0,131,0,0.0,1,desktop
1279.0,108,0,0.0,1,mobile
1280.0,111,2,58.25,1,mobile
1281.0,40,0,0.0,1,mobile
1282.0,69,0,0.0,1,desktop
1283.0,87,1,20.51,1,mobile
1284.0,50,1,30.45,1,desktop
1285.0,122,1,126.07,1,mobile
1286.0,120,0,0.0,1,mobile
1287.0,34,0,0.0,1,mobile
1288.0,75,0,0.0,1,mobile
1289.0,118,0,0.0,1,desktop
1290.0,122,1,33.37,1,mobile
1291.0,29,0,0.0,1,desktop
1292.0,26,0,0.0,1,desktop
1293.0,64,0,0.0,1,mobile
1294.0,56,0,0.0,1,desktop
1295.0,9,0,0.0,1,mobile
1296.0,46,0,0.0,1,mobile
1297.0,14,1,182.47,1,mobile
1298.0,38,0,0.0,1,mobile
1299.0,42,0,0.0,1,mobile
1300.0,13,1,36.48,1,mobile
1301.0,91,0,0.0,1,mobile
1302.0,126,2,3632.2799999999997,1,desktop
1303.0,108,0,0.0,1,desktop
1304.0,20,0,0.0,1,desktop
1305.0,31,1,1438.52,1,mobile
1306.0,72,1,358.41,1,mobile
1307.0,109,2,16.1,1,desktop
1308.0,142,1,41.7,1,mobile
1309.0,110,1,110.89,1,mobile
1310.0,55,0,0.0,1,desktop
1311.0,60,0,0.0,1,mobile
1312.0,123,0,0.0,1,mobile
1313.0,27,0,0.0,1,mobile
1314.0,80,0,0.0,1,desktop
1315.0,67,0,0.0,1,mobile
1316.0,60,0,0.0,1,desktop
1317.0,112,0,0.0,1,desktop
1318.0,94,0,0.0,1,mobile
1319.0,42,0,0.0,1,mobile
1320.0,72,0,0.0,1,desktop
1321.0,114,0,0.0,1,mobile
1322.0,141,1,36.93,1,desktop
1323.0,84,1,51.75,1,desktop
1324.0,35,0,0.0,1,mobile
1325.0,139,1,49.21,1,desktop
1326.0,129,0,0.0,1,mobile
1327.0,48,0,0.0,1,mobile
1328.0,80,0,0.0,1,mobile
1329.0,13,0,0.0,1,mobile
1330.0,119,1,632.05,1,mobile
1331.0,130,2,2322.4,1,mobile
1332.0,126,1,105.43,1,mobile
1333.0,148,1,32.91,1,mobile
1334.0,104,0,0.0,1,desktop
1335.0,127,0,0.0,1,mobile
1336.0,40,0,0.0,1,mobile
1337.0,83,1,163.13,1,mobile
1338.0,38,0,0.0,1,mobile
1339.0,55,0,0.0,1,mobile
1340.0,134,2,562.07,1,desktop
1341.0,82,0,0.0,1,mobile
1342.0,37,0,0.0,1,mobile
1343.0,124,2,2.95,1,desktop
1344.0,139,4,279.54,1,mobile
1345.0,56,1,95.57,1,mobile
1346.0,61,0,0.0,1,mobile
1347.0,49,0,0.0,1,desktop
1348.0,60,0,0.0,1,mobile
1349.0,24,0,0.0,1,desktop
1350.0,36,0,0.0,1,desktop
1351.0,7,0,0.0,1,mobile
1352.0,130,1,17.47,1,mobile
1353.0,38,0,0.0,1,mobile
1354.0,64,0,0.0,1,mobile
1355.0,23,0,0.0,1,tablet
1356.0,118,0,0.0,1,mobile
1357.0,128,2,242.58999999999997,1,desktop
1358.0,123,0,0.0,1,tablet
1359.0,78,0,0.0,1,desktop
1360.0,34,1,186.13,1,mobile
1361.0,123,1,576.44,1,mobile
1362.0,122,1,323.3,1,mobile
1363.0,48,0,0.0,1,mobile
1364.0,52,0,0.0,1,mobile
1366.0,29,0,0.0,1,desktop
1367.0,65,0,0.0,1,mobile
1368.0,52,0,0.0,1,desktop
1369.0,113,1,641.24,1,mobile
1370.0,108,0,0.0,1,desktop
1371.0,64,1,483.95,1,desktop
1372.0,55,1,251.6,1,desktop
1373.0,6,0,0.0,1,mobile
1374.0,29,0,0.0,1,mobile
1375.0,85,0,0.0,1,desktop
1376.0,27,0,0.0,1,desktop
1377.0,106,0,0.0,1,desktop
1378.0,112,0,0.0,1,desktop
1379.0,110,0,0.0,1,mobile
1380.0,113,1,17.88,1,mobile
1381.0,30,0,0.0,1,mobile
1382.0,52,0,0.0,1,mobile
1383.0,32,1,91.2,1,desktop
1384.0,46,0,0.0,1,mobile
1385.0,67,0,0.0,1,desktop
1386.0,24,0,0.0,1,mobile
1387.0,93,0,0.0,1,mobile
1388.0,135,0,0.0,1,desktop
1389.0,211,1,297.51,2,mobile
1390.0,70,0,0.0,1,mobile
1391.0,60,2,1668.04,1,mobile
1392.0,56,0,0.0,1,mobile
1393.0,169,2,1140.9099999999999,2,mobile
1394.0,121,0,0.0,1,mobile
1395.0,80,2,1143.81,1,desktop
1396.0,51,1,82.71,1,desktop
1397.0,116,0,0.0,1,desktop
1398.0,48,0,0.0,1,mobile
1399.0,66,0,0.0,1,mobile
1400.0,43,0,0.0,1,mobile
1401.0,80,0,0.0,1,mobile
1402.0,136,0,0.0,1,desktop
1403.0,93,1,46.16,1,mobile
1404.0,44,0,0.0,1,mobile
1405.0,129,0,0.0,1,desktop
1406.0,109,0,0.0,1,mobile
1407.0,23,0,0.0,1,mobile
1408.0,80,0,0.0,1,mobile
1409.0,38,0,0.0,1,mobile
1410.0,49,0,0.0,1,mobile
1411.0,65,1,39.6,1,mobile
1412.0,9,0,0.0,1,tablet
1413.0,137,2,998.5,1,mobile
1414.0,73,0,0.0,1,mobile
1415.0,58,0,0.0,1,desktop
1416.0,64,1,56.54,1,desktop
1417.0,50,0,0.0,1,desktop
1418.0,116,1,18.36,1,mobile
1419.0,112,3,253.69,1,mobile
1420.0,115,1,98.33,1,mobile
1421.0,73,0,0.0,1,mobile
1422.0,35,1,2937.26,1,mobile
1424.0,81,1,46.82,1,mobile
1425.0,36,0,0.0,1,mobile
1426.0,131,0,0.0,1,desktop
1427.0,136,0,0.0,1,mobile
1428.0,107,0,0.0,1,mobile
1429.0,113,1,119.62,1,mobile
1430.0,128,1,66.99,1,desktop
1431.0,26,1,2044.25,1,mobile
1432.0,82,0,0.0,1,desktop
1433.0,116,0,0.0,1,desktop
1434.0,41,1,335.95,1,desktop
1435.0,13,0,0.0,1,desktop
1436.0,68,1,159.08,1,mobile
1437.0,129,0,0.0,1,mobile
1438.0,114,1,337.11,1,desktop
1439.0,37,0,0.0,1,mobile
1440.0,42,0,0.0,1,desktop
1441.0,46,0,0.0,1,desktop
1442.0,38,0,0.0,1,mobile
1443.0,59,0,0.0,1,desktop
1444.0,128,0,0.0,1,desktop
1445.0,127,0,0.0,1,mobile
1446.0,87,0,0.0,1,desktop
1447.0,39,1,74.19,1,mobile
1448.0,115,0,0.0,1,mobile
1449.0,245,0,0.0,2,mobile
1450.0,108,1,192.47,1,tablet
1451.0,61,1,26.79,1,mobile
1452.0,58,2,83.83,1,mobile
1453.0,134,2,564.35,1,desktop
1454.0,114,1,37.67,1,mobile
1455.0,50,0,0.0,1,mobile
1456.0,64,0,0.0,1,mobile
1457.0,122,3,195.27,1,mobile
1458.0,41,0,0.0,1,mobile
1459.0,75,0,0.0,1,mobile
1460.0,23,0,0.0,1,mobile
1461.0,52,0,0.0,1,mobile
1462.0,52,0,0.0,1,mobile
1463.0,114,2,28.0,1,mobile
1464.0,20,1,3.72,1,mobile
1465.0,109,2,334.47,1,mobile
1466.0,44,1,22.35,1,mobile
1467.0,16,0,0.0,1,mobile
1468.0,38,1,17.01,1,desktop
1469.0,104,1,13.78,1,mobile
1470.0,132,5,5603.99,1,mobile
1471.0,134,1,165.93,1,desktop
1472.0,58,0,0.0,1,desktop
1473.0,53,0,0.0,1,mobile
1474.0,101,0,0.0,1,mobile
1475.0,113,1,225.27,1,tablet
1476.0,127,0,0.0,1,mobile
1477.0,41,0,0.0,1,mobile
1478.0,82,0,0.0,1,mobile
1479.0,114,0,0.0,1,desktop
1480.0,123,0,0.0,1,mobile
1481.0,128,0,0.0,1,mobile
1482.0,27,0,0.0,1,mobile
1483.0,55,0,0.0,1,mobile
1484.0,34,0,0.0,1,mobile
1485.0,113,1,118.53,1,desktop
1486.0,135,1,204.38,1,mobile
1487.0,107,1,2377.24,1,desktop
1488.0,50,0,0.0,1,mobile
1489.0,32,0,0.0,1,desktop
1490.0,37,0,0.0,1,mobile
1491.0,95,0,0.0,1,mobile
1492.0,23,0,0.0,1,mobile
1493.0,119,0,0.0,1,desktop
1494.0,110,2,1795.24,1,mobile
1495.0,156,1,1252.05,2,mobile
1496.0,122,2,73.28999999999999,1,mobile
1497.0,59,0,0.0,1,desktop
1498.0,60,0,0.0,1,desktop
1499.0,128,1,115.38,1,mobile
1500.0,142,1,19.86,1,mobile
1501.0,31,0,0.0,1,mobile
1502.0,73,0,0.0,1,desktop
1503.0,148,0,0.0,2,desktop
1504.0,105,0,0.0,1,mobile
1505.0,125,0,0.0,1,desktop
1506.0,24,0,0.0,1,mobile
1507.0,76,0,0.0,1,mobile
1508.0,76,1,31.72,1,mobile
1509.0,51,1,199.78,1,desktop
1510.0,90,0,0.0,1,desktop
1511.0,42,1,134.42,1,mobile
1512.0,55,0,0.0,1,mobile
1513.0,88,0,0.0,1,mobile
1514.0,110,3,1676.79,1,mobile
1515.0,129,1,447.4,1,desktop
1516.0,140,2,351.46000000000004,1,desktop
1517.0,118,1,291.56,1,mobile
1518.0,59,0,0.0,1,desktop
1519.0,52,1,52.34,1,mobile
1520.0,106,1,538.31,1,mobile
1521.0,138,1,244.83,1,desktop
1522.0,135,0,0.0,1,mobile
1523.0,82,0,0.0,1,desktop
1524.0,26,1,7.61,1,mobile
1525.0,86,0,0.0,1,mobile
1526.0,29,0,0.0,1,mobile
1527.0,61,1,3.45,1,mobile
1528.0,73,1,16.5,1,mobile
1529.0,119,1,836.15,1,mobile
1530.0,71,0,0.0,1,desktop
1531.0,7,0,0.0,1,mobile
1532.0,143,1,83.4,2,mobile
1533.0,81,1,34.38,1,mobile
1534.0,54,1,1.64,1,desktop
1535.0,75,1,25.9,1,desktop
1536.0,65,0,0.0,1,mobile
1537.0,86,0,0.0,1,desktop
1538.0,43,0,0.0,1,mobile
1539.0,122,0,0.0,1,mobile
1540.0,43,0,0.0,1,desktop
1541.0,81,0,0.0,1,tablet
1542.0,28,0,0.0,1,desktop
1543.0,75,0,0.0,1,mobile
1544.0,39,1,394.13,1,desktop
1545.0,123,0,0.0,1,desktop
1546.0,132,0,0.0,1,mobile
1547.0,119,2,196.02,1,mobile
1548.0,29,1,6.59,1,desktop
1549.0,55,1,5.85,1,mobile
1550.0,17,0,0.0,1,desktop
1551.0,17,0,0.0,1,mobile
1552.0,138,1,275.11,1,tablet
1553.0,46,0,0.0,1,desktop
1554.0,45,2,23.38,1,mobile
1555.0,35,0,0.0,1,mobile
1556.0,118,1,101.7,1,desktop
1557.0,19,0,0.0,1,desktop
1558.0,138,0,0.0,1,desktop
1559.0,134,3,488.0999999999999,1,mobile
1560.0,137,0,0.0,1,mobile
1561.0,130,1,122.99,1,desktop
1562.0,112,0,0.0,1,mobile
1563.0,109,1,159.26,1,mobile
1564.0,112,2,61.650000000000006,1,mobile
1565.0,125,0,0.0,1,desktop
1566.0,75,0,0.0,1,mobile
1567.0,31,0,0.0,1,desktop
1568.0,103,2,1042.17,1,mobile
1569.0,21,0,0.0,1,mobile
1570.0,90,1,267.28,1,mobile
1571.0,5,0,0.0,1,mobile
1572.0,125,2,160.01,1,mobile
1573.0,66,0,0.0,1,mobile
1574.0,132,0,0.0,1,desktop
1575.0,112,1,215.83,1,mobile
1576.0,77,0,0.0,1,desktop
1577.0,33,0,0.0,1,desktop
1578.0,68,0,0.0,1,mobile
1579.0,32,0,0.0,1,desktop
1580.0,19,0,0.0,1,mobile
1581.0,101,0,0.0,1,mobile
1582.0,123,0,0.0,1,desktop
1583.0,76,1,84.57,1,tablet
1584.0,53,0,0.0,1,desktop
1585.0,49,1,785.94,1,mobile
1586.0,44,0,0.0,1,tablet
1587.0,35,0,0.0,1,mobile
1588.0,40,0,0.0,1,tablet
1589.0,78,2,149.22,1,mobile
1590.0,107,3,1588.08,1,desktop
1591.0,120,0,0.0,1,mobile
1592.0,19,0,0.0,1,mobile
1593.0,42,0,0.0,1,mobile
1594.0,45,0,0.0,1,mobile
1595.0,129,0,0.0,1,desktop
1596.0,107,0,0.0,1,desktop
1597.0,36,1,219.08,1,desktop
1598.0,88,0,0.0,1,mobile
1599.0,125,0,0.0,1,desktop
1600.0,133,3,475.72999999999996,1,desktop
1601.0,95,0,0.0,1,mobile
1602.0,24,0,0.0,1,desktop
1603.0,43,0,0.0,1,mobile
1605.0,74,1,70.84,1,mobile
1606.0,60,0,0.0,1,desktop
1607.0,41,0,0.0,1,mobile
1608.0,117,0,0.0,1,mobile
1609.0,13,0,0.0,1,tablet
1610.0,110,1,280.63,1,mobile
1611.0,55,0,0.0,1,mobile
1612.0,60,1,3.53,1,mobile
1613.0,249,0,0.0,2,mobile
1614.0,132,0,0.0,1,desktop
1615.0,54,0,0.0,1,mobile
1616.0,33,0,0.0,1,desktop
1617.0,69,0,0.0,2,mobile
1618.0,121,1,16.49,1,mobile
1619.0,114,0,0.0,1,desktop
1620.0,77,0,0.0,1,mobile
1621.0,43,0,0.0,1,desktop
1622.0,88,0,0.0,1,desktop
1623.0,10,0,0.0,1,tablet
1624.0,113,2,169.07999999999998,1,desktop
1625.0,52,0,0.0,1,desktop
1626.0,71,0,0.0,1,mobile
1627.0,65,0,0.0,1,tablet
1628.0,41,0,0.0,1,mobile
1629.0,55,0,0.0,1,mobile
1630.0,65,1,60.91,1,mobile
1631.0,40,0,0.0,1,desktop
1632.0,118,3,27.950000000000003,1,mobile
1633.0,50,0,0.0,1,desktop
1634.0,75,0,0.0,1,mobile
1635.0,132,1,685.69,1,mobile
1636.0,130,1,29.59,1,desktop
1637.0,102,0,0.0,1,mobile
1638.0,122,1,241.64,1,mobile
1639.0,106,2,69.35,1,mobile
1640.0,121,1,1078.15,1,mobile
1641.0,105,1,469.66,1,mobile
1642.0,88,1,18.63,1,tablet
1643.0,24,0,0.0,1,desktop
1644.0,108,0,0.0,1,mobile
1645.0,80,1,1520.71,1,mobile
1646.0,42,1,7773.83,1,desktop
1647.0,65,0,0.0,1,mobile
1648.0,75,0,0.0,1,desktop
1649.0,135,0,0.0,1,mobile
1650.0,37,0,0.0,1,mobile
1651.0,30,0,0.0,1,desktop
1652.0,120,0,0.0,1,mobile
1653.0,64,0,0.0,1,mobile
1654.0,65,1,334.7,1,mobile
1655.0,112,1,51.34,1,desktop
1656.0,16,1,36.06,1,desktop
1657.0,88,0,0.0,1,mobile
1658.0,56,0,0.0,1,mobile
1659.0,55,0,0.0,1,mobile
1660.0,135,0,0.0,1,mobile
1661.0,58,1,31.5,1,tablet
1662.0,30,0,0.0,1,mobile
1663.0,33,1,26.13,1,desktop
1664.0,109,0,0.0,1,mobile
1665.0,111,1,58.07,1,mobile
1666.0,14,0,0.0,1,tablet
1667.0,118,1,53.43,1,mobile
1668.0,127,0,0.0,1,mobile
1669.0,51,1,823.2,1,mobile
1670.0,63,0,0.0,1,mobile
1671.0,109,0,0.0,1,mobile
1672.0,71,0,0.0,1,mobile
1673.0,59,0,0.0,1,mobile
1674.0,51,1,85.92,1,mobile
1675.0,67,0,0.0,1,mobile
1676.0,77,0,0.0,1,mobile
1677.0,39,0,0.0,1,desktop
1678.0,112,0,0.0,1,mobile
1679.0,10,0,0.0,1,desktop
1680.0,124,0,0.0,2,mobile
1681.0,19,0,0.0,1,mobile
1682.0,63,1,2482.51,1,desktop
1683.0,69,0,0.0,1,desktop
1684.0,33,0,0.0,1,mobile
1685.0,75,1,14.02,1,mobile
1686.0,111,0,0.0,1,desktop
1687.0,131,0,0.0,1,desktop
1688.0,116,3,50.97,1,mobile
1689.0,51,1,890.99,1,desktop
1690.0,61,0,0.0,1,mobile
1691.0,104,0,0.0,1,mobile
1692.0,120,0,0.0,1,mobile
1693.0,113,0,0.0,1,mobile
1694.0,125,1,438.18,1,mobile
1695.0,61,0,0.0,1,desktop
1696.0,67,1,236.52,1,mobile
1697.0,49,0,0.0,1,mobile
1698.0,58,0,0.0,1,desktop
1699.0,42,0,0.0,1,mobile
1700.0,71,0,0.0,1,mobile
1701.0,14,0,0.0,1,mobile
1702.0,115,0,0.0,1,mobile
1703.0,125,2,112.7,1,mobile
1704.0,108,1,42.66,1,mobile
1705.0,63,2,160.37,1,mobile
1706.0,63,0,0.0,1,mobile
1707.0,87,0,0.0,1,desktop
1708.0,13,0,0.0,1,mobile
1709.0,63,0,0.0,2,mobile
1710.0,120,0,0.0,1,mobile
1711.0,129,0,0.0,1,mobile
1712.0,50,0,0.0,1,mobile
1713.0,69,0,0.0,1,mobile
1715.0,132,2,578.98,1,mobile
1716.0,123,0,0.0,1,mobile
1717.0,133,1,21.51,1,mobile
1718.0,94,0,0.0,1,mobile
1719.0,128,3,218.39,1,desktop
1720.0,72,0,0.0,1,mobile
1721.0,40,0,0.0,1,mobile
1722.0,85,1,9.95,1,mobile
1723.0,26,0,0.0,1,desktop
1724.0,133,1,239.74,1,desktop
1725.0,86,1,110.24,1,desktop
1726.0,33,1,62.8,1,mobile
1727.0,135,1,14.5,1,tablet
1728.0,104,0,0.0,1,mobile
1729.0,119,1,34.67,1,mobile
1730.0,32,0,0.0,1,mobile
1731.0,8,0,0.0,1,mobile
1732.0,37,0,0.0,1,desktop
1733.0,42,0,0.0,1,desktop
1734.0,111,1,44.25,1,mobile
1735.0,103,0,0.0,1,mobile
1736.0,85,0,0.0,1,mobile
1737.0,27,0,0.0,1,desktop
1738.0,129,0,0.0,1,tablet
1739.0,102,2,126.73,1,mobile
1740.0,125,1,33.38,1,mobile
1741.0,116,1,337.78,1,mobile
1742.0,119,2,17.47,1,tablet
1743.0,100,1,84.92,1,mobile
1744.0,9,0,0.0,1,mobile
1745.0,197,1,351.22,2,mobile
1746.0,105,2,194.89,1,desktop
1747.0,49,2,3766.31,1,desktop
1748.0,69,1,612.84,1,mobile
1749.0,118,1,957.52,1,mobile
1750.0,164,0,0.0,2,mobile
1751.0,128,1,675.48,1,desktop
1752.0,106,1,64.13,1,mobile
1753.0,110,0,0.0,1,mobile
1754.0,112,0,0.0,1,desktop
1755.0,101,0,0.0,1,mobile
1756.0,144,0,0.0,1,desktop
1757.0,66,0,0.0,1,mobile
1758.0,61,0,0.0,1,desktop
1759.0,121,1,46.21,1,mobile
1760.0,112,1,18.33,1,mobile
1761.0,120,0,0.0,1,mobile
1762.0,116,0,0.0,1,mobile
1763.0,133,2,616.01,1,mobile
1764.0,129,1,26.93,1,tablet
1765.0,201,0,0.0,2,mobile
1766.0,64,1,750.67,1,mobile
1767.0,19,0,0.0,1,desktop
1768.0,45,0,0.0,1,mobile
1769.0,17,0,0.0,1,mobile
1770.0,88,0,0.0,1,mobile
1771.0,127,1,16.01,1,desktop
1772.0,43,0,0.0,1,mobile
1773.0,72,0,0.0,1,desktop
1774.0,116,1,6.87,1,desktop
1775.0,59,0,0.0,1,mobile
1776.0,46,0,0.0,1,mobile
1777.0,42,0,0.0,1,mobile
1778.0,95,0,0.0,1,desktop
1779.0,98,1,54.92,1,mobile
1780.0,50,0,0.0,1,mobile
1781.0,120,1,393.3,1,desktop
1782.0,77,0,0.0,2,mobile
1783.0,67,0,0.0,1,mobile
1784.0,147,0,0.0,1,mobile
1785.0,93,0,0.0,1,mobile
1786.0,27,0,0.0,1,desktop
1787.0,115,0,0.0,1,mobile
1788.0,111,0,0.0,1,mobile
1789.0,121,3,1670.8700000000001,1,desktop
1790.0,139,1,70.84,1,mobile
1791.0,118,2,16.68,1,desktop
1792.0,140,2,527.6800000000001,1,mobile
1793.0,139,0,0.0,1,desktop
1794.0,107,1,11.68,1,tablet
1795.0,126,0,0.0,1,desktop
1796.0,145,1,25.94,1,desktop
1797.0,57,0,0.0,1,mobile
1798.0,26,0,0.0,1,desktop
1799.0,35,0,0.0,1,desktop
1800.0,122,0,0.0,1,mobile
1801.0,29,0,0.0,1,mobile
1802.0,95,3,268.84000000000003,1,mobile
1803.0,129,1,1.83,1,desktop
1804.0,120,1,338.55,1,desktop
1805.0,108,1,66.64,1,mobile
1806.0,98,0,0.0,1,mobile
1807.0,19,0,0.0,1,desktop
1808.0,91,0,0.0,1,mobile
1809.0,21,0,0.0,1,mobile
1810.0,140,0,0.0,1,mobile
1811.0,131,1,739.31,1,mobile
1812.0,70,0,0.0,1,tablet
1813.0,57,0,0.0,1,mobile
1814.0,45,0,0.0,1,mobile
1815.0,66,0,0.0,1,mobile
1816.0,104,0,0.0,1,mobile
1817.0,8,0,0.0,1,mobile
1818.0,111,0,0.0,1,mobile
1819.0,90,1,48.29,1,mobile
1820.0,10,0,0.0,1,desktop
1821.0,24,1,21.66,1,mobile
1822.0,129,0,0.0,1,desktop
1823.0,115,1,69.78,1,mobile
1824.0,97,0,0.0,1,desktop
1825.0,21,0,0.0,1,desktop
1826.0,50,0,0.0,1,desktop
1827.0,34,0,0.0,1,desktop
1828.0,41,0,0.0,1,mobile
1829.0,71,0,0.0,1,tablet
1830.0,16,0,0.0,1,mobile
1831.0,42,0,0.0,1,mobile
1832.0,110,1,75.04,1,mobile
1833.0,80,1,341.92,1,mobile
1834.0,108,1,246.14,1,tablet
1835.0,62,0,0.0,1,desktop
1836.0,57,0,0.0,1,desktop
1837.0,52,0,0.0,1,mobile
1838.0,120,0,0.0,1,mobile
1839.0,107,0,0.0,1,mobile
1840.0,76,0,0.0,1,mobile
1841.0,32,0,0.0,1,mobile
1842.0,126,1,53.27,1,tablet
1843.0,24,1,269.04,1,desktop
1844.0,18,0,0.0,1,desktop
1845.0,49,1,91.89,1,desktop
1846.0,52,0,0.0,1,tablet
1847.0,72,0,0.0,1,desktop
1848.0,56,0,0.0,1,mobile
1849.0,71,0,0.0,1,desktop
1850.0,127,0,0.0,1,mobile
1851.0,30,0,0.0,1,mobile
1852.0,90,0,0.0,1,desktop
1853.0,31,0,0.0,1,desktop
1854.0,70,1,67.1,1,mobile
1855.0,126,0,0.0,1,desktop
1856.0,131,1,112.16,1,desktop
1857.0,30,0,0.0,1,desktop
1858.0,77,0,0.0,1,mobile
1859.0,138,2,282.32,1,mobile
1860.0,119,0,0.0,1,mobile
1861.0,124,0,0.0,1,mobile
1862.0,122,0,0.0,1,mobile
1863.0,125,1,362.86,1,mobile
1864.0,136,0,0.0,1,mobile
1865.0,125,0,0.0,1,mobile
1866.0,53,0,0.0,1,mobile
1867.0,67,1,107.64,1,desktop
1868.0,119,1,812.43,1,desktop
1869.0,105,0,0.0,1,desktop
1870.0,122,0,0.0,1,desktop
1871.0,131,0,0.0,1,mobile
1872.0,76,2,1110.1200000000001,1,desktop
1873.0,39,0,0.0,1,mobile
1874.0,81,0,0.0,1,mobile
1875.0,40,0,0.0,1,desktop
1876.0,57,0,0.0,1,mobile
1877.0,54,0,0.0,1,mobile
1878.0,108,1,67.45,1,mobile
1879.0,126,0,0.0,1,mobile
1880.0,116,0,0.0,1,desktop
1881.0,16,0,0.0,1,mobile
1882.0,45,0,0.0,1,mobile
1883.0,11,0,0.0,1,desktop
1884.0,65,0,0.0,1,mobile
1885.0,22,0,0.0,1,mobile
1886.0,2,0,0.0,1,mobile
1887.0,69,0,0.0,1,desktop
1888.0,5,0,0.0,1,desktop
1889.0,25,0,0.0,1,desktop
1890.0,40,0,0.0,1,mobile
1891.0,46,0,0.0,1,mobile
1892.0,132,0,0.0,1,mobile
1893.0,69,0,0.0,1,mobile
1894.0,45,0,0.0,1,mobile
1895.0,110,1,2105.41,1,mobile
1896.0,113,1,1593.61,1,mobile
1897.0,24,0,0.0,1,mobile
1898.0,86,1,1480.37,1,mobile
1899.0,123,0,0.0,1,mobile
1900.0,108,0,0.0,1,mobile
1901.0,119,0,0.0,1,mobile
1902.0,121,0,0.0,1,mobile
1903.0,135,0,0.0,1,tablet
1904.0,117,0,0.0,1,mobile
1905.0,130,0,0.0,1,mobile
1906.0,180,1,61.85,2,mobile
1907.0,14,0,0.0,1,mobile
1908.0,106,0,0.0,1,desktop
1909.0,112,0,0.0,1,mobile
1910.0,76,1,1240.94,1,desktop
1911.0,50,0,0.0,1,desktop
1912.0,98,0,0.0,1,mobile
1913.0,21,0,0.0,1,mobile
1914.0,102,2,113.28999999999999,1,mobile
1915.0,16,0,0.0,1,desktop
1916.0,63,0,0.0,1,mobile
1917.0,51,0,0.0,1,desktop
1918.0,9,0,0.0,1,desktop
1919.0,59,0,0.0,1,mobile
1920.0,38,2,105.75999999999999,1,mobile
1921.0,134,0,0.0,1,desktop
1922.0,24,0,0.0,1,mobile
1923.0,92,1,11.19,1,mobile
1924.0,133,1,803.82,1,mobile
1925.0,14,0,0.0,1,mobile
1926.0,67,0,0.0,1,desktop
1927.0,38,0,0.0,1,mobile
1928.0,115,0,0.0,1,mobile
1929.0,136,0,0.0,1,mobile
1930.0,149,0,0.0,1,desktop
1931.0,58,1,12.28,1,desktop
1932.0,62,0,0.0,1,mobile
1933.0,27,0,0.0,1,mobile
1934.0,95,0,0.0,1,mobile
1935.0,137,1,246.82,1,mobile
1936.0,106,2,16172.630000000001,1,mobile
1937.0,101,0,0.0,1,desktop
1938.0,9,1,329.78,1,desktop
1939.0,36,0,0.0,1,desktop
1940.0,65,1,43.8,1,mobile
1941.0,23,0,0.0,1,mobile
1942.0,115,0,0.0,1,desktop
1943.0,66,0,0.0,1,mobile
1944.0,61,2,16.080000000000002,1,desktop
1945.0,114,0,0.0,1,desktop
1946.0,118,0,0.0,1,mobile
1947.0,129,2,220.97,1,desktop
1948.0,63,1,190.54,1,mobile
1949.0,65,2,884.13,1,mobile
1950.0,138,0,0.0,1,mobile
1951.0,53,0,0.0,1,desktop
1952.0,39,0,0.0,1,mobile
1953.0,130,1,6.19,1,mobile
1954.0,127,0,0.0,1,mobile
1955.0,132,0,0.0,1,mobile
1956.0,43,0,0.0,1,mobile
1957.0,68,0,0.0,1,mobile
1958.0,97,0,0.0,1,tablet
1959.0,134,2,126.05,1,mobile
1960.0,139,1,250.67,1,mobile
1961.0,119,0,0.0,1,mobile
1962.0,114,0,0.0,1,mobile
1963.0,168,3,559.1800000000001,2,desktop
1964.0,121,1,36.19,1,desktop
1965.0,132,0,0.0,1,mobile
1966.0,109,1,110.69,1,mobile
1967.0,111,1,14.68,1,mobile
1968.0,106,0,0.0,1,desktop
1969.0,108,0,0.0,1,mobile
1970.0,122,0,0.0,1,mobile
1971.0,123,0,0.0,1,mobile
1972.0,69,0,0.0,1,mobile
1973.0,56,0,0.0,1,tablet
1974.0,102,0,0.0,1,desktop
1975.0,13,0,0.0,1,mobile
1976.0,133,0,0.0,1,mobile
1977.0,102,0,0.0,1,desktop
1978.0,228,5,5179.37,2,desktop
1979.0,121,3,1347.4499999999998,1,mobile
1980.0,131,2,1363.02,1,desktop
1981.0,48,0,0.0,1,mobile
1982.0,47,1,139.09,1,mobile
1983.0,25,0,0.0,1,desktop
1984.0,106,0,0.0,1,desktop
1985.0,38,0,0.0,1,mobile
1986.0,43,0,0.0,1,desktop
1987.0,36,0,0.0,1,desktop
1988.0,125,1,3.29,1,mobile
1989.0,117,0,0.0,2,mobile
1990.0,137,0,0.0,1,mobile
1991.0,106,2,821.78,1,mobile
1992.0,113,1,490.34,1,mobile
1993.0,64,0,0.0,1,mobile
1994.0,31,0,0.0,1,mobile
1995.0,26,0,0.0,1,mobile
1996.0,127,0,0.0,1,mobile
1997.0,41,0,0.0,1,mobile
1998.0,19,0,0.0,1,mobile
1999.0,85,1,244.41,2,mobile
2000.0,78,1,35.69,1,mobile
2001.0,51,0,0.0,1,mobile
2002.0,45,0,0.0,1,mobile
2003.0,70,1,58.95,1,mobile
2004.0,5,0,0.0,1,mobile
2005.0,89,2,811.93,1,mobile
2006.0,33,2,379.44000000000005,1,desktop
2007.0,121,1,419.36,1,mobile
2008.0,60,2,366.96,1,mobile
2009.0,71,0,0.0,1,desktop
2010.0,98,0,0.0,1,mobile
2011.0,19,0,0.0,1,desktop
2012.0,125,0,0.0,1,mobile
2013.0,97,0,0.0,1,mobile
2014.0,33,0,0.0,1,desktop
2015.0,41,1,656.23,1,desktop
2016.0,42,1,766.59,1,desktop
2017.0,37,0,0.0,1,desktop
2018.0,12,0,0.0,1,desktop
2019.0,31,1,35.05,1,mobile
2020.0,82,0,0.0,1,mobile
2021.0,114,1,126.65,1,mobile
2022.0,127,1,77.18,1,desktop
2023.0,117,1,363.6,1,mobile
2024.0,84,2,7.720000000000001,1,mobile
2025.0,146,0,0.0,2,desktop
2026.0,116,0,0.0,1,desktop
2027.0,109,1,54.68,1,mobile
2028.0,24,0,0.0,1,desktop
2029.0,139,1,1998.11,1,mobile
2030.0,66,0,0.0,1,mobile
2031.0,3,0,0.0,1,mobile
2032.0,48,1,273.72,1,desktop
2033.0,58,1,25.44,1,mobile
2034.0,57,0,0.0,1,desktop
2035.0,119,1,1028.5,1,mobile
2036.0,119,1,38.45,1,desktop
2037.0,81,0,0.0,1,mobile
2038.0,28,0,0.0,1,mobile
2039.0,104,0,0.0,1,desktop
2040.0,109,0,0.0,1,desktop
2041.0,128,1,699.91,2,mobile
2042.0,24,0,0.0,1,mobile
2043.0,36,0,0.0,1,mobile
2044.0,72,1,35.73,1,desktop
2045.0,38,0,0.0,1,desktop
2046.0,32,0,0.0,1,mobile
2047.0,68,0,0.0,1,mobile
2048.0,112,1,9.6,1,mobile
2049.0,50,0,0.0,1,mobile
2050.0,62,0,0.0,1,mobile
2052.0,68,1,214.92,1,mobile
2053.0,38,1,157.95,1,desktop
2054.0,35,0,0.0,1,mobile
2055.0,70,0,0.0,1,mobile
2056.0,70,1,35.03,1,desktop
2057.0,17,0,0.0,1,desktop
2058.0,37,1,433.15,1,desktop
2059.0,64,1,34.74,1,mobile
2060.0,72,2,346.08,1,mobile
2061.0,125,0,0.0,1,mobile
2062.0,114,1,1026.24,1,desktop
2063.0,54,0,0.0,1,mobile
2064.0,45,0,0.0,1,mobile
2065.0,58,0,0.0,1,desktop
2066.0,68,0,0.0,1,mobile
2067.0,29,0,0.0,1,desktop
2068.0,110,0,0.0,1,desktop
2069.0,115,1,748.75,1,mobile
2070.0,37,0,0.0,1,mobile
2071.0,85,0,0.0,1,mobile
2072.0,67,0,0.0,1,mobile
2073.0,44,0,0.0,1,mobile
2074.0,121,0,0.0,1,desktop
2075.0,124,0,0.0,1,desktop
2076.0,21,0,0.0,1,mobile
2077.0,30,0,0.0,1,desktop
2078.0,34,1,27.9,1,mobile
2079.0,16,0,0.0,1,desktop
2080.0,121,0,0.0,1,mobile
2081.0,111,0,0.0,1,mobile
2082.0,154,1,1724.44,1,tablet
2083.0,107,1,13.56,1,mobile
2084.0,70,1,6.4,1,mobile
2085.0,63,1,72.12,1,desktop
2086.0,80,1,40.42,1,desktop
2087.0,21,0,0.0,1,mobile
2088.0,26,0,0.0,1,mobile
2089.0,36,0,0.0,1,desktop
2090.0,73,1,25.8,1,mobile
2091.0,78,2,1255.4,1,desktop
2092.0,50,0,0.0,1,mobile
2093.0,44,0,0.0,1,mobile
2094.0,61,0,0.0,1,desktop
2095.0,127,2,551.53,1,mobile
2096.0,117,1,98.98,1,mobile
2097.0,141,0,0.0,1,mobile
2098.0,126,0,0.0,1,mobile
2099.0,131,1,131.63,1,mobile
2100.0,19,0,0.0,1,mobile
2101.0,81,1,76.16,1,mobile
2102.0,115,1,43.15,1,mobile
2103.0,112,1,7.62,1,desktop
2104.0,114,3,425.75,1,mobile
2105.0,25,0,0.0,1,mobile
2106.0,46,0,0.0,1,desktop
2107.0,30,1,44.46,1,mobile
2108.0,17,0,0.0,1,desktop
2109.0,116,1,161.63,1,mobile
2110.0,49,0,0.0,1,mobile
2111.0,65,0,0.0,1,desktop
2112.0,126,1,135.61,1,mobile
2113.0,125,1,59.9,1,mobile
2114.0,120,2,101.83,1,mobile
2115.0,100,2,1455.19,1,desktop
2116.0,99,1,119.93,1,mobile
2117.0,90,0,0.0,1,mobile
2118.0,34,1,4449.63,1,mobile
2119.0,130,0,0.0,1,desktop
2120.0,114,1,242.78,1,desktop
2121.0,103,0,0.0,1,mobile
2122.0,32,0,0.0,1,mobile
2123.0,73,0,0.0,1,mobile
2124.0,106,0,0.0,1,desktop
2125.0,130,0,0.0,1,mobile
2126.0,64,0,0.0,1,mobile
2127.0,55,0,0.0,1,mobile
2128.0,128,1,216.96,1,desktop
2129.0,135,1,98.81,1,mobile
2130.0,103,1,685.09,1,desktop
2131.0,78,2,1586.16,1,mobile
2132.0,26,1,390.96,1,mobile
2133.0,26,0,0.0,1,mobile
2134.0,37,1,19.06,1,tablet
2135.0,71,2,102.36,1,desktop
2136.0,106,0,0.0,1,mobile
2137.0,134,0,0.0,1,desktop
2138.0,111,0,0.0,1,mobile
2139.0,117,0,0.0,1,desktop
2140.0,91,0,0.0,1,desktop
2141.0,14,0,0.0,1,desktop
2142.0,24,0,0.0,1,mobile
2143.0,119,0,0.0,1,desktop
2144.0,102,1,26.12,1,mobile
2145.0,131,1,19.0,1,desktop
2146.0,70,0,0.0,1,mobile
2147.0,50,1,55.55,1,tablet
2148.0,129,0,0.0,1,mobile
2149.0,128,3,124.69999999999999,1,desktop
2150.0,114,1,31.6,1,mobile
2151.0,123,0,0.0,2,mobile
2152.0,114,0,0.0,1,desktop
2153.0,22,0,0.0,1,mobile
2154.0,66,0,0.0,1,desktop
2155.0,23,0,0.0,1,desktop
2156.0,42,0,0.0,1,desktop
2157.0,73,0,0.0,1,desktop
2158.0,82,0,0.0,1,mobile
2159.0,40,0,0.0,1,mobile
2160.0,128,1,23.97,1,tablet
2161.0,129,1,93.05,1,mobile
2162.0,25,0,0.0,1,desktop
2163.0,101,1,51.52,1,mobile
2164.0,266,3,149.51,2,desktop
2165.0,48,1,2.66,1,desktop
2166.0,77,0,0.0,1,mobile
2167.0,112,0,0.0,1,mobile
2168.0,123,1,92.2,1,desktop
2169.0,130,0,0.0,1,mobile
2170.0,71,0,0.0,1,desktop
2171.0,65,0,0.0,1,mobile
2172.0,71,0,0.0,1,desktop
2173.0,22,0,0.0,1,desktop
2174.0,40,0,0.0,1,mobile
2175.0,116,0,0.0,1,desktop
2176.0,119,0,0.0,1,mobile
2177.0,61,0,0.0,1,tablet
2178.0,50,0,0.0,1,mobile
2179.0,122,1,432.88,1,desktop
2181.0,110,1,11.06,1,desktop
2182.0,58,0,0.0,1,desktop
2183.0,17,1,148.37,1,mobile
2184.0,41,1,79.87,1,desktop
2185.0,49,0,0.0,1,mobile
2186.0,78,0,0.0,1,desktop
2187.0,135,0,0.0,2,tablet
2188.0,123,0,0.0,1,mobile
2189.0,128,0,0.0,1,mobile
2190.0,62,0,0.0,1,desktop
2191.0,57,0,0.0,1,desktop
2192.0,133,0,0.0,1,mobile
2193.0,23,0,0.0,1,desktop
2194.0,60,0,0.0,1,mobile
2195.0,31,0,0.0,1,desktop
2196.0,71,0,0.0,1,tablet
2197.0,42,1,934.44,1,tablet
2198.0,90,0,0.0,1,mobile
2199.0,37,0,0.0,1,desktop
2200.0,125,2,1176.18,1,desktop
2201.0,130,1,711.21,1,mobile
2202.0,40,0,0.0,1,desktop
2203.0,40,0,0.0,1,mobile
2204.0,47,0,0.0,1,desktop
2205.0,117,0,0.0,1,desktop
2206.0,49,0,0.0,1,mobile
2208.0,29,0,0.0,1,mobile
2209.0,50,0,0.0,1,mobile
2210.0,129,1,125.83,1,mobile
2211.0,97,2,181.94,1,mobile
2212.0,26,0,0.0,1,mobile
2213.0,116,0,0.0,1,mobile
2214.0,115,2,518.13,1,mobile
2215.0,101,4,392.17,1,mobile
2216.0,55,1,20.34,1,desktop
2217.0,52,0,0.0,1,mobile
2218.0,8,2,13.73,1,mobile
2219.0,128,0,0.0,1,desktop
2220.0,34,0,0.0,1,desktop
2221.0,73,0,0.0,1,desktop
2222.0,113,0,0.0,1,mobile
2223.0,1,0,0.0,1,mobile
2224.0,86,1,103.35,1,mobile
2225.0,31,1,248.83,1,mobile
2226.0,114,1,127.47,1,mobile
2227.0,130,0,0.0,1,desktop
2228.0,119,0,0.0,1,desktop
2229.0,15,0,0.0,1,mobile
2230.0,50,0,0.0,1,desktop
2231.0,53,0,0.0,1,mobile
2232.0,15,0,0.0,1,desktop
2233.0,71,2,853.23,1,desktop
2234.0,50,0,0.0,1,desktop
2235.0,43,0,0.0,1,mobile
2236.0,72,0,0.0,1,mobile
2237.0,142,0,0.0,1,desktop
2238.0,56,0,0.0,1,mobile
2239.0,26,0,0.0,1,desktop
2240.0,23,0,0.0,1,mobile
2241.0,102,0,0.0,1,mobile
2242.0,120,0,0.0,1,desktop
2243.0,132,1,101.46,1,desktop
2244.0,51,0,0.0,1,mobile
2245.0,53,0,0.0,1,desktop
2246.0,131,2,584.5,1,mobile
2247.0,135,3,4564.030000000001,1,mobile
2248.0,71,0,0.0,1,desktop
2249.0,61,1,215.26,1,desktop
2250.0,75,0,0.0,1,mobile
2251.0,60,1,188.99,1,desktop
2252.0,125,0,0.0,1,mobile
2253.0,112,1,9.36,1,mobile
2254.0,50,0,0.0,1,mobile
2255.0,82,0,0.0,1,mobile
2256.0,126,0,0.0,1,mobile
2257.0,133,0,0.0,1,desktop
2258.0,30,0,0.0,1,mobile
2259.0,42,1,480.73,1,mobile
2260.0,21,0,0.0,1,mobile
2261.0,45,0,0.0,1,mobile
2262.0,45,0,0.0,1,mobile
2263.0,85,0,0.0,1,mobile
2264.0,131,0,0.0,1,mobile
2265.0,117,0,0.0,1,desktop
2266.0,64,0,0.0,1,mobile
2267.0,53,0,0.0,1,mobile
2268.0,101,0,0.0,1,mobile
2269.0,88,1,17.85,1,desktop
2270.0,45,1,12.73,1,desktop
2271.0,31,0,0.0,1,mobile
2272.0,86,1,51.79,1,tablet
2273.0,128,0,0.0,1,mobile
2274.0,125,1,595.05,1,mobile
2275.0,114,0,0.0,1,desktop
2276.0,94,0,0.0,1,desktop
2277.0,32,0,0.0,1,mobile
2278.0,68,0,0.0,1,mobile
2279.0,39,0,0.0,1,mobile
2280.0,90,5,855.8,1,mobile
2281.0,54,1,803.77,1,mobile
2282.0,113,1,36.53,1,mobile
2283.0,130,0,0.0,1,mobile
2284.0,86,0,0.0,1,desktop
2285.0,30,0,0.0,1,mobile
2286.0,133,1,6.23,1,mobile
2287.0,20,0,0.0,1,mobile
2288.0,30,0,0.0,1,mobile
2289.0,67,0,0.0,1,mobile
2290.0,117,2,1358.91,1,mobile
2291.0,122,0,0.0,1,desktop
2292.0,33,0,0.0,1,desktop
2293.0,89,0,0.0,1,mobile
2294.0,24,0,0.0,1,mobile
2295.0,95,3,100.33999999999999,1,mobile
2296.0,125,0,0.0,1,mobile
2297.0,117,0,0.0,1,mobile
2298.0,87,0,0.0,1,desktop
2299.0,30,0,0.0,1,desktop
2300.0,127,0,0.0,1,mobile
2301.0,139,0,0.0,1,mobile
2302.0,89,1,6.56,1,tablet
2303.0,33,1,27.59,1,mobile
2304.0,122,0,0.0,1,mobile
2305.0,71,0,0.0,1,mobile
2306.0,62,0,0.0,1,desktop
2307.0,110,0,0.0,1,desktop
2308.0,82,0,0.0,1,desktop
2309.0,48,0,0.0,1,mobile
2310.0,134,0,0.0,1,desktop
2311.0,118,1,45.25,1,mobile
2312.0,117,1,109.71,1,mobile
2313.0,101,1,196.73,1,mobile
2314.0,43,0,0.0,1,mobile
2315.0,83,1,47.74,1,tablet
2316.0,106,0,0.0,1,mobile
2317.0,135,2,525.98,1,mobile
2318.0,57,0,0.0,1,mobile
2319.0,9,0,0.0,1,mobile
2320.0,49,0,0.0,1,mobile
2321.0,57,0,0.0,2,mobile
2322.0,126,1,1067.04,1,desktop
2323.0,112,2,146.31,1,mobile
2324.0,129,1,2267.31,1,mobile
2325.0,39,1,378.53,1,mobile
2326.0,97,1,23.99,1,mobile
2327.0,165,3,256.15999999999997,2,tablet
2328.0,112,1,169.61,1,mobile
2329.0,87,0,0.0,1,desktop
2330.0,33,0,0.0,1,desktop
2331.0,109,1,10.92,1,mobile
2332.0,66,1,845.97,1,mobile
2333.0,49,0,0.0,1,desktop
2334.0,107,4,3359.7799999999997,1,mobile
2335.0,114,2,124.15,1,mobile
2336.0,126,1,10408.06,1,mobile
2337.0,112,0,0.0,1,mobile
2338.0,138,0,0.0,1,mobile
2339.0,131,1,22.52,1,desktop
2340.0,123,0,0.0,1,desktop
2341.0,53,0,0.0,1,mobile
2342.0,10,0,0.0,1,mobile
2343.0,59,0,0.0,1,mobile
2344.0,61,1,158.91,1,mobile
2345.0,35,0,0.0,2,desktop
2346.0,33,0,0.0,1,mobile
2347.0,117,0,0.0,1,mobile
2348.0,122,1,4.04,1,mobile
2349.0,45,0,0.0,2,mobile
2350.0,93,1,149.59,1,desktop
2351.0,14,0,0.0,1,mobile
2352.0,118,0,0.0,1,desktop
2353.0,109,0,0.0,1,mobile
2354.0,67,0,0.0,1,mobile
2355.0,43,0,0.0,1,mobile
2356.0,139,1,25.88,1,desktop
2357.0,115,0,0.0,1,desktop
2358.0,53,1,1187.81,1,tablet
2359.0,54,0,0.0,1,mobile
2360.0,110,2,737.75,1,desktop
2361.0,45,0,0.0,1,mobile
2362.0,66,1,371.69,1,mobile
2363.0,44,0,0.0,1,desktop
2364.0,30,0,0.0,1,mobile
2365.0,53,1,50.61,1,mobile
2366.0,128,0,0.0,1,desktop
2367.0,79,0,0.0,1,desktop
2368.0,29,0,0.0,1,mobile
2369.0,118,1,99.79,1,mobile
2370.0,20,0,0.0,1,tablet
2371.0,74,0,0.0,1,mobile
2372.0,27,0,0.0,1,desktop
2373.0,125,0,0.0,1,mobile
2374.0,106,0,0.0,1,desktop
2375.0,30,0,0.0,1,desktop
2376.0,81,0,0.0,1,mobile
2377.0,22,0,0.0,1,mobile
2378.0,60,1,45.58,1,tablet
2379.0,37,0,0.0,1,desktop
2380.0,68,1,16.05,1,mobile
2381.0,61,0,0.0,1,mobile
2382.0,87,0,0.0,1,mobile
2383.0,32,0,0.0,1,desktop
2384.0,36,0,0.0,1,mobile
2385.0,79,1,110.39,1,mobile
2386.0,6,0,0.0,1,mobile
2387.0,114,1,367.6,1,tablet
2388.0,66,0,0.0,1,mobile
2389.0,49,0,0.0,1,mobile
2390.0,120,0,0.0,1,mobile
2391.0,104,0,0.0,1,mobile
2392.0,126,1,83.26,1,mobile
2393.0,49,0,0.0,1,mobile
2394.0,56,1,147.67,1,mobile
2395.0,9,0,0.0,1,desktop
2396.0,140,1,768.7,1,mobile
2397.0,131,0,0.0,1,desktop
2398.0,112,0,0.0,1,mobile
2399.0,130,0,0.0,1,mobile
2400.0,105,1,143.52,1,mobile
2401.0,109,1,36.73,1,mobile
2402.0,73,0,0.0,1,mobile
2403.0,45,0,0.0,1,mobile
2404.0,50,0,0.0,1,tablet
2405.0,76,0,0.0,1,mobile
2406.0,67,0,0.0,1,mobile
2407.0,59,1,126.79,1,mobile
2408.0,133,0,0.0,1,mobile
2409.0,61,0,0.0,1,desktop
2410.0,61,1,4.72,1,mobile
2411.0,128,1,107.67,1,mobile
2412.0,111,0,0.0,1,tablet
2413.0,117,1,20.67,1,mobile
2414.0,114,0,0.0,1,mobile
2415.0,116,0,0.0,1,mobile
2416.0,132,4,1594.84,1,mobile
2417.0,87,0,0.0,1,mobile
2418.0,29,1,381.21,1,desktop
2419.0,44,0,0.0,1,mobile
2420.0,84,0,0.0,1,mobile
2421.0,119,0,0.0,1,mobile
2422.0,115,2,264.83000000000004,1,desktop
2423.0,34,0,0.0,1,mobile
2424.0,95,1,288.39,1,mobile
2425.0,130,3,143.69,1,mobile
2426.0,112,1,19.53,1,desktop
2427.0,69,0,0.0,1,mobile
2428.0,67,0,0.0,1,mobile
2429.0,120,0,0.0,1,mobile
2430.0,100,0,0.0,1,mobile
2431.0,132,1,157.22,1,desktop
2432.0,115,4,306.36,1,mobile
2433.0,124,2,23.09,1,mobile
2434.0,24,0,0.0,1,desktop
2435.0,109,1,66.41,1,desktop
2436.0,117,0,0.0,1,mobile
2437.0,104,0,0.0,1,desktop
2438.0,60,1,37.25,1,mobile
2439.0,46,0,0.0,1,mobile
2440.0,124,3,1104.42,1,mobile
2441.0,33,1,173.88,1,desktop
2442.0,26,0,0.0,1,mobile
2443.0,49,2,627.78,1,desktop
2444.0,123,1,162.97,1,desktop
2445.0,119,0,0.0,1,desktop
2446.0,100,0,0.0,1,desktop
2447.0,15,0,0.0,1,mobile
2448.0,61,0,0.0,1,desktop
2449.0,26,0,0.0,1,mobile
2450.0,39,0,0.0,1,mobile
2451.0,67,0,0.0,1,mobile
2452.0,63,0,0.0,1,mobile
2453.0,86,0,0.0,1,desktop
2454.0,31,0,0.0,1,mobile
2455.0,59,3,89.77,1,mobile
2456.0,70,2,16.08,1,desktop
2457.0,109,2,258.32,1,mobile
2458.0,8,0,0.0,1,mobile
2459.0,104,0,0.0,1,desktop
2460.0,135,0,0.0,1,mobile
2461.0,200,1,389.36,2,mobile
2462.0,122,0,0.0,1,mobile
2463.0,118,3,991.89,1,tablet
2464.0,96,0,0.0,1,mobile
2465.0,116,0,0.0,1,mobile
2466.0,114,0,0.0,1,mobile
2467.0,72,0,0.0,1,mobile
2468.0,70,0,0.0,1,mobile
2469.0,126,0,0.0,1,desktop
2470.0,111,1,14.31,1,mobile
2471.0,93,0,0.0,1,desktop
2472.0,29,0,0.0,1,mobile
2473.0,124,4,220.96,1,desktop
2474.0,121,1,355.72,1,desktop
2475.0,27,1,73.84,1,desktop
2476.0,23,0,0.0,1,mobile
2477.0,77,0,0.0,2,mobile
2478.0,62,3,751.76,1,desktop
2479.0,50,0,0.0,1,mobile
2480.0,123,1,28.42,1,mobile
2481.0,121,0,0.0,1,mobile
2482.0,129,0,0.0,1,mobile
2483.0,107,0,0.0,1,mobile
2484.0,139,0,0.0,1,desktop
2485.0,119,1,99.2,1,mobile
2486.0,26,0,0.0,1,mobile
2487.0,39,1,4148.3,1,mobile
2488.0,64,0,0.0,1,mobile
2489.0,40,0,0.0,1,mobile
2490.0,82,0,0.0,1,mobile
2491.0,78,0,0.0,1,mobile
2492.0,40,0,0.0,1,mobile
2493.0,93,0,0.0,1,mobile
2494.0,41,0,0.0,1,mobile
2495.0,91,1,114.58,1,tablet
2496.0,35,2,40.56999999999999,1,mobile
2497.0,119,0,0.0,1,desktop
2498.0,64,0,0.0,1,mobile
2499.0,57,0,0.0,1,mobile
2500.0,76,0,0.0,1,desktop
2501.0,46,1,82.33,1,mobile
2502.0,35,0,0.0,1,mobile
2503.0,71,0,0.0,1,mobile
2504.0,128,1,193.56,1,desktop
2505.0,120,2,368.03999999999996,1,desktop
2506.0,129,2,98.5,1,desktop
2507.0,133,3,392.43,1,desktop
2508.0,109,0,0.0,1,desktop
2509.0,17,0,0.0,1,desktop
2510.0,33,0,0.0,1,mobile
2511.0,58,1,41.51,2,mobile
2512.0,67,1,53.77,1,mobile
2513.0,34,1,13.45,1,mobile
2514.0,99,0,0.0,1,desktop
2515.0,113,1,254.72,1,mobile
2516.0,124,2,344.28,1,mobile
2517.0,130,1,77.16,1,desktop
2518.0,112,1,1150.23,1,desktop
2519.0,127,2,90.08,1,mobile
2520.0,139,1,33.87,1,desktop
2521.0,126,1,45.13,1,mobile
2522.0,121,2,35.58,1,mobile
2523.0,116,0,0.0,1,mobile
2524.0,167,1,87.8,2,mobile
2525.0,56,0,0.0,1,mobile
2526.0,30,0,0.0,1,desktop
2527.0,40,0,0.0,1,mobile
2528.0,23,0,0.0,1,mobile
2529.0,29,0,0.0,1,desktop
2530.0,49,1,162.97,1,desktop
2531.0,65,0,0.0,1,mobile
2532.0,138,1,151.77,1,mobile
2533.0,123,1,354.53,1,mobile
2534.0,121,1,48.9,1,mobile
2535.0,51,1,537.45,1,mobile
2536.0,70,0,0.0,1,mobile
2537.0,85,1,2.73,1,mobile
2538.0,38,0,0.0,1,mobile
2539.0,24,0,0.0,1,mobile
2540.0,115,0,0.0,1,tablet
2541.0,121,1,198.46,1,desktop
2542.0,38,0,0.0,1,mobile
2543.0,75,0,0.0,1,mobile
2544.0,12,0,0.0,1,mobile
2545.0,3,0,0.0,1,desktop
2546.0,58,0,0.0,1,mobile
2547.0,55,0,0.0,1,mobile
2548.0,119,0,0.0,1,mobile
2549.0,108,0,0.0,1,desktop
2550.0,122,0,0.0,1,mobile
2551.0,124,0,0.0,1,mobile
2552.0,117,0,0.0,1,desktop
2553.0,57,0,0.0,1,mobile
2554.0,50,0,0.0,1,mobile
2555.0,117,0,0.0,1,mobile
2556.0,63,0,0.0,1,desktop
2557.0,66,1,29.17,1,mobile
2558.0,126,3,349.0,1,mobile
2559.0,39,0,0.0,1,mobile
2560.0,46,1,93.9,1,mobile
2561.0,108,1,160.76,1,mobile
2562.0,51,1,177.41,1,mobile
2563.0,60,0,0.0,1,mobile
2564.0,1,0,0.0,1,desktop
2565.0,125,0,0.0,1,desktop
2566.0,106,0,0.0,1,mobile
2567.0,20,0,0.0,1,mobile
2568.0,38,0,0.0,1,desktop
2569.0,63,0,0.0,1,desktop
2570.0,126,3,297.3,1,mobile
2571.0,26,0,0.0,1,desktop
2572.0,93,0,0.0,1,mobile
2573.0,112,0,0.0,1,mobile
2574.0,122,0,0.0,1,mobile
2575.0,106,0,0.0,1,desktop
2576.0,8,0,0.0,1,mobile
2577.0,113,1,100.05,1,mobile
2578.0,89,0,0.0,1,desktop
2579.0,55,1,36.8,1,desktop
2580.0,133,0,0.0,1,desktop
2581.0,42,0,0.0,1,mobile
2582.0,85,0,0.0,1,desktop
2583.0,51,0,0.0,1,mobile
2584.0,128,0,0.0,1,desktop
2585.0,115,0,0.0,2,mobile
2586.0,81,1,130.28,1,mobile
2587.0,54,0,0.0,1,mobile
2588.0,38,0,0.0,1,desktop
2589.0,74,0,0.0,1,mobile
2590.0,37,0,0.0,1,mobile
2591.0,77,0,0.0,1,mobile
2592.0,6,0,0.0,1,mobile
2594.0,141,0,0.0,1,mobile
2595.0,128,0,0.0,1,desktop
2596.0,27,0,0.0,1,mobile
2597.0,40,0,0.0,1,mobile
2598.0,45,0,0.0,1,desktop
2599.0,46,0,0.0,1,mobile
2600.0,16,0,0.0,1,desktop
2601.0,47,0,0.0,1,mobile
2602.0,122,0,0.0,1,tablet
2603.0,62,1,18.94,1,mobile
2604.0,64,0,0.0,1,mobile
2605.0,136,1,68.09,1,mobile
2606.0,27,1,83.86,1,mobile
2607.0,74,1,264.16,1,mobile
2608.0,117,0,0.0,1,desktop
2609.0,126,2,522.12,1,desktop
2610.0,145,1,1.51,1,tablet
2611.0,115,1,313.21,1,tablet
2612.0,117,0,0.0,1,mobile
2613.0,123,1,195.93,1,mobile
2614.0,23,0,0.0,1,mobile
2615.0,37,1,40.36,1,desktop
2616.0,44,1,49.91,1,mobile
2617.0,110,2,39.43,1,mobile
2618.0,29,1,632.88,1,tablet
2619.0,79,0,0.0,1,mobile
2620.0,133,0,0.0,1,desktop
2621.0,12,0,0.0,1,mobile
2622.0,29,1,2586.84,1,mobile
2623.0,70,2,3459.44,1,mobile
2624.0,14,1,13405.34,1,desktop
2625.0,120,1,117.93,1,desktop
2626.0,129,1,49.31,1,desktop
2627.0,64,0,0.0,1,mobile
2628.0,64,0,0.0,1,mobile
2629.0,115,3,348.22,1,tablet
2630.0,145,0,0.0,1,tablet
2631.0,113,0,0.0,1,mobile
2632.0,92,1,27.97,1,desktop
2633.0,101,0,0.0,1,mobile
2634.0,48,0,0.0,1,tablet
2635.0,63,0,0.0,1,mobile
2636.0,110,2,409.84,1,mobile
2637.0,126,1,110.26,1,mobile
2638.0,118,0,0.0,1,mobile
2639.0,123,1,434.46,1,mobile
2640.0,103,0,0.0,1,mobile
2641.0,109,2,190.04000000000002,1,desktop
2642.0,125,2,51.269999999999996,1,mobile
2643.0,46,0,0.0,1,desktop
2644.0,4,0,0.0,1,mobile
2645.0,26,0,0.0,1,mobile
2646.0,30,1,131.49,1,mobile
2647.0,125,1,577.06,1,desktop
2648.0,114,2,324.35999999999996,1,desktop
2649.0,116,0,0.0,1,mobile
2650.0,101,0,0.0,1,mobile
2651.0,111,0,0.0,1,mobile
2652.0,93,1,52.17,1,mobile
2653.0,46,0,0.0,1,mobile
2654.0,64,0,0.0,1,mobile
2655.0,54,1,365.17,1,tablet
2656.0,116,0,0.0,1,mobile
2657.0,110,0,0.0,1,mobile
2658.0,57,0,0.0,1,mobile
2659.0,60,0,0.0,1,mobile
2660.0,136,2,306.51,1,mobile
2661.0,31,1,247.56,1,desktop
2662.0,52,1,2174.7,1,desktop
2663.0,30,2,796.08,1,desktop
2664.0,129,0,0.0,1,mobile
2665.0,110,0,0.0,1,mobile
2666.0,144,0,0.0,1,desktop
2667.0,54,0,0.0,1,mobile
2668.0,67,1,159.85,1,mobile
2669.0,33,0,0.0,1,mobile
2670.0,92,1,58.73,1,mobile
2671.0,43,0,0.0,1,mobile
2672.0,187,0,0.0,2,desktop
2673.0,97,0,0.0,1,mobile
2674.0,82,2,9.81,1,mobile
2675.0,37,0,0.0,1,mobile
2676.0,31,0,0.0,1,tablet
2677.0,35,0,0.0,1,mobile
2678.0,63,0,0.0,1,desktop
2679.0,117,0,0.0,1,mobile
2680.0,148,2,293.58000000000004,1,mobile
2681.0,120,0,0.0,1,mobile
2682.0,52,0,0.0,1,desktop
2683.0,63,0,0.0,1,mobile
2684.0,111,1,23.09,1,mobile
2685.0,114,0,0.0,1,mobile
2686.0,120,1,80.43,1,mobile
2687.0,81,0,0.0,1,mobile
2688.0,48,0,0.0,1,mobile
2689.0,125,0,0.0,1,mobile
2690.0,116,0,0.0,1,mobile
2691.0,88,0,0.0,1,desktop
2692.0,45,1,34.29,1,desktop
2693.0,124,3,93.16,1,mobile
2694.0,100,0,0.0,1,desktop
2695.0,60,0,0.0,1,mobile
2696.0,59,1,123.55,1,mobile
2697.0,62,0,0.0,1,mobile
2698.0,75,0,0.0,1,mobile
2699.0,95,1,71.53,1,desktop
2700.0,30,0,0.0,1,mobile
2701.0,109,0,0.0,1,mobile
2702.0,104,1,23.23,1,desktop
2703.0,112,1,16.49,1,mobile
2704.0,121,0,0.0,1,desktop
2705.0,42,0,0.0,1,mobile
2706.0,72,0,0.0,1,mobile
2707.0,5,0,0.0,1,mobile
2708.0,76,0,0.0,1,tablet
2709.0,37,0,0.0,1,desktop
2710.0,118,2,1069.44,1,mobile
2711.0,43,1,49.74,1,mobile
2712.0,73,1,21.53,1,mobile
2713.0,130,0,0.0,1,mobile
2714.0,131,1,259.72,1,mobile
2715.0,83,0,0.0,1,mobile
2716.0,48,0,0.0,1,mobile
2717.0,27,0,0.0,1,desktop
2718.0,87,0,0.0,1,desktop
2719.0,64,0,0.0,1,mobile
2720.0,58,0,0.0,1,mobile
2721.0,42,2,969.8199999999999,1,mobile
2722.0,10,0,0.0,1,desktop
2723.0,60,0,0.0,1,mobile
2724.0,20,0,0.0,1,mobile
2725.0,124,2,350.68,1,mobile
2726.0,54,0,0.0,1,mobile
2727.0,57,0,0.0,1,mobile
2728.0,67,1,60.81,1,mobile
2729.0,54,0,0.0,1,mobile
2730.0,117,0,0.0,1,mobile
2731.0,114,1,683.56,1,mobile
2732.0,3,0,0.0,1,mobile
2733.0,94,1,150.59,1,desktop
2734.0,8,0,0.0,1,desktop
2735.0,35,0,0.0,2,tablet
2736.0,50,0,0.0,1,mobile
2737.0,51,1,17.66,1,mobile
2738.0,121,0,0.0,1,mobile
2739.0,102,1,33.37,1,mobile
2740.0,117,0,0.0,1,tablet
2741.0,107,1,195.86,1,mobile
2742.0,59,0,0.0,1,mobile
2743.0,73,0,0.0,1,desktop
2744.0,133,1,21.28,1,desktop
2745.0,110,1,11.04,1,mobile
2746.0,111,1,239.56,1,mobile
2747.0,47,0,0.0,1,mobile
2748.0,81,0,0.0,1,mobile
2749.0,50,0,0.0,1,mobile
2750.0,69,0,0.0,1,mobile
2751.0,46,0,0.0,1,tablet
2752.0,69,0,0.0,1,mobile
2753.0,118,0,0.0,1,mobile
2754.0,123,1,103.23,1,mobile
2755.0,127,1,125.5,1,desktop
2756.0,74,0,0.0,1,desktop
2757.0,66,1,867.85,1,mobile
2758.0,78,0,0.0,1,mobile
2759.0,42,1,222.02,1,mobile
2760.0,113,0,0.0,1,mobile
2761.0,127,1,22.24,1,tablet
2762.0,73,1,147.12,2,mobile
2763.0,79,0,0.0,1,mobile
2764.0,36,0,0.0,1,desktop
2765.0,47,1,85.28,1,mobile
2766.0,69,0,0.0,1,mobile
2767.0,113,2,132.63,1,desktop
2768.0,41,0,0.0,1,mobile
2769.0,9,0,0.0,1,desktop
2770.0,29,0,0.0,1,mobile
2771.0,132,1,6.51,1,tablet
2772.0,51,0,0.0,1,mobile
2773.0,67,1,5.7,1,mobile
2774.0,125,0,0.0,1,mobile
2775.0,115,1,54.07,1,mobile
2776.0,116,0,0.0,1,mobile
2777.0,147,0,0.0,1,desktop
2778.0,26,0,0.0,1,mobile
2779.0,84,1,509.85,1,mobile
2780.0,19,0,0.0,1,desktop
2781.0,54,2,779.8199999999999,1,desktop
2782.0,133,0,0.0,2,mobile
2783.0,40,0,0.0,1,mobile
2784.0,10,0,0.0,1,desktop
2785.0,17,1,209.92,1,mobile
2786.0,40,0,0.0,1,mobile
2787.0,68,1,135.83,1,desktop
2788.0,42,0,0.0,1,tablet
2789.0,102,1,460.76,1,mobile
2790.0,24,0,0.0,1,mobile
2791.0,101,2,2457.14,1,mobile
2792.0,117,0,0.0,2,mobile
2793.0,55,0,0.0,1,desktop
2794.0,61,0,0.0,1,desktop
2795.0,50,0,0.0,1,mobile
2796.0,106,1,20.05,1,desktop
2797.0,111,1,70.33,1,desktop
2798.0,80,2,5109.71,1,mobile
2799.0,36,0,0.0,1,desktop
2800.0,92,0,0.0,1,mobile
2801.0,41,0,0.0,1,mobile
2802.0,130,0,0.0,1,mobile
2803.0,114,0,0.0,1,mobile
2804.0,106,0,0.0,1,mobile
2805.0,52,0,0.0,1,mobile
2806.0,59,2,582.71,1,desktop
2807.0,120,1,9.58,1,mobile
2808.0,100,0,0.0,1,mobile
2809.0,34,0,0.0,1,mobile
2810.0,127,1,81.61,1,mobile
2811.0,96,0,0.0,1,mobile
2812.0,138,0,0.0,1,desktop
2813.0,122,0,0.0,1,desktop
2814.0,123,1,17.24,1,mobile
2815.0,69,0,0.0,1,desktop
2816.0,57,0,0.0,1,mobile
2817.0,124,0,0.0,1,mobile
2818.0,125,1,145.61,1,mobile
2819.0,51,0,0.0,1,mobile
2820.0,89,0,0.0,1,mobile
2821.0,129,0,0.0,1,desktop
2822.0,107,0,0.0,1,mobile
2823.0,72,0,0.0,1,mobile
2824.0,50,0,0.0,1,tablet
2825.0,114,2,2089.81,1,mobile
2826.0,122,1,59.62,1,desktop
2827.0,119,1,137.32,1,mobile
2828.0,107,0,0.0,1,desktop
2829.0,124,0,0.0,1,desktop
2830.0,54,0,0.0,1,mobile
2831.0,70,0,0.0,1,mobile
2832.0,128,3,141.45,1,tablet
2833.0,69,1,1558.44,1,desktop
2834.0,45,0,0.0,1,desktop
2835.0,39,0,0.0,1,tablet
2836.0,70,0,0.0,1,mobile
2837.0,119,1,64.24,1,mobile
2838.0,108,2,269.56,1,mobile
2839.0,120,0,0.0,1,mobile
2840.0,134,1,70.45,1,mobile
2841.0,23,0,0.0,1,desktop
2842.0,96,3,3290.41,2,mobile
2843.0,14,0,0.0,1,mobile
2844.0,109,1,1521.0,1,tablet
2845.0,137,1,298.07,1,mobile
2846.0,106,0,0.0,1,mobile
2847.0,72,2,18.23,1,mobile
2848.0,46,0,0.0,1,mobile
2849.0,117,0,0.0,1,desktop
2850.0,131,0,0.0,1,tablet
2851.0,126,1,28.32,1,mobile
2852.0,27,0,0.0,1,desktop
2853.0,22,0,0.0,1,desktop
2854.0,65,0,0.0,1,mobile
2855.0,139,0,0.0,1,mobile
2856.0,185,0,0.0,2,mobile
2857.0,74,1,77.73,1,mobile
2858.0,36,0,0.0,1,desktop
2859.0,131,0,0.0,1,desktop
2860.0,47,1,317.65,1,mobile
2861.0,42,0,0.0,1,mobile
2862.0,36,0,0.0,1,mobile
2863.0,139,0,0.0,1,mobile
2864.0,88,1,15.7,1,mobile
2865.0,28,0,0.0,1,tablet
2866.0,78,0,0.0,1,mobile
2867.0,58,0,0.0,1,desktop
2868.0,112,0,0.0,1,mobile
2869.0,133,0,0.0,1,desktop
2870.0,101,0,0.0,1,desktop
2871.0,117,1,1.99,1,desktop
2872.0,124,0,0.0,1,desktop
2873.0,34,0,0.0,1,desktop
2874.0,53,1,280.75,1,desktop
2875.0,39,0,0.0,1,desktop
2876.0,105,0,0.0,1,desktop
2877.0,126,0,0.0,1,mobile
2878.0,116,1,71.97,1,desktop
2879.0,113,1,1559.01,1,desktop
2880.0,111,0,0.0,1,desktop
2881.0,29,0,0.0,1,desktop
2882.0,61,0,0.0,1,mobile
2883.0,37,0,0.0,1,mobile
2884.0,124,0,0.0,1,mobile
2885.0,127,0,0.0,1,mobile
2886.0,94,0,0.0,1,mobile
2887.0,111,0,0.0,1,mobile
2888.0,95,0,0.0,1,mobile
2889.0,124,5,2789.02,1,tablet
2890.0,106,1,100.96,1,desktop
2891.0,101,0,0.0,1,mobile
2892.0,105,1,213.95,1,mobile
2893.0,55,0,0.0,1,desktop
2894.0,82,0,0.0,1,mobile
2895.0,26,0,0.0,1,mobile
2896.0,92,0,0.0,1,desktop
2897.0,107,1,176.09,1,desktop
2898.0,134,1,98.06,1,desktop
2899.0,110,0,0.0,1,mobile
2900.0,127,1,232.13,1,mobile
2901.0,129,2,122.14,1,desktop
2902.0,60,0,0.0,1,mobile
2903.0,46,0,0.0,1,mobile
2904.0,123,1,268.41,1,tablet
2905.0,98,1,82.74,1,mobile
2906.0,113,0,0.0,1,mobile
2907.0,129,2,669.6700000000001,1,mobile
2908.0,126,0,0.0,1,mobile
2909.0,47,1,27.96,1,mobile
2910.0,66,0,0.0,1,mobile
2911.0,114,0,0.0,1,mobile
2912.0,41,0,0.0,1,mobile
2913.0,72,0,0.0,1,mobile
2914.0,49,0,0.0,1,desktop
2915.0,36,0,0.0,1,mobile
2916.0,35,0,0.0,1,desktop
2917.0,138,1,376.11,1,desktop
2918.0,125,0,0.0,1,desktop
2919.0,112,2,150.13,1,desktop
2920.0,50,0,0.0,1,mobile
2921.0,58,0,0.0,1,desktop
2922.0,62,0,0.0,1,mobile
2923.0,75,0,0.0,1,mobile
2924.0,41,0,0.0,1,mobile
2925.0,70,0,0.0,1,desktop
2926.0,118,0,0.0,1,desktop
2927.0,73,0,0.0,1,desktop
2928.0,48,0,0.0,1,mobile
2929.0,131,0,0.0,1,desktop
2930.0,72,0,0.0,1,desktop
2931.0,62,0,0.0,1,mobile
2932.0,33,0,0.0,1,mobile
2933.0,84,1,104.15,1,desktop
2934.0,81,0,0.0,1,desktop
2935.0,29,0,0.0,1,desktop
2936.0,99,0,0.0,1,mobile
2937.0,115,0,0.0,1,desktop
2938.0,62,0,0.0,1,mobile
2939.0,38,0,0.0,1,mobile
2940.0,115,0,0.0,1,mobile
2941.0,134,4,1301.85,1,desktop
2942.0,73,0,0.0,1,desktop
2943.0,74,0,0.0,1,mobile
2944.0,53,0,0.0,1,mobile
2945.0,72,0,0.0,1,tablet
2946.0,62,1,35.11,1,mobile
2947.0,55,1,218.27,1,mobile
2948.0,115,0,0.0,1,desktop
2949.0,79,0,0.0,1,mobile
2950.0,55,1,54.37,1,desktop
2951.0,61,0,0.0,1,mobile
2952.0,59,0,0.0,1,mobile
2953.0,121,0,0.0,1,tablet
2954.0,132,2,175.1,1,desktop
2955.0,48,0,0.0,1,mobile
2956.0,62,0,0.0,1,mobile
2957.0,119,2,140.41,1,tablet
2958.0,104,1,10.17,1,desktop
2959.0,123,0,0.0,1,mobile
2960.0,70,1,61.83,1,mobile
2961.0,30,2,34.29,1,mobile
2962.0,116,2,460.67999999999995,1,mobile
2963.0,130,1,387.41,1,mobile
2964.0,114,0,0.0,1,tablet
2965.0,128,1,38.49,1,mobile
2966.0,119,3,210.45000000000002,1,mobile
2967.0,119,1,363.81,1,mobile
2968.0,132,1,34.62,1,mobile
2969.0,116,0,0.0,1,mobile
2970.0,144,3,174.56,1,mobile
2971.0,116,0,0.0,1,mobile
2972.0,116,0,0.0,1,mobile
2973.0,113,0,0.0,1,mobile
2974.0,134,1,102.97,1,mobile
2975.0,138,0,0.0,1,desktop
2976.0,111,0,0.0,1,mobile
2977.0,125,0,0.0,1,desktop
2979.0,19,0,0.0,1,mobile
2980.0,97,0,0.0,1,mobile
2981.0,105,0,0.0,1,mobile
2982.0,47,0,0.0,1,mobile
2983.0,50,2,352.13,1,mobile
2984.0,145,1,334.52,1,mobile
2985.0,137,2,35.370000000000005,1,desktop
2986.0,124,0,0.0,1,desktop
2987.0,127,0,0.0,1,desktop
2988.0,88,0,0.0,1,mobile
2989.0,42,0,0.0,1,mobile
2990.0,130,1,608.44,1,mobile
2991.0,45,2,74.96,1,mobile
2992.0,102,3,1562.7399999999998,1,mobile
2993.0,135,2,38.26,1,mobile
2994.0,12,0,0.0,1,mobile
2995.0,91,1,228.18,1,mobile
2996.0,143,0,0.0,1,tablet
2997.0,123,0,0.0,1,desktop
2998.0,62,1,40.11,1,desktop
2999.0,45,0,0.0,1,desktop
3000.0,118,1,34.82,1,desktop
3001.0,78,0,0.0,1,mobile
3002.0,51,0,0.0,1,mobile
3003.0,112,0,0.0,1,mobile
3004.0,105,1,352.94,1,mobile
3005.0,14,0,0.0,1,mobile
3006.0,67,1,139.87,1,mobile
3007.0,45,0,0.0,1,mobile
3008.0,121,3,490.95000000000005,1,desktop
3009.0,45,0,0.0,1,mobile
3010.0,64,0,0.0,1,mobile
3011.0,38,0,0.0,1,mobile
3012.0,87,0,0.0,1,mobile
3013.0,122,2,9.94,1,desktop
3014.0,125,1,51.85,1,mobile
3015.0,77,0,0.0,1,desktop
3016.0,35,1,200.28,1,mobile
3017.0,57,0,0.0,1,desktop
3018.0,65,1,36.31,1,mobile
3019.0,29,1,56.53,1,desktop
3020.0,68,0,0.0,1,mobile
3021.0,29,1,88.61,1,desktop
3022.0,64,0,0.0,1,mobile
3023.0,43,0,0.0,1,mobile
3024.0,122,1,216.02,1,mobile
3025.0,134,1,22.41,1,desktop
3026.0,122,1,193.42,1,mobile
3027.0,105,1,119.32,1,mobile
3028.0,37,0,0.0,1,mobile
3029.0,40,0,0.0,1,desktop
3030.0,21,1,398.98,1,mobile
3031.0,69,1,164.6,1,desktop
3032.0,45,0,0.0,1,mobile
3033.0,11,0,0.0,1,desktop
3034.0,76,1,273.76,1,mobile
3035.0,22,0,0.0,1,mobile
3036.0,42,0,0.0,1,mobile
3037.0,92,0,0.0,1,mobile
3038.0,91,1,1066.26,1,desktop
3039.0,39,0,0.0,1,mobile
3040.0,101,0,0.0,1,mobile
3041.0,140,0,0.0,1,mobile
3042.0,117,2,85.78,1,mobile
3043.0,93,0,0.0,1,desktop
3044.0,26,1,834.01,1,mobile
3045.0,109,0,0.0,1,desktop
3046.0,50,0,0.0,1,desktop
3047.0,61,0,0.0,1,mobile
3048.0,7,0,0.0,1,desktop
3049.0,125,2,826.96,1,mobile
3050.0,109,0,0.0,1,mobile
3051.0,121,2,731.36,1,desktop
3052.0,120,2,81.29,1,mobile
3053.0,121,1,53.18,1,mobile
3054.0,120,0,0.0,1,mobile
3055.0,117,0,0.0,1,mobile
3056.0,123,4,675.4300000000001,1,desktop
3057.0,24,0,0.0,1,mobile
3058.0,39,0,0.0,1,mobile
3059.0,48,0,0.0,1,mobile
3060.0,118,0,0.0,1,mobile
3061.0,128,0,0.0,1,mobile
3062.0,19,0,0.0,1,desktop
3063.0,26,0,0.0,1,mobile
3064.0,5,0,0.0,1,mobile
3065.0,69,2,21.09,1,desktop
3066.0,117,0,0.0,1,desktop
3067.0,49,0,0.0,1,mobile
3068.0,51,0,0.0,1,mobile
3069.0,30,1,41.56,1,mobile
3070.0,50,1,105.57,1,desktop
3071.0,90,1,721.38,1,tablet
3072.0,2,0,0.0,1,tablet
3073.0,75,1,154.91,1,mobile
3074.0,41,1,7.73,1,desktop
3075.0,130,2,15.36,1,desktop
3076.0,55,1,12.02,1,desktop
3077.0,52,0,0.0,1,mobile
3078.0,127,0,0.0,1,desktop
3079.0,110,3,57.54,1,mobile
3080.0,124,1,12.21,1,desktop
3081.0,124,0,0.0,1,mobile
3082.0,123,0,0.0,1,mobile
3083.0,54,0,0.0,1,mobile
3084.0,68,0,0.0,1,desktop
3085.0,111,1,63.12,1,desktop
3086.0,125,0,0.0,1,mobile
3087.0,116,1,592.05,1,desktop
3088.0,116,0,0.0,1,desktop
3089.0,54,0,0.0,1,mobile
3090.0,164,0,0.0,2,mobile
3091.0,29,0,0.0,1,mobile
3092.0,74,3,1521.9,1,desktop
3093.0,65,2,393.61,1,mobile
3094.0,56,0,0.0,1,mobile
3095.0,46,0,0.0,1,mobile
3096.0,76,0,0.0,1,mobile
3097.0,61,0,0.0,1,mobile
3098.0,62,0,0.0,1,mobile
3099.0,117,0,0.0,1,mobile
3100.0,142,4,1396.28,1,mobile
3101.0,128,0,0.0,1,mobile
3102.0,113,0,0.0,1,desktop
3103.0,41,0,0.0,1,mobile
3104.0,45,0,0.0,1,mobile
3105.0,36,0,0.0,1,mobile
3106.0,41,0,0.0,1,mobile
3107.0,74,0,0.0,1,mobile
3108.0,131,0,0.0,1,desktop
3109.0,108,0,0.0,1,mobile
3110.0,90,1,11.51,1,desktop
3111.0,49,0,0.0,1,mobile
3112.0,41,1,68.08,1,mobile
3113.0,60,0,0.0,1,mobile
3114.0,41,1,57.83,1,tablet
3115.0,50,0,0.0,1,mobile
3116.0,41,1,47.74,1,mobile
3117.0,24,0,0.0,1,mobile
3118.0,42,0,0.0,1,mobile
3119.0,70,0,0.0,1,mobile
3120.0,29,0,0.0,1,mobile
3121.0,87,1,77.35,1,desktop
3122.0,120,2,1361.8600000000001,1,desktop
3123.0,137,0,0.0,1,mobile
3124.0,115,1,112.28,1,mobile
3125.0,102,0,0.0,1,mobile
3126.0,29,1,5.72,1,mobile
3127.0,32,0,0.0,1,mobile
3128.0,50,0,0.0,1,mobile
3129.0,82,0,0.0,1,desktop
3130.0,127,0,0.0,1,desktop
3131.0,104,0,0.0,1,mobile
3132.0,114,0,0.0,1,mobile
3133.0,114,0,0.0,1,mobile
3134.0,87,0,0.0,1,mobile
3135.0,38,0,0.0,1,mobile
3136.0,74,1,220.0,1,desktop
3137.0,53,0,0.0,1,mobile
3138.0,111,1,158.38,1,mobile
3139.0,7,0,0.0,1,mobile
3140.0,114,0,0.0,1,mobile
3141.0,130,0,0.0,2,mobile
3142.0,52,0,0.0,1,tablet
3143.0,25,0,0.0,1,mobile
3144.0,62,0,0.0,1,desktop
3145.0,28,1,582.73,1,mobile
3146.0,43,0,0.0,1,desktop
3147.0,89,1,121.46,1,mobile
3148.0,126,1,984.83,1,mobile
3149.0,140,1,433.35,1,mobile
3150.0,126,0,0.0,1,desktop
3151.0,131,1,155.56,1,mobile
3152.0,239,1,251.71,2,mobile
3153.0,23,0,0.0,1,mobile
3154.0,97,1,57.22,1,mobile
3155.0,112,0,0.0,1,mobile
3156.0,119,2,616.52,1,mobile
3157.0,111,0,0.0,1,mobile
3158.0,78,0,0.0,1,mobile
3159.0,54,0,0.0,1,desktop
3160.0,109,0,0.0,1,tablet
3161.0,113,2,258.08,1,desktop
3162.0,11,0,0.0,1,desktop
3163.0,95,0,0.0,1,mobile
3164.0,94,2,22.99,1,mobile
3165.0,108,0,0.0,1,mobile
3166.0,67,2,2336.3900000000003,1,mobile
3167.0,53,1,1295.14,1,desktop
3168.0,129,0,0.0,1,mobile
3169.0,126,0,0.0,1,desktop
3170.0,41,0,0.0,1,mobile
3171.0,81,0,0.0,1,desktop
3172.0,118,0,0.0,1,mobile
3173.0,108,1,567.94,1,tablet
3174.0,120,1,217.58,1,mobile
3175.0,124,1,725.4,1,desktop
3176.0,127,1,72.8,1,mobile
3177.0,130,2,2814.8,1,desktop
3178.0,117,1,150.06,1,mobile
3179.0,53,0,0.0,1,mobile
3180.0,89,1,45.17,1,desktop
3181.0,131,1,716.07,1,mobile
3182.0,55,0,0.0,1,mobile
3183.0,44,0,0.0,1,desktop
3184.0,7,0,0.0,1,desktop
3185.0,119,3,1599.09,1,tablet
3186.0,130,0,0.0,1,mobile
3187.0,126,2,138.06,1,mobile
3188.0,132,0,0.0,1,mobile
3189.0,128,0,0.0,1,tablet
3190.0,127,3,129.47,1,mobile
3191.0,58,0,0.0,1,desktop
3192.0,54,0,0.0,1,mobile
3193.0,126,1,4875.74,1,mobile
3194.0,119,0,0.0,1,desktop
3195.0,42,1,3476.91,1,mobile
3196.0,58,0,0.0,1,mobile
3197.0,107,0,0.0,1,desktop
3198.0,49,0,0.0,1,mobile
3199.0,70,0,0.0,1,desktop
3200.0,70,1,961.39,1,mobile
3201.0,38,0,0.0,1,mobile
3202.0,102,0,0.0,1,mobile
3203.0,113,1,65.1,1,desktop
3204.0,13,0,0.0,1,desktop
3205.0,83,0,0.0,1,mobile
3206.0,14,0,0.0,1,desktop
3207.0,13,0,0.0,1,mobile
3208.0,47,1,141.8,1,mobile
3209.0,11,0,0.0,1,mobile
3210.0,171,1,37.77,2,desktop
3211.0,52,0,0.0,1,mobile
3212.0,139,0,0.0,1,desktop
3213.0,139,0,0.0,1,mobile
3214.0,125,1,501.58,1,desktop
3215.0,111,0,0.0,1,mobile
3216.0,121,1,8.71,1,mobile
3217.0,28,0,0.0,1,mobile
3218.0,84,3,14133.76,1,desktop
3219.0,119,1,121.18,1,mobile
3220.0,42,0,0.0,1,mobile
3221.0,86,1,257.94,1,mobile
3222.0,106,0,0.0,1,desktop
3223.0,46,1,120.87,1,mobile
3224.0,24,0,0.0,1,mobile
3225.0,7,0,0.0,1,desktop
3226.0,50,0,0.0,1,desktop
3227.0,119,1,385.01,1,mobile
3228.0,43,0,0.0,1,mobile
3229.0,72,1,78.58,1,mobile
3230.0,1,0,0.0,1,mobile
3231.0,22,0,0.0,1,desktop
3232.0,87,0,0.0,1,mobile
3233.0,119,0,0.0,1,desktop
3234.0,97,0,0.0,1,desktop
3235.0,16,0,0.0,1,mobile
3236.0,125,3,11.709999999999999,1,mobile
3237.0,123,0,0.0,1,mobile
3238.0,121,0,0.0,1,mobile
3239.0,46,1,65.95,1,desktop
3240.0,43,0,0.0,1,mobile
3241.0,19,0,0.0,1,mobile
3242.0,19,0,0.0,1,mobile
3243.0,9,0,0.0,1,tablet
3244.0,31,0,0.0,1,desktop
3245.0,54,1,84.8,1,desktop
3246.0,114,3,321.02,1,tablet
3247.0,133,0,0.0,1,desktop
3248.0,131,0,0.0,1,mobile
3249.0,115,0,0.0,1,mobile
3250.0,63,0,0.0,1,mobile
3251.0,50,0,0.0,1,mobile
3252.0,121,0,0.0,1,mobile
3253.0,119,0,0.0,1,mobile
3254.0,40,0,0.0,1,mobile
3255.0,73,2,1276.41,1,mobile
3256.0,30,0,0.0,1,desktop
3257.0,12,0,0.0,1,desktop
3258.0,120,1,689.48,1,desktop
3259.0,129,0,0.0,1,mobile
3260.0,129,2,192.29,1,mobile
3261.0,104,2,662.48,1,mobile
3262.0,112,0,0.0,1,mobile
3263.0,108,2,386.2,1,desktop
3264.0,129,1,2638.29,1,mobile
3265.0,14,0,0.0,1,mobile
3266.0,109,1,17.19,1,mobile
3267.0,118,1,10.26,1,mobile
3268.0,53,0,0.0,1,mobile
3269.0,50,0,0.0,1,mobile
3270.0,101,1,4.21,1,mobile
3271.0,19,0,0.0,1,mobile
3272.0,107,0,0.0,1,desktop
3273.0,126,1,4298.07,2,mobile
3274.0,72,1,6266.99,1,mobile
3275.0,56,0,0.0,1,mobile
3276.0,89,1,54.16,1,desktop
3277.0,106,0,0.0,1,mobile
3278.0,122,0,0.0,1,desktop
3279.0,18,0,0.0,1,desktop
3280.0,75,0,0.0,1,desktop
3281.0,14,0,0.0,1,desktop
3282.0,125,1,12.9,2,mobile
3283.0,105,0,0.0,1,desktop
3284.0,110,0,0.0,1,mobile
3285.0,46,0,0.0,1,mobile
3286.0,13,0,0.0,1,mobile
3287.0,50,0,0.0,1,desktop
3288.0,105,0,0.0,1,desktop
3289.0,126,1,97.5,1,mobile
3290.0,29,0,0.0,1,mobile
3291.0,22,0,0.0,1,desktop
3292.0,18,0,0.0,1,desktop
3293.0,41,0,0.0,1,desktop
3294.0,110,0,0.0,1,tablet
3295.0,119,1,34.91,1,mobile
3296.0,130,0,0.0,1,mobile
3297.0,156,2,25.88,1,mobile
3298.0,125,0,0.0,1,mobile
3299.0,123,0,0.0,1,mobile
3300.0,129,2,552.8100000000001,1,desktop
3301.0,51,0,0.0,1,desktop
3302.0,62,1,74.88,1,desktop
3303.0,126,0,0.0,1,mobile
3304.0,129,0,0.0,1,tablet
3305.0,34,0,0.0,1,mobile
3306.0,48,0,0.0,1,mobile
3307.0,44,1,234.17,1,mobile
3308.0,119,3,7087.29,1,desktop
3309.0,45,0,0.0,1,tablet
3310.0,36,0,0.0,1,mobile
3311.0,52,0,0.0,1,desktop
3312.0,51,1,1585.69,1,mobile
3313.0,58,1,731.94,1,desktop
3314.0,17,0,0.0,1,mobile
3315.0,128,1,1121.34,1,desktop
3316.0,118,0,0.0,1,desktop
3317.0,47,1,363.9,1,mobile
3318.0,74,0,0.0,1,mobile
3319.0,94,1,227.05,1,mobile
3320.0,37,0,0.0,1,tablet
3321.0,57,0,0.0,1,mobile
3322.0,57,0,0.0,1,mobile
3323.0,99,0,0.0,1,mobile
3324.0,42,0,0.0,1,mobile
3325.0,56,0,0.0,1,mobile
3326.0,30,0,0.0,1,mobile
3327.0,118,1,37.77,1,mobile
3328.0,66,0,0.0,1,desktop
3329.0,58,1,5.89,1,mobile
3330.0,59,0,0.0,1,desktop
3331.0,68,1,396.0,1,mobile
3332.0,128,1,214.85,1,mobile
3333.0,128,1,1224.07,1,mobile
3334.0,106,0,0.0,1,desktop
3335.0,17,0,0.0,1,mobile
3336.0,40,0,0.0,1,mobile
3337.0,46,0,0.0,1,desktop
3338.0,35,0,0.0,1,desktop
3339.0,117,1,131.72,1,mobile
3340.0,39,0,0.0,1,mobile
3341.0,66,0,0.0,1,mobile
3342.0,114,1,9.46,1,desktop
3343.0,127,0,0.0,1,mobile
3344.0,125,1,5.7,1,mobile
3345.0,150,1,806.59,1,desktop
3346.0,121,1,1068.71,1,desktop
3347.0,129,2,215.15,1,mobile
3348.0,114,3,277.77,1,mobile
3349.0,112,0,0.0,1,mobile
3350.0,24,0,0.0,1,desktop
3351.0,105,0,0.0,1,mobile
3352.0,111,0,0.0,1,mobile
3353.0,123,0,0.0,1,mobile
3354.0,56,0,0.0,1,desktop
3355.0,82,1,541.02,1,mobile
3356.0,42,0,0.0,1,mobile
3357.0,62,0,0.0,1,mobile
3358.0,62,0,0.0,1,mobile
3359.0,28,0,0.0,1,mobile
3360.0,120,2,316.71999999999997,1,desktop
3361.0,133,1,32.53,1,mobile
3362.0,131,1,274.18,1,mobile
3363.0,82,0,0.0,1,mobile
3364.0,33,0,0.0,1,mobile
3365.0,117,0,0.0,1,mobile
3366.0,118,0,0.0,1,mobile
3367.0,102,0,0.0,1,mobile
3368.0,123,1,1583.7,1,desktop
3369.0,119,2,59.93,1,mobile
3370.0,199,1,53.19,2,desktop
3371.0,107,0,0.0,1,mobile
3372.0,123,1,170.36,1,desktop
3373.0,108,4,304.78999999999996,1,desktop
3374.0,53,0,0.0,1,mobile
3375.0,73,0,0.0,1,mobile
3376.0,104,0,0.0,1,mobile
3377.0,149,0,0.0,1,mobile
3378.0,78,0,0.0,1,desktop
3379.0,54,0,0.0,1,mobile
3380.0,123,0,0.0,1,mobile
3381.0,123,2,54.81999999999999,1,mobile
3382.0,144,1,130.48,1,mobile
3383.0,42,0,0.0,1,desktop
3384.0,36,0,0.0,1,desktop
3385.0,12,0,0.0,1,desktop
3386.0,27,1,18.75,1,mobile
3387.0,133,1,787.54,1,mobile
3388.0,137,0,0.0,1,desktop
3389.0,116,0,0.0,1,mobile
3390.0,50,1,47.57,1,mobile
3391.0,71,0,0.0,1,desktop
3392.0,122,2,121.63000000000001,1,mobile
3393.0,60,0,0.0,1,mobile
3394.0,51,0,0.0,1,mobile
3395.0,110,1,830.71,1,tablet
3396.0,125,1,72.91,1,tablet
3397.0,192,1,27.64,2,mobile
3398.0,51,2,8.65,1,desktop
3399.0,136,1,84.16,1,mobile
3400.0,135,1,74.84,1,mobile
3401.0,69,0,0.0,1,mobile
3402.0,55,0,0.0,1,desktop
3403.0,60,0,0.0,1,desktop
3404.0,57,0,0.0,1,mobile
3405.0,9,0,0.0,1,desktop
3406.0,69,1,91.69,1,mobile
3407.0,36,0,0.0,1,mobile
3408.0,131,0,0.0,1,desktop
3409.0,107,1,61.15,1,mobile
3410.0,61,0,0.0,1,mobile
3411.0,63,1,139.44,1,desktop
3412.0,70,0,0.0,1,mobile
3413.0,45,0,0.0,1,mobile
3414.0,108,1,99.29,1,tablet
3415.0,136,0,0.0,1,mobile
3416.0,108,1,4.84,1,mobile
3417.0,61,1,22.85,1,mobile
3418.0,41,0,0.0,1,mobile
3419.0,124,1,41.96,1,mobile
3420.0,144,1,100.63,1,desktop
3421.0,115,2,230.48,1,mobile
3422.0,76,2,368.16,1,mobile
3423.0,34,0,0.0,1,mobile
3424.0,106,1,342.27,1,mobile
3425.0,61,1,85.47,1,mobile
3426.0,53,0,0.0,1,desktop
3427.0,112,1,220.53,1,mobile
3428.0,35,0,0.0,1,mobile
3429.0,64,1,176.83,1,mobile
3430.0,134,1,126.83,1,desktop
3431.0,106,1,34.51,1,desktop
3432.0,25,1,50.49,1,mobile
3433.0,38,0,0.0,1,tablet
3434.0,58,0,0.0,1,mobile
3435.0,105,0,0.0,1,mobile
3436.0,124,2,68.71,1,mobile
3437.0,42,0,0.0,1,mobile
3438.0,38,0,0.0,1,desktop
3439.0,36,0,0.0,1,mobile
3440.0,114,2,86.19999999999999,1,mobile
3441.0,104,0,0.0,1,desktop
3442.0,29,0,0.0,1,mobile
3443.0,118,0,0.0,1,mobile
3444.0,60,1,2230.23,1,mobile
3445.0,59,0,0.0,1,mobile
3446.0,114,1,96.18,1,mobile
3447.0,17,0,0.0,1,mobile
3449.0,138,4,358.63,1,mobile
3450.0,111,1,95.62,1,mobile
3451.0,111,0,0.0,1,mobile
3452.0,124,0,0.0,1,mobile
3453.0,130,0,0.0,1,mobile
3454.0,51,0,0.0,1,mobile
3455.0,62,1,120.03,1,desktop
3456.0,115,1,1307.65,1,mobile
3457.0,52,0,0.0,1,mobile
3458.0,34,0,0.0,1,mobile
3459.0,38,0,0.0,1,mobile
3460.0,99,0,0.0,1,mobile
3461.0,38,2,357.69,1,desktop
3462.0,129,1,82.06,1,mobile
3463.0,117,0,0.0,1,mobile
3464.0,73,0,0.0,1,mobile
3465.0,40,0,0.0,1,mobile
3466.0,134,2,52.28,1,mobile
3467.0,3,0,0.0,1,mobile
3468.0,29,0,0.0,1,desktop
3469.0,63,0,0.0,1,mobile
3470.0,105,0,0.0,1,mobile
3471.0,106,2,577.94,1,desktop
3472.0,131,1,18.22,1,mobile
3473.0,88,0,0.0,1,desktop
3474.0,116,1,19.06,1,mobile
3475.0,117,3,883.8199999999999,1,mobile
3476.0,104,1,389.49,1,tablet
3477.0,110,1,473.73,1,mobile
3478.0,113,0,0.0,1,mobile
3479.0,116,1,4.56,1,mobile
3480.0,116,0,0.0,1,mobile
3481.0,122,1,1202.41,1,desktop
3482.0,37,0,0.0,1,desktop
3483.0,7,0,0.0,1,mobile
3484.0,102,1,16.53,1,mobile
3485.0,134,1,927.35,1,mobile
3486.0,45,0,0.0,1,mobile
3487.0,35,0,0.0,1,desktop
3488.0,53,0,0.0,1,mobile
3489.0,55,0,0.0,1,mobile
3490.0,57,0,0.0,1,desktop
3491.0,118,1,219.45,1,mobile
3492.0,116,0,0.0,1,mobile
3493.0,19,0,0.0,1,desktop
3494.0,73,0,0.0,1,mobile
3495.0,30,0,0.0,1,mobile
3496.0,104,1,13.58,1,mobile
3497.0,116,0,0.0,1,desktop
3498.0,135,0,0.0,1,mobile
3499.0,32,0,0.0,1,tablet
3500.0,45,0,0.0,1,desktop
3501.0,39,0,0.0,1,mobile
3502.0,129,2,125.44,1,desktop
3503.0,30,0,0.0,1,desktop
3504.0,84,1,1376.68,1,desktop
3505.0,112,1,52.15,1,mobile
3506.0,61,1,12.13,1,desktop
3507.0,53,1,8.8,1,mobile
3508.0,48,1,70.03,1,mobile
3509.0,49,0,0.0,1,mobile
3510.0,1,0,0.0,1,desktop
3511.0,45,0,0.0,1,mobile
3512.0,105,0,0.0,1,desktop
3513.0,132,1,42.44,1,mobile
3514.0,84,1,54.49,1,desktop
3515.0,29,0,0.0,1,mobile
3516.0,43,1,2374.23,1,mobile
3517.0,51,0,0.0,1,mobile
3518.0,61,0,0.0,1,tablet
3519.0,60,0,0.0,1,mobile
3520.0,32,0,0.0,1,desktop
3521.0,6,0,0.0,1,mobile
3522.0,64,1,31.16,1,desktop
3523.0,24,0,0.0,1,mobile
3524.0,110,1,93.56,1,mobile
3525.0,90,0,0.0,1,mobile
3526.0,41,0,0.0,1,mobile
3527.0,8,0,0.0,1,desktop
3528.0,145,1,276.94,1,mobile
3529.0,116,1,1455.49,1,mobile
3530.0,130,1,5.36,1,mobile
3531.0,44,0,0.0,1,mobile
3532.0,73,1,5383.65,1,mobile
3533.0,26,1,1780.77,1,mobile
3534.0,70,0,0.0,1,desktop
3535.0,52,0,0.0,1,mobile
3536.0,58,1,11.6,1,desktop
3537.0,125,0,0.0,1,mobile
3538.0,82,0,0.0,1,mobile
3539.0,58,0,0.0,1,mobile
3540.0,138,0,0.0,1,mobile
3541.0,122,0,0.0,1,mobile
3542.0,117,1,635.8,1,mobile
3543.0,44,0,0.0,1,desktop
3544.0,95,0,0.0,1,mobile
3545.0,74,0,0.0,1,desktop
3546.0,40,1,19.3,1,desktop
3547.0,117,1,96.07,1,mobile
3548.0,36,0,0.0,1,desktop
3549.0,75,0,0.0,1,mobile
3550.0,47,1,898.69,1,mobile
3551.0,54,0,0.0,1,mobile
3552.0,13,0,0.0,1,desktop
3553.0,142,1,33.39,2,mobile
3554.0,125,1,1028.12,1,mobile
3555.0,74,0,0.0,1,mobile
3556.0,23,0,0.0,1,mobile
3557.0,29,2,420.16999999999996,1,desktop
3558.0,124,0,0.0,1,mobile
3559.0,43,1,1223.19,1,mobile
3560.0,58,1,111.53,1,mobile
3561.0,129,0,0.0,1,mobile
3562.0,127,0,0.0,1,mobile
3563.0,79,0,0.0,1,desktop
3564.0,32,0,0.0,1,mobile
3565.0,119,0,0.0,1,mobile
3566.0,142,3,3605.96,1,desktop
3567.0,108,2,1263.9099999999999,1,mobile
3568.0,22,0,0.0,1,mobile
3569.0,80,1,242.16,1,desktop
3570.0,107,1,413.43,1,mobile
3571.0,22,0,0.0,1,desktop
3572.0,104,1,38.43,1,mobile
3573.0,119,0,0.0,1,mobile
3574.0,105,2,8321.08,1,tablet
3575.0,121,1,223.61,1,mobile
3576.0,111,1,5.54,1,mobile
3577.0,120,2,555.7,1,mobile
3578.0,124,2,1589.46,1,desktop
3579.0,113,0,0.0,1,mobile
3580.0,122,0,0.0,1,mobile
3581.0,123,0,0.0,1,desktop
3582.0,122,0,0.0,1,tablet
3583.0,123,1,83.98,1,mobile
3584.0,110,2,840.5699999999999,1,desktop
3585.0,80,1,46.45,1,mobile
3586.0,21,0,0.0,1,mobile
3587.0,17,0,0.0,1,mobile
3588.0,78,0,0.0,1,mobile
3589.0,42,0,0.0,1,mobile
3590.0,64,0,0.0,1,mobile
3591.0,21,0,0.0,1,mobile
3592.0,47,0,0.0,1,mobile
3593.0,105,0,0.0,1,mobile
3594.0,73,2,135.18,1,desktop
3595.0,45,1,36.25,1,desktop
3596.0,116,0,0.0,1,mobile
3597.0,143,1,688.9,1,mobile
3598.0,123,1,4.57,1,desktop
3599.0,78,0,0.0,1,mobile
3600.0,35,0,0.0,1,desktop
3601.0,37,0,0.0,1,mobile
3602.0,87,0,0.0,1,mobile
3603.0,64,0,0.0,1,desktop
3604.0,55,0,0.0,1,desktop
3605.0,120,0,0.0,1,mobile
3606.0,61,2,46.739999999999995,1,mobile
3607.0,56,1,88.89,1,desktop
3608.0,125,0,0.0,2,desktop
3609.0,61,0,0.0,1,mobile
3610.0,102,0,0.0,1,desktop
3611.0,111,0,0.0,1,mobile
3612.0,59,0,0.0,1,desktop
3613.0,63,1,21.71,1,mobile
3614.0,116,0,0.0,1,mobile
3615.0,144,1,60.45,1,desktop
3616.0,77,0,0.0,1,mobile
3617.0,31,0,0.0,1,mobile
3618.0,47,0,0.0,1,tablet
3619.0,18,0,0.0,1,desktop
3620.0,71,0,0.0,1,mobile
3621.0,121,2,103.82000000000001,1,mobile
3622.0,21,0,0.0,1,mobile
3623.0,20,0,0.0,1,mobile
3624.0,44,1,27.54,1,mobile
3625.0,81,0,0.0,1,mobile
3626.0,34,0,0.0,1,mobile
3627.0,136,0,0.0,1,mobile
3628.0,45,0,0.0,1,mobile
3629.0,65,1,5188.43,1,mobile
3630.0,39,0,0.0,1,mobile
3631.0,63,0,0.0,1,mobile
3632.0,18,0,0.0,1,desktop
3633.0,68,1,69.12,1,mobile
3634.0,63,1,195.57,1,desktop
3635.0,125,2,3192.15,1,mobile
3636.0,129,1,37.68,1,mobile
3637.0,119,1,1740.26,1,mobile
3638.0,126,1,40.66,1,desktop
3639.0,127,1,2213.88,1,mobile
3640.0,113,1,1131.5,1,mobile
3641.0,114,0,0.0,1,mobile
3642.0,128,2,435.38,1,desktop
3643.0,59,0,0.0,1,mobile
3644.0,53,0,0.0,1,mobile
3645.0,106,3,1216.6799999999998,1,mobile
3646.0,97,0,0.0,1,mobile
3647.0,12,0,0.0,1,mobile
3648.0,137,1,16.48,1,mobile
3649.0,37,1,1024.46,1,mobile
3650.0,102,0,0.0,2,mobile
3651.0,29,0,0.0,1,mobile
3652.0,133,2,1016.17,1,mobile
3653.0,139,0,0.0,1,desktop
3654.0,71,0,0.0,1,desktop
3655.0,39,0,0.0,1,desktop
3656.0,121,2,39.25,1,desktop
3657.0,46,1,222.91,1,mobile
3658.0,51,0,0.0,1,mobile
3659.0,113,2,251.54,1,mobile
3660.0,129,0,0.0,1,desktop
3661.0,142,0,0.0,1,mobile
3662.0,18,0,0.0,1,mobile
3663.0,76,0,0.0,1,mobile
3664.0,117,2,976.88,1,mobile
3665.0,114,1,67.07,1,desktop
3666.0,76,0,0.0,1,desktop
3667.0,45,1,9.92,1,mobile
3668.0,119,0,0.0,1,mobile
3669.0,110,0,0.0,1,desktop
3670.0,138,2,84.62,1,mobile
3671.0,62,0,0.0,1,mobile
3672.0,55,0,0.0,1,desktop
3673.0,135,0,0.0,1,mobile
3674.0,122,2,531.65,1,desktop
3675.0,113,0,0.0,1,mobile
3676.0,10,0,0.0,1,mobile
3677.0,13,0,0.0,1,desktop
3678.0,79,0,0.0,1,mobile
3679.0,141,1,23.59,1,mobile
3680.0,133,1,86.46,1,mobile
3681.0,70,2,1111.72,1,tablet
3682.0,45,0,0.0,1,mobile
3683.0,129,2,232.35999999999999,1,desktop
3684.0,11,0,0.0,1,mobile
3685.0,33,0,0.0,1,desktop
3686.0,56,0,0.0,1,mobile
3687.0,18,1,31.2,1,tablet
3688.0,56,0,0.0,1,desktop
3689.0,59,0,0.0,1,mobile
3690.0,31,0,0.0,1,mobile
3691.0,74,1,6531.81,1,mobile
3692.0,143,0,0.0,2,desktop
3693.0,111,0,0.0,1,desktop
3694.0,25,0,0.0,1,desktop
3695.0,34,1,31.78,1,mobile
3696.0,67,1,368.22,1,mobile
3697.0,111,1,20.32,1,desktop
3698.0,116,0,0.0,1,mobile
3699.0,138,1,1882.51,1,mobile
3700.0,121,0,0.0,1,mobile
3701.0,109,0,0.0,1,mobile
3702.0,119,0,0.0,1,mobile
3703.0,99,0,0.0,1,desktop
3704.0,27,0,0.0,1,mobile
3705.0,105,1,54.77,1,desktop
3706.0,137,1,2507.91,1,mobile
3707.0,122,1,25.39,1,desktop
3708.0,124,0,0.0,1,mobile
3709.0,53,0,0.0,1,mobile
3710.0,58,0,0.0,1,desktop
3711.0,73,1,24.19,1,mobile
3712.0,37,0,0.0,1,mobile
3713.0,133,0,0.0,1,mobile
3714.0,3,0,0.0,1,mobile
3715.0,23,0,0.0,1,mobile
3716.0,28,0,0.0,1,desktop
3717.0,66,0,0.0,1,desktop
3718.0,118,0,0.0,1,desktop
3719.0,121,1,249.09,1,mobile
3720.0,128,1,16.18,1,desktop
3721.0,31,0,0.0,1,mobile
3722.0,24,0,0.0,1,mobile
3723.0,56,0,0.0,1,desktop
3724.0,68,0,0.0,1,desktop
3725.0,35,0,0.0,1,desktop
3726.0,58,0,0.0,1,mobile
3727.0,63,0,0.0,1,desktop
3728.0,136,3,18229.43,1,mobile
3729.0,106,2,58.650000000000006,1,mobile
3730.0,123,0,0.0,1,mobile
3731.0,122,0,0.0,1,tablet
3732.0,41,0,0.0,1,mobile
3733.0,63,0,0.0,1,desktop
3734.0,16,0,0.0,1,mobile
3735.0,80,2,5152.17,1,desktop
3736.0,147,4,33.66,1,mobile
3737.0,23,1,31.31,1,mobile
3738.0,30,1,331.27,1,mobile
3739.0,46,3,488.88,1,mobile
3741.0,127,0,0.0,1,mobile
3742.0,116,0,0.0,1,desktop
3743.0,111,1,63.52,1,desktop
3744.0,2,0,0.0,1,mobile
3745.0,49,0,0.0,1,mobile
3746.0,1,0,0.0,1,mobile
3747.0,48,0,0.0,1,desktop
3748.0,129,0,0.0,1,mobile
3749.0,132,2,1096.06,1,mobile
3750.0,104,1,134.11,1,mobile
3751.0,55,0,0.0,1,mobile
3752.0,53,0,0.0,1,desktop
3753.0,9,1,536.62,1,tablet
3755.0,119,0,0.0,1,desktop
3756.0,86,0,0.0,1,mobile
3757.0,52,0,0.0,1,mobile
3758.0,13,0,0.0,1,mobile
3759.0,103,2,174.23000000000002,1,mobile
3760.0,47,0,0.0,1,tablet
3761.0,72,1,365.53,1,desktop
3762.0,120,0,0.0,1,mobile
3763.0,114,1,704.35,1,mobile
3764.0,123,3,103.98,1,mobile
3765.0,63,0,0.0,1,mobile
3766.0,89,1,80.09,1,mobile
3767.0,78,1,120.09,1,desktop
3768.0,36,0,0.0,1,mobile
3769.0,108,2,36.45,1,mobile
3770.0,115,0,0.0,1,tablet
3771.0,118,1,783.76,1,mobile
3772.0,119,2,58.95,1,desktop
3773.0,122,0,0.0,1,tablet
3774.0,21,0,0.0,1,desktop
3776.0,52,0,0.0,1,desktop
3777.0,29,0,0.0,1,mobile
3778.0,123,0,0.0,1,tablet
3779.0,121,1,61.26,1,mobile
3780.0,125,2,177.99,1,mobile
3781.0,63,1,351.41,2,mobile
3782.0,29,0,0.0,1,tablet
3783.0,41,0,0.0,1,mobile
3784.0,127,0,0.0,1,desktop
3785.0,96,2,33143.82,1,mobile
3786.0,28,1,9200.1,1,desktop
3787.0,110,0,0.0,1,desktop
3788.0,139,0,0.0,1,mobile
3789.0,138,1,125.19,1,mobile
3790.0,44,0,0.0,1,mobile
3791.0,80,0,0.0,1,mobile
3792.0,121,1,1154.33,1,mobile
3793.0,118,0,0.0,1,desktop
3794.0,89,2,444.56,1,mobile
3795.0,26,0,0.0,1,desktop
3796.0,125,1,48.39,1,desktop
3797.0,113,0,0.0,1,mobile
3798.0,220,2,639.74,2,desktop
3799.0,129,0,0.0,1,mobile
3800.0,120,1,26.43,1,desktop
3801.0,2,0,0.0,1,mobile
3802.0,118,0,0.0,1,tablet
3803.0,133,2,3911.5299999999997,1,mobile
3804.0,125,1,195.06,1,mobile
3805.0,44,0,0.0,1,mobile
3806.0,50,0,0.0,1,mobile
3807.0,146,2,700.6,1,desktop
3808.0,127,1,12.96,1,desktop
3809.0,67,1,2279.42,1,mobile
3810.0,49,0,0.0,1,tablet
3811.0,47,0,0.0,1,mobile
3812.0,65,0,0.0,1,desktop
3813.0,117,0,0.0,1,mobile
3814.0,110,0,0.0,1,mobile
3815.0,91,1,73.05,1,mobile
3816.0,28,0,0.0,1,mobile
3817.0,93,1,84.39,1,desktop
3818.0,40,0,0.0,1,mobile
3819.0,23,0,0.0,1,mobile
3820.0,33,0,0.0,1,mobile
3821.0,28,0,0.0,1,desktop
3822.0,121,4,112.55,1,mobile
3823.0,135,0,0.0,1,tablet
3824.0,125,0,0.0,1,mobile
3825.0,120,0,0.0,1,mobile
3826.0,108,0,0.0,1,desktop
3827.0,96,1,353.8,1,mobile
3828.0,41,1,65.51,1,mobile
3829.0,29,0,0.0,1,mobile
3830.0,39,0,0.0,1,mobile
3831.0,115,0,0.0,1,mobile
3832.0,121,0,0.0,1,desktop
3833.0,176,0,0.0,2,mobile
3834.0,129,1,38.58,1,mobile
3835.0,76,0,0.0,1,desktop
3836.0,56,1,3.75,1,mobile
3837.0,108,1,357.19,1,tablet
3838.0,124,1,84.5,1,mobile
3839.0,54,0,0.0,1,mobile
3840.0,87,0,0.0,1,desktop
3841.0,141,0,0.0,1,mobile
3842.0,85,1,42.87,1,mobile
3843.0,53,0,0.0,1,mobile
3844.0,120,0,0.0,1,desktop
3845.0,127,0,0.0,1,desktop
3846.0,120,1,212.6,1,mobile
3847.0,127,0,0.0,1,mobile
3848.0,9,0,0.0,1,mobile
3849.0,56,0,0.0,1,mobile
3850.0,36,0,0.0,1,mobile
3851.0,56,0,0.0,1,mobile
3852.0,75,0,0.0,1,mobile
3853.0,35,1,357.09,1,desktop
3854.0,22,1,1655.68,1,mobile
3855.0,67,0,0.0,1,tablet
3856.0,69,0,0.0,1,tablet
3857.0,61,1,4.58,1,desktop
3858.0,25,1,114.67,1,mobile
3859.0,45,1,336.97,1,tablet
3860.0,37,0,0.0,1,mobile
3861.0,105,1,30.89,1,mobile
3862.0,56,0,0.0,1,mobile
3863.0,59,0,0.0,1,mobile
3864.0,105,1,9.58,1,desktop
3865.0,226,3,265.57,2,mobile
3866.0,13,0,0.0,1,mobile
3867.0,30,0,0.0,1,mobile
3868.0,45,0,0.0,1,mobile
3869.0,28,1,50.28,1,desktop
3870.0,16,0,0.0,1,desktop
3871.0,24,0,0.0,1,mobile
3872.0,91,1,236.78,1,mobile
3873.0,68,1,17351.05,1,desktop
3874.0,54,0,0.0,1,mobile
3875.0,38,0,0.0,1,mobile
3876.0,84,0,0.0,1,mobile
3877.0,120,1,11.22,1,mobile
3878.0,118,1,201.96,1,mobile
3879.0,33,0,0.0,1,desktop
3880.0,83,0,0.0,1,mobile
3881.0,54,0,0.0,1,mobile
3882.0,66,1,17.23,1,mobile
3883.0,138,1,41.38,1,mobile
3884.0,116,0,0.0,1,tablet
3885.0,95,0,0.0,1,desktop
3886.0,13,1,383.44,1,mobile
3887.0,102,0,0.0,1,mobile
3888.0,6,0,0.0,1,mobile
3889.0,95,2,21.64,1,desktop
3890.0,32,0,0.0,1,mobile
3891.0,81,0,0.0,1,mobile
3892.0,41,0,0.0,1,mobile
3893.0,110,0,0.0,1,mobile
3894.0,117,1,15.58,1,desktop
3895.0,117,0,0.0,1,mobile
3896.0,117,1,57.78,1,mobile
3897.0,236,0,0.0,2,desktop
3898.0,103,2,1076.23,1,mobile
3899.0,132,1,20.71,1,desktop
3900.0,121,2,8529.78,1,desktop
3901.0,65,0,0.0,1,mobile
3902.0,66,0,0.0,1,mobile
3903.0,132,2,161.04,1,mobile
3904.0,20,1,2752.34,1,desktop
3905.0,44,0,0.0,1,mobile
3906.0,6,0,0.0,1,desktop
3907.0,47,0,0.0,1,desktop
3908.0,109,2,6776.05,1,desktop
3909.0,40,0,0.0,1,mobile
3910.0,66,0,0.0,1,desktop
3911.0,123,1,746.86,1,mobile
3912.0,110,1,53.18,1,desktop
3913.0,127,0,0.0,1,mobile
3914.0,68,2,20486.48,1,mobile
3915.0,13,0,0.0,1,mobile
3916.0,27,2,5826.700000000001,1,mobile
3917.0,29,0,0.0,1,desktop
3918.0,102,1,94.69,1,desktop
3919.0,12,0,0.0,1,mobile
3920.0,2,0,0.0,1,desktop
3921.0,112,3,155.29,1,mobile
3922.0,49,0,0.0,1,mobile
3923.0,58,0,0.0,1,mobile
3924.0,125,3,535.8,1,mobile
3925.0,125,1,488.78,1,mobile
3926.0,128,2,63.849999999999994,1,desktop
3927.0,105,1,25.47,1,mobile
3928.0,112,1,101.41,1,mobile
3929.0,119,1,32.73,1,desktop
3930.0,100,0,0.0,1,mobile
3931.0,134,0,0.0,1,mobile
3932.0,119,1,48.59,1,mobile
3933.0,101,0,0.0,1,mobile
3934.0,132,0,0.0,1,mobile
3935.0,111,0,0.0,1,mobile
3936.0,137,1,3546.62,1,mobile
3937.0,135,1,77.08,1,mobile
3938.0,171,0,0.0,2,mobile
3939.0,118,0,0.0,1,desktop
3940.0,113,1,109.85,1,mobile
3941.0,118,1,220.34,1,mobile
3942.0,136,0,0.0,1,mobile
3943.0,131,0,0.0,1,mobile
3944.0,109,0,0.0,1,desktop
3945.0,53,0,0.0,1,mobile
3946.0,68,0,0.0,1,mobile
3947.0,109,1,431.99,1,mobile
3948.0,113,1,566.65,1,mobile
3949.0,48,0,0.0,1,mobile
3950.0,91,1,276.01,1,mobile
3951.0,127,0,0.0,1,tablet
3952.0,121,0,0.0,1,mobile
3953.0,44,1,490.39,1,mobile
3954.0,53,0,0.0,1,mobile
3955.0,21,0,0.0,1,mobile
3956.0,115,0,0.0,1,mobile
3957.0,90,0,0.0,1,mobile
3958.0,104,0,0.0,1,desktop
3959.0,134,0,0.0,1,mobile
3960.0,142,2,1442.96,1,mobile
3961.0,15,0,0.0,1,mobile
3962.0,43,0,0.0,1,desktop
3963.0,66,0,0.0,1,mobile
3964.0,118,2,150.84,1,mobile
3965.0,42,0,0.0,1,mobile
3966.0,79,2,34.07,1,mobile
3967.0,79,0,0.0,1,mobile
3968.0,52,0,0.0,1,mobile
3969.0,115,1,225.36,1,desktop
3970.0,126,0,0.0,1,mobile
3971.0,102,0,0.0,1,desktop
3972.0,30,1,45.87,1,tablet
3973.0,74,0,0.0,1,desktop
3974.0,114,1,1024.2,1,mobile
3975.0,121,1,165.03,1,mobile
3976.0,119,1,29.37,1,mobile
3977.0,124,0,0.0,1,mobile
3978.0,125,1,84.68,1,mobile
3979.0,103,2,32.41,1,mobile
3980.0,68,1,556.53,1,mobile
3981.0,52,0,0.0,1,mobile
3982.0,7,1,1494.13,1,mobile
3983.0,106,0,0.0,1,mobile
3985.0,73,0,0.0,1,desktop
3986.0,15,0,0.0,1,desktop
3987.0,36,1,2721.63,1,desktop
3988.0,114,0,0.0,1,mobile
3989.0,105,0,0.0,1,desktop
3990.0,115,1,151.16,1,mobile
3991.0,46,0,0.0,1,mobile
3992.0,53,0,0.0,1,mobile
3993.0,16,0,0.0,1,mobile
3994.0,47,0,0.0,1,desktop
3995.0,80,0,0.0,1,mobile
3996.0,126,2,215.07,1,mobile
3997.0,75,0,0.0,1,desktop
3998.0,62,0,0.0,1,desktop
3999.0,108,0,0.0,1,mobile
4000.0,24,0,0.0,1,mobile
4001.0,73,0,0.0,1,mobile
4002.0,126,0,0.0,1,mobile
4003.0,1,0,0.0,1,desktop
4004.0,124,1,919.01,1,desktop
4005.0,12,0,0.0,1,desktop
4006.0,48,0,0.0,1,desktop
4007.0,25,0,0.0,1,mobile
4008.0,34,0,0.0,1,mobile
4009.0,126,0,0.0,1,desktop
4010.0,121,1,103.86,1,mobile
4011.0,109,1,864.33,1,mobile
4012.0,94,1,106.58,1,desktop
4013.0,35,0,0.0,1,desktop
4014.0,100,1,499.43,1,desktop
4015.0,25,0,0.0,1,desktop
4016.0,16,0,0.0,1,tablet
4017.0,55,0,0.0,1,mobile
4018.0,29,0,0.0,1,mobile
4019.0,43,0,0.0,1,desktop
4020.0,69,1,14.52,1,mobile
4021.0,118,0,0.0,1,desktop
4022.0,211,2,3667.1099999999997,2,mobile
4023.0,59,0,0.0,1,mobile
4024.0,68,0,0.0,1,mobile
4025.0,123,0,0.0,1,desktop
4026.0,130,0,0.0,1,mobile
4027.0,110,3,53.67,1,mobile
4028.0,110,1,71.16,1,desktop
4029.0,130,2,135.54999999999998,1,mobile
4030.0,108,0,0.0,1,mobile
4031.0,105,2,770.5799999999999,1,desktop
4032.0,123,1,52.34,1,mobile
4033.0,49,0,0.0,1,mobile
4034.0,79,0,0.0,1,desktop
4035.0,124,0,0.0,1,desktop
4036.0,136,0,0.0,1,mobile
4037.0,50,0,0.0,1,mobile
4038.0,26,1,29.14,1,desktop
4039.0,50,1,28.24,1,tablet
4040.0,51,0,0.0,1,mobile
4041.0,28,0,0.0,1,mobile
4042.0,36,0,0.0,1,mobile
4043.0,123,2,491.81000000000006,1,mobile
4044.0,100,0,0.0,1,desktop
4045.0,46,0,0.0,1,mobile
4046.0,110,1,555.87,1,desktop
4047.0,83,2,172.42,1,mobile
4048.0,48,0,0.0,1,tablet
4049.0,131,1,38.42,1,mobile
4050.0,133,1,23.34,1,mobile
4051.0,47,0,0.0,1,desktop
4052.0,10,1,101.52,1,mobile
4053.0,48,0,0.0,1,desktop
4054.0,117,0,0.0,1,desktop
4055.0,139,1,100.38,1,desktop
4056.0,38,0,0.0,1,mobile
4057.0,92,1,32.96,1,mobile
4058.0,107,1,217.98,1,desktop
4059.0,139,1,9.45,1,mobile
4060.0,121,0,0.0,1,tablet
4061.0,20,0,0.0,1,tablet
4062.0,92,1,162.66,1,desktop
4063.0,99,1,24.27,1,desktop
4064.0,28,3,31.86,1,mobile
4065.0,108,0,0.0,1,mobile
4066.0,125,0,0.0,1,mobile
4067.0,106,0,0.0,1,mobile
4068.0,141,3,2121.53,1,mobile
4069.0,125,1,188.06,1,desktop
4070.0,122,1,77.38,1,mobile
4071.0,30,0,0.0,1,desktop
4072.0,66,1,103.97,1,mobile
4073.0,85,0,0.0,1,desktop
4074.0,49,0,0.0,1,mobile
4075.0,115,0,0.0,1,mobile
4076.0,120,1,520.83,1,desktop
4077.0,36,0,0.0,1,desktop
4078.0,65,0,0.0,1,mobile
4079.0,123,1,81.23,1,mobile
4080.0,112,1,1106.27,1,mobile
4081.0,130,0,0.0,1,desktop
4082.0,115,2,74.3,1,mobile
4083.0,128,1,135.11,1,desktop
4084.0,29,1,32.38,1,desktop
4085.0,51,1,25.24,1,desktop
4086.0,25,1,29.23,1,mobile
4087.0,107,0,0.0,1,mobile
4088.0,122,1,110.8,1,desktop
4089.0,113,0,0.0,1,mobile
4090.0,75,0,0.0,1,mobile
4091.0,53,0,0.0,1,tablet
4092.0,48,0,0.0,1,tablet
4093.0,79,0,0.0,1,mobile
4094.0,119,2,1928.25,1,desktop
4095.0,108,1,13.27,1,mobile
4096.0,125,2,1047.01,1,desktop
4097.0,129,2,24422.25,1,mobile
4098.0,98,0,0.0,1,desktop
4099.0,118,1,11.15,1,mobile
4100.0,133,0,0.0,1,mobile
4101.0,56,0,0.0,1,mobile
4102.0,65,0,0.0,1,mobile
4103.0,9,0,0.0,1,mobile
4104.0,46,0,0.0,1,mobile
4105.0,4,0,0.0,1,mobile
4106.0,134,0,0.0,1,desktop
4107.0,33,0,0.0,1,mobile
4108.0,73,1,23.79,1,desktop
4109.0,45,0,0.0,1,mobile
4110.0,52,0,0.0,1,mobile
4111.0,10,0,0.0,1,mobile
4112.0,130,2,234.91000000000003,1,desktop
4113.0,106,0,0.0,1,mobile
4114.0,32,0,0.0,1,mobile
4115.0,89,0,0.0,1,desktop
4116.0,115,2,2660.41,1,mobile
4117.0,107,0,0.0,1,mobile
4118.0,14,0,0.0,1,desktop
4119.0,116,0,0.0,1,mobile
4120.0,32,0,0.0,1,mobile
4121.0,39,0,0.0,1,mobile
4122.0,61,0,0.0,1,mobile
4123.0,119,2,632.65,1,mobile
4124.0,15,0,0.0,1,mobile
4125.0,93,0,0.0,1,desktop
4126.0,237,0,0.0,2,mobile
4127.0,120,0,0.0,1,desktop
4128.0,108,1,185.89,1,mobile
4129.0,137,0,0.0,1,mobile
4130.0,129,0,0.0,1,mobile
4131.0,113,1,294.84,1,desktop
4132.0,30,0,0.0,1,mobile
4133.0,70,0,0.0,1,mobile
4134.0,109,0,0.0,1,mobile
4135.0,75,0,0.0,1,desktop
4136.0,36,0,0.0,1,mobile
4137.0,44,0,0.0,1,mobile
4138.0,97,0,0.0,1,desktop
4139.0,118,0,0.0,1,tablet
4140.0,73,0,0.0,1,desktop
4141.0,57,1,78.23,1,mobile
4142.0,25,0,0.0,1,mobile
4143.0,88,0,0.0,1,tablet
4144.0,116,1,119.84,1,mobile
4145.0,129,1,12.39,1,mobile
4146.0,115,2,2060.5,1,mobile
4147.0,35,1,127.84,1,desktop
4148.0,89,0,0.0,1,desktop
4149.0,24,0,0.0,1,mobile
4150.0,76,1,4.73,1,mobile
4151.0,15,1,54.02,1,mobile
4152.0,119,1,24.2,1,mobile
4153.0,118,0,0.0,1,mobile
4154.0,127,0,0.0,1,mobile
4155.0,110,2,1930.72,1,mobile
4156.0,86,0,0.0,1,desktop
4157.0,29,0,0.0,1,mobile
4158.0,72,1,168.83,1,mobile
4159.0,48,0,0.0,1,mobile
4160.0,37,0,0.0,1,mobile
4161.0,4,0,0.0,1,mobile
4162.0,73,0,0.0,1,mobile
4163.0,122,2,458.90000000000003,1,mobile
4164.0,49,0,0.0,1,mobile
4165.0,69,0,0.0,1,mobile
4166.0,53,0,0.0,1,desktop
4167.0,49,1,5.18,1,mobile
4168.0,43,0,0.0,1,mobile
4169.0,76,0,0.0,1,mobile
4170.0,40,1,131.08,1,mobile
4171.0,47,0,0.0,1,mobile
4172.0,108,0,0.0,1,mobile
4173.0,126,0,0.0,1,tablet
4174.0,124,1,12.85,1,desktop
4175.0,100,1,57.4,1,mobile
4176.0,18,1,26.83,1,mobile
4177.0,114,1,368.76,1,desktop
4178.0,48,1,90.18,1,desktop
4179.0,87,5,1753.93,1,mobile
4180.0,117,1,150.31,1,desktop
4181.0,38,3,166.88,1,mobile
4182.0,83,0,0.0,1,mobile
4183.0,92,1,10.1,1,mobile
4184.0,27,0,0.0,1,desktop
4185.0,115,1,611.12,1,mobile
4186.0,113,0,0.0,1,mobile
4187.0,37,0,0.0,1,mobile
4188.0,59,0,0.0,1,mobile
4189.0,39,0,0.0,1,mobile
4190.0,16,0,0.0,1,tablet
4191.0,129,0,0.0,1,mobile
4192.0,107,1,64.68,1,desktop
4193.0,69,0,0.0,1,mobile
4194.0,46,0,0.0,1,mobile
4195.0,111,0,0.0,1,mobile
4196.0,95,0,0.0,1,desktop
4197.0,57,0,0.0,1,desktop
4198.0,57,1,754.33,1,tablet
4199.0,40,0,0.0,1,mobile
4200.0,66,0,0.0,1,desktop
4201.0,115,0,0.0,1,mobile
4202.0,56,1,145.43,1,mobile
4203.0,11,0,0.0,1,mobile
4204.0,48,0,0.0,1,mobile
4205.0,60,0,0.0,1,desktop
4206.0,59,0,0.0,1,mobile
4207.0,110,2,3780.9399999999996,1,mobile
4208.0,124,0,0.0,1,tablet
4209.0,72,0,0.0,1,desktop
4210.0,42,0,0.0,1,mobile
4211.0,81,1,71.67,1,mobile
4212.0,31,0,0.0,1,mobile
4213.0,120,1,74.56,1,desktop
4214.0,111,1,66.43,1,mobile
4215.0,110,0,0.0,1,mobile
4216.0,67,0,0.0,1,mobile
4217.0,53,1,146.91,1,mobile
4218.0,134,1,41.36,1,mobile
4219.0,84,1,136.69,1,mobile
4220.0,52,0,0.0,1,mobile
4221.0,122,0,0.0,1,mobile
4222.0,108,0,0.0,1,desktop
4223.0,125,1,447.3,1,desktop
4224.0,62,1,276.0,1,mobile
4225.0,57,0,0.0,1,mobile
4226.0,112,0,0.0,1,mobile
4227.0,115,1,9.55,1,tablet
4228.0,112,0,0.0,1,mobile
4229.0,114,1,87.53,1,mobile
4230.0,36,1,424.27,1,mobile
4231.0,86,0,0.0,1,mobile
4232.0,128,0,0.0,1,mobile
4233.0,123,1,75.99,1,mobile
4234.0,56,0,0.0,1,mobile
4235.0,51,1,78.63,1,tablet
4236.0,106,1,74.13,1,mobile
4237.0,112,1,220.85,1,mobile
4238.0,116,0,0.0,1,tablet
4239.0,57,0,0.0,1,mobile
4240.0,58,0,0.0,1,mobile
4241.0,10,0,0.0,1,mobile
4242.0,73,1,341.08,1,mobile
4243.0,27,1,1490.35,1,mobile
4244.0,129,0,0.0,1,mobile
4245.0,113,0,0.0,1,desktop
4246.0,125,1,329.27,1,mobile
4247.0,111,1,256.76,1,mobile
4248.0,105,1,12.63,1,mobile
4249.0,116,2,25.05,1,mobile
4250.0,140,2,12627.59,1,desktop
4251.0,101,0,0.0,1,tablet
4252.0,116,0,0.0,1,desktop
4253.0,55,0,0.0,1,mobile
4254.0,34,0,0.0,1,mobile
4255.0,35,0,0.0,1,desktop
4256.0,137,1,39.92,1,mobile
4257.0,34,0,0.0,1,desktop
4258.0,72,0,0.0,1,desktop
4259.0,9,0,0.0,1,mobile
4260.0,117,0,0.0,1,mobile
4261.0,116,0,0.0,1,mobile
4262.0,126,0,0.0,1,mobile
4263.0,19,0,0.0,1,mobile
4264.0,49,0,0.0,1,mobile
4265.0,12,0,0.0,1,tablet
4266.0,38,0,0.0,1,mobile
4267.0,77,0,0.0,1,tablet
4268.0,55,0,0.0,1,mobile
4269.0,124,3,1194.13,1,desktop
4270.0,115,1,14.57,1,mobile
4271.0,115,4,1126.81,1,desktop
4272.0,116,0,0.0,1,desktop
4273.0,116,1,134.99,1,mobile
4274.0,33,1,19.73,1,desktop
4275.0,72,0,0.0,1,desktop
4276.0,24,0,0.0,1,mobile
4277.0,92,0,0.0,1,desktop
4278.0,52,1,264.72,1,mobile
4279.0,43,3,4229.77,1,mobile
4280.0,76,2,373.31,1,desktop
4281.0,115,2,3883.47,1,mobile
4282.0,111,1,15.92,1,mobile
4283.0,125,0,0.0,1,desktop
4284.0,62,0,0.0,1,mobile
4285.0,50,0,0.0,1,mobile
4286.0,126,0,0.0,1,mobile
4287.0,113,2,88.56,1,mobile
4288.0,121,1,92.77,1,desktop
4289.0,137,0,0.0,1,mobile
4290.0,148,1,195.77,1,mobile
4291.0,110,0,0.0,1,desktop
4292.0,86,1,62.76,1,desktop
4293.0,39,0,0.0,1,desktop
4294.0,177,0,0.0,2,desktop
4295.0,19,0,0.0,1,desktop
4296.0,63,0,0.0,1,mobile
4297.0,43,0,0.0,1,mobile
4298.0,57,0,0.0,1,mobile
4299.0,73,0,0.0,1,mobile
4300.0,122,0,0.0,1,mobile
4301.0,123,1,45.99,1,mobile
4302.0,115,0,0.0,1,mobile
4303.0,119,1,66.63,1,tablet
4304.0,125,0,0.0,1,mobile
4305.0,59,0,0.0,1,desktop
4306.0,57,0,0.0,1,desktop
4307.0,128,0,0.0,1,mobile
4308.0,122,1,191.7,1,mobile
4309.0,124,2,138.25,1,mobile
4310.0,103,0,0.0,1,mobile
4311.0,119,1,208.09,1,mobile
4312.0,73,1,39.59,1,mobile
4313.0,24,0,0.0,1,mobile
4314.0,21,0,0.0,1,mobile
4315.0,138,3,225.23000000000002,1,desktop
4316.0,47,1,30.89,1,mobile
4317.0,27,0,0.0,1,mobile
4318.0,39,0,0.0,1,desktop
4319.0,121,0,0.0,1,desktop
4320.0,124,0,0.0,1,mobile
4321.0,120,1,700.68,1,desktop
4322.0,107,1,18.42,1,desktop
4323.0,115,0,0.0,1,desktop
4324.0,117,0,0.0,1,mobile
4325.0,128,1,65.39,1,desktop
4326.0,111,0,0.0,1,desktop
4327.0,138,0,0.0,1,mobile
4328.0,113,2,117.47999999999999,1,desktop
4329.0,76,1,108.54,1,mobile
4330.0,57,3,705.14,1,mobile
4331.0,36,0,0.0,1,mobile
4332.0,133,1,42.0,1,desktop
4333.0,72,0,0.0,1,desktop
4334.0,61,0,0.0,1,mobile
4335.0,127,1,40.95,1,mobile
4336.0,57,0,0.0,1,desktop
4337.0,63,0,0.0,1,mobile
4338.0,129,1,140.03,1,desktop
4339.0,46,0,0.0,1,desktop
4340.0,62,2,37.96,1,desktop
4341.0,118,0,0.0,1,desktop
4342.0,62,0,0.0,1,mobile
4343.0,67,0,0.0,1,mobile
4344.0,65,0,0.0,1,mobile
4345.0,67,1,21.12,1,desktop
4346.0,121,1,145.03,1,desktop
4347.0,118,1,22.48,1,desktop
4348.0,73,0,0.0,1,mobile
4349.0,63,1,238.25,1,mobile
4350.0,125,0,0.0,1,desktop
4351.0,80,1,25.84,1,mobile
4352.0,25,0,0.0,1,desktop
4353.0,121,0,0.0,1,mobile
4354.0,125,1,223.14,1,mobile
4355.0,49,0,0.0,1,mobile
4356.0,70,0,0.0,1,mobile
4357.0,125,2,567.23,1,mobile
4358.0,114,2,253.32,1,mobile
4359.0,105,1,1268.35,1,mobile
4360.0,67,0,0.0,1,mobile
4361.0,41,0,0.0,1,mobile
4362.0,138,0,0.0,1,tablet
4363.0,109,0,0.0,1,mobile
4364.0,123,1,26.15,1,tablet
4365.0,115,1,550.46,1,desktop
4366.0,129,1,49.76,1,mobile
4367.0,129,0,0.0,1,mobile
4368.0,129,1,11724.29,1,desktop
4369.0,26,0,0.0,1,mobile
4370.0,55,0,0.0,1,mobile
4371.0,47,0,0.0,1,desktop
4372.0,75,0,0.0,1,desktop
4373.0,48,0,0.0,1,mobile
4374.0,64,1,281.29,1,desktop
4375.0,48,0,0.0,1,mobile
4376.0,90,0,0.0,1,mobile
4377.0,107,0,0.0,1,mobile
4378.0,37,0,0.0,1,mobile
4379.0,77,1,260.12,1,desktop
4380.0,120,2,97.34,1,mobile
4381.0,47,1,32.51,1,mobile
4382.0,76,0,0.0,1,desktop
4383.0,22,0,0.0,1,mobile
4384.0,120,0,0.0,2,desktop
4385.0,39,0,0.0,1,mobile
4386.0,110,0,0.0,1,mobile
4387.0,73,0,0.0,1,mobile
4388.0,57,0,0.0,1,mobile
4389.0,106,2,66.6,1,desktop
4390.0,113,0,0.0,1,desktop
4391.0,18,1,139.57,1,mobile
4392.0,123,1,178.73,1,desktop
4393.0,110,2,57.53,1,desktop
4394.0,46,0,0.0,1,mobile
4395.0,51,2,12.739999999999998,1,mobile
4396.0,121,0,0.0,1,mobile
4397.0,124,1,189.04,1,desktop
4398.0,111,1,9.11,1,desktop
4399.0,139,1,379.46,1,mobile
4400.0,121,0,0.0,1,desktop
4401.0,122,1,178.16,1,mobile
4402.0,121,0,0.0,1,mobile
4403.0,132,0,0.0,1,mobile
4404.0,21,0,0.0,1,tablet
4405.0,10,0,0.0,1,desktop
4406.0,84,0,0.0,1,desktop
4407.0,47,0,0.0,1,mobile
4408.0,73,0,0.0,1,desktop
4409.0,127,2,110.74000000000001,1,mobile
4410.0,128,1,377.04,1,mobile
4411.0,155,2,105.66,2,mobile
4412.0,61,0,0.0,1,desktop
4413.0,119,1,210.67,1,desktop
4414.0,20,0,0.0,1,mobile
4415.0,60,1,165.09,1,mobile
4416.0,36,0,0.0,1,desktop
4417.0,45,1,587.42,1,mobile
4418.0,67,0,0.0,1,mobile
4419.0,18,0,0.0,1,mobile
4420.0,1,0,0.0,1,mobile
4421.0,74,1,173.41,1,mobile
4422.0,51,0,0.0,1,mobile
4423.0,122,1,291.8,1,mobile
4424.0,128,0,0.0,1,desktop
4425.0,74,0,0.0,1,mobile
4426.0,55,0,0.0,1,mobile
4427.0,135,1,602.69,1,mobile
4428.0,117,1,71.17,1,desktop
4429.0,120,0,0.0,1,desktop
4430.0,76,1,23.85,1,tablet
4431.0,49,0,0.0,1,desktop
4432.0,120,0,0.0,1,mobile
4433.0,127,4,8517.61,1,desktop
4434.0,34,0,0.0,1,mobile
4435.0,79,0,0.0,1,mobile
4436.0,127,0,0.0,1,mobile
4437.0,97,1,108.18,1,mobile
4438.0,21,0,0.0,1,mobile
4439.0,42,1,363.04,1,mobile
4440.0,74,0,0.0,1,desktop
4441.0,42,0,0.0,1,mobile
4442.0,80,0,0.0,1,desktop
4443.0,49,0,0.0,1,desktop
4444.0,78,0,0.0,1,mobile
4445.0,129,0,0.0,1,desktop
4446.0,33,1,133.98,1,desktop
4447.0,72,1,24.91,1,tablet
4448.0,136,0,0.0,1,desktop
4449.0,68,0,0.0,1,mobile
4450.0,50,0,0.0,1,mobile
4451.0,112,0,0.0,1,mobile
4452.0,50,0,0.0,1,desktop
4453.0,63,1,72.77,1,mobile
4454.0,137,2,1702.18,1,desktop
4455.0,112,2,91.56,1,mobile
4456.0,133,1,187.13,1,desktop
4457.0,142,0,0.0,1,mobile
4458.0,108,0,0.0,1,desktop
4459.0,40,0,0.0,1,mobile
4460.0,78,0,0.0,1,desktop
4461.0,116,0,0.0,1,mobile
4462.0,57,1,545.34,1,desktop
4463.0,55,1,134.46,1,desktop
4464.0,79,1,92.13,1,mobile
4465.0,32,0,0.0,1,mobile
4466.0,131,1,31.09,1,mobile
4467.0,3,0,0.0,1,desktop
4468.0,57,0,0.0,1,desktop
4469.0,19,1,2690.57,1,mobile
4470.0,24,0,0.0,1,desktop
4471.0,122,1,25.21,1,mobile
4472.0,113,0,0.0,1,desktop
4473.0,132,1,25.23,1,mobile
4474.0,72,0,0.0,1,desktop
4475.0,37,0,0.0,1,desktop
4476.0,117,1,161.33,1,desktop
4477.0,119,1,47.16,1,mobile
4478.0,129,1,267.96,1,mobile
4479.0,86,1,83.74,1,desktop
4480.0,39,0,0.0,1,mobile
4481.0,42,0,0.0,1,mobile
4482.0,62,1,215.99,1,mobile
4483.0,121,1,1663.55,1,mobile
4484.0,105,0,0.0,1,desktop
4485.0,38,0,0.0,1,desktop
4486.0,67,0,0.0,1,desktop
4487.0,82,0,0.0,1,mobile
4488.0,27,0,0.0,1,mobile
4489.0,125,1,18.04,1,mobile
4490.0,60,1,384.01,1,mobile
4491.0,65,0,0.0,1,mobile
4492.0,109,1,197.81,1,desktop
4493.0,104,0,0.0,1,mobile
4494.0,122,1,25.48,1,mobile
4495.0,46,0,0.0,1,desktop
4496.0,73,0,0.0,1,mobile
4497.0,55,0,0.0,1,tablet
4498.0,66,1,8.81,1,mobile
4499.0,123,0,0.0,1,mobile
4500.0,44,0,0.0,1,mobile
4501.0,82,0,0.0,1,mobile
4502.0,126,0,0.0,1,mobile
4503.0,76,2,780.72,1,mobile
4504.0,43,0,0.0,1,mobile
4505.0,178,1,14.97,2,desktop
4506.0,46,0,0.0,1,desktop
4507.0,53,0,0.0,1,desktop
4508.0,41,0,0.0,1,mobile
4509.0,75,0,0.0,1,desktop
4510.0,47,0,0.0,1,tablet
4511.0,36,0,0.0,1,mobile
4512.0,72,0,0.0,1,desktop
4513.0,126,1,543.64,1,mobile
4514.0,71,0,0.0,1,mobile
4515.0,62,0,0.0,1,desktop
4516.0,115,0,0.0,1,mobile
4517.0,120,0,0.0,1,mobile
4518.0,126,0,0.0,1,mobile
4519.0,60,0,0.0,1,mobile
4520.0,50,0,0.0,1,mobile
4521.0,84,0,0.0,1,mobile
4522.0,30,0,0.0,1,mobile
4523.0,122,3,1546.54,1,mobile
4524.0,114,2,1024.54,1,tablet
4525.0,111,0,0.0,1,desktop
4526.0,20,0,0.0,1,mobile
4527.0,59,1,598.92,1,desktop
4528.0,53,1,346.36,1,desktop
4529.0,63,0,0.0,1,mobile
4530.0,45,0,0.0,1,desktop
4531.0,119,1,43.53,1,desktop
4532.0,48,0,0.0,1,mobile
4533.0,66,2,568.0799999999999,1,mobile
4534.0,7,0,0.0,1,mobile
4535.0,65,1,145.69,1,mobile
4536.0,55,1,146.63,1,desktop
4537.0,38,0,0.0,1,mobile
4538.0,81,0,0.0,1,desktop
4539.0,110,1,460.66,1,desktop
4540.0,123,0,0.0,1,mobile
4541.0,107,1,45.09,1,desktop
4542.0,72,0,0.0,1,mobile
4543.0,54,0,0.0,1,mobile
4544.0,118,0,0.0,1,mobile
4545.0,71,3,290.58,1,mobile
4546.0,42,0,0.0,1,mobile
4547.0,27,0,0.0,1,mobile
4548.0,96,1,152.08,1,mobile
4549.0,91,2,136.16,1,mobile
4550.0,129,0,0.0,1,mobile
4551.0,133,1,301.58,1,mobile
4552.0,46,1,561.15,1,tablet
4553.0,64,2,13.64,1,mobile
4554.0,122,2,1298.27,1,desktop
4555.0,111,0,0.0,1,mobile
4556.0,115,0,0.0,1,mobile
4557.0,117,2,775.5799999999999,1,desktop
4558.0,102,0,0.0,1,mobile
4559.0,117,0,0.0,1,desktop
4560.0,8,0,0.0,1,desktop
4561.0,107,1,260.11,1,mobile
4562.0,115,0,0.0,1,mobile
4563.0,119,0,0.0,1,mobile
4564.0,98,1,110.25,1,mobile
4565.0,32,0,0.0,1,desktop
4566.0,116,0,0.0,1,tablet
4567.0,117,2,1048.6599999999999,1,mobile
4568.0,125,1,172.41,1,mobile
4569.0,104,1,43.51,1,desktop
4570.0,63,0,0.0,1,desktop
4571.0,56,0,0.0,1,tablet
4572.0,56,0,0.0,1,desktop
4573.0,39,0,0.0,1,mobile
4574.0,89,0,0.0,1,desktop
4575.0,31,0,0.0,1,mobile
4576.0,37,0,0.0,1,tablet
4577.0,50,0,0.0,1,mobile
4578.0,117,0,0.0,1,desktop
4579.0,30,0,0.0,1,mobile
4580.0,119,1,662.78,1,desktop
4581.0,90,0,0.0,1,mobile
4582.0,25,0,0.0,1,mobile
4583.0,58,0,0.0,1,desktop
4584.0,47,1,90.81,1,mobile
4585.0,63,0,0.0,1,desktop
4586.0,67,0,0.0,1,desktop
4587.0,168,1,125.32,2,desktop
4588.0,25,0,0.0,1,mobile
4589.0,27,0,0.0,1,desktop
4590.0,47,0,0.0,1,desktop
4591.0,114,0,0.0,1,mobile
4592.0,60,0,0.0,1,mobile
4593.0,76,0,0.0,1,desktop
4594.0,118,0,0.0,1,desktop
4595.0,12,0,0.0,1,mobile
4596.0,94,0,0.0,1,mobile
4597.0,123,1,92.22,1,tablet
4598.0,125,2,66.33,1,mobile
4599.0,114,0,0.0,1,desktop
4600.0,113,4,111.97,1,mobile
4601.0,113,3,941.65,1,mobile
4602.0,44,1,202.83,1,mobile
4603.0,80,0,0.0,1,mobile
4604.0,54,1,236.14,1,desktop
4605.0,71,0,0.0,1,mobile
4606.0,47,0,0.0,1,desktop
4607.0,78,0,0.0,1,desktop
4608.0,141,0,0.0,1,mobile
4609.0,128,0,0.0,1,desktop
4610.0,73,1,69.83,1,mobile
4611.0,43,0,0.0,1,desktop
4613.0,33,0,0.0,1,mobile
4614.0,75,0,0.0,1,mobile
4615.0,10,0,0.0,1,desktop
4616.0,102,0,0.0,1,mobile
4617.0,108,0,0.0,1,mobile
4618.0,122,2,23.630000000000003,1,desktop
4619.0,122,0,0.0,1,desktop
4620.0,14,0,0.0,1,mobile
4621.0,103,0,0.0,1,desktop
4622.0,123,1,205.66,1,desktop
4623.0,29,0,0.0,1,desktop
4624.0,75,0,0.0,1,mobile
4625.0,117,2,783.29,1,mobile
4626.0,106,1,52.33,1,mobile
4627.0,128,0,0.0,1,mobile
4628.0,117,1,64.12,1,mobile
4629.0,110,0,0.0,1,mobile
4630.0,145,0,0.0,1,mobile
4631.0,127,2,55.82,1,desktop
4632.0,36,1,743.45,1,mobile
4633.0,89,1,777.74,1,mobile
4634.0,4,0,0.0,1,desktop
4635.0,75,0,0.0,1,mobile
4636.0,45,1,94.8,1,mobile
4637.0,118,0,0.0,1,mobile
4638.0,25,0,0.0,1,mobile
4639.0,64,0,0.0,1,mobile
4640.0,38,0,0.0,1,mobile
4641.0,130,0,0.0,1,mobile
4642.0,101,2,3010.74,1,desktop
4643.0,122,2,257.26,1,mobile
4644.0,76,0,0.0,1,desktop
4645.0,53,0,0.0,1,mobile
4646.0,72,0,0.0,1,mobile
4647.0,38,0,0.0,1,desktop
4648.0,33,0,0.0,1,mobile
4649.0,63,0,0.0,1,desktop
4650.0,23,0,0.0,1,desktop
4651.0,127,0,0.0,1,mobile
4652.0,52,2,14.829999999999998,1,desktop
4653.0,21,0,0.0,1,mobile
4654.0,37,0,0.0,1,mobile
4655.0,48,0,0.0,1,mobile
4656.0,67,0,0.0,1,mobile
4657.0,53,0,0.0,1,desktop
4658.0,57,0,0.0,1,mobile
4659.0,80,0,0.0,1,mobile
4660.0,4,0,0.0,1,desktop
4661.0,23,0,0.0,1,desktop
4662.0,25,0,0.0,1,mobile
4663.0,120,1,3.52,1,mobile
4664.0,65,0,0.0,1,mobile
4665.0,74,0,0.0,1,mobile
4666.0,85,1,19.49,1,desktop
4667.0,42,1,29.06,1,mobile
4668.0,128,0,0.0,1,mobile
4669.0,129,0,0.0,1,mobile
4670.0,208,2,109.13,2,mobile
4671.0,112,0,0.0,1,tablet
4672.0,125,0,0.0,1,mobile
4673.0,146,1,12.39,1,desktop
4674.0,23,0,0.0,1,desktop
4675.0,70,0,0.0,1,desktop
4676.0,9,0,0.0,1,mobile
4677.0,107,1,17.72,1,desktop
4678.0,53,2,142.95,1,mobile
4679.0,31,1,344.02,1,desktop
4680.0,9,0,0.0,1,mobile
4681.0,28,1,37.94,1,tablet
4682.0,128,1,11.91,1,desktop
4683.0,124,0,0.0,1,mobile
4684.0,44,0,0.0,1,mobile
4685.0,88,2,2856.0099999999998,1,desktop
4686.0,9,0,0.0,1,desktop
4687.0,45,0,0.0,1,mobile
4688.0,89,1,26.21,1,mobile
4689.0,121,1,15.62,1,mobile
4690.0,95,2,267.28,1,mobile
4691.0,20,0,0.0,1,tablet
4692.0,132,1,54.47,1,mobile
4693.0,109,0,0.0,1,mobile
4694.0,39,0,0.0,1,mobile
4695.0,73,0,0.0,1,mobile
4696.0,101,0,0.0,1,mobile
4697.0,10,0,0.0,1,mobile
4698.0,50,0,0.0,1,mobile
4699.0,93,0,0.0,1,desktop
4700.0,118,0,0.0,1,mobile
4701.0,119,0,0.0,1,mobile
4702.0,128,2,42.1,1,mobile
4703.0,141,1,98.24,1,mobile
4704.0,123,1,143.09,1,desktop
4705.0,53,1,46.17,1,desktop
4706.0,64,0,0.0,1,mobile
4707.0,114,0,0.0,1,mobile
4708.0,21,0,0.0,1,desktop
4709.0,32,0,0.0,1,desktop
4710.0,38,0,0.0,1,desktop
4711.0,28,0,0.0,1,desktop
4712.0,35,0,0.0,1,mobile
4713.0,68,0,0.0,1,tablet
4714.0,70,0,0.0,1,tablet
4715.0,112,0,0.0,1,desktop
4716.0,110,1,189.43,1,mobile
4717.0,68,0,0.0,1,desktop
4718.0,27,0,0.0,1,mobile
4719.0,49,0,0.0,1,mobile
4720.0,108,0,0.0,1,desktop
4721.0,126,2,131.75,1,mobile
4722.0,122,0,0.0,1,desktop
4723.0,60,2,385.87,1,mobile
4724.0,80,0,0.0,1,desktop
4725.0,92,1,22.39,1,mobile
4726.0,9,0,0.0,1,desktop
4727.0,43,0,0.0,1,mobile
4728.0,102,0,0.0,1,mobile
4729.0,129,0,0.0,1,tablet
4730.0,84,0,0.0,1,mobile
4731.0,36,1,1515.91,1,mobile
4732.0,43,0,0.0,1,mobile
4733.0,66,0,0.0,1,mobile
4734.0,118,1,47.93,1,desktop
4735.0,65,0,0.0,1,desktop
4736.0,60,0,0.0,1,mobile
4737.0,29,0,0.0,1,mobile
4738.0,20,0,0.0,1,tablet
4739.0,64,0,0.0,1,mobile
4740.0,52,0,0.0,1,mobile
4741.0,63,0,0.0,1,desktop
4742.0,2,0,0.0,1,mobile
4743.0,117,3,854.19,1,desktop
4744.0,108,0,0.0,1,desktop
4745.0,10,0,0.0,1,mobile
4746.0,86,0,0.0,1,mobile
4747.0,34,0,0.0,1,desktop
4748.0,28,0,0.0,1,mobile
4749.0,49,0,0.0,1,desktop
4750.0,122,2,6459.87,1,desktop
4751.0,119,1,135.73,1,desktop
4752.0,108,1,118.93,1,desktop
4753.0,58,0,0.0,1,mobile
4754.0,50,0,0.0,1,desktop
4755.0,119,0,0.0,1,desktop
4756.0,106,0,0.0,1,mobile
4757.0,56,0,0.0,1,mobile
4758.0,81,0,0.0,1,mobile
4759.0,123,1,600.43,1,desktop
4760.0,78,1,85.21,1,mobile
4761.0,15,0,0.0,1,mobile
4762.0,111,2,1233.62,1,mobile
4763.0,116,0,0.0,1,mobile
4764.0,34,0,0.0,1,mobile
4765.0,50,0,0.0,1,mobile
4766.0,37,0,0.0,1,desktop
4767.0,139,1,53.17,1,mobile
4768.0,151,1,185.37,1,mobile
4769.0,124,1,219.38,1,mobile
4770.0,117,0,0.0,1,mobile
4771.0,118,0,0.0,1,mobile
4772.0,74,0,0.0,1,mobile
4773.0,49,0,0.0,1,mobile
4774.0,11,0,0.0,1,mobile
4775.0,30,2,661.55,1,mobile
4776.0,54,0,0.0,1,desktop
4777.0,44,0,0.0,1,mobile
4778.0,2,0,0.0,1,mobile
4779.0,118,1,144.39,1,desktop
4780.0,233,0,0.0,2,mobile
4781.0,133,1,63.37,1,mobile
4782.0,181,3,3540.59,2,mobile
4783.0,38,0,0.0,1,desktop
4784.0,155,1,29.36,2,tablet
4785.0,133,0,0.0,1,tablet
4786.0,115,0,0.0,1,mobile
4787.0,113,0,0.0,1,desktop
4788.0,9,0,0.0,1,mobile
4789.0,82,0,0.0,1,mobile
4790.0,38,0,0.0,1,mobile
4791.0,129,1,57.1,1,mobile
4792.0,117,0,0.0,1,desktop
4793.0,131,1,212.39,1,mobile
4794.0,66,0,0.0,1,mobile
4795.0,65,1,44.85,1,desktop
4796.0,108,0,0.0,1,mobile
4797.0,137,0,0.0,1,desktop
4798.0,115,1,143.03,1,mobile
4799.0,110,0,0.0,1,desktop
4800.0,163,2,148.73,2,desktop
4801.0,64,1,16.38,1,desktop
4802.0,64,5,104.75,1,mobile
4803.0,66,0,0.0,1,mobile
4804.0,30,0,0.0,1,mobile
4805.0,124,1,2149.15,1,desktop
4806.0,125,1,12.65,1,mobile
4807.0,124,1,38.23,1,desktop
4808.0,118,0,0.0,1,mobile
4809.0,45,1,349.03,1,desktop
4810.0,77,0,0.0,1,desktop
4811.0,138,1,109.34,1,mobile
4812.0,20,0,0.0,1,desktop
4813.0,103,0,0.0,1,mobile
4814.0,31,1,611.39,1,desktop
4815.0,91,2,318.94,1,mobile
4816.0,54,0,0.0,1,mobile
4817.0,45,0,0.0,1,mobile
4818.0,12,0,0.0,1,mobile
4819.0,30,0,0.0,1,mobile
4820.0,75,0,0.0,1,desktop
4821.0,125,1,2381.24,1,desktop
4822.0,135,0,0.0,1,mobile
4823.0,144,1,109.41,1,desktop
4824.0,102,0,0.0,1,mobile
4825.0,122,0,0.0,1,mobile
4826.0,17,0,0.0,1,mobile
4827.0,21,0,0.0,1,tablet
4828.0,82,1,284.5,1,mobile
4829.0,120,0,0.0,1,desktop
4830.0,16,0,0.0,1,desktop
4831.0,73,0,0.0,1,desktop
4832.0,140,2,63.199999999999996,1,desktop
4833.0,139,1,88.48,1,mobile
4834.0,118,1,23.55,1,mobile
4835.0,122,1,78.12,1,mobile
4836.0,116,0,0.0,1,mobile
4837.0,38,0,0.0,1,mobile
4838.0,41,0,0.0,1,mobile
4839.0,38,0,0.0,1,mobile
4840.0,11,0,0.0,1,mobile
4841.0,84,0,0.0,1,mobile
4842.0,107,1,114.81,1,desktop
4843.0,114,0,0.0,1,mobile
4844.0,92,1,543.27,1,mobile
4845.0,17,0,0.0,1,mobile
4846.0,2,0,0.0,1,desktop
4847.0,119,0,0.0,1,mobile
4848.0,147,2,82.86,1,mobile
4849.0,82,0,0.0,1,desktop
4850.0,44,0,0.0,1,desktop
4851.0,113,1,16.87,1,mobile
4852.0,122,0,0.0,1,mobile
4853.0,30,0,0.0,1,desktop
4854.0,93,0,0.0,1,desktop
4855.0,137,0,0.0,1,mobile
4856.0,131,1,21.62,1,mobile
4857.0,115,0,0.0,1,desktop
4858.0,53,1,408.15,1,mobile
4859.0,63,0,0.0,1,mobile
4860.0,120,0,0.0,1,mobile
4861.0,128,1,51.34,1,mobile
4862.0,117,0,0.0,1,desktop
4863.0,129,0,0.0,1,tablet
4864.0,25,0,0.0,1,desktop
4865.0,93,0,0.0,1,mobile
4866.0,26,0,0.0,1,desktop
4867.0,108,0,0.0,1,mobile
4868.0,103,1,46.35,1,mobile
4869.0,21,0,0.0,1,mobile
4870.0,117,2,46.8,1,mobile
4871.0,106,0,0.0,1,desktop
4872.0,101,0,0.0,1,mobile
4873.0,17,0,0.0,1,mobile
4874.0,104,0,0.0,1,desktop
4875.0,23,0,0.0,1,mobile
4876.0,99,0,0.0,1,mobile
4877.0,122,1,154.56,1,tablet
4878.0,118,1,22.05,1,mobile
4879.0,104,0,0.0,1,mobile
4880.0,63,2,71.86,1,mobile
4881.0,62,0,0.0,1,desktop
4882.0,66,2,105.07,1,mobile
4883.0,109,0,0.0,1,mobile
4884.0,29,0,0.0,1,desktop
4885.0,95,0,0.0,1,mobile
4886.0,119,2,55.78,1,desktop
4887.0,105,0,0.0,1,mobile
4888.0,85,0,0.0,1,mobile
4889.0,133,1,13.87,1,mobile
4890.0,114,1,186.07,1,desktop
4891.0,126,0,0.0,1,mobile
4892.0,52,0,0.0,1,desktop
4893.0,47,0,0.0,1,desktop
4894.0,42,0,0.0,1,mobile
4895.0,101,0,0.0,1,mobile
4896.0,58,0,0.0,1,tablet
4897.0,70,0,0.0,1,mobile
4898.0,103,2,512.5,1,mobile
4899.0,54,0,0.0,1,mobile
4900.0,63,0,0.0,1,mobile
4901.0,140,1,4.22,1,mobile
4902.0,63,0,0.0,1,mobile
4903.0,46,0,0.0,1,tablet
4904.0,108,2,25.09,1,mobile
4905.0,120,2,2836.2900000000004,1,mobile
4906.0,28,1,3.22,1,mobile
4907.0,25,0,0.0,1,mobile
4908.0,77,1,109.29,1,mobile
4909.0,96,1,23.75,1,desktop
4910.0,117,2,89.66,1,mobile
4911.0,108,0,0.0,1,desktop
4912.0,116,1,553.65,1,desktop
4913.0,76,0,0.0,1,mobile
4914.0,44,0,0.0,1,tablet
4915.0,121,0,0.0,1,tablet
4916.0,130,1,254.1,1,mobile
4917.0,117,1,97.37,1,mobile
4918.0,38,0,0.0,1,tablet
4919.0,92,0,0.0,1,mobile
4920.0,131,1,42.76,1,mobile
4921.0,67,0,0.0,1,mobile
4922.0,49,0,0.0,1,mobile
4923.0,124,1,33.9,1,desktop
4924.0,152,1,117.71,1,tablet
4925.0,100,0,0.0,1,mobile
4927.0,11,0,0.0,1,mobile
4928.0,119,0,0.0,1,desktop
4929.0,113,0,0.0,1,mobile
4930.0,26,0,0.0,1,mobile
4931.0,31,0,0.0,1,mobile
4932.0,33,0,0.0,1,mobile
4933.0,20,0,0.0,1,desktop
4934.0,119,1,19.7,1,mobile
4935.0,107,1,15.0,1,mobile
4936.0,116,2,68.34,1,desktop
4937.0,114,0,0.0,1,desktop
4938.0,20,0,0.0,1,mobile
4939.0,87,1,216.12,1,desktop
4940.0,121,0,0.0,1,mobile
4941.0,80,0,0.0,1,mobile
4942.0,43,0,0.0,1,mobile
4943.0,106,1,1548.4,1,desktop
4944.0,107,0,0.0,1,mobile
4945.0,135,1,30.92,2,mobile
4946.0,48,0,0.0,1,mobile
4947.0,66,0,0.0,1,desktop
4948.0,108,0,0.0,1,mobile
4949.0,104,1,91.57,1,mobile
4950.0,130,0,0.0,1,desktop
4951.0,113,0,0.0,1,mobile
4952.0,102,0,0.0,1,mobile
4953.0,69,0,0.0,1,mobile
4954.0,37,0,0.0,1,mobile
4955.0,19,0,0.0,1,mobile
4956.0,135,1,5.95,1,desktop
4957.0,112,1,34.91,1,desktop
4958.0,130,0,0.0,1,desktop
4959.0,115,1,246.01,1,mobile
4960.0,52,0,0.0,1,mobile
4961.0,79,1,12.39,1,mobile
4962.0,57,0,0.0,1,desktop
4963.0,28,0,0.0,1,mobile
4964.0,39,2,533.55,1,desktop
4965.0,57,0,0.0,1,mobile
4966.0,41,0,0.0,1,desktop
4967.0,79,0,0.0,1,desktop
4968.0,41,0,0.0,1,mobile
4969.0,71,0,0.0,1,mobile
4970.0,49,0,0.0,1,desktop
4971.0,126,0,0.0,1,tablet
4972.0,120,1,102.15,1,mobile
4973.0,62,0,0.0,1,desktop
4974.0,78,0,0.0,1,desktop
4975.0,26,0,0.0,1,mobile
4976.0,48,0,0.0,1,mobile
4977.0,25,0,0.0,1,mobile
4978.0,21,0,0.0,1,mobile
4979.0,23,0,0.0,1,desktop
4980.0,107,0,0.0,1,mobile
4981.0,34,0,0.0,1,desktop
4982.0,85,3,1240.6299999999999,1,desktop
4983.0,142,0,0.0,1,mobile
4984.0,72,0,0.0,1,mobile
4985.0,42,0,0.0,1,mobile
4986.0,57,0,0.0,1,mobile
4987.0,82,1,4.35,1,mobile
4988.0,35,0,0.0,1,desktop
4989.0,24,0,0.0,1,desktop
4990.0,59,0,0.0,1,tablet
4991.0,31,0,0.0,1,mobile
4992.0,73,1,15.12,1,mobile
4993.0,123,0,0.0,1,mobile
4994.0,19,0,0.0,1,mobile
4995.0,95,0,0.0,1,mobile
4996.0,126,1,33.42,1,mobile
4997.0,140,1,1083.08,1,mobile
4998.0,67,0,0.0,1,mobile
4999.0,56,0,0.0,1,mobile
5000.0,36,0,0.0,1,mobile
5001.0,91,1,2366.96,1,desktop
5002.0,39,0,0.0,1,mobile
5003.0,71,0,0.0,1,mobile
5004.0,98,0,0.0,1,mobile
5005.0,137,2,499.75,1,mobile
5006.0,108,0,0.0,1,mobile
5007.0,35,0,0.0,1,tablet
5008.0,63,2,44.41,1,mobile
5009.0,17,0,0.0,1,desktop
5010.0,101,0,0.0,1,mobile
5011.0,104,0,0.0,1,desktop
5012.0,128,2,99.1,1,mobile
5013.0,51,0,0.0,1,mobile
5014.0,67,1,18.69,1,mobile
5015.0,112,0,0.0,1,mobile
5016.0,129,0,0.0,1,mobile
5017.0,49,0,0.0,1,mobile
5018.0,57,0,0.0,1,mobile
5019.0,130,2,110.16999999999999,1,mobile
5020.0,112,1,33.52,1,desktop
5021.0,54,1,194.95,1,mobile
5022.0,71,1,26.71,1,mobile
5023.0,105,0,0.0,1,mobile
5024.0,119,2,1327.8,1,mobile
5025.0,21,0,0.0,1,desktop
5026.0,59,1,69.59,1,mobile
5027.0,184,2,26866.109999999997,2,mobile
5028.0,118,3,271.68,1,desktop
5029.0,17,0,0.0,1,desktop
5030.0,58,1,211.23,1,desktop
5031.0,42,0,0.0,1,mobile
5032.0,115,0,0.0,1,desktop
5033.0,124,1,16.61,1,mobile
5034.0,114,2,424.8,1,desktop
5035.0,106,0,0.0,1,mobile
5036.0,13,0,0.0,1,mobile
5037.0,8,0,0.0,1,mobile
5038.0,48,1,93.61,1,mobile
5039.0,8,0,0.0,1,mobile
5040.0,45,0,0.0,1,mobile
5041.0,126,0,0.0,1,mobile
5042.0,32,0,0.0,1,mobile
5043.0,59,0,0.0,1,mobile
5044.0,44,1,32.82,1,desktop
5045.0,81,0,0.0,1,desktop
5046.0,36,0,0.0,1,desktop
5047.0,33,0,0.0,1,desktop
5048.0,56,1,374.19,1,mobile
5049.0,41,0,0.0,1,mobile
5050.0,115,0,0.0,1,mobile
5051.0,3,0,0.0,1,desktop
5052.0,74,0,0.0,1,mobile
5053.0,62,0,0.0,1,mobile
5054.0,31,0,0.0,1,tablet
5055.0,27,0,0.0,1,desktop
5056.0,49,0,0.0,1,desktop
5057.0,70,0,0.0,1,desktop
5058.0,60,1,98.03,1,mobile
5059.0,15,0,0.0,1,desktop
5060.0,90,1,88.07,1,mobile
5061.0,120,0,0.0,1,mobile
5062.0,111,0,0.0,1,desktop
5063.0,73,1,1537.73,1,mobile
5064.0,53,2,2626.02,1,desktop
5065.0,122,0,0.0,1,mobile
5066.0,123,3,1411.5,1,mobile
5067.0,83,0,0.0,1,mobile
5068.0,36,0,0.0,1,desktop
5069.0,55,0,0.0,1,mobile
5070.0,64,0,0.0,1,mobile
5071.0,42,0,0.0,1,mobile
5072.0,37,0,0.0,1,mobile
5073.0,116,1,41.32,1,desktop
5074.0,132,0,0.0,1,mobile
5075.0,130,1,361.37,1,desktop
5076.0,41,0,0.0,1,mobile
5077.0,41,1,922.95,1,mobile
5078.0,37,1,59.2,1,desktop
5079.0,121,0,0.0,1,mobile
5080.0,57,0,0.0,1,mobile
5081.0,52,0,0.0,1,desktop
5082.0,30,1,72.97,1,desktop
5083.0,128,3,668.81,1,desktop
5084.0,129,2,958.95,1,mobile
5085.0,50,0,0.0,1,desktop
5086.0,68,0,0.0,1,desktop
5087.0,32,0,0.0,1,mobile
5088.0,81,0,0.0,1,mobile
5089.0,114,0,0.0,1,tablet
5090.0,127,0,0.0,1,mobile
5091.0,124,2,31.700000000000003,1,desktop
5092.0,23,0,0.0,1,mobile
5093.0,101,0,0.0,1,mobile
5094.0,131,1,13.21,1,mobile
5095.0,121,0,0.0,1,desktop
5096.0,105,0,0.0,1,mobile
5097.0,114,2,95.82000000000001,1,mobile
5098.0,66,0,0.0,1,desktop
5099.0,50,0,0.0,1,mobile
5100.0,88,0,0.0,1,desktop
5101.0,34,1,268.35,1,desktop
5102.0,22,0,0.0,1,mobile
5103.0,23,0,0.0,1,desktop
5104.0,33,2,743.85,1,mobile
5105.0,44,0,0.0,1,desktop
5106.0,60,0,0.0,1,mobile
5107.0,57,0,0.0,1,desktop
5108.0,111,1,178.27,1,desktop
5109.0,113,0,0.0,1,mobile
5110.0,69,1,66.39,1,mobile
5111.0,56,0,0.0,1,mobile
5112.0,105,1,2180.67,1,mobile
5113.0,127,0,0.0,1,desktop
5114.0,113,0,0.0,1,desktop
5115.0,35,0,0.0,1,mobile
5116.0,15,0,0.0,1,mobile
5117.0,54,0,0.0,1,desktop
5118.0,107,0,0.0,1,mobile
5119.0,128,4,1287.6100000000001,1,mobile
5120.0,30,0,0.0,1,desktop
5121.0,89,1,249.33,1,desktop
5122.0,6,0,0.0,1,desktop
5123.0,102,1,3.83,1,desktop
5124.0,138,1,4.78,1,mobile
5125.0,105,0,0.0,1,mobile
5126.0,133,3,1343.94,1,mobile
5127.0,109,0,0.0,1,desktop
5128.0,124,0,0.0,1,desktop
5129.0,136,2,1227.26,1,mobile
5130.0,83,1,431.0,1,desktop
5131.0,51,0,0.0,1,mobile
5132.0,117,0,0.0,1,mobile
5133.0,35,0,0.0,1,desktop
5134.0,80,0,0.0,1,mobile
5135.0,107,0,0.0,1,mobile
5136.0,129,0,0.0,1,mobile
5137.0,21,0,0.0,1,mobile
5138.0,119,0,0.0,1,mobile
5139.0,116,0,0.0,1,mobile
5140.0,106,1,128.14,1,desktop
5141.0,58,1,9.81,1,desktop
5142.0,29,0,0.0,1,desktop
5143.0,20,0,0.0,1,mobile
5144.0,80,0,0.0,1,mobile
5145.0,45,0,0.0,1,mobile
5146.0,42,0,0.0,1,mobile
5147.0,82,0,0.0,1,mobile
5148.0,133,1,4326.24,1,mobile
5149.0,36,0,0.0,1,desktop
5150.0,78,0,0.0,1,mobile
5151.0,121,1,18.33,2,mobile
5152.0,131,0,0.0,1,mobile
5153.0,106,0,0.0,1,mobile
5154.0,86,1,291.52,1,mobile
5155.0,49,0,0.0,1,mobile
5156.0,115,0,0.0,1,desktop
5157.0,98,0,0.0,1,desktop
5158.0,22,0,0.0,1,mobile
5159.0,115,1,195.74,1,desktop
5160.0,105,1,22.19,1,desktop
5161.0,132,0,0.0,1,mobile
5162.0,19,0,0.0,1,desktop
5163.0,87,0,0.0,1,mobile
5164.0,114,0,0.0,1,mobile
5165.0,120,0,0.0,1,tablet
5166.0,55,1,58.1,1,mobile
5167.0,62,0,0.0,1,tablet
5168.0,101,0,0.0,1,desktop
5169.0,117,0,0.0,1,mobile
5170.0,12,0,0.0,1,mobile
5171.0,92,0,0.0,1,mobile
5172.0,29,0,0.0,1,desktop
5173.0,12,0,0.0,1,mobile
5174.0,87,1,10.02,1,mobile
5175.0,137,0,0.0,1,mobile
5176.0,105,0,0.0,1,mobile
5177.0,21,0,0.0,1,mobile
5178.0,127,0,0.0,1,mobile
5179.0,127,0,0.0,1,desktop
5180.0,127,1,2229.88,1,mobile
5181.0,25,0,0.0,1,mobile
5182.0,5,0,0.0,1,mobile
5183.0,45,0,0.0,1,mobile
5184.0,42,2,668.34,1,mobile
5185.0,124,0,0.0,1,desktop
5186.0,22,0,0.0,1,desktop
5187.0,48,0,0.0,1,mobile
5188.0,22,0,0.0,1,mobile
5189.0,132,0,0.0,1,desktop
5190.0,111,0,0.0,1,desktop
5191.0,114,0,0.0,1,mobile
5192.0,108,0,0.0,1,desktop
5193.0,239,0,0.0,2,mobile
5194.0,133,2,196.10000000000002,1,desktop
5195.0,71,0,0.0,1,mobile
5196.0,35,0,0.0,1,desktop
5197.0,44,0,0.0,1,mobile
5198.0,68,1,281.02,1,mobile
5199.0,28,1,465.98,1,mobile
5201.0,18,0,0.0,1,desktop
5202.0,67,1,716.25,1,mobile
5203.0,115,0,0.0,1,mobile
5204.0,77,0,0.0,1,mobile
5205.0,47,0,0.0,1,desktop
5206.0,128,1,109.19,1,tablet
5207.0,127,1,41.75,1,desktop
5208.0,125,0,0.0,1,mobile
5209.0,47,0,0.0,1,mobile
5210.0,22,0,0.0,1,mobile
5211.0,64,1,377.72,1,mobile
5212.0,122,0,0.0,1,desktop
5213.0,134,1,71.36,1,mobile
5214.0,125,0,0.0,1,desktop
5215.0,106,3,3958.2799999999997,1,mobile
5216.0,121,2,14.0,1,desktop
5217.0,42,0,0.0,1,mobile
5218.0,75,1,12.03,1,mobile
5219.0,107,1,731.15,1,mobile
5220.0,115,3,83.76,1,mobile
5221.0,120,1,46.46,1,mobile
5222.0,132,1,511.16,1,desktop
5223.0,124,0,0.0,1,mobile
5224.0,121,2,941.88,1,mobile
5225.0,115,1,1127.28,1,mobile
5226.0,131,0,0.0,1,tablet
5227.0,99,0,0.0,1,desktop
5228.0,35,0,0.0,1,mobile
5229.0,81,1,586.64,1,desktop
5230.0,50,1,4126.99,1,desktop
5231.0,58,1,984.23,1,desktop
5232.0,123,0,0.0,1,desktop
5233.0,113,0,0.0,1,mobile
5234.0,31,0,0.0,1,desktop
5235.0,109,1,76.42,1,mobile
5236.0,48,0,0.0,1,mobile
5237.0,50,0,0.0,1,mobile
5238.0,27,0,0.0,1,mobile
5239.0,95,0,0.0,1,mobile
5240.0,35,1,1248.51,1,mobile
5241.0,132,0,0.0,1,mobile
5242.0,128,1,20.38,1,desktop
5243.0,135,0,0.0,1,mobile
5244.0,128,1,17.18,1,mobile
5245.0,119,0,0.0,1,desktop
5246.0,58,0,0.0,1,desktop
5247.0,63,0,0.0,1,mobile
5248.0,27,0,0.0,1,mobile
5249.0,55,0,0.0,1,mobile
5250.0,28,1,17.44,1,mobile
5251.0,82,1,26.26,1,mobile
5252.0,6,0,0.0,1,mobile
5253.0,108,0,0.0,1,desktop
5254.0,28,0,0.0,1,mobile
5255.0,53,0,0.0,1,mobile
5256.0,44,0,0.0,1,desktop
5257.0,103,1,101.4,1,desktop
5258.0,41,0,0.0,1,mobile
5259.0,130,0,0.0,1,desktop
5260.0,44,0,0.0,1,mobile
5261.0,52,1,30.32,1,desktop
5262.0,32,0,0.0,1,mobile
5263.0,21,0,0.0,1,mobile
5264.0,44,1,180.47,1,mobile
5265.0,51,0,0.0,1,desktop
5266.0,125,0,0.0,1,desktop
5267.0,68,0,0.0,1,desktop
5268.0,61,1,133.29,1,mobile
5269.0,56,0,0.0,1,desktop
5270.0,56,0,0.0,1,mobile
5271.0,75,1,29.97,1,desktop
5272.0,121,2,62.839999999999996,1,mobile
5273.0,121,0,0.0,1,desktop
5274.0,28,0,0.0,1,mobile
5275.0,25,0,0.0,1,mobile
5276.0,21,0,0.0,1,mobile
5277.0,27,0,0.0,1,mobile
5278.0,114,1,36.18,1,desktop
5279.0,126,0,0.0,1,desktop
5280.0,135,2,61.31,1,desktop
5281.0,112,0,0.0,1,mobile
5282.0,135,2,134.07,1,mobile
5283.0,103,0,0.0,1,mobile
5284.0,108,0,0.0,1,mobile
5285.0,21,0,0.0,1,mobile
5286.0,143,1,138.93,1,mobile
5287.0,15,0,0.0,1,desktop
5288.0,42,1,304.57,1,mobile
5289.0,54,0,0.0,1,mobile
5290.0,55,0,0.0,1,mobile
5291.0,46,0,0.0,1,mobile
5292.0,106,0,0.0,1,desktop
5293.0,116,0,0.0,1,mobile
5294.0,107,1,107.99,1,mobile
5295.0,77,1,1190.46,1,mobile
5296.0,9,0,0.0,1,mobile
5297.0,27,1,184.4,1,tablet
5298.0,26,0,0.0,1,mobile
5299.0,36,1,747.13,1,desktop
5300.0,94,0,0.0,1,desktop
5301.0,72,1,48.1,1,mobile
5302.0,49,0,0.0,1,desktop
5303.0,10,0,0.0,1,desktop
5304.0,71,0,0.0,1,tablet
5306.0,35,0,0.0,1,desktop
5307.0,129,0,0.0,1,mobile
5308.0,17,0,0.0,1,mobile
5309.0,38,0,0.0,1,desktop
5310.0,70,0,0.0,1,desktop
5311.0,55,2,3122.5499999999997,1,mobile
5312.0,73,1,2649.27,1,mobile
5313.0,115,1,106.36,1,mobile
5314.0,23,0,0.0,1,mobile
5315.0,52,0,0.0,1,tablet
5316.0,119,1,31.39,1,desktop
5317.0,113,0,0.0,1,mobile
5318.0,113,1,112.38,1,desktop
5319.0,57,0,0.0,1,mobile
5320.0,69,0,0.0,1,desktop
5321.0,64,1,56.27,1,desktop
5322.0,59,1,3.52,1,desktop
5323.0,127,1,288.77,1,tablet
5324.0,116,0,0.0,1,mobile
5325.0,113,1,53.56,1,mobile
5326.0,117,0,0.0,1,desktop
5327.0,53,0,0.0,1,mobile
5328.0,62,1,384.73,1,mobile
5329.0,101,2,2036.46,1,mobile
5330.0,14,0,0.0,1,desktop
5331.0,133,0,0.0,1,mobile
5332.0,97,0,0.0,1,mobile
5333.0,123,1,46.17,1,mobile
5334.0,42,1,269.64,1,desktop
5335.0,35,0,0.0,1,desktop
5336.0,30,1,585.66,1,tablet
5337.0,128,0,0.0,1,desktop
5338.0,109,2,312.14,1,mobile
5339.0,105,0,0.0,1,desktop
5340.0,98,0,0.0,1,mobile
5341.0,67,0,0.0,1,mobile
5342.0,69,1,20.42,1,desktop
5343.0,127,0,0.0,1,mobile
5344.0,90,0,0.0,1,mobile
5345.0,43,0,0.0,1,desktop
5346.0,116,1,17.2,1,mobile
5347.0,111,0,0.0,1,desktop
5348.0,26,0,0.0,1,mobile
5349.0,79,0,0.0,1,mobile
5350.0,113,1,331.59,1,desktop
5351.0,130,2,278.7,1,mobile
5352.0,146,2,302.05,1,mobile
5353.0,32,0,0.0,1,mobile
5354.0,59,1,5.51,1,mobile
5355.0,145,1,5396.68,1,mobile
5356.0,131,0,0.0,1,mobile
5357.0,121,3,160.01999999999998,1,mobile
5358.0,108,0,0.0,1,desktop
5359.0,51,0,0.0,1,mobile
5360.0,62,1,49.55,1,mobile
5361.0,75,0,0.0,1,desktop
5362.0,48,0,0.0,1,mobile
5363.0,109,1,118.29,1,desktop
5364.0,93,2,155.64999999999998,1,mobile
5365.0,46,0,0.0,1,desktop
5366.0,119,0,0.0,1,mobile
5367.0,114,0,0.0,1,desktop
5368.0,65,0,0.0,1,desktop
5369.0,59,0,0.0,1,desktop
5370.0,97,2,424.74,1,mobile
5371.0,109,3,810.75,1,mobile
5372.0,44,0,0.0,1,desktop
5373.0,30,0,0.0,1,mobile
5374.0,43,0,0.0,1,mobile
5375.0,32,0,0.0,1,mobile
5376.0,12,1,858.36,1,mobile
5377.0,40,0,0.0,1,desktop
5378.0,84,1,8.21,1,desktop
5379.0,116,0,0.0,1,mobile
5380.0,123,2,222.53000000000003,1,mobile
5381.0,104,0,0.0,1,mobile
5382.0,123,0,0.0,1,mobile
5383.0,122,0,0.0,1,desktop
5384.0,55,0,0.0,1,mobile
5385.0,83,0,0.0,1,mobile
5386.0,96,2,290.70000000000005,1,mobile
5387.0,109,1,38.04,1,mobile
5388.0,111,0,0.0,1,mobile
5389.0,146,3,466.97,1,mobile
5390.0,86,0,0.0,1,mobile
5391.0,29,0,0.0,1,mobile
5392.0,139,2,97.78,1,desktop
5393.0,58,1,10.11,1,mobile
5394.0,52,1,69.15,1,desktop
5395.0,118,1,13.55,1,mobile
5396.0,109,1,15.09,1,mobile
5397.0,117,0,0.0,1,desktop
5398.0,114,1,41.52,1,mobile
5399.0,5,0,0.0,1,mobile
5400.0,81,1,49.57,1,desktop
5401.0,31,0,0.0,1,mobile
5402.0,7,0,0.0,1,mobile
5403.0,36,0,0.0,1,mobile
5404.0,73,0,0.0,1,desktop
5405.0,110,0,0.0,1,tablet
5406.0,54,1,130.2,1,mobile
5407.0,53,1,213.99,1,desktop
5408.0,86,1,11.77,1,desktop
5409.0,54,0,0.0,1,desktop
5410.0,152,1,199.58,1,mobile
5411.0,47,0,0.0,1,mobile
5412.0,38,0,0.0,1,desktop
5413.0,74,0,0.0,1,mobile
5414.0,49,1,11.09,1,desktop
5415.0,71,0,0.0,1,mobile
5416.0,68,0,0.0,1,mobile
5417.0,125,1,83.06,2,desktop
5418.0,108,0,0.0,1,desktop
5419.0,60,1,161.01,1,mobile
5420.0,117,1,225.6,2,mobile
5421.0,75,0,0.0,1,desktop
5422.0,20,1,449.77,1,mobile
5423.0,65,0,0.0,1,desktop
5424.0,46,1,662.24,1,mobile
5425.0,66,0,0.0,1,desktop
5426.0,27,0,0.0,1,mobile
5427.0,27,0,0.0,1,mobile
5428.0,62,0,0.0,1,mobile
5429.0,140,0,0.0,1,mobile
5430.0,103,5,1017.4100000000001,1,desktop
5431.0,112,0,0.0,1,mobile
5432.0,109,0,0.0,1,mobile
5433.0,127,3,1872.5500000000002,1,desktop
5434.0,128,1,44.92,1,mobile
5435.0,129,2,104.34,1,desktop
5436.0,55,0,0.0,1,desktop
5437.0,53,0,0.0,1,desktop
5438.0,123,1,210.02,1,desktop
5439.0,140,1,98.71,1,desktop
5440.0,119,2,602.02,1,mobile
5441.0,115,0,0.0,1,desktop
5442.0,70,0,0.0,1,mobile
5443.0,57,1,108.11,1,mobile
5444.0,116,0,0.0,1,desktop
5445.0,119,0,0.0,1,mobile
5446.0,114,1,79.98,1,mobile
5447.0,134,0,0.0,1,mobile
5448.0,72,0,0.0,1,mobile
5449.0,60,0,0.0,1,mobile
5450.0,55,0,0.0,1,desktop
5451.0,37,1,465.1,1,desktop
5452.0,44,0,0.0,1,mobile
5453.0,121,0,0.0,1,mobile
5454.0,122,1,38.88,1,mobile
5455.0,72,0,0.0,1,mobile
5456.0,51,0,0.0,1,mobile
5457.0,65,1,207.81,1,mobile
5458.0,69,1,299.27,1,mobile
5459.0,126,1,47.29,1,mobile
5460.0,38,0,0.0,1,mobile
5461.0,81,0,0.0,1,mobile
5462.0,26,1,21.05,1,desktop
5463.0,78,0,0.0,1,mobile
5465.0,123,2,722.23,1,mobile
5466.0,34,0,0.0,1,mobile
5467.0,91,1,137.49,1,mobile
5468.0,92,1,79.87,1,desktop
5469.0,32,0,0.0,1,desktop
5470.0,127,0,0.0,1,mobile
5471.0,44,0,0.0,1,mobile
5472.0,33,0,0.0,1,mobile
5473.0,59,1,57.43,1,desktop
5474.0,19,1,21.62,1,desktop
5476.0,102,2,75.85,1,desktop
5477.0,55,1,125.99,1,desktop
5478.0,76,1,3091.06,1,desktop
5479.0,112,0,0.0,1,mobile
5480.0,23,0,0.0,1,mobile
5481.0,114,3,321.82,1,mobile
5482.0,26,0,0.0,1,desktop
5483.0,102,1,3.5,1,desktop
5484.0,121,0,0.0,1,mobile
5485.0,111,1,21.05,1,desktop
5486.0,129,2,55.4,1,desktop
5487.0,131,0,0.0,1,mobile
5488.0,90,1,3.07,1,mobile
5489.0,21,0,0.0,1,desktop
5490.0,109,1,13.43,1,desktop
5491.0,7,0,0.0,1,mobile
5492.0,113,0,0.0,1,desktop
5493.0,42,0,0.0,1,desktop
5494.0,75,2,32.96,1,mobile
5495.0,118,1,16.11,1,mobile
5496.0,125,1,403.44,1,mobile
5497.0,45,1,36.83,1,desktop
5498.0,87,0,0.0,1,desktop
5499.0,118,0,0.0,1,mobile
5500.0,123,1,55.42,1,desktop
5501.0,105,0,0.0,1,tablet
5502.0,35,0,0.0,1,desktop
5503.0,17,1,49.45,1,mobile
5504.0,54,0,0.0,1,mobile
5505.0,17,1,145.14,1,mobile
5506.0,47,0,0.0,1,desktop
5507.0,59,0,0.0,1,mobile
5508.0,37,0,0.0,1,desktop
5509.0,96,1,286.18,1,mobile
5510.0,142,0,0.0,1,mobile
5511.0,104,2,957.2099999999999,1,desktop
5512.0,108,0,0.0,1,mobile
5513.0,134,1,608.1,1,mobile
5514.0,124,0,0.0,1,tablet
5515.0,119,1,732.28,1,mobile
5516.0,30,0,0.0,1,mobile
5517.0,18,0,0.0,1,mobile
5518.0,88,2,1031.0900000000001,1,desktop
5519.0,47,0,0.0,1,mobile
5520.0,86,1,1385.86,1,desktop
5521.0,111,1,189.29,1,mobile
5522.0,10,0,0.0,1,mobile
5523.0,78,0,0.0,1,desktop
5524.0,44,1,1745.68,1,desktop
5525.0,66,0,0.0,1,tablet
5526.0,65,0,0.0,1,desktop
5527.0,60,2,323.52,1,desktop
5528.0,79,0,0.0,1,desktop
5529.0,71,1,45.6,1,mobile
5530.0,56,0,0.0,1,desktop
5531.0,111,1,328.21,1,mobile
5532.0,115,0,0.0,1,desktop
5533.0,133,0,0.0,1,desktop
5534.0,113,1,48.61,1,desktop
5535.0,53,0,0.0,1,mobile
5536.0,89,0,0.0,1,mobile
5537.0,19,1,201.17,1,mobile
5538.0,41,0,0.0,1,mobile
5539.0,88,1,52.98,1,desktop
5540.0,104,1,770.22,1,mobile
5541.0,128,0,0.0,1,mobile
5542.0,41,0,0.0,1,desktop
5543.0,39,0,0.0,1,desktop
5544.0,49,0,0.0,1,mobile
5545.0,51,1,32.13,1,mobile
5546.0,70,0,0.0,1,mobile
5547.0,16,0,0.0,1,mobile
5548.0,118,1,968.76,1,mobile
5549.0,53,1,8.65,1,mobile
5550.0,67,0,0.0,1,mobile
5551.0,50,0,0.0,1,mobile
5552.0,77,1,13.88,1,mobile
5553.0,119,1,21.85,1,mobile
5554.0,128,1,1829.16,1,desktop
5555.0,166,1,461.84,2,mobile
5556.0,120,2,61.62,2,mobile
5558.0,92,0,0.0,1,mobile
5559.0,17,0,0.0,1,mobile
5560.0,26,0,0.0,1,mobile
5561.0,90,1,214.77,1,mobile
5562.0,25,0,0.0,1,mobile
5563.0,51,0,0.0,1,mobile
5564.0,51,0,0.0,1,tablet
5565.0,67,0,0.0,1,mobile
5566.0,45,0,0.0,1,mobile
5567.0,116,1,446.17,1,mobile
5568.0,137,2,75.77000000000001,1,mobile
5569.0,92,2,10.61,1,desktop
5570.0,9,0,0.0,1,desktop
5571.0,118,1,100.74,1,mobile
5572.0,113,1,1999.61,1,mobile
5573.0,21,0,0.0,1,mobile
5574.0,98,0,0.0,1,mobile
5575.0,94,1,124.57,1,mobile
5576.0,28,0,0.0,1,mobile
5577.0,125,0,0.0,1,mobile
5578.0,113,0,0.0,1,desktop
5579.0,82,0,0.0,1,desktop
5580.0,34,0,0.0,1,mobile
5581.0,120,1,514.83,1,mobile
5582.0,134,1,98.27,1,mobile
5583.0,7,0,0.0,1,mobile
5584.0,13,0,0.0,1,mobile
5585.0,75,1,30.18,1,mobile
5586.0,112,1,6.27,1,mobile
5587.0,18,1,40.8,1,mobile
5588.0,95,0,0.0,1,mobile
5589.0,97,0,0.0,1,mobile
5590.0,12,0,0.0,1,desktop
5591.0,109,2,1569.3799999999999,1,desktop
5592.0,118,0,0.0,1,mobile
5593.0,46,0,0.0,1,mobile
5594.0,33,0,0.0,1,mobile
5595.0,46,1,35.97,1,desktop
5596.0,9,0,0.0,1,desktop
5597.0,109,1,7.35,1,mobile
5598.0,94,0,0.0,1,mobile
5599.0,47,0,0.0,1,mobile
5600.0,156,1,214.05,1,desktop
5601.0,112,0,0.0,1,mobile
5602.0,120,0,0.0,1,mobile
5603.0,119,2,535.78,1,mobile
5604.0,71,0,0.0,1,desktop
5605.0,46,0,0.0,1,mobile
5606.0,44,0,0.0,1,desktop
5607.0,70,0,0.0,1,desktop
5608.0,58,0,0.0,1,mobile
5609.0,44,0,0.0,1,desktop
5610.0,121,0,0.0,1,desktop
5611.0,97,0,0.0,1,mobile
5612.0,97,0,0.0,1,mobile
5613.0,37,1,159.53,1,desktop
5614.0,65,0,0.0,1,tablet
5615.0,29,0,0.0,1,desktop
5616.0,81,2,432.35,1,mobile
5617.0,45,0,0.0,1,tablet
5618.0,70,0,0.0,1,mobile
5619.0,113,1,326.56,1,mobile
5620.0,75,1,16.04,1,mobile
5621.0,49,0,0.0,1,desktop
5622.0,120,2,756.46,1,desktop
5623.0,102,0,0.0,1,desktop
5624.0,118,1,94.62,1,desktop
5625.0,121,1,60.6,1,mobile
5626.0,130,1,19.6,1,desktop
5627.0,121,0,0.0,1,mobile
5628.0,52,0,0.0,1,mobile
5629.0,68,0,0.0,1,mobile
5630.0,107,0,0.0,1,mobile
5631.0,123,0,0.0,1,mobile
5632.0,114,0,0.0,1,desktop
5633.0,112,0,0.0,1,mobile
5634.0,115,1,6.9,1,mobile
5635.0,116,1,150.82,1,tablet
5636.0,78,0,0.0,1,mobile
5637.0,39,1,203.58,1,mobile
5638.0,128,0,0.0,1,desktop
5639.0,62,1,57.05,1,mobile
5640.0,56,0,0.0,1,mobile
5641.0,115,0,0.0,1,mobile
5642.0,101,0,0.0,1,mobile
5643.0,29,0,0.0,1,desktop
5644.0,145,0,0.0,1,desktop
5645.0,52,0,0.0,1,desktop
5646.0,22,0,0.0,1,mobile
5647.0,39,0,0.0,1,desktop
5648.0,148,2,1266.9699999999998,1,mobile
5649.0,42,0,0.0,1,mobile
5650.0,33,0,0.0,1,mobile
5651.0,36,0,0.0,1,mobile
5652.0,9,0,0.0,1,mobile
5653.0,134,1,20.0,1,mobile
5654.0,29,0,0.0,1,desktop
5655.0,96,1,7.84,1,mobile
5656.0,113,0,0.0,1,desktop
5657.0,123,0,0.0,1,desktop
5658.0,129,0,0.0,1,tablet
5659.0,113,0,0.0,1,mobile
5660.0,109,0,0.0,1,desktop
5661.0,110,0,0.0,1,mobile
5662.0,123,1,169.62,1,mobile
5663.0,43,1,65.49,1,mobile
5664.0,84,1,142.63,1,mobile
5665.0,117,1,45.91,1,mobile
5666.0,75,1,134.25,1,mobile
5667.0,63,1,1.6,1,desktop
5668.0,86,2,1356.16,1,desktop
5669.0,45,0,0.0,1,mobile
5670.0,134,1,1235.56,1,mobile
5671.0,20,2,190.72,1,desktop
5672.0,90,1,64.63,1,mobile
5673.0,134,1,153.58,1,mobile
5674.0,109,1,887.76,1,desktop
5675.0,83,0,0.0,1,mobile
5676.0,29,0,0.0,1,mobile
5677.0,103,1,542.68,1,mobile
5678.0,23,1,202.07,1,desktop
5679.0,130,0,0.0,1,mobile
5680.0,105,0,0.0,1,mobile
5681.0,106,2,21.880000000000003,1,desktop
5682.0,15,0,0.0,1,mobile
5683.0,69,0,0.0,1,mobile
5684.0,39,0,0.0,1,desktop
5685.0,91,0,0.0,1,desktop
5686.0,27,0,0.0,1,mobile
5687.0,126,0,0.0,1,mobile
5688.0,129,2,212.94,1,mobile
5689.0,122,1,57.01,1,mobile
5690.0,46,0,0.0,1,desktop
5691.0,62,0,0.0,1,mobile
5692.0,125,1,135.51,1,desktop
5693.0,43,0,0.0,1,mobile
5694.0,57,0,0.0,1,mobile
5695.0,22,0,0.0,1,mobile
5696.0,90,0,0.0,1,mobile
5697.0,118,1,128.43,1,mobile
5698.0,130,1,75.32,1,desktop
5699.0,48,1,121.91,1,mobile
5700.0,48,0,0.0,1,mobile
5701.0,58,0,0.0,1,mobile
5702.0,73,0,0.0,1,mobile
5703.0,111,0,0.0,1,desktop
5704.0,120,0,0.0,1,mobile
5705.0,146,0,0.0,1,mobile
5706.0,120,0,0.0,1,desktop
5707.0,74,1,15.89,1,desktop
5708.0,50,0,0.0,1,desktop
5709.0,94,1,96.54,1,mobile
5710.0,24,0,0.0,1,mobile
5711.0,67,2,240.95999999999998,1,mobile
5712.0,131,0,0.0,1,mobile
5713.0,19,0,0.0,1,mobile
5714.0,104,0,0.0,1,mobile
5715.0,38,1,15.97,1,mobile
5716.0,48,0,0.0,1,desktop
5717.0,46,1,117.6,1,mobile
5718.0,134,1,698.39,1,desktop
5719.0,6,0,0.0,1,desktop
5720.0,71,0,0.0,1,desktop
5721.0,36,0,0.0,1,desktop
5722.0,60,0,0.0,1,mobile
5723.0,58,2,13.99,1,mobile
5724.0,63,1,139.93,1,mobile
5725.0,60,1,141.01,1,mobile
5726.0,123,1,929.67,1,mobile
5727.0,51,1,142.48,1,desktop
5728.0,64,1,38.43,1,mobile
5729.0,137,0,0.0,1,desktop
5730.0,123,1,189.97,1,desktop
5731.0,22,0,0.0,1,desktop
5732.0,16,0,0.0,1,mobile
5733.0,49,0,0.0,1,mobile
5734.0,27,0,0.0,1,mobile
5735.0,24,0,0.0,1,mobile
5736.0,52,1,2.65,1,mobile
5737.0,39,1,25.96,1,desktop
5738.0,126,0,0.0,1,desktop
5739.0,124,0,0.0,1,desktop
5740.0,33,1,190.42,1,mobile
5741.0,33,1,749.97,1,desktop
5742.0,16,0,0.0,1,mobile
5743.0,27,0,0.0,1,desktop
5744.0,113,0,0.0,1,mobile
5745.0,108,3,336.73,1,mobile
5746.0,130,1,4.18,1,mobile
5747.0,120,0,0.0,1,mobile
5748.0,128,0,0.0,1,mobile
5749.0,65,0,0.0,1,desktop
5750.0,50,1,3.06,1,mobile
5751.0,124,0,0.0,1,mobile
5752.0,76,1,60.81,1,mobile
5753.0,26,0,0.0,1,mobile
5754.0,119,1,140.93,1,mobile
5755.0,96,0,0.0,1,mobile
5756.0,128,0,0.0,1,tablet
5757.0,88,0,0.0,1,mobile
5758.0,37,0,0.0,1,mobile
5759.0,59,0,0.0,1,mobile
5760.0,62,0,0.0,1,desktop
5761.0,58,1,360.78,1,mobile
5762.0,52,0,0.0,1,desktop
5763.0,109,0,0.0,1,mobile
5764.0,63,1,221.37,1,mobile
5765.0,52,2,2647.47,1,mobile
5766.0,118,1,113.06,1,desktop
5767.0,138,2,112.95,1,mobile
5768.0,57,0,0.0,1,desktop
5769.0,51,0,0.0,1,desktop
5770.0,126,3,454.84,1,desktop
5771.0,27,0,0.0,1,mobile
5772.0,49,1,10.65,1,mobile
5773.0,55,2,9.97,1,mobile
5774.0,119,0,0.0,1,mobile
5775.0,44,1,104.39,1,desktop
5776.0,69,1,13.76,1,desktop
5777.0,128,0,0.0,1,mobile
5778.0,115,0,0.0,1,mobile
5779.0,130,1,60.36,1,mobile
5780.0,42,0,0.0,1,desktop
5781.0,76,0,0.0,1,mobile
5782.0,25,0,0.0,1,desktop
5783.0,83,0,0.0,1,mobile
5784.0,128,0,0.0,1,mobile
5785.0,50,0,0.0,1,desktop
5786.0,70,0,0.0,1,mobile
5787.0,129,4,1739.85,1,mobile
5788.0,73,0,0.0,1,mobile
5789.0,39,0,0.0,1,mobile
5790.0,114,0,0.0,1,mobile
5791.0,139,0,0.0,1,desktop
5792.0,116,0,0.0,1,mobile
5793.0,122,0,0.0,1,mobile
5794.0,126,0,0.0,1,mobile
5795.0,125,0,0.0,1,desktop
5796.0,24,0,0.0,1,mobile
5797.0,91,1,36.92,1,mobile
5798.0,2,0,0.0,1,mobile
5799.0,115,0,0.0,1,mobile
5800.0,117,0,0.0,1,tablet
5801.0,120,3,83.23,1,desktop
5802.0,103,1,70.4,1,mobile
5803.0,138,1,20.45,1,mobile
5804.0,54,0,0.0,1,desktop
5805.0,40,0,0.0,1,mobile
5806.0,30,0,0.0,1,mobile
5807.0,150,0,0.0,1,mobile
5808.0,49,1,10.19,1,desktop
5809.0,32,0,0.0,1,mobile
5810.0,39,0,0.0,1,mobile
5811.0,112,2,279.29,1,desktop
5812.0,28,1,21.51,1,desktop
5813.0,98,1,46.13,1,mobile
5814.0,122,0,0.0,1,mobile
5815.0,107,2,877.8599999999999,1,mobile
5816.0,61,0,0.0,1,desktop
5817.0,58,0,0.0,1,tablet
5818.0,123,1,42.95,1,mobile
5819.0,102,1,434.61,1,tablet
5820.0,66,1,1721.49,1,mobile
5821.0,61,0,0.0,1,mobile
5822.0,108,1,93.89,1,mobile
5823.0,134,0,0.0,1,mobile
5824.0,69,0,0.0,2,mobile
5825.0,48,0,0.0,1,desktop
5826.0,14,0,0.0,1,desktop
5827.0,38,0,0.0,1,desktop
5828.0,89,1,209.19,1,tablet
5829.0,56,0,0.0,1,mobile
5830.0,64,2,84.17,1,desktop
5831.0,44,1,91.94,1,tablet
5832.0,70,1,200.0,1,mobile
5833.0,38,0,0.0,1,tablet
5834.0,86,1,63.84,1,mobile
5835.0,121,0,0.0,1,mobile
5836.0,127,0,0.0,1,mobile
5837.0,34,2,639.72,1,desktop
5838.0,83,1,83.94,1,desktop
5839.0,87,2,203.34,1,desktop
5840.0,37,0,0.0,1,mobile
5841.0,82,0,0.0,1,mobile
5842.0,38,0,0.0,1,mobile
5843.0,39,0,0.0,1,desktop
5844.0,77,2,249.61,1,mobile
5845.0,113,0,0.0,1,desktop
5846.0,125,0,0.0,1,mobile
5847.0,141,0,0.0,1,desktop
5848.0,94,0,0.0,1,mobile
5849.0,7,0,0.0,1,mobile
5850.0,141,2,2689.38,1,desktop
5851.0,122,0,0.0,1,mobile
5852.0,108,1,1473.47,1,mobile
5853.0,99,0,0.0,1,mobile
5854.0,134,1,2.78,1,desktop
5855.0,119,2,819.6,1,desktop
5856.0,121,1,25.09,1,mobile
5857.0,129,1,90.3,1,mobile
5858.0,121,2,206.17,1,desktop
5859.0,135,1,325.98,1,desktop
5860.0,41,0,0.0,1,mobile
5861.0,24,0,0.0,1,mobile
5862.0,32,0,0.0,1,mobile
5863.0,137,1,368.88,1,mobile
5864.0,24,0,0.0,1,mobile
5865.0,89,0,0.0,1,mobile
5866.0,132,0,0.0,1,tablet
5867.0,119,1,15.72,1,mobile
5868.0,53,1,7921.54,1,mobile
5869.0,75,0,0.0,1,desktop
5870.0,146,0,0.0,1,mobile
5871.0,58,0,0.0,1,mobile
5872.0,30,0,0.0,1,mobile
5873.0,27,0,0.0,1,mobile
5874.0,61,0,0.0,1,mobile
5875.0,35,0,0.0,1,desktop
5876.0,54,0,0.0,1,desktop
5877.0,33,0,0.0,1,desktop
5878.0,33,1,597.59,1,desktop
5879.0,52,1,115.1,1,desktop
5880.0,64,1,19.24,1,mobile
5881.0,116,0,0.0,1,mobile
5882.0,106,1,886.79,1,desktop
5883.0,124,0,0.0,1,tablet
5884.0,113,0,0.0,1,mobile
5885.0,31,0,0.0,1,mobile
5886.0,78,1,553.31,1,tablet
5887.0,140,1,2143.28,1,mobile
5888.0,121,0,0.0,1,desktop
5889.0,54,0,0.0,1,desktop
5890.0,83,0,0.0,1,desktop
5891.0,128,0,0.0,1,desktop
5892.0,79,0,0.0,1,mobile
5893.0,67,0,0.0,1,mobile
5894.0,118,0,0.0,1,mobile
5895.0,79,1,239.24,1,mobile
5896.0,34,1,173.48,1,desktop
5897.0,45,1,199.15,1,desktop
5898.0,102,2,268.03,1,desktop
5899.0,128,2,7434.080000000001,1,mobile
5900.0,37,0,0.0,1,mobile
5901.0,69,0,0.0,1,mobile
5902.0,112,0,0.0,1,desktop
5903.0,117,3,67.82,1,mobile
5904.0,36,0,0.0,1,mobile
5905.0,68,1,419.4,1,desktop
5906.0,59,1,42.36,1,mobile
5907.0,64,0,0.0,1,mobile
5908.0,110,0,0.0,1,mobile
5909.0,68,1,1431.6,1,mobile
5910.0,28,0,0.0,1,mobile
5911.0,102,0,0.0,1,desktop
5912.0,80,1,41.3,1,mobile
5913.0,45,1,56.73,1,mobile
5914.0,41,0,0.0,1,mobile
5915.0,85,0,0.0,1,desktop
5916.0,40,0,0.0,1,desktop
5917.0,67,1,18.78,1,desktop
5918.0,111,1,271.89,1,mobile
5919.0,118,3,475.38,1,desktop
5920.0,114,1,39.39,1,mobile
5921.0,121,1,12.78,1,mobile
5922.0,40,0,0.0,1,desktop
5923.0,73,0,0.0,1,mobile
5924.0,56,1,60.37,1,mobile
5925.0,77,0,0.0,1,tablet
5926.0,42,1,94.32,1,desktop
5927.0,71,0,0.0,1,mobile
5928.0,122,1,126.62,1,desktop
5929.0,68,0,0.0,1,desktop
5930.0,53,0,0.0,1,mobile
5931.0,120,3,274.56,1,mobile
5932.0,127,0,0.0,1,mobile
5933.0,125,1,23.3,1,mobile
5934.0,121,0,0.0,1,mobile
5935.0,122,0,0.0,1,mobile
5936.0,29,0,0.0,1,desktop
5937.0,80,0,0.0,1,desktop
5938.0,128,1,5331.53,1,mobile
5939.0,121,0,0.0,1,mobile
5940.0,132,1,20.14,1,mobile
5941.0,118,0,0.0,1,mobile
5942.0,127,3,14885.84,1,mobile
5943.0,35,0,0.0,1,desktop
5944.0,61,0,0.0,1,desktop
5945.0,108,2,1653.7900000000002,1,desktop
5946.0,134,4,2082.17,1,mobile
5947.0,130,0,0.0,1,mobile
5948.0,131,0,0.0,1,mobile
5949.0,103,0,0.0,1,mobile
5950.0,135,0,0.0,1,mobile
5951.0,53,0,0.0,1,mobile
5952.0,82,0,0.0,1,mobile
5953.0,39,0,0.0,1,desktop
5954.0,84,1,16.54,1,mobile
5955.0,125,1,456.51,1,mobile
5956.0,133,0,0.0,1,mobile
5957.0,124,3,169.99,1,desktop
5958.0,92,1,39.12,1,mobile
5959.0,41,0,0.0,1,desktop
5960.0,120,0,0.0,1,desktop
5961.0,127,2,1370.34,1,mobile
5962.0,46,0,0.0,1,mobile
5963.0,28,0,0.0,1,desktop
5964.0,61,0,0.0,1,mobile
5965.0,114,1,2204.27,1,mobile
5966.0,9,0,0.0,1,mobile
5967.0,21,0,0.0,1,mobile
5968.0,18,0,0.0,1,desktop
5969.0,66,0,0.0,1,mobile
5970.0,135,1,18.38,1,desktop
5971.0,100,0,0.0,1,mobile
5972.0,123,0,0.0,1,mobile
5973.0,70,0,0.0,1,tablet
5974.0,64,0,0.0,1,mobile
5975.0,108,2,123.12,1,desktop
5976.0,124,1,32.1,1,mobile
5977.0,116,0,0.0,1,mobile
5978.0,128,0,0.0,1,mobile
5979.0,83,0,0.0,1,mobile
5980.0,46,0,0.0,1,mobile
5981.0,112,0,0.0,1,mobile
5982.0,23,1,481.6,1,desktop
5983.0,87,1,145.35,1,desktop
5984.0,65,2,346.76,1,desktop
5985.0,69,1,52.73,1,mobile
5986.0,130,1,36.23,1,mobile
5987.0,42,0,0.0,1,mobile
5988.0,70,1,107.0,1,mobile
5989.0,117,1,8.48,1,desktop
5990.0,32,0,0.0,1,mobile
5991.0,83,0,0.0,1,desktop
5992.0,127,0,0.0,1,tablet
5993.0,127,0,0.0,1,tablet
5994.0,87,1,104.35,1,mobile
5995.0,22,0,0.0,1,mobile
5996.0,16,0,0.0,1,mobile
5997.0,82,0,0.0,1,mobile
5998.0,107,0,0.0,1,mobile
5999.0,124,1,4.16,1,tablet
6000.0,53,0,0.0,1,mobile
6001.0,63,0,0.0,1,mobile
6002.0,91,0,0.0,1,desktop
6003.0,40,1,136.18,1,mobile
6004.0,51,0,0.0,1,mobile
6005.0,62,2,3534.6400000000003,1,mobile
6006.0,108,0,0.0,1,mobile
6007.0,123,1,33.56,1,mobile
6008.0,23,0,0.0,1,desktop
6009.0,48,0,0.0,1,desktop
6010.0,49,0,0.0,1,desktop
6011.0,137,2,73.99000000000001,1,desktop
6012.0,50,1,29.03,1,mobile
6013.0,56,0,0.0,1,desktop
6014.0,123,2,411.09000000000003,1,desktop
6015.0,65,0,0.0,1,desktop
6016.0,58,2,2226.09,1,mobile
6017.0,112,0,0.0,1,mobile
6018.0,114,1,972.32,1,mobile
6019.0,122,1,29.34,1,desktop
6020.0,57,0,0.0,1,desktop
6021.0,51,1,1652.5,1,mobile
6022.0,31,0,0.0,1,mobile
6023.0,67,0,0.0,1,mobile
6024.0,60,0,0.0,1,desktop
6025.0,75,0,0.0,1,desktop
6026.0,42,1,21.26,1,tablet
6027.0,1,0,0.0,1,mobile
6028.0,9,0,0.0,1,mobile
6029.0,82,1,227.41,1,tablet
6030.0,104,2,16.57,1,mobile
6031.0,71,0,0.0,1,desktop
6032.0,63,0,0.0,1,desktop
6033.0,123,4,1040.04,1,mobile
6034.0,150,0,0.0,2,mobile
6035.0,139,1,20.75,1,mobile
6036.0,30,1,32.09,1,mobile
6037.0,78,0,0.0,1,mobile
6038.0,26,0,0.0,1,desktop
6039.0,72,0,0.0,1,desktop
6040.0,30,0,0.0,1,mobile
6041.0,124,1,358.58,1,mobile
6042.0,39,0,0.0,1,mobile
6043.0,26,0,0.0,1,mobile
6044.0,44,0,0.0,1,mobile
6045.0,49,0,0.0,1,mobile
6046.0,71,1,206.41,1,desktop
6047.0,51,0,0.0,1,mobile
6048.0,74,2,725.8399999999999,1,mobile
6049.0,132,2,106.53,1,mobile
6050.0,115,0,0.0,1,mobile
6051.0,120,2,237.15,1,mobile
6052.0,100,0,0.0,1,mobile
6053.0,21,0,0.0,1,mobile
6054.0,129,0,0.0,1,desktop
6055.0,115,1,2929.6,1,tablet
6056.0,137,0,0.0,1,mobile
6057.0,129,0,0.0,1,mobile
6058.0,76,2,292.09000000000003,1,mobile
6059.0,38,0,0.0,1,mobile
6060.0,120,0,0.0,1,mobile
6061.0,121,2,19632.38,1,tablet
6062.0,121,1,7.57,1,mobile
6063.0,135,1,360.66,1,mobile
6064.0,102,0,0.0,1,mobile
6065.0,128,0,0.0,1,desktop
6066.0,112,0,0.0,1,tablet
6067.0,122,1,99.43,1,mobile
6068.0,35,0,0.0,1,desktop
6069.0,65,0,0.0,1,mobile
6070.0,30,0,0.0,1,mobile
6071.0,125,0,0.0,1,mobile
6072.0,118,1,4972.92,1,mobile
6073.0,100,1,1028.13,1,mobile
6074.0,21,1,329.19,1,mobile
6075.0,124,1,427.84,1,mobile
6076.0,30,0,0.0,1,desktop
6077.0,101,1,222.49,1,desktop
6078.0,89,1,724.75,1,mobile
6079.0,16,0,0.0,1,mobile
6080.0,22,0,0.0,1,mobile
6081.0,86,0,0.0,1,desktop
6082.0,114,2,793.56,1,mobile
6083.0,122,6,674.52,1,tablet
6084.0,15,1,183.51,1,mobile
6085.0,30,0,0.0,1,mobile
6086.0,44,1,26.12,1,desktop
6087.0,54,0,0.0,1,mobile
6088.0,60,0,0.0,1,mobile
6089.0,35,1,225.65,1,tablet
6090.0,100,1,115.12,1,desktop
6091.0,99,1,33.81,1,mobile
6092.0,109,0,0.0,1,mobile
6093.0,69,0,0.0,1,mobile
6094.0,68,0,0.0,1,desktop
6095.0,143,0,0.0,1,mobile
6096.0,12,0,0.0,1,mobile
6097.0,79,0,0.0,1,desktop
6098.0,26,1,285.17,1,mobile
6099.0,28,0,0.0,1,desktop
6100.0,72,0,0.0,1,mobile
6101.0,21,0,0.0,1,mobile
6102.0,123,0,0.0,1,mobile
6103.0,125,0,0.0,1,desktop
6104.0,120,0,0.0,1,mobile
6105.0,135,0,0.0,1,tablet
6106.0,122,1,6.81,1,desktop
6107.0,109,1,770.02,1,mobile
6108.0,25,0,0.0,1,mobile
6109.0,110,0,0.0,1,desktop
6110.0,102,1,686.59,1,mobile
6111.0,113,1,26.29,1,tablet
6112.0,132,1,40.28,1,mobile
6113.0,130,1,32.4,1,mobile
6114.0,61,3,1371.97,1,desktop
6115.0,27,0,0.0,1,mobile
6116.0,33,0,0.0,1,mobile
6117.0,151,0,0.0,1,mobile
6118.0,39,0,0.0,1,mobile
6119.0,83,2,170.1,1,tablet
6120.0,113,0,0.0,1,desktop
6121.0,60,1,634.35,1,desktop
6122.0,57,0,0.0,1,mobile
6123.0,117,0,0.0,1,mobile
6124.0,113,1,25.56,1,mobile
6125.0,117,1,683.6,1,mobile
6126.0,80,0,0.0,1,desktop
6127.0,42,0,0.0,1,desktop
6128.0,134,1,31.3,1,mobile
6129.0,133,1,467.54,1,mobile
6130.0,121,1,44.9,1,mobile
6131.0,47,0,0.0,1,mobile
6132.0,59,1,30.46,1,mobile
6133.0,117,0,0.0,1,mobile
6134.0,130,0,0.0,1,mobile
6135.0,81,1,3111.89,1,tablet
6136.0,40,0,0.0,1,mobile
6137.0,135,0,0.0,1,desktop
6138.0,114,0,0.0,1,desktop
6139.0,122,0,0.0,1,desktop
6140.0,128,0,0.0,1,desktop
6141.0,75,0,0.0,1,mobile
6142.0,26,0,0.0,1,desktop
6143.0,12,0,0.0,1,mobile
6144.0,110,1,1153.41,1,mobile
6145.0,78,0,0.0,1,mobile
6146.0,24,0,0.0,1,mobile
6147.0,89,0,0.0,1,desktop
6148.0,24,0,0.0,1,desktop
6149.0,119,1,41.66,1,mobile
6150.0,21,0,0.0,1,mobile
6151.0,72,0,0.0,1,desktop
6152.0,36,0,0.0,1,mobile
6153.0,124,0,0.0,1,mobile
6154.0,37,0,0.0,1,mobile
6155.0,73,0,0.0,1,mobile
6156.0,115,1,61.97,1,mobile
6157.0,37,0,0.0,1,desktop
6158.0,91,0,0.0,1,desktop
6159.0,28,0,0.0,1,mobile
6160.0,14,1,228.8,1,mobile
6161.0,31,0,0.0,1,mobile
6162.0,47,0,0.0,1,desktop
6163.0,96,0,0.0,1,mobile
6164.0,24,0,0.0,1,mobile
6165.0,92,1,1520.52,1,mobile
6166.0,22,0,0.0,1,desktop
6167.0,113,1,10.39,1,mobile
6168.0,14,0,0.0,1,mobile
6169.0,113,1,67.64,1,mobile
6170.0,110,0,0.0,1,mobile
6171.0,126,0,0.0,1,desktop
6172.0,106,1,132.37,1,mobile
6173.0,137,1,49.48,2,desktop
6174.0,119,1,25.79,1,mobile
6175.0,89,0,0.0,1,tablet
6176.0,30,1,381.27,1,mobile
6177.0,89,1,56.29,1,mobile
6178.0,26,1,1537.03,1,mobile
6179.0,115,1,29.34,1,mobile
6180.0,52,0,0.0,1,mobile
6181.0,65,0,0.0,1,desktop
6182.0,54,0,0.0,1,mobile
6183.0,67,0,0.0,1,mobile
6184.0,54,1,4.28,1,mobile
6185.0,58,0,0.0,1,mobile
6186.0,110,1,5.24,1,desktop
6187.0,82,0,0.0,1,mobile
6188.0,19,0,0.0,1,mobile
6189.0,118,2,58.160000000000004,1,mobile
6190.0,80,0,0.0,1,mobile
6191.0,23,1,58.09,1,tablet
6192.0,104,0,0.0,1,desktop
6193.0,30,0,0.0,1,mobile
6194.0,133,1,167.58,1,mobile
6195.0,139,1,8.09,1,tablet
6196.0,123,1,20.19,1,mobile
6197.0,110,1,34.66,1,mobile
6198.0,55,1,46.53,1,desktop
6199.0,70,0,0.0,1,desktop
6200.0,119,0,0.0,1,mobile
6201.0,129,1,232.59,1,mobile
6202.0,63,1,350.73,1,mobile
6203.0,32,0,0.0,1,desktop
6204.0,86,0,0.0,1,desktop
6205.0,38,1,1.72,1,mobile
6206.0,136,0,0.0,1,mobile
6207.0,55,0,0.0,1,tablet
6208.0,84,0,0.0,1,mobile
6209.0,64,0,0.0,1,mobile
6210.0,39,0,0.0,1,mobile
6211.0,109,1,72.94,1,mobile
6212.0,132,1,397.78,1,desktop
6213.0,69,1,114.92,1,mobile
6214.0,59,0,0.0,1,mobile
6215.0,106,2,28.56,1,mobile
6216.0,141,0,0.0,1,desktop
6217.0,119,0,0.0,1,mobile
6218.0,52,0,0.0,1,mobile
6219.0,65,1,88.48,1,mobile
6220.0,1,0,0.0,1,mobile
6221.0,44,0,0.0,1,desktop
6222.0,95,1,74.82,1,desktop
6223.0,76,1,8.78,1,desktop
6224.0,41,0,0.0,1,mobile
6225.0,129,0,0.0,1,mobile
6226.0,41,0,0.0,1,mobile
6227.0,81,0,0.0,1,desktop
6228.0,134,4,553.87,1,mobile
6229.0,18,0,0.0,1,mobile
6230.0,21,0,0.0,1,mobile
6231.0,74,0,0.0,1,desktop
6232.0,128,0,0.0,1,mobile
6233.0,115,0,0.0,1,desktop
6234.0,29,0,0.0,1,mobile
6235.0,29,1,224.87,1,mobile
6236.0,82,1,585.86,1,mobile
6237.0,23,1,73.66,1,desktop
6238.0,92,0,0.0,1,desktop
6239.0,23,0,0.0,1,mobile
6240.0,9,0,0.0,1,mobile
6241.0,107,0,0.0,1,mobile
6242.0,124,0,0.0,1,desktop
6243.0,79,1,316.34,1,desktop
6244.0,44,1,2389.25,1,mobile
6245.0,102,0,0.0,1,mobile
6246.0,92,0,0.0,1,desktop
6247.0,110,0,0.0,1,desktop
6248.0,123,0,0.0,1,mobile
6249.0,116,3,159.17000000000002,1,mobile
6250.0,123,0,0.0,1,mobile
6251.0,111,1,47.16,1,desktop
6252.0,120,0,0.0,1,mobile
6253.0,11,1,42.9,1,mobile
6254.0,67,0,0.0,1,desktop
6255.0,18,0,0.0,1,mobile
6256.0,33,0,0.0,1,mobile
6257.0,105,1,1032.43,1,tablet
6258.0,66,2,1229.6999999999998,1,mobile
6259.0,51,1,977.81,1,desktop
6260.0,42,0,0.0,1,mobile
6261.0,29,0,0.0,1,mobile
6262.0,33,0,0.0,1,mobile
6263.0,19,0,0.0,1,desktop
6264.0,96,0,0.0,1,mobile
6265.0,68,0,0.0,1,mobile
6266.0,117,0,0.0,1,mobile
6267.0,108,1,318.26,1,mobile
6268.0,137,2,280.78,1,mobile
6269.0,32,1,2556.8,1,desktop
6270.0,66,0,0.0,1,mobile
6271.0,22,0,0.0,1,mobile
6272.0,115,2,462.8,1,mobile
6273.0,127,1,3371.41,1,desktop
6274.0,56,1,71.91,1,desktop
6275.0,65,1,88.62,1,mobile
6276.0,114,2,785.16,1,desktop
6277.0,114,0,0.0,1,mobile
6278.0,128,1,170.52,1,desktop
6279.0,104,0,0.0,1,mobile
6280.0,122,2,721.09,1,mobile
6281.0,113,1,36.51,1,mobile
6282.0,96,0,0.0,1,mobile
6283.0,117,0,0.0,1,desktop
6284.0,95,1,24.2,1,mobile
6285.0,176,0,0.0,2,mobile
6286.0,129,1,295.96,1,mobile
6287.0,132,1,290.03,1,mobile
6288.0,111,0,0.0,1,desktop
6289.0,97,0,0.0,1,tablet
6290.0,24,0,0.0,1,mobile
6291.0,129,3,116.64,1,mobile
6292.0,106,0,0.0,1,mobile
6293.0,124,0,0.0,1,tablet
6294.0,140,2,160.57,1,mobile
6295.0,89,0,0.0,1,desktop
6296.0,21,0,0.0,1,mobile
6297.0,57,0,0.0,1,desktop
6298.0,58,1,198.63,1,mobile
6299.0,128,2,1550.72,1,mobile
6300.0,113,0,0.0,1,desktop
6301.0,120,0,0.0,1,desktop
6302.0,22,1,1887.19,1,mobile
6303.0,69,0,0.0,1,mobile
6304.0,21,0,0.0,1,mobile
6305.0,50,0,0.0,1,mobile
6306.0,45,0,0.0,1,desktop
6307.0,7,0,0.0,1,mobile
6308.0,87,0,0.0,1,mobile
6309.0,39,0,0.0,1,mobile
6310.0,125,3,533.8499999999999,1,mobile
6311.0,109,0,0.0,1,tablet
6312.0,110,0,0.0,1,desktop
6313.0,138,1,55.97,1,mobile
6314.0,81,0,0.0,1,mobile
6315.0,37,0,0.0,1,mobile
6316.0,99,0,0.0,1,mobile
6317.0,48,0,0.0,1,desktop
6318.0,22,0,0.0,1,mobile
6319.0,28,0,0.0,1,desktop
6320.0,20,0,0.0,1,mobile
6321.0,121,1,12.33,1,mobile
6322.0,126,0,0.0,1,mobile
6323.0,87,0,0.0,1,mobile
6324.0,38,0,0.0,1,mobile
6325.0,120,1,1342.43,1,desktop
6326.0,106,0,0.0,1,mobile
6327.0,99,1,76.02,1,desktop
6328.0,134,1,440.22,1,desktop
6329.0,112,0,0.0,1,mobile
6330.0,19,0,0.0,1,mobile
6331.0,45,0,0.0,1,desktop
6332.0,18,0,0.0,1,mobile
6333.0,33,0,0.0,1,mobile
6334.0,62,0,0.0,1,mobile
6335.0,59,0,0.0,1,mobile
6336.0,58,0,0.0,1,desktop
6337.0,65,0,0.0,1,mobile
6338.0,124,0,0.0,1,mobile
6339.0,116,0,0.0,1,mobile
6340.0,28,1,62.1,1,mobile
6341.0,88,1,664.81,1,desktop
6342.0,129,0,0.0,1,mobile
6343.0,122,1,191.36,1,mobile
6344.0,105,1,77.29,1,mobile
6345.0,110,2,129.56,1,mobile
6346.0,98,1,125.64,1,mobile
6347.0,147,0,0.0,1,desktop
6348.0,32,0,0.0,1,mobile
6349.0,77,1,94.99,1,mobile
6350.0,112,1,397.7,1,mobile
6351.0,106,0,0.0,1,mobile
6352.0,123,0,0.0,1,desktop
6353.0,59,0,0.0,1,desktop
6354.0,62,1,36.03,1,mobile
6355.0,119,0,0.0,1,desktop
6356.0,40,1,363.92,1,mobile
6357.0,68,0,0.0,1,mobile
6358.0,145,1,246.63,1,mobile
6359.0,117,1,24.15,1,mobile
6360.0,115,2,2561.06,1,desktop
6361.0,107,1,315.42,1,desktop
6362.0,150,9,171.31,1,mobile
6363.0,120,0,0.0,1,mobile
6364.0,116,1,897.43,1,mobile
6365.0,95,1,31.11,1,desktop
6366.0,136,0,0.0,1,mobile
6367.0,106,2,1041.44,1,desktop
6368.0,68,0,0.0,1,mobile
6369.0,58,1,237.8,1,tablet
6370.0,50,1,259.48,1,mobile
6371.0,82,1,97.5,1,mobile
6372.0,116,1,65.04,1,mobile
6373.0,63,0,0.0,1,mobile
6374.0,25,0,0.0,1,mobile
6375.0,154,0,0.0,2,mobile
6376.0,131,3,4680.01,1,mobile
6377.0,42,2,9949.44,1,desktop
6378.0,77,0,0.0,1,mobile
6379.0,35,0,0.0,1,mobile
6380.0,64,2,24.78,1,desktop
6381.0,23,0,0.0,1,desktop
6382.0,129,1,154.65,1,mobile
6383.0,128,0,0.0,1,mobile
6384.0,40,0,0.0,1,desktop
6385.0,69,0,0.0,1,desktop
6386.0,17,0,0.0,1,desktop
6387.0,122,0,0.0,1,desktop
6388.0,128,2,36.660000000000004,1,mobile
6389.0,87,0,0.0,1,desktop
6390.0,33,0,0.0,1,mobile
6391.0,114,2,44.2,1,desktop
6392.0,126,4,272.64,1,mobile
6393.0,114,0,0.0,1,mobile
6394.0,69,1,48.39,1,tablet
6395.0,34,0,0.0,1,desktop
6396.0,23,0,0.0,1,mobile
6397.0,118,0,0.0,1,desktop
6398.0,41,1,1236.75,1,desktop
6399.0,85,2,896.89,1,mobile
6400.0,123,1,113.87,1,mobile
6401.0,22,0,0.0,1,mobile
6402.0,93,0,0.0,1,mobile
6403.0,100,2,1697.8400000000001,1,mobile
6404.0,132,0,0.0,1,desktop
6405.0,144,1,158.68,1,mobile
6406.0,122,0,0.0,1,mobile
6407.0,107,0,0.0,1,mobile
6408.0,88,0,0.0,1,mobile
6409.0,20,0,0.0,1,desktop
6410.0,125,1,600.67,1,mobile
6411.0,40,0,0.0,1,tablet
6412.0,72,0,0.0,1,mobile
6413.0,94,1,51.6,1,mobile
6414.0,43,0,0.0,1,mobile
6415.0,70,0,0.0,1,mobile
6416.0,48,0,0.0,1,mobile
6417.0,29,1,37.72,1,mobile
6418.0,87,1,16.69,1,desktop
6419.0,125,1,215.47,1,mobile
6420.0,47,2,2307.76,1,desktop
6421.0,24,1,1112.1,1,mobile
6422.0,56,0,0.0,1,mobile
6423.0,45,0,0.0,1,desktop
6424.0,83,1,30.42,1,mobile
6425.0,136,1,5.17,1,mobile
6426.0,48,2,360.22,1,mobile
6427.0,53,0,0.0,1,mobile
6428.0,55,1,383.97,1,desktop
6429.0,61,1,322.21,1,mobile
6430.0,44,1,6.35,1,mobile
6431.0,77,1,6.29,1,mobile
6432.0,113,1,8.24,1,mobile
6433.0,117,0,0.0,1,mobile
6434.0,112,1,4788.94,1,desktop
6435.0,15,0,0.0,1,mobile
6436.0,55,0,0.0,1,desktop
6437.0,27,2,129.1,1,desktop
6438.0,32,0,0.0,1,mobile
6439.0,118,0,0.0,1,desktop
6440.0,128,2,89.46,1,mobile
6441.0,119,1,100.75,1,mobile
6442.0,41,0,0.0,1,mobile
6443.0,48,0,0.0,1,mobile
6444.0,111,0,0.0,1,mobile
6445.0,86,1,751.34,1,desktop
6446.0,5,0,0.0,1,mobile
6447.0,34,0,0.0,1,desktop
6448.0,105,0,0.0,1,desktop
6449.0,137,0,0.0,1,mobile
6450.0,145,1,125.9,1,mobile
6451.0,102,0,0.0,1,desktop
6452.0,120,0,0.0,1,mobile
6453.0,82,1,83.97,1,desktop
6454.0,42,0,0.0,1,mobile
6455.0,117,1,51.41,1,mobile
6456.0,122,1,280.48,1,mobile
6457.0,116,0,0.0,1,desktop
6458.0,133,0,0.0,1,desktop
6459.0,113,1,62.59,1,desktop
6460.0,101,0,0.0,1,mobile
6461.0,44,0,0.0,1,mobile
6462.0,103,0,0.0,1,mobile
6463.0,52,0,0.0,1,mobile
6464.0,71,0,0.0,1,mobile
6465.0,132,2,659.7299999999999,1,mobile
6466.0,134,2,1049.1399999999999,1,mobile
6467.0,126,1,2.34,1,mobile
6468.0,128,1,35.71,1,mobile
6469.0,125,0,0.0,1,mobile
6470.0,51,0,0.0,1,mobile
6471.0,60,0,0.0,1,mobile
6472.0,100,2,482.21,1,mobile
6473.0,117,2,2385.29,1,mobile
6474.0,44,0,0.0,1,mobile
6476.0,44,1,450.06,1,desktop
6477.0,27,0,0.0,1,desktop
6478.0,119,1,151.21,1,mobile
6479.0,95,0,0.0,1,mobile
6480.0,30,2,190.49,1,desktop
6481.0,88,2,752.3,1,desktop
6482.0,30,0,0.0,1,mobile
6483.0,134,1,1542.66,1,mobile
6484.0,123,1,46.99,1,mobile
6485.0,72,1,93.22,1,desktop
6486.0,64,0,0.0,1,mobile
6487.0,135,0,0.0,1,mobile
6488.0,131,1,43.96,1,mobile
6489.0,136,1,52.27,1,mobile
6490.0,105,0,0.0,1,tablet
6491.0,78,0,0.0,1,mobile
6492.0,47,0,0.0,1,mobile
6493.0,70,0,0.0,1,mobile
6494.0,37,0,0.0,1,mobile
6495.0,35,0,0.0,1,mobile
6496.0,83,0,0.0,1,desktop
6497.0,119,1,33.93,1,mobile
6498.0,41,0,0.0,1,desktop
6499.0,63,1,147.07,1,desktop
6500.0,15,0,0.0,1,mobile
6501.0,79,3,1461.4,1,desktop
6502.0,52,0,0.0,1,mobile
6503.0,127,6,41.51,1,tablet
6504.0,31,0,0.0,1,mobile
6505.0,97,3,355.90000000000003,1,mobile
6506.0,31,0,0.0,1,mobile
6507.0,100,1,877.18,1,mobile
6508.0,104,1,4575.4,1,mobile
6509.0,102,0,0.0,1,desktop
6510.0,103,0,0.0,1,mobile
6511.0,128,0,0.0,1,tablet
6512.0,110,1,12.62,1,desktop
6513.0,110,2,513.47,1,mobile
6514.0,123,0,0.0,1,desktop
6515.0,91,0,0.0,1,desktop
6516.0,26,0,0.0,1,desktop
6517.0,78,0,0.0,1,mobile
6518.0,49,0,0.0,1,mobile
6519.0,126,0,0.0,1,mobile
6520.0,124,2,16.48,1,mobile
6521.0,43,1,62.57,1,desktop
6522.0,69,0,0.0,1,mobile
6523.0,127,0,0.0,1,desktop
6524.0,33,0,0.0,1,mobile
6525.0,90,2,32.5,1,mobile
6526.0,129,1,48.9,1,mobile
6527.0,62,1,104.78,1,desktop
6528.0,85,0,0.0,1,mobile
6529.0,144,1,614.59,1,tablet
6530.0,92,1,73.53,1,mobile
6531.0,54,1,30.04,1,tablet
6532.0,129,0,0.0,1,mobile
6533.0,119,1,521.18,1,mobile
6534.0,122,0,0.0,1,desktop
6535.0,126,0,0.0,1,mobile
6536.0,110,1,35.19,1,desktop
6537.0,118,0,0.0,1,desktop
6538.0,112,1,509.77,1,mobile
6539.0,109,0,0.0,1,tablet
6540.0,129,1,293.13,1,desktop
6541.0,117,1,619.04,1,mobile
6542.0,103,0,0.0,1,desktop
6543.0,117,1,57.06,1,mobile
6544.0,116,1,39.92,1,mobile
6545.0,123,0,0.0,1,desktop
6546.0,132,3,234.8,1,mobile
6547.0,131,1,95.63,1,desktop
6548.0,131,0,0.0,1,mobile
6549.0,125,2,543.16,1,mobile
6550.0,48,0,0.0,1,mobile
6551.0,68,0,0.0,1,desktop
6552.0,65,1,209.0,1,tablet
6553.0,53,0,0.0,1,mobile
6554.0,116,0,0.0,1,mobile
6555.0,169,0,0.0,2,mobile
6556.0,139,1,16.58,1,mobile
6557.0,130,0,0.0,1,desktop
6558.0,30,1,417.47,1,tablet
6559.0,77,1,382.27,1,tablet
6560.0,66,0,0.0,1,desktop
6561.0,66,0,0.0,1,desktop
6562.0,118,1,3928.99,1,mobile
6563.0,26,0,0.0,1,mobile
6564.0,101,0,0.0,1,desktop
6565.0,85,0,0.0,1,mobile
6566.0,33,0,0.0,1,mobile
6567.0,84,1,282.95,1,mobile
6568.0,3,0,0.0,1,mobile
6569.0,37,0,0.0,1,tablet
6570.0,108,0,0.0,1,mobile
6571.0,29,0,0.0,1,desktop
6572.0,78,0,0.0,1,mobile
6573.0,135,0,0.0,1,mobile
6574.0,109,1,103.06,1,desktop
6575.0,129,1,476.1,1,mobile
6576.0,114,3,184.23999999999998,1,mobile
6577.0,130,0,0.0,1,desktop
6578.0,121,0,0.0,1,mobile
6579.0,35,0,0.0,1,mobile
6580.0,79,0,0.0,1,mobile
6581.0,119,0,0.0,1,desktop
6582.0,60,0,0.0,1,mobile
6583.0,63,0,0.0,1,desktop
6584.0,130,2,294.51,1,mobile
6585.0,93,2,31.08,1,desktop
6586.0,142,1,3392.89,1,desktop
6587.0,64,0,0.0,1,desktop
6588.0,66,1,38.41,1,mobile
6589.0,121,1,30.88,1,mobile
6590.0,93,0,0.0,1,desktop
6591.0,13,0,0.0,1,mobile
6592.0,117,0,0.0,1,mobile
6593.0,91,0,0.0,1,mobile
6594.0,27,0,0.0,1,mobile
6595.0,121,1,24.21,1,desktop
6596.0,70,0,0.0,1,desktop
6597.0,61,0,0.0,1,desktop
6598.0,46,0,0.0,1,desktop
6599.0,68,0,0.0,1,mobile
6600.0,119,1,152.48,1,mobile
6601.0,17,0,0.0,1,mobile
6602.0,131,1,349.74,1,mobile
6603.0,107,1,438.74,1,mobile
6604.0,126,1,121.54,1,mobile
6605.0,15,0,0.0,1,mobile
6606.0,52,0,0.0,1,mobile
6607.0,46,1,7.68,1,desktop
6608.0,111,1,55.12,1,mobile
6609.0,125,2,12.17,1,mobile
6610.0,117,1,27.43,1,mobile
6611.0,113,1,151.19,1,mobile
6612.0,78,0,0.0,1,mobile
6613.0,13,0,0.0,1,mobile
6614.0,33,0,0.0,1,mobile
6615.0,47,1,13.9,1,mobile
6616.0,74,0,0.0,1,mobile
6617.0,128,3,718.38,1,mobile
6618.0,29,0,0.0,1,desktop
6619.0,64,0,0.0,1,desktop
6620.0,27,0,0.0,1,mobile
6621.0,44,0,0.0,1,mobile
6622.0,48,0,0.0,1,tablet
6623.0,58,1,287.47,1,mobile
6624.0,61,0,0.0,1,mobile
6625.0,123,0,0.0,1,mobile
6626.0,93,0,0.0,1,mobile
6627.0,27,0,0.0,1,desktop
6628.0,74,0,0.0,1,mobile
6629.0,52,0,0.0,1,desktop
6630.0,78,1,26.49,1,desktop
6631.0,56,0,0.0,1,mobile
6632.0,60,0,0.0,1,mobile
6633.0,73,1,3.29,1,desktop
6634.0,105,1,375.06,1,mobile
6635.0,113,0,0.0,1,mobile
6636.0,113,0,0.0,1,mobile
6637.0,129,1,2795.98,1,mobile
6638.0,96,2,617.41,1,mobile
6639.0,38,0,0.0,1,mobile
6640.0,17,0,0.0,1,tablet
6641.0,26,0,0.0,1,mobile
6642.0,29,0,0.0,1,mobile
6643.0,72,1,18.69,1,mobile
6644.0,112,0,0.0,1,mobile
6645.0,129,0,0.0,1,mobile
6646.0,59,1,5166.24,1,mobile
6647.0,78,0,0.0,1,tablet
6648.0,116,1,5131.9,1,mobile
6649.0,102,1,23.49,1,desktop
6650.0,28,0,0.0,1,desktop
6651.0,90,0,0.0,1,mobile
6652.0,114,1,975.57,1,tablet
6653.0,93,0,0.0,1,desktop
6654.0,46,0,0.0,1,desktop
6655.0,68,0,0.0,1,mobile
6656.0,61,0,0.0,1,mobile
6657.0,65,0,0.0,1,mobile
6658.0,43,0,0.0,1,mobile
6659.0,121,1,116.22,1,mobile
6660.0,135,2,273.55,1,desktop
6661.0,128,0,0.0,1,desktop
6662.0,142,1,124.67,1,mobile
6663.0,104,2,23.509999999999998,1,mobile
6664.0,39,0,0.0,1,mobile
6665.0,72,1,144.48,1,mobile
6666.0,132,1,58.09,1,mobile
6667.0,38,0,0.0,1,mobile
6668.0,94,0,0.0,1,mobile
6669.0,63,0,0.0,1,mobile
6670.0,57,1,176.69,1,desktop
6671.0,142,2,28.52,1,desktop
6672.0,132,1,181.29,1,mobile
6673.0,123,1,66.32,1,mobile
6674.0,13,0,0.0,1,tablet
6675.0,121,1,31.74,1,mobile
6676.0,127,4,26774.22,1,mobile
6677.0,128,1,46.35,1,mobile
6678.0,34,0,0.0,1,mobile
6679.0,81,2,50.17,1,desktop
6680.0,113,0,0.0,1,mobile
6681.0,95,0,0.0,1,mobile
6682.0,119,2,115.85,1,mobile
6683.0,124,0,0.0,1,tablet
6684.0,48,0,0.0,1,desktop
6685.0,65,0,0.0,1,desktop
6686.0,69,1,873.83,1,desktop
6687.0,70,0,0.0,1,mobile
6688.0,119,0,0.0,1,mobile
6689.0,89,1,202.58,1,mobile
6690.0,37,0,0.0,1,mobile
6691.0,122,3,706.28,1,mobile
6692.0,115,1,10.56,1,mobile
6693.0,21,1,73.91,1,mobile
6694.0,90,1,53.1,1,mobile
6695.0,143,1,116.04,1,mobile
6696.0,88,0,0.0,1,mobile
6697.0,24,0,0.0,1,desktop
6698.0,108,0,0.0,1,mobile
6699.0,148,1,20.55,1,desktop
6700.0,123,1,48.02,1,mobile
6701.0,48,0,0.0,1,mobile
6702.0,70,0,0.0,1,mobile
6703.0,119,0,0.0,1,desktop
6704.0,79,0,0.0,1,mobile
6705.0,48,0,0.0,1,desktop
6706.0,121,2,726.84,1,mobile
6707.0,134,0,0.0,1,mobile
6708.0,36,0,0.0,1,desktop
6709.0,81,0,0.0,1,mobile
6710.0,128,0,0.0,1,mobile
6711.0,118,0,0.0,1,mobile
6712.0,109,3,372.0,1,desktop
6713.0,114,1,905.87,1,tablet
6714.0,40,0,0.0,1,desktop
6715.0,100,0,0.0,1,tablet
6716.0,77,0,0.0,1,mobile
6717.0,46,0,0.0,1,desktop
6718.0,104,1,685.12,1,mobile
6719.0,25,0,0.0,1,mobile
6720.0,76,1,471.24,1,mobile
6721.0,128,0,0.0,1,mobile
6722.0,112,0,0.0,1,mobile
6723.0,19,0,0.0,1,mobile
6724.0,44,0,0.0,1,desktop
6725.0,90,1,209.53,1,desktop
6726.0,44,0,0.0,1,desktop
6727.0,30,0,0.0,1,mobile
6728.0,49,0,0.0,1,desktop
6729.0,58,0,0.0,1,desktop
6730.0,57,1,1845.03,1,desktop
6731.0,46,0,0.0,1,mobile
6732.0,69,2,1595.1799999999998,1,desktop
6733.0,24,1,145.67,1,tablet
6734.0,48,0,0.0,1,mobile
6735.0,34,0,0.0,1,mobile
6736.0,40,0,0.0,1,mobile
6737.0,90,0,0.0,1,desktop
6738.0,35,0,0.0,1,desktop
6739.0,68,1,546.91,1,desktop
6740.0,134,3,1229.5,1,desktop
6741.0,44,0,0.0,1,mobile
6742.0,78,1,118.75,1,mobile
6743.0,97,0,0.0,1,mobile
6744.0,36,0,0.0,1,mobile
6745.0,25,0,0.0,1,mobile
6746.0,5,0,0.0,1,desktop
6747.0,82,0,0.0,1,mobile
6748.0,36,0,0.0,1,mobile
6749.0,77,1,38.58,1,mobile
6750.0,118,0,0.0,1,mobile
6751.0,114,0,0.0,1,desktop
6752.0,117,1,12.54,1,mobile
6753.0,109,1,560.04,1,mobile
6754.0,95,0,0.0,1,mobile
6755.0,31,0,0.0,1,mobile
6756.0,107,2,58.12,1,desktop
6757.0,130,0,0.0,1,mobile
6758.0,113,1,206.64,1,mobile
6759.0,61,0,0.0,1,mobile
6760.0,63,0,0.0,1,mobile
6761.0,133,3,6030.219999999999,1,mobile
6762.0,113,0,0.0,1,mobile
6763.0,118,1,48.91,1,mobile
6764.0,105,1,8074.99,1,desktop
6765.0,103,0,0.0,1,mobile
6766.0,19,0,0.0,1,mobile
6767.0,56,0,0.0,1,desktop
6768.0,51,1,5.15,1,mobile
6769.0,97,1,458.57,1,mobile
6770.0,69,0,0.0,1,mobile
6771.0,46,0,0.0,1,desktop
6772.0,84,0,0.0,1,desktop
6773.0,49,0,0.0,1,mobile
6774.0,116,0,0.0,1,mobile
6775.0,109,1,20.28,1,mobile
6776.0,132,0,0.0,1,desktop
6777.0,120,1,17.94,1,mobile
6778.0,24,0,0.0,1,mobile
6779.0,43,0,0.0,1,desktop
6780.0,52,1,26.26,1,desktop
6781.0,116,1,9.23,1,mobile
6782.0,74,0,0.0,1,mobile
6783.0,28,0,0.0,1,mobile
6784.0,5,0,0.0,1,mobile
6785.0,115,0,0.0,1,desktop
6786.0,131,0,0.0,1,mobile
6787.0,58,0,0.0,1,mobile
6788.0,79,0,0.0,1,desktop
6789.0,57,0,0.0,1,mobile
6790.0,67,0,0.0,1,mobile
6791.0,72,1,4.22,1,mobile
6792.0,25,0,0.0,1,desktop
6793.0,41,0,0.0,1,mobile
6794.0,105,0,0.0,1,mobile
6795.0,97,0,0.0,1,tablet
6796.0,107,1,37.74,1,mobile
6797.0,96,0,0.0,1,desktop
6798.0,118,0,0.0,1,mobile
6799.0,53,0,0.0,1,mobile
6800.0,74,0,0.0,1,desktop
6801.0,104,0,0.0,1,desktop
6802.0,67,1,10724.21,1,desktop
6803.0,49,0,0.0,1,mobile
6804.0,55,0,0.0,1,mobile
6805.0,55,2,275.99,1,desktop
6806.0,115,2,1499.3200000000002,1,mobile
6807.0,129,0,0.0,1,tablet
6808.0,113,2,157.17000000000002,1,desktop
6809.0,33,0,0.0,1,desktop
6810.0,126,0,0.0,1,mobile
6811.0,124,0,0.0,1,mobile
6812.0,115,0,0.0,1,mobile
6813.0,127,2,133.24,1,desktop
6814.0,119,0,0.0,1,mobile
6815.0,121,0,0.0,1,desktop
6816.0,118,2,329.76,1,mobile
6817.0,72,0,0.0,1,desktop
6818.0,35,0,0.0,1,desktop
6819.0,72,0,0.0,1,mobile
6820.0,56,0,0.0,1,mobile
6821.0,115,0,0.0,1,mobile
6822.0,115,0,0.0,1,mobile
6823.0,103,1,22.8,1,desktop
6824.0,141,0,0.0,1,mobile
6825.0,136,0,0.0,1,desktop
6826.0,43,1,92.01,1,desktop
6827.0,72,0,0.0,1,mobile
6828.0,128,2,373.6,1,desktop
6829.0,73,0,0.0,1,mobile
6830.0,27,0,0.0,1,desktop
6831.0,128,2,228.63,1,desktop
6832.0,127,0,0.0,1,desktop
6833.0,44,0,0.0,1,desktop
6834.0,63,0,0.0,1,mobile
6835.0,70,0,0.0,1,mobile
6836.0,52,0,0.0,1,mobile
6837.0,118,1,377.86,1,mobile
6838.0,103,1,30.02,1,mobile
6839.0,133,1,69.34,1,mobile
6840.0,78,0,0.0,1,tablet
6841.0,44,1,165.27,1,mobile
6842.0,141,1,170.86,1,mobile
6843.0,124,1,49.92,1,desktop
6844.0,112,2,3328.88,1,mobile
6845.0,69,0,0.0,1,mobile
6846.0,39,0,0.0,1,desktop
6847.0,123,2,127.00999999999999,1,mobile
6848.0,121,0,0.0,1,mobile
6849.0,88,0,0.0,1,tablet
6850.0,29,0,0.0,1,mobile
6851.0,69,1,97.62,1,mobile
6852.0,60,1,330.19,1,desktop
6853.0,74,0,0.0,1,mobile
6854.0,67,1,110.34,1,mobile
6855.0,133,0,0.0,1,desktop
6856.0,132,0,0.0,1,tablet
6857.0,38,0,0.0,1,mobile
6858.0,91,0,0.0,1,mobile
6859.0,34,0,0.0,1,desktop
6860.0,90,1,196.86,1,mobile
6861.0,131,0,0.0,1,mobile
6862.0,108,1,1649.62,1,tablet
6863.0,51,1,7.94,1,desktop
6864.0,62,0,0.0,1,desktop
6865.0,121,1,8.12,1,mobile
6866.0,48,0,0.0,1,mobile
6867.0,62,0,0.0,1,mobile
6868.0,20,0,0.0,1,mobile
6869.0,108,1,4.66,1,desktop
6870.0,24,0,0.0,1,desktop
6871.0,96,1,20.57,1,desktop
6872.0,132,0,0.0,1,mobile
6873.0,99,0,0.0,1,desktop
6874.0,74,1,568.08,1,desktop
6875.0,49,1,557.98,1,mobile
6876.0,14,1,2222.54,1,mobile
6877.0,39,0,0.0,1,mobile
6878.0,74,0,0.0,1,mobile
6879.0,137,2,211.18,1,desktop
6880.0,112,2,68.42,1,desktop
6881.0,135,4,3922.7400000000002,1,mobile
6882.0,38,0,0.0,1,desktop
6883.0,70,0,0.0,1,mobile
6884.0,109,0,0.0,1,mobile
6885.0,124,0,0.0,1,mobile
6886.0,49,0,0.0,1,mobile
6887.0,55,0,0.0,1,mobile
6888.0,121,2,22.14,1,desktop
6889.0,24,0,0.0,1,desktop
6890.0,46,0,0.0,1,desktop
6891.0,44,0,0.0,1,mobile
6892.0,13,0,0.0,1,mobile
6893.0,118,1,616.48,1,desktop
6894.0,93,1,463.77,1,mobile
6895.0,18,0,0.0,1,mobile
6896.0,19,0,0.0,1,mobile
6897.0,121,0,0.0,1,mobile
6898.0,107,0,0.0,1,desktop
6899.0,21,0,0.0,1,mobile
6900.0,36,0,0.0,1,desktop
6901.0,15,0,0.0,1,mobile
6902.0,30,0,0.0,1,mobile
6903.0,127,1,59.75,1,mobile
6904.0,23,0,0.0,1,desktop
6905.0,57,0,0.0,1,desktop
6906.0,31,0,0.0,1,desktop
6907.0,134,1,106.73,1,mobile
6908.0,62,1,591.39,1,mobile
6909.0,86,0,0.0,1,mobile
6910.0,89,0,0.0,1,mobile
6911.0,33,0,0.0,1,mobile
6912.0,64,0,0.0,1,mobile
6913.0,63,0,0.0,1,desktop
6914.0,51,0,0.0,1,mobile
6915.0,79,1,12.74,1,tablet
6916.0,115,0,0.0,1,mobile
6917.0,124,2,31.83,1,mobile
6918.0,123,1,4698.13,1,mobile
6919.0,27,0,0.0,1,mobile
6920.0,34,0,0.0,1,mobile
6921.0,41,0,0.0,1,desktop
6922.0,24,0,0.0,1,mobile
6923.0,112,2,1881.31,1,mobile
6924.0,109,2,107.17,1,desktop
6925.0,106,1,122.13,1,mobile
6926.0,74,1,27.08,1,mobile
6927.0,56,0,0.0,1,mobile
6928.0,77,0,0.0,1,desktop
6929.0,32,0,0.0,1,desktop
6930.0,5,0,0.0,1,mobile
6931.0,98,1,25.98,1,desktop
6932.0,12,0,0.0,1,mobile
6933.0,110,0,0.0,1,mobile
6934.0,62,0,0.0,1,mobile
6935.0,46,0,0.0,1,mobile
6936.0,130,0,0.0,1,tablet
6937.0,67,1,530.48,1,desktop
6938.0,64,0,0.0,1,desktop
6939.0,36,0,0.0,1,mobile
6940.0,92,0,0.0,1,desktop
6941.0,113,2,1144.44,1,desktop
6942.0,101,0,0.0,1,mobile
6943.0,109,2,40.78,1,mobile
6944.0,112,2,51.41,1,desktop
6945.0,106,1,86.43,1,mobile
6946.0,114,2,1387.78,1,mobile
6947.0,131,2,121.27,1,desktop
6948.0,103,0,0.0,1,mobile
6949.0,33,0,0.0,1,desktop
6950.0,22,0,0.0,1,mobile
6951.0,70,0,0.0,1,mobile
6952.0,25,1,37.15,1,mobile
6953.0,121,1,161.62,1,mobile
6954.0,37,0,0.0,1,mobile
6955.0,81,0,0.0,1,mobile
6956.0,35,0,0.0,1,desktop
6957.0,44,0,0.0,1,mobile
6958.0,42,0,0.0,1,mobile
6959.0,122,0,0.0,1,mobile
6960.0,75,0,0.0,1,mobile
6961.0,37,0,0.0,1,desktop
6962.0,20,0,0.0,1,desktop
6963.0,31,0,0.0,1,mobile
6964.0,63,0,0.0,1,mobile
6965.0,48,0,0.0,1,mobile
6966.0,78,0,0.0,1,mobile
6967.0,125,0,0.0,1,desktop
6968.0,122,0,0.0,1,desktop
6969.0,140,3,62.93000000000001,1,desktop
6970.0,28,2,521.81,1,mobile
6971.0,90,1,246.03,1,mobile
6972.0,115,0,0.0,1,tablet
6973.0,11,0,0.0,1,mobile
6974.0,127,1,6.76,1,desktop
6975.0,139,2,664.19,1,mobile
6976.0,139,1,44.09,1,mobile
6977.0,70,1,66.95,1,desktop
6978.0,56,0,0.0,1,mobile
6979.0,126,0,0.0,1,desktop
6980.0,117,2,206.63,1,mobile
6981.0,147,1,216.22,1,desktop
6982.0,122,1,87.68,1,mobile
6983.0,44,1,20.64,1,mobile
6984.0,77,0,0.0,1,mobile
6985.0,116,0,0.0,1,mobile
6986.0,122,0,0.0,1,mobile
6987.0,26,0,0.0,1,tablet
6988.0,78,0,0.0,1,mobile
6989.0,118,0,0.0,1,mobile
6990.0,113,0,0.0,1,mobile
6991.0,22,0,0.0,1,mobile
6992.0,35,1,374.08,1,mobile
6993.0,48,1,151.53,1,mobile
6994.0,68,1,1694.74,1,mobile
6995.0,45,2,1380.26,1,mobile
6996.0,118,2,438.03999999999996,1,mobile
6997.0,90,1,8.47,1,mobile
6998.0,40,2,13.28,1,mobile
6999.0,103,0,0.0,1,desktop
7000.0,61,0,0.0,1,mobile
7001.0,63,1,8.16,1,mobile
7002.0,74,0,0.0,1,mobile
7003.0,54,0,0.0,1,mobile
7004.0,121,1,2077.65,1,mobile
7005.0,77,1,39.82,1,mobile
7006.0,37,0,0.0,1,desktop
7007.0,122,0,0.0,1,mobile
7008.0,116,1,7.1,1,desktop
7009.0,123,2,273.32,1,mobile
7010.0,29,0,0.0,1,desktop
7011.0,96,0,0.0,1,mobile
7012.0,13,0,0.0,1,mobile
7013.0,121,0,0.0,1,mobile
7014.0,50,0,0.0,1,mobile
7015.0,89,0,0.0,1,tablet
7016.0,92,0,0.0,1,desktop
7017.0,123,1,39.07,1,mobile
7018.0,79,2,6156.58,1,mobile
7019.0,40,0,0.0,1,mobile
7020.0,129,0,0.0,1,desktop
7021.0,46,0,0.0,1,desktop
7022.0,1,0,0.0,1,mobile
7023.0,17,0,0.0,1,desktop
7024.0,61,1,144.31,1,desktop
7025.0,65,1,590.91,1,desktop
7026.0,54,0,0.0,1,mobile
7027.0,51,1,1901.6,1,mobile
7028.0,72,1,6227.61,1,mobile
7029.0,103,2,429.51,1,mobile
7030.0,108,0,0.0,1,mobile
7031.0,113,0,0.0,1,mobile
7032.0,59,0,0.0,1,mobile
7033.0,18,0,0.0,1,desktop
7034.0,41,0,0.0,1,desktop
7035.0,98,0,0.0,1,mobile
7036.0,13,0,0.0,1,desktop
7037.0,100,0,0.0,1,mobile
7038.0,42,0,0.0,1,mobile
7039.0,74,1,408.28,1,mobile
7040.0,18,0,0.0,1,mobile
7041.0,103,0,0.0,1,mobile
7042.0,51,0,0.0,1,desktop
7043.0,47,1,106.97,1,desktop
7044.0,25,0,0.0,1,desktop
7045.0,69,0,0.0,1,desktop
7046.0,61,0,0.0,1,mobile
7047.0,113,1,282.32,1,tablet
7048.0,93,0,0.0,1,mobile
7049.0,24,0,0.0,1,mobile
7050.0,129,0,0.0,1,desktop
7051.0,66,0,0.0,1,mobile
7052.0,63,0,0.0,1,mobile
7053.0,117,0,0.0,1,mobile
7054.0,78,0,0.0,1,mobile
7055.0,56,2,770.1099999999999,1,desktop
7056.0,132,0,0.0,1,mobile
7057.0,40,1,1002.07,1,mobile
7058.0,68,0,0.0,1,desktop
7059.0,100,0,0.0,1,mobile
7060.0,64,3,304.89,1,mobile
7061.0,60,0,0.0,1,desktop
7062.0,108,3,660.12,1,mobile
7063.0,116,0,0.0,1,mobile
7064.0,79,0,0.0,1,mobile
7065.0,3,0,0.0,1,mobile
7066.0,49,0,0.0,1,mobile
7067.0,55,0,0.0,1,mobile
7068.0,62,0,0.0,1,mobile
7069.0,109,1,251.52,1,mobile
7070.0,124,1,318.99,1,mobile
7071.0,51,0,0.0,1,mobile
7072.0,67,0,0.0,1,mobile
7073.0,128,1,77.99,1,mobile
7074.0,116,1,29.34,1,mobile
7075.0,42,0,0.0,1,mobile
7076.0,76,0,0.0,1,tablet
7077.0,129,1,87.69,1,mobile
7078.0,50,0,0.0,1,desktop
7079.0,70,0,0.0,1,tablet
7080.0,125,0,0.0,1,desktop
7081.0,86,0,0.0,1,mobile
7082.0,46,0,0.0,1,desktop
7083.0,129,1,506.39,1,mobile
7084.0,135,1,178.08,1,desktop
7085.0,3,0,0.0,1,mobile
7086.0,102,0,0.0,1,mobile
7087.0,25,2,149.83,1,mobile
7088.0,105,1,1422.59,1,desktop
7089.0,17,1,70.87,1,mobile
7090.0,18,0,0.0,1,desktop
7091.0,59,0,0.0,1,mobile
7092.0,40,0,0.0,1,mobile
7093.0,53,1,2779.75,1,mobile
7094.0,62,1,852.54,1,desktop
7095.0,108,0,0.0,1,mobile
7096.0,35,0,0.0,1,mobile
7097.0,65,0,0.0,1,desktop
7098.0,103,0,0.0,1,desktop
7099.0,128,2,760.61,1,mobile
7100.0,129,2,4274.84,1,mobile
7101.0,122,1,34.19,1,mobile
7102.0,123,0,0.0,1,mobile
7103.0,140,1,50.74,1,mobile
7104.0,100,1,282.84,1,desktop
7105.0,26,0,0.0,1,mobile
7106.0,30,0,0.0,1,desktop
7107.0,40,0,0.0,1,mobile
7108.0,69,1,412.79,1,desktop
7109.0,103,0,0.0,1,mobile
7110.0,128,4,19581.85,1,desktop
7111.0,115,1,25.6,1,desktop
7112.0,45,0,0.0,1,mobile
7113.0,101,2,53.83,1,desktop
7114.0,107,1,12.26,1,desktop
7115.0,57,0,0.0,1,mobile
7116.0,68,0,0.0,1,mobile
7117.0,136,4,669.19,1,mobile
7118.0,52,0,0.0,1,desktop
7119.0,77,0,0.0,1,desktop
7120.0,65,1,634.63,1,mobile
7121.0,39,0,0.0,1,desktop
7122.0,137,0,0.0,1,mobile
7123.0,34,0,0.0,1,desktop
7124.0,76,0,0.0,1,mobile
7125.0,14,0,0.0,1,mobile
7126.0,126,0,0.0,1,desktop
7127.0,116,3,221.82000000000002,1,mobile
7128.0,133,1,49.37,1,mobile
7129.0,120,1,143.12,1,mobile
7130.0,72,0,0.0,1,desktop
7131.0,22,0,0.0,1,mobile
7132.0,36,0,0.0,1,mobile
7133.0,118,1,52.1,1,desktop
7134.0,29,0,0.0,1,desktop
7135.0,93,0,0.0,1,mobile
7136.0,97,0,0.0,1,desktop
7137.0,18,0,0.0,1,mobile
7138.0,98,2,176.09,1,mobile
7139.0,39,0,0.0,1,mobile
7140.0,123,1,130.87,1,desktop
7141.0,107,2,72.64,1,mobile
7142.0,77,0,0.0,1,mobile
7143.0,54,0,0.0,1,mobile
7144.0,118,0,0.0,1,mobile
7145.0,20,0,0.0,1,desktop
7146.0,62,0,0.0,1,mobile
7147.0,109,0,0.0,1,mobile
7148.0,101,0,0.0,1,mobile
7149.0,50,0,0.0,1,mobile
7150.0,35,0,0.0,1,desktop
7151.0,4,0,0.0,1,mobile
7152.0,21,0,0.0,1,mobile
7153.0,45,2,24.35,1,mobile
7154.0,81,0,0.0,1,mobile
7155.0,119,0,0.0,1,desktop
7156.0,48,0,0.0,1,mobile
7157.0,78,0,0.0,1,mobile
7158.0,115,0,0.0,1,mobile
7159.0,125,2,84.73,1,mobile
7160.0,123,1,182.22,1,mobile
7161.0,20,1,659.28,1,mobile
7162.0,56,0,0.0,1,mobile
7163.0,11,1,2377.48,1,mobile
7164.0,36,0,0.0,1,mobile
7165.0,71,0,0.0,1,mobile
7166.0,27,0,0.0,1,desktop
7167.0,23,0,0.0,1,desktop
7168.0,106,1,17.15,1,mobile
7169.0,16,0,0.0,1,mobile
7170.0,112,1,23.66,1,tablet
7171.0,68,0,0.0,1,tablet
7172.0,58,1,164.57,1,mobile
7173.0,108,1,27.85,1,desktop
7174.0,114,0,0.0,1,mobile
7175.0,21,1,2.99,1,mobile
7176.0,86,2,8.3,1,mobile
7177.0,108,1,139.64,1,mobile
7178.0,34,0,0.0,1,mobile
7179.0,105,1,740.72,1,desktop
7180.0,35,0,0.0,1,mobile
7181.0,71,0,0.0,1,mobile
7182.0,118,1,4.85,1,desktop
7183.0,76,0,0.0,1,mobile
7184.0,33,0,0.0,1,mobile
7185.0,33,0,0.0,1,desktop
7186.0,19,0,0.0,1,mobile
7187.0,64,1,9.57,1,desktop
7188.0,110,1,341.41,1,desktop
7189.0,70,0,0.0,1,mobile
7190.0,48,1,937.75,1,mobile
7191.0,114,1,130.51,1,mobile
7192.0,113,1,92.93,1,mobile
7193.0,104,0,0.0,1,tablet
7194.0,135,1,401.85,1,desktop
7195.0,64,0,0.0,1,mobile
7196.0,45,0,0.0,1,mobile
7197.0,111,0,0.0,1,mobile
7198.0,116,1,18.98,1,desktop
7199.0,106,0,0.0,1,desktop
7200.0,46,1,212.3,1,mobile
7201.0,61,0,0.0,1,desktop
7202.0,120,1,10.89,1,mobile
7203.0,136,1,556.17,1,mobile
7204.0,4,0,0.0,1,desktop
7205.0,36,0,0.0,1,tablet
7206.0,82,1,36.84,1,desktop
7207.0,113,0,0.0,1,mobile
7208.0,72,0,0.0,1,mobile
7209.0,67,0,0.0,1,mobile
7210.0,132,0,0.0,1,desktop
7211.0,133,3,171.3,1,mobile
7212.0,152,2,359.09999999999997,1,mobile
7213.0,42,1,124.0,1,mobile
7214.0,77,0,0.0,1,desktop
7215.0,24,2,1001.27,1,mobile
7216.0,103,0,0.0,1,mobile
7217.0,132,0,0.0,1,mobile
7218.0,7,0,0.0,1,desktop
7219.0,114,1,1633.69,1,mobile
7220.0,81,0,0.0,1,desktop
7221.0,114,1,627.78,1,mobile
7222.0,122,0,0.0,1,desktop
7223.0,117,2,353.47,1,desktop
7224.0,129,0,0.0,1,mobile
7225.0,5,0,0.0,1,desktop
7226.0,110,1,199.08,1,desktop
7227.0,83,0,0.0,1,mobile
7228.0,43,0,0.0,1,mobile
7229.0,60,0,0.0,1,desktop
7230.0,62,0,0.0,1,mobile
7231.0,40,0,0.0,1,mobile
7232.0,79,0,0.0,1,desktop
7233.0,77,0,0.0,1,mobile
7234.0,48,1,139.94,1,mobile
7235.0,88,0,0.0,1,tablet
7236.0,43,0,0.0,1,desktop
7237.0,30,0,0.0,1,tablet
7238.0,77,3,52.72,1,desktop
7239.0,7,0,0.0,1,mobile
7240.0,15,0,0.0,1,mobile
7241.0,90,2,218.77,1,mobile
7242.0,72,1,129.48,1,tablet
7243.0,62,0,0.0,1,mobile
7244.0,30,0,0.0,1,desktop
7245.0,105,1,392.06,1,mobile
7246.0,109,0,0.0,1,desktop
7247.0,111,0,0.0,1,mobile
7248.0,64,1,34.14,1,desktop
7249.0,57,1,187.75,1,mobile
7250.0,126,0,0.0,1,desktop
7251.0,111,2,186.05,1,mobile
7252.0,115,0,0.0,1,mobile
7253.0,128,1,69.72,1,mobile
7254.0,113,1,34.24,1,mobile
7255.0,139,0,0.0,1,mobile
7256.0,5,0,0.0,1,mobile
7257.0,99,0,0.0,1,mobile
7258.0,116,1,5781.88,1,desktop
7259.0,4,1,678.25,1,tablet
7260.0,108,1,375.89,1,mobile
7261.0,110,1,3082.1,1,mobile
7262.0,119,0,0.0,1,mobile
7263.0,115,0,0.0,1,desktop
7264.0,58,1,26.01,1,mobile
7265.0,53,0,0.0,1,desktop
7266.0,78,3,293.65999999999997,1,desktop
7267.0,46,0,0.0,1,mobile
7268.0,113,3,605.95,1,desktop
7269.0,127,1,43.84,1,mobile
7270.0,9,0,0.0,1,mobile
7271.0,25,0,0.0,1,tablet
7272.0,59,0,0.0,1,desktop
7273.0,62,0,0.0,1,desktop
7274.0,24,0,0.0,1,mobile
7275.0,35,0,0.0,1,mobile
7276.0,78,2,34.18,1,desktop
7277.0,53,0,0.0,1,mobile
7278.0,123,1,127.1,1,tablet
7279.0,126,1,23.45,1,mobile
7280.0,127,0,0.0,1,mobile
7281.0,129,2,32.239999999999995,1,mobile
7282.0,24,0,0.0,1,mobile
7283.0,100,0,0.0,1,tablet
7284.0,121,0,0.0,1,mobile
7285.0,69,1,250.56,1,desktop
7286.0,21,0,0.0,1,mobile
7287.0,32,1,46.75,1,mobile
7288.0,19,0,0.0,1,mobile
7289.0,103,2,238.11,1,mobile
7290.0,64,2,215.81,1,mobile
7291.0,18,0,0.0,1,mobile
7292.0,47,0,0.0,1,mobile
7293.0,24,0,0.0,1,mobile
7294.0,86,1,815.2,1,mobile
7295.0,111,0,0.0,1,mobile
7296.0,34,0,0.0,1,mobile
7297.0,66,0,0.0,1,mobile
7298.0,54,1,2037.36,1,mobile
7299.0,70,1,766.37,1,tablet
7300.0,122,1,113.42,1,mobile
7301.0,104,0,0.0,1,mobile
7302.0,111,0,0.0,1,mobile
7303.0,143,4,3537.4599999999996,1,desktop
7304.0,59,0,0.0,1,mobile
7305.0,89,0,0.0,1,desktop
7306.0,24,2,867.49,1,mobile
7307.0,110,3,2569.56,1,mobile
7308.0,73,0,0.0,1,desktop
7309.0,40,0,0.0,1,desktop
7310.0,110,0,0.0,1,mobile
7311.0,57,0,0.0,1,mobile
7312.0,57,0,0.0,1,mobile
7313.0,33,1,45.77,1,mobile
7314.0,17,0,0.0,1,mobile
7315.0,62,1,7.64,1,desktop
7316.0,105,0,0.0,1,desktop
7317.0,135,0,0.0,1,desktop
7318.0,132,2,213.45,1,desktop
7319.0,12,0,0.0,1,mobile
7320.0,98,0,0.0,1,mobile
7321.0,78,1,19.55,1,desktop
7322.0,34,0,0.0,1,mobile
7323.0,99,2,2997.3700000000003,1,tablet
7324.0,103,0,0.0,1,desktop
7325.0,28,0,0.0,1,desktop
7326.0,111,2,96.91,1,mobile
7327.0,16,0,0.0,1,mobile
7328.0,102,0,0.0,1,desktop
7329.0,124,0,0.0,1,mobile
7330.0,137,0,0.0,1,desktop
7331.0,9,0,0.0,1,desktop
7332.0,30,0,0.0,1,desktop
7333.0,63,2,81.85,1,mobile
7334.0,51,0,0.0,1,mobile
7335.0,73,0,0.0,1,mobile
7336.0,139,0,0.0,1,mobile
7337.0,19,1,151.02,1,desktop
7338.0,118,0,0.0,1,desktop
7339.0,121,1,114.5,1,mobile
7340.0,37,0,0.0,1,mobile
7341.0,11,0,0.0,1,mobile
7342.0,60,0,0.0,1,mobile
7343.0,117,1,54.04,1,tablet
7344.0,103,0,0.0,1,mobile
7345.0,125,0,0.0,1,desktop
7346.0,131,0,0.0,1,mobile
7347.0,133,2,1254.3999999999999,1,mobile
7348.0,118,1,2667.96,1,desktop
7349.0,69,0,0.0,1,mobile
7350.0,64,0,0.0,1,mobile
7351.0,147,0,0.0,1,desktop
7352.0,97,2,1626.77,1,mobile
7353.0,38,0,0.0,1,mobile
7354.0,133,1,136.81,1,mobile
7355.0,55,0,0.0,1,desktop
7356.0,45,0,0.0,1,mobile
7357.0,51,0,0.0,1,desktop
7358.0,63,0,0.0,1,mobile
7359.0,98,1,12.13,1,mobile
7360.0,40,0,0.0,1,mobile
7361.0,119,1,54.3,1,mobile
7362.0,16,1,132.02,1,mobile
7363.0,114,2,2102.34,1,mobile
7364.0,22,0,0.0,1,mobile
7365.0,84,2,289.27,1,mobile
7366.0,47,1,194.17,1,mobile
7367.0,28,0,0.0,1,mobile
7368.0,37,1,57.13,1,mobile
7369.0,110,2,1720.91,1,mobile
7370.0,74,1,85.12,1,mobile
7371.0,60,1,4.92,1,desktop
7372.0,58,1,5.54,1,desktop
7373.0,54,0,0.0,1,mobile
7374.0,47,0,0.0,1,mobile
7375.0,23,0,0.0,1,mobile
7376.0,2,0,0.0,1,mobile
7377.0,42,0,0.0,1,mobile
7378.0,133,1,41.18,1,desktop
7379.0,125,0,0.0,1,mobile
7380.0,69,0,0.0,1,mobile
7381.0,44,0,0.0,1,mobile
7382.0,119,0,0.0,1,mobile
7383.0,168,2,29.22,2,desktop
7384.0,31,0,0.0,1,mobile
7385.0,121,1,169.88,1,desktop
7386.0,22,0,0.0,1,desktop
7387.0,43,0,0.0,1,mobile
7388.0,55,1,755.14,1,desktop
7389.0,113,1,206.03,1,desktop
7390.0,143,1,591.3,1,desktop
7391.0,64,1,36.36,1,tablet
7392.0,57,1,112.92,1,desktop
7393.0,102,4,993.48,1,mobile
7394.0,94,1,12.74,1,mobile
7395.0,98,2,22.13,1,mobile
7396.0,49,0,0.0,1,tablet
7397.0,135,1,92.63,1,tablet
7398.0,105,0,0.0,1,mobile
7399.0,129,0,0.0,1,mobile
7400.0,109,0,0.0,1,mobile
7402.0,84,1,47.24,1,desktop
7403.0,23,0,0.0,1,mobile
7404.0,23,0,0.0,1,mobile
7405.0,81,1,318.78,1,mobile
7406.0,44,0,0.0,1,mobile
7407.0,57,0,0.0,1,desktop
7408.0,66,0,0.0,1,desktop
7409.0,74,0,0.0,1,mobile
7410.0,53,0,0.0,1,tablet
7411.0,48,2,68.92999999999999,1,mobile
7412.0,70,1,114.11,1,mobile
7413.0,132,1,616.83,1,desktop
7414.0,79,1,161.57,1,mobile
7415.0,50,1,112.73,1,mobile
7416.0,38,0,0.0,1,desktop
7417.0,51,0,0.0,1,mobile
7418.0,33,0,0.0,1,mobile
7419.0,81,1,56.38,1,mobile
7420.0,43,0,0.0,1,mobile
7421.0,37,0,0.0,1,mobile
7422.0,45,0,0.0,1,desktop
7423.0,17,0,0.0,1,mobile
7424.0,85,2,124.14,1,desktop
7425.0,23,0,0.0,1,desktop
7426.0,137,0,0.0,1,mobile
7427.0,122,0,0.0,1,mobile
7428.0,120,1,113.02,1,mobile
7429.0,54,2,174.35,1,mobile
7430.0,67,1,67.9,1,mobile
7431.0,48,0,0.0,1,mobile
7432.0,49,1,4.66,1,mobile
7433.0,27,1,27.62,1,mobile
7434.0,127,0,0.0,1,mobile
7435.0,117,0,0.0,1,desktop
7436.0,118,0,0.0,1,mobile
7437.0,121,0,0.0,1,mobile
7438.0,127,1,111.03,1,tablet
7439.0,68,0,0.0,1,mobile
7441.0,41,0,0.0,1,mobile
7442.0,11,0,0.0,1,desktop
7443.0,145,0,0.0,1,mobile
7444.0,85,0,0.0,1,mobile
7445.0,47,1,114.06,1,mobile
7446.0,41,0,0.0,1,mobile
7447.0,79,0,0.0,1,mobile
7448.0,81,0,0.0,1,mobile
7449.0,59,0,0.0,1,mobile
7450.0,114,0,0.0,1,desktop
7451.0,116,2,92.21000000000001,1,mobile
7452.0,131,2,354.38,1,mobile
7453.0,132,1,755.74,1,mobile
7454.0,119,0,0.0,1,desktop
7455.0,24,1,354.12,1,desktop
7456.0,80,0,0.0,1,mobile
7457.0,122,0,0.0,1,mobile
7458.0,58,2,958.59,1,mobile
7459.0,77,1,122.73,1,desktop
7460.0,125,1,144.83,1,desktop
7461.0,116,1,25.26,1,desktop
7462.0,112,2,33.44,1,desktop
7463.0,110,0,0.0,1,desktop
7464.0,121,0,0.0,1,desktop
7465.0,69,2,142.88,1,mobile
7466.0,55,0,0.0,1,desktop
7467.0,116,0,0.0,1,desktop
7468.0,124,3,278.58,1,tablet
7469.0,118,0,0.0,1,mobile
7470.0,118,0,0.0,1,mobile
7471.0,22,0,0.0,1,desktop
7472.0,93,3,516.41,1,mobile
7473.0,32,0,0.0,1,mobile
7474.0,80,0,0.0,1,desktop
7475.0,20,1,1677.84,1,desktop
7476.0,105,1,1391.91,1,mobile
7477.0,79,0,0.0,1,mobile
7478.0,42,2,163.92000000000002,1,desktop
7479.0,118,0,0.0,1,desktop
7480.0,127,0,0.0,1,mobile
7481.0,134,0,0.0,1,mobile
7482.0,1,0,0.0,1,mobile
7483.0,111,2,471.47,1,desktop
7484.0,117,1,13.82,1,mobile
7485.0,2,0,0.0,1,mobile
7486.0,20,0,0.0,1,mobile
7487.0,99,3,329.1,1,mobile
7488.0,21,0,0.0,1,tablet
7489.0,103,2,60.53,1,desktop
7490.0,70,0,0.0,1,mobile
7491.0,55,1,121.24,1,mobile
7492.0,80,1,223.17,1,mobile
7493.0,43,0,0.0,1,tablet
7494.0,48,0,0.0,1,mobile
7495.0,17,0,0.0,1,mobile
7496.0,66,1,45.3,1,desktop
7497.0,112,0,0.0,1,desktop
7498.0,121,2,55.27,1,tablet
7499.0,131,0,0.0,1,mobile
7500.0,113,0,0.0,1,desktop
7501.0,111,3,385.37,1,mobile
7502.0,52,0,0.0,1,mobile
7503.0,71,1,279.19,1,desktop
7504.0,125,0,0.0,1,mobile
7505.0,115,0,0.0,1,mobile
7506.0,107,1,576.26,1,mobile
7507.0,110,0,0.0,1,mobile
7508.0,73,0,0.0,1,desktop
7509.0,34,0,0.0,1,desktop
7510.0,112,0,0.0,1,mobile
7511.0,138,1,14.16,1,mobile
7512.0,124,1,4347.8,1,mobile
7513.0,36,1,28.68,1,mobile
7514.0,45,0,0.0,1,mobile
7515.0,28,0,0.0,1,mobile
7516.0,128,1,160.32,1,mobile
7517.0,126,0,0.0,1,desktop
7518.0,130,0,0.0,1,mobile
7519.0,128,1,487.23,1,mobile
7520.0,65,0,0.0,1,desktop
7521.0,53,0,0.0,1,mobile
7522.0,124,1,339.65,1,desktop
7523.0,114,0,0.0,1,mobile
7524.0,55,1,770.94,1,mobile
7525.0,59,1,6440.19,1,mobile
7526.0,18,0,0.0,1,mobile
7527.0,97,0,0.0,1,mobile
7528.0,123,1,145.58,1,tablet
7529.0,57,2,355.91999999999996,1,mobile
7530.0,71,1,482.59,1,mobile
7531.0,10,0,0.0,1,mobile
7532.0,123,0,0.0,1,desktop
7533.0,114,1,50.57,1,desktop
7534.0,135,1,810.05,1,tablet
7535.0,70,0,0.0,1,mobile
7536.0,45,1,53.38,1,mobile
7537.0,40,1,19.19,1,mobile
7538.0,78,0,0.0,1,mobile
7539.0,114,2,729.88,1,mobile
7540.0,81,1,177.16,1,desktop
7541.0,38,0,0.0,1,mobile
7542.0,121,0,0.0,1,mobile
7543.0,127,1,85.89,1,mobile
7544.0,29,0,0.0,1,mobile
7545.0,25,0,0.0,1,desktop
7546.0,69,2,7384.24,1,mobile
7547.0,107,3,5784.84,1,mobile
7548.0,126,0,0.0,1,desktop
7549.0,128,1,231.51,1,mobile
7550.0,45,0,0.0,1,mobile
7551.0,59,0,0.0,1,mobile
7552.0,23,0,0.0,1,mobile
7553.0,99,1,259.88,1,mobile
7554.0,49,1,62.26,1,mobile
7555.0,65,1,41.87,1,mobile
7556.0,28,0,0.0,1,desktop
7557.0,89,0,0.0,1,mobile
7558.0,24,0,0.0,1,mobile
7559.0,92,1,8.64,1,desktop
7560.0,42,0,0.0,1,mobile
7561.0,57,0,0.0,1,mobile
7562.0,26,0,0.0,1,desktop
7563.0,62,0,0.0,1,desktop
7564.0,60,0,0.0,1,mobile
7565.0,114,0,0.0,1,desktop
7566.0,28,1,101.2,1,mobile
7567.0,15,0,0.0,1,desktop
7568.0,84,3,162.72,1,desktop
7569.0,119,0,0.0,1,desktop
7570.0,142,1,579.03,1,mobile
7571.0,87,3,149.23,1,desktop
7572.0,18,1,9.49,1,desktop
7573.0,27,1,222.0,1,mobile
7574.0,83,0,0.0,1,mobile
7575.0,21,0,0.0,1,desktop
7576.0,117,2,1129.13,1,mobile
7577.0,114,0,0.0,1,desktop
7578.0,42,0,0.0,1,desktop
7579.0,88,1,109.75,1,desktop
7580.0,126,1,777.86,1,mobile
7581.0,126,1,146.05,1,mobile
7582.0,114,1,1444.62,1,desktop
7583.0,108,0,0.0,1,desktop
7584.0,136,2,96.08999999999999,1,desktop
7585.0,128,0,0.0,1,mobile
7586.0,68,0,0.0,1,mobile
7587.0,28,0,0.0,1,mobile
7588.0,105,1,269.99,1,mobile
7589.0,119,0,0.0,1,mobile
7590.0,131,1,20.71,1,desktop
7591.0,111,0,0.0,1,mobile
7592.0,22,0,0.0,1,mobile
7593.0,27,0,0.0,1,mobile
7594.0,60,0,0.0,1,mobile
7595.0,126,2,22.52,1,mobile
7596.0,101,0,0.0,1,mobile
7597.0,23,0,0.0,1,mobile
7598.0,108,0,0.0,1,mobile
7599.0,7,0,0.0,1,mobile
7600.0,52,0,0.0,1,mobile
7601.0,7,0,0.0,1,mobile
7602.0,41,0,0.0,1,desktop
7603.0,135,2,545.01,1,mobile
7604.0,17,1,32.49,1,desktop
7605.0,47,3,429.13,1,mobile
7606.0,44,0,0.0,1,desktop
7607.0,107,0,0.0,1,mobile
7608.0,32,1,17.94,1,mobile
7609.0,72,1,15.03,1,mobile
7610.0,121,0,0.0,1,mobile
7611.0,111,0,0.0,1,mobile
7612.0,109,5,539.64,1,tablet
7613.0,59,0,0.0,1,mobile
7614.0,60,0,0.0,1,mobile
7615.0,119,0,0.0,1,mobile
7616.0,51,0,0.0,1,desktop
7617.0,69,1,17.37,1,mobile
7618.0,123,2,252.81,1,tablet
7619.0,120,3,435.24,1,mobile
7620.0,60,1,308.72,1,mobile
7621.0,51,1,302.49,1,mobile
7622.0,141,0,0.0,1,mobile
7623.0,117,1,34.18,1,mobile
7624.0,50,1,192.65,1,mobile
7625.0,16,0,0.0,1,mobile
7626.0,55,0,0.0,1,mobile
7627.0,116,0,0.0,1,mobile
7628.0,44,0,0.0,1,desktop
7629.0,78,0,0.0,1,mobile
7630.0,132,0,0.0,1,mobile
7631.0,43,0,0.0,1,desktop
7632.0,61,2,556.59,1,mobile
7633.0,103,1,484.95,1,mobile
7634.0,83,0,0.0,1,mobile
7635.0,44,0,0.0,1,mobile
7636.0,75,0,0.0,1,mobile
7637.0,43,0,0.0,1,desktop
7638.0,139,0,0.0,1,mobile
7639.0,129,0,0.0,1,mobile
7640.0,138,2,489.19000000000005,1,mobile
7641.0,67,0,0.0,1,mobile
7642.0,141,0,0.0,1,mobile
7643.0,137,3,986.24,1,tablet
7644.0,122,1,9.97,1,mobile
7645.0,110,1,1003.56,1,mobile
7646.0,118,1,483.93,1,mobile
7647.0,39,0,0.0,1,tablet
7648.0,31,1,187.19,1,mobile
7649.0,49,0,0.0,1,mobile
7650.0,5,0,0.0,1,desktop
7651.0,59,0,0.0,1,desktop
7652.0,36,0,0.0,1,mobile
7653.0,122,2,99.30000000000001,1,tablet
7654.0,34,1,92.97,1,mobile
7655.0,49,0,0.0,1,mobile
7656.0,29,0,0.0,1,mobile
7657.0,78,0,0.0,1,mobile
7658.0,50,0,0.0,1,mobile
7659.0,119,1,152.77,1,mobile
7660.0,123,1,9.47,1,mobile
7661.0,72,0,0.0,1,mobile
7662.0,60,0,0.0,1,desktop
7663.0,105,1,18.52,1,desktop
7664.0,32,0,0.0,1,desktop
7665.0,94,0,0.0,1,mobile
7666.0,36,1,561.12,1,mobile
7667.0,67,0,0.0,1,desktop
7668.0,58,0,0.0,1,mobile
7669.0,83,1,68.68,1,desktop
7670.0,32,2,162.07,1,mobile
7671.0,140,0,0.0,1,mobile
7672.0,121,1,376.69,1,mobile
7673.0,108,3,6832.74,1,mobile
7674.0,88,0,0.0,1,mobile
7675.0,42,0,0.0,1,mobile
7676.0,60,0,0.0,1,mobile
7677.0,70,1,555.92,1,mobile
7678.0,117,2,581.52,1,desktop
7679.0,123,0,0.0,1,tablet
7680.0,126,0,0.0,1,desktop
7681.0,37,0,0.0,1,mobile
7682.0,74,0,0.0,1,mobile
7683.0,121,2,1893.08,1,mobile
7684.0,145,0,0.0,1,desktop
7685.0,30,0,0.0,1,tablet
7686.0,74,2,68.71,1,mobile
7687.0,40,0,0.0,1,mobile
7688.0,68,0,0.0,1,mobile
7689.0,118,0,0.0,1,tablet
7690.0,96,0,0.0,1,desktop
7691.0,33,0,0.0,1,desktop
7692.0,113,0,0.0,1,desktop
7693.0,86,1,1824.84,1,tablet
7694.0,67,0,0.0,1,mobile
7695.0,127,0,0.0,1,mobile
7696.0,112,0,0.0,1,mobile
7697.0,91,0,0.0,1,mobile
7698.0,53,0,0.0,1,mobile
7699.0,121,0,0.0,1,mobile
7700.0,86,0,0.0,1,mobile
7701.0,50,0,0.0,1,mobile
7702.0,129,0,0.0,1,desktop
7703.0,113,0,0.0,1,desktop
7704.0,61,1,59.18,1,desktop
7705.0,52,0,0.0,1,mobile
7706.0,7,0,0.0,1,mobile
7707.0,112,2,497.66,1,desktop
7708.0,114,1,81.45,1,desktop
7709.0,126,1,1286.67,1,mobile
7710.0,114,0,0.0,1,desktop
7711.0,77,1,396.68,1,desktop
7712.0,33,0,0.0,1,desktop
7713.0,105,0,0.0,1,mobile
7714.0,42,1,168.93,1,mobile
7715.0,39,0,0.0,1,mobile
7716.0,28,0,0.0,1,desktop
7717.0,8,0,0.0,1,mobile
7718.0,137,0,0.0,1,mobile
7719.0,125,0,0.0,1,mobile
7720.0,128,0,0.0,1,mobile
7721.0,123,1,75.08,1,desktop
7722.0,134,0,0.0,1,tablet
7723.0,140,0,0.0,1,mobile
7724.0,114,1,1.47,1,desktop
7725.0,71,1,91.56,1,desktop
7726.0,44,0,0.0,1,desktop
7727.0,72,0,0.0,1,mobile
7728.0,108,2,323.09999999999997,1,mobile
7729.0,117,2,740.8900000000001,1,desktop
7730.0,77,1,13.86,1,mobile
7731.0,22,0,0.0,1,mobile
7732.0,98,0,0.0,1,desktop
7733.0,132,5,219.10999999999999,1,desktop
7734.0,77,1,573.53,1,mobile
7735.0,1,0,0.0,1,mobile
7736.0,49,0,0.0,1,tablet
7737.0,127,0,0.0,1,desktop
7738.0,100,1,94.01,1,mobile
7739.0,126,2,78.89999999999999,1,mobile
7740.0,121,0,0.0,1,mobile
7741.0,74,1,578.77,1,desktop
7742.0,34,0,0.0,1,mobile
7743.0,109,1,39.13,1,desktop
7744.0,123,0,0.0,1,mobile
7745.0,110,1,147.64,1,mobile
7746.0,79,0,0.0,1,mobile
7747.0,53,1,62.28,1,desktop
7748.0,117,0,0.0,1,mobile
7749.0,123,5,736.1600000000001,1,mobile
7750.0,133,2,784.37,1,mobile
7751.0,118,0,0.0,1,mobile
7752.0,20,0,0.0,1,mobile
7753.0,50,0,0.0,1,desktop
7754.0,43,0,0.0,1,mobile
7755.0,97,0,0.0,1,mobile
7756.0,132,4,18644.69,1,mobile
7757.0,39,0,0.0,1,desktop
7758.0,71,1,22.21,1,mobile
7759.0,21,0,0.0,1,mobile
7760.0,34,0,0.0,1,mobile
7761.0,71,0,0.0,1,mobile
7762.0,117,1,34.72,1,mobile
7763.0,126,1,72.27,1,desktop
7764.0,24,0,0.0,1,mobile
7765.0,20,0,0.0,1,mobile
7766.0,65,0,0.0,1,mobile
7767.0,131,0,0.0,1,mobile
7768.0,113,0,0.0,1,desktop
7769.0,105,0,0.0,1,mobile
7770.0,85,2,192.91,1,desktop
7771.0,115,1,86.87,1,desktop
7772.0,123,3,434.59000000000003,1,mobile
7773.0,58,0,0.0,1,mobile
7774.0,56,0,0.0,1,mobile
7775.0,68,1,22.75,1,desktop
7776.0,44,0,0.0,1,mobile
7777.0,134,1,13.27,1,mobile
7778.0,113,1,34.95,1,mobile
7779.0,76,0,0.0,1,mobile
7780.0,33,0,0.0,1,desktop
7781.0,127,0,0.0,1,mobile
7782.0,56,2,1786.75,1,desktop
7783.0,111,0,0.0,1,mobile
7784.0,57,0,0.0,1,mobile
7785.0,61,1,260.38,1,mobile
7786.0,123,0,0.0,1,tablet
7787.0,116,1,22.31,1,desktop
7788.0,123,2,375.13,1,desktop
7789.0,146,2,1094.31,1,mobile
7790.0,105,2,286.05,1,mobile
7791.0,119,4,322.34000000000003,1,mobile
7792.0,26,0,0.0,1,desktop
7793.0,87,0,0.0,1,mobile
7794.0,73,3,1099.06,1,mobile
7795.0,41,2,943.82,1,mobile
7796.0,102,2,80.68,1,desktop
7797.0,53,0,0.0,1,mobile
7798.0,58,0,0.0,1,mobile
7799.0,118,3,801.6300000000001,1,desktop
7800.0,57,0,0.0,1,desktop
7801.0,53,0,0.0,1,mobile
7802.0,117,0,0.0,1,mobile
7803.0,117,2,591.7900000000001,1,desktop
7804.0,108,3,663.44,1,mobile
7805.0,34,0,0.0,1,desktop
7806.0,46,0,0.0,1,desktop
7807.0,7,0,0.0,1,mobile
7808.0,37,0,0.0,1,mobile
7809.0,30,1,142.57,1,desktop
7810.0,113,0,0.0,1,mobile
7811.0,41,0,0.0,1,mobile
7812.0,69,0,0.0,1,mobile
7813.0,115,0,0.0,1,mobile
7814.0,122,0,0.0,1,mobile
7815.0,103,0,0.0,1,mobile
7816.0,123,0,0.0,1,desktop
7817.0,119,0,0.0,1,mobile
7818.0,64,1,38.63,1,desktop
7819.0,49,0,0.0,1,tablet
7820.0,105,0,0.0,1,desktop
7821.0,134,1,155.32,1,mobile
7822.0,103,0,0.0,1,desktop
7823.0,129,1,38.43,1,mobile
7824.0,97,1,227.04,1,desktop
7825.0,108,2,105.72,1,mobile
7826.0,122,1,3769.38,1,mobile
7827.0,27,0,0.0,1,desktop
7828.0,102,1,279.89,1,mobile
7829.0,33,0,0.0,1,tablet
7830.0,93,3,563.21,1,tablet
7831.0,124,1,2114.25,1,desktop
7832.0,117,0,0.0,1,desktop
7833.0,121,1,5.3,1,mobile
7834.0,119,1,434.04,1,mobile
7835.0,102,1,19.71,1,desktop
7836.0,133,1,30.53,1,mobile
7837.0,115,1,59.65,1,mobile
7838.0,116,1,25.56,1,mobile
7839.0,123,0,0.0,1,desktop
7841.0,27,0,0.0,1,desktop
7842.0,82,0,0.0,1,mobile
7843.0,88,2,137.70999999999998,1,mobile
7844.0,34,1,200.83,1,desktop
7845.0,32,0,0.0,1,mobile
7846.0,50,0,0.0,1,mobile
7847.0,31,0,0.0,1,mobile
7848.0,40,1,8.71,1,desktop
7849.0,98,2,17.59,1,mobile
7850.0,27,1,21.8,1,tablet
7851.0,55,0,0.0,1,mobile
7852.0,51,3,62.56,1,mobile
7853.0,106,0,0.0,1,mobile
7854.0,101,0,0.0,1,desktop
7855.0,81,1,76.43,1,mobile
7856.0,39,0,0.0,1,tablet
7857.0,132,0,0.0,1,tablet
7858.0,119,1,147.53,1,desktop
7859.0,75,0,0.0,1,desktop
7860.0,41,0,0.0,1,mobile
7861.0,41,0,0.0,1,mobile
7862.0,22,0,0.0,1,mobile
7863.0,59,0,0.0,1,mobile
7864.0,121,0,0.0,1,mobile
7865.0,117,2,136.04000000000002,1,mobile
7866.0,104,2,186.28,1,mobile
7867.0,137,1,51.31,1,mobile
7868.0,42,0,0.0,1,desktop
7869.0,74,2,14.350000000000001,1,mobile
7870.0,122,0,0.0,1,mobile
7871.0,126,0,0.0,1,mobile
7872.0,67,0,0.0,1,mobile
7873.0,63,1,81.24,1,desktop
7874.0,131,0,0.0,1,desktop
7875.0,49,0,0.0,1,desktop
7876.0,83,0,0.0,1,mobile
7877.0,105,0,0.0,1,mobile
7878.0,7,0,0.0,1,mobile
7879.0,61,0,0.0,1,mobile
7880.0,70,0,0.0,1,mobile
7881.0,45,0,0.0,1,mobile
7882.0,24,0,0.0,1,mobile
7883.0,53,0,0.0,1,desktop
7884.0,35,0,0.0,1,desktop
7885.0,82,1,35.57,1,mobile
7886.0,121,0,0.0,1,mobile
7887.0,142,0,0.0,1,mobile
7888.0,76,0,0.0,1,mobile
7889.0,27,0,0.0,1,desktop
7890.0,15,0,0.0,1,desktop
7891.0,42,1,25.53,1,desktop
7892.0,59,0,0.0,1,desktop
7893.0,115,1,1076.37,1,mobile
7894.0,72,1,437.2,1,mobile
7895.0,70,0,0.0,1,desktop
7896.0,53,0,0.0,1,mobile
7897.0,82,0,0.0,1,desktop
7898.0,134,2,140.15,1,desktop
7899.0,120,2,1741.32,1,mobile
7900.0,64,2,852.01,1,mobile
7901.0,49,0,0.0,1,mobile
7902.0,84,0,0.0,1,mobile
7903.0,36,0,0.0,1,tablet
7904.0,8,1,105.22,1,mobile
7905.0,38,0,0.0,1,mobile
7906.0,57,0,0.0,1,mobile
7907.0,88,0,0.0,1,mobile
7908.0,35,0,0.0,1,tablet
7909.0,115,1,191.26,1,desktop
7910.0,129,0,0.0,1,mobile
7911.0,119,0,0.0,1,mobile
7912.0,121,2,145.96,1,mobile
7913.0,82,0,0.0,1,mobile
7914.0,37,0,0.0,1,mobile
7915.0,107,1,8.53,1,mobile
7916.0,125,1,184.99,1,mobile
7917.0,103,0,0.0,1,mobile
7918.0,16,0,0.0,1,mobile
7919.0,69,0,0.0,1,desktop
7920.0,59,0,0.0,1,mobile
7921.0,136,2,1562.9299999999998,1,mobile
7922.0,101,2,299.96,1,desktop
7923.0,118,0,0.0,1,mobile
7924.0,130,1,188.07,1,mobile
7925.0,63,1,224.28,1,mobile
7926.0,29,0,0.0,1,mobile
7927.0,112,1,3.94,1,desktop
7928.0,98,0,0.0,1,mobile
7929.0,60,0,0.0,1,mobile
7930.0,51,0,0.0,1,desktop
7931.0,120,1,69.38,1,mobile
7932.0,22,1,195.0,1,mobile
7933.0,112,1,475.28,1,mobile
7934.0,108,1,12.14,1,mobile
7935.0,126,0,0.0,1,mobile
7936.0,127,0,0.0,1,mobile
7937.0,135,0,0.0,1,mobile
7938.0,117,0,0.0,1,mobile
7939.0,134,0,0.0,1,desktop
7940.0,49,2,312.5,1,desktop
7941.0,62,1,123.9,1,mobile
7942.0,120,0,0.0,1,mobile
7943.0,122,0,0.0,1,mobile
7944.0,119,1,28.63,1,desktop
7945.0,150,1,13.28,1,mobile
7946.0,109,0,0.0,1,desktop
7947.0,121,0,0.0,1,mobile
7948.0,111,2,34.92,1,mobile
7949.0,36,1,38.43,1,desktop
7950.0,35,1,157.88,1,desktop
7951.0,43,0,0.0,1,desktop
7952.0,1,0,0.0,1,mobile
7953.0,134,1,25.55,1,mobile
7954.0,58,1,1048.86,1,mobile
7955.0,56,1,95.8,1,mobile
7956.0,42,1,606.26,1,mobile
7957.0,81,0,0.0,1,mobile
7958.0,120,0,0.0,1,mobile
7959.0,124,0,0.0,1,mobile
7960.0,122,0,0.0,1,mobile
7961.0,117,1,38.59,1,mobile
7962.0,112,1,347.26,1,mobile
7963.0,108,0,0.0,1,mobile
7964.0,107,0,0.0,1,desktop
7965.0,127,1,78.25,1,mobile
7966.0,131,0,0.0,1,desktop
7967.0,132,1,2.27,1,mobile
7968.0,128,1,4.57,1,desktop
7969.0,13,0,0.0,1,mobile
7970.0,107,1,180.59,1,tablet
7971.0,126,0,0.0,1,mobile
7972.0,42,0,0.0,1,mobile
7973.0,78,0,0.0,1,desktop
7974.0,59,0,0.0,1,desktop
7975.0,77,0,0.0,1,desktop
7976.0,140,0,0.0,1,mobile
7977.0,106,0,0.0,1,desktop
7978.0,128,0,0.0,1,mobile
7979.0,122,2,285.38,1,mobile
7980.0,49,0,0.0,1,desktop
7981.0,77,0,0.0,1,mobile
7982.0,112,1,360.11,1,mobile
7983.0,41,1,34.96,1,desktop
7984.0,9,0,0.0,1,mobile
7985.0,83,0,0.0,1,mobile
7986.0,32,0,0.0,1,desktop
7987.0,48,0,0.0,1,mobile
7988.0,41,0,0.0,1,mobile
7989.0,121,0,0.0,1,mobile
7990.0,59,0,0.0,1,desktop
7991.0,62,0,0.0,1,mobile
7992.0,137,1,82.73,1,mobile
7993.0,67,0,0.0,1,desktop
7994.0,54,0,0.0,1,mobile
7995.0,97,0,0.0,1,mobile
7996.0,20,0,0.0,1,desktop
7997.0,119,0,0.0,1,mobile
7998.0,148,2,517.22,1,mobile
7999.0,133,0,0.0,1,mobile
8000.0,157,1,201.81,1,mobile
8001.0,117,0,0.0,1,mobile
8002.0,60,1,3324.0,1,mobile
8003.0,61,0,0.0,1,mobile
8004.0,132,1,57.45,1,mobile
8005.0,137,0,0.0,1,desktop
8006.0,114,0,0.0,1,mobile
8007.0,36,0,0.0,1,mobile
8008.0,79,3,233.48,1,desktop
8009.0,131,0,0.0,1,mobile
8010.0,157,1,50.08,1,mobile
8011.0,63,0,0.0,1,mobile
8012.0,38,1,1430.28,1,mobile
8013.0,112,1,21.08,1,tablet
8014.0,122,1,841.25,1,mobile
8015.0,114,1,261.01,1,mobile
8016.0,36,0,0.0,1,mobile
8017.0,73,0,0.0,1,mobile
8018.0,68,1,48.77,1,desktop
8019.0,45,0,0.0,1,mobile
8020.0,84,0,0.0,1,mobile
8021.0,27,0,0.0,1,mobile
8022.0,70,0,0.0,1,desktop
8023.0,56,0,0.0,1,mobile
8024.0,121,0,0.0,1,desktop
8025.0,13,0,0.0,1,mobile
8026.0,108,4,271.1,1,mobile
8027.0,41,0,0.0,1,mobile
8028.0,87,0,0.0,1,desktop
8029.0,107,1,3029.48,1,mobile
8030.0,29,0,0.0,1,desktop
8031.0,66,1,50.22,1,mobile
8032.0,53,0,0.0,1,mobile
8033.0,132,0,0.0,1,mobile
8034.0,112,0,0.0,1,mobile
8035.0,32,0,0.0,1,tablet
8036.0,77,0,0.0,1,mobile
8037.0,118,0,0.0,1,desktop
8038.0,116,1,253.27,1,mobile
8039.0,21,0,0.0,1,mobile
8040.0,6,0,0.0,1,mobile
8041.0,90,0,0.0,1,mobile
8042.0,9,0,0.0,1,mobile
8043.0,54,1,296.18,1,mobile
8044.0,56,0,0.0,1,mobile
8045.0,119,0,0.0,1,mobile
8046.0,115,0,0.0,1,mobile
8047.0,139,0,0.0,1,mobile
8048.0,111,1,203.42,1,mobile
8049.0,136,0,0.0,1,desktop
8050.0,133,1,919.69,1,mobile
8051.0,86,0,0.0,1,mobile
8052.0,27,0,0.0,1,mobile
8053.0,116,0,0.0,1,desktop
8054.0,122,0,0.0,1,mobile
8055.0,71,1,214.09,1,mobile
8056.0,41,0,0.0,1,desktop
8057.0,133,5,125.93,1,mobile
8058.0,89,0,0.0,1,mobile
8059.0,39,0,0.0,1,desktop
8060.0,129,1,273.73,1,desktop
8061.0,122,1,57.66,1,mobile
8062.0,109,1,31.17,1,desktop
8063.0,122,2,819.81,1,mobile
8064.0,114,1,931.99,1,desktop
8065.0,55,0,0.0,1,mobile
8066.0,56,0,0.0,1,mobile
8067.0,74,0,0.0,1,mobile
8068.0,46,0,0.0,1,mobile
8069.0,26,0,0.0,1,desktop
8070.0,72,0,0.0,1,desktop
8071.0,21,0,0.0,1,mobile
8072.0,52,1,173.07,1,mobile
8073.0,43,0,0.0,1,desktop
8074.0,117,1,403.83,1,tablet
8075.0,10,0,0.0,1,desktop
8076.0,82,3,451.9,1,mobile
8077.0,29,1,1576.23,1,mobile
8078.0,19,0,0.0,1,mobile
8079.0,113,1,243.83,1,desktop
8080.0,121,0,0.0,1,mobile
8081.0,90,2,27.7,1,desktop
8082.0,22,0,0.0,1,desktop
8083.0,118,1,12300.88,1,mobile
8084.0,72,0,0.0,1,mobile
8085.0,81,0,0.0,1,mobile
8086.0,37,1,77.82,1,mobile
8087.0,40,0,0.0,1,mobile
8088.0,26,0,0.0,1,mobile
8089.0,73,1,527.63,1,mobile
8090.0,49,0,0.0,1,tablet
8091.0,61,0,0.0,1,desktop
8092.0,75,1,415.4,1,desktop
8093.0,46,0,0.0,1,desktop
8094.0,118,1,260.94,1,mobile
8095.0,128,0,0.0,1,mobile
8096.0,72,0,0.0,1,desktop
8097.0,63,0,0.0,1,mobile
8098.0,129,1,729.93,1,desktop
8099.0,124,0,0.0,1,mobile
8100.0,115,0,0.0,1,mobile
8101.0,131,0,0.0,1,mobile
8102.0,127,1,26.37,1,mobile
8103.0,77,3,4241.6,1,desktop
8104.0,48,1,103.38,1,mobile
8105.0,53,0,0.0,1,desktop
8106.0,61,0,0.0,1,mobile
8107.0,120,2,211.06,1,mobile
8108.0,67,0,0.0,1,mobile
8109.0,42,0,0.0,1,mobile
8110.0,130,0,0.0,1,mobile
8111.0,124,0,0.0,1,mobile
8112.0,57,0,0.0,1,mobile
8113.0,84,1,64.5,1,desktop
8114.0,29,0,0.0,1,mobile
8115.0,53,1,25.44,1,desktop
8116.0,27,0,0.0,1,desktop
8117.0,126,0,0.0,1,mobile
8118.0,52,0,0.0,1,mobile
8119.0,69,1,73.43,1,mobile
8120.0,57,0,0.0,1,desktop
8121.0,57,0,0.0,1,desktop
8122.0,122,0,0.0,1,desktop
8123.0,120,0,0.0,1,mobile
8124.0,36,0,0.0,1,mobile
8125.0,97,0,0.0,1,mobile
8126.0,134,2,230.73000000000002,1,mobile
8127.0,41,0,0.0,1,mobile
8128.0,85,0,0.0,1,mobile
8129.0,123,0,0.0,1,mobile
8130.0,101,0,0.0,1,mobile
8131.0,127,0,0.0,1,desktop
8132.0,126,0,0.0,1,desktop
8133.0,123,0,0.0,1,mobile
8134.0,19,0,0.0,1,mobile
8135.0,92,1,806.4,1,desktop
8136.0,44,0,0.0,1,desktop
8137.0,48,0,0.0,1,mobile
8138.0,124,3,700.84,1,mobile
8139.0,119,0,0.0,1,mobile
8140.0,34,0,0.0,1,mobile
8141.0,113,0,0.0,1,mobile
8142.0,124,1,17.45,1,mobile
8143.0,143,2,278.6,1,desktop
8144.0,121,0,0.0,1,mobile
8145.0,53,0,0.0,1,mobile
8146.0,69,1,1000.25,1,mobile
8147.0,84,0,0.0,1,mobile
8148.0,23,0,0.0,1,mobile
8149.0,123,0,0.0,1,mobile
8150.0,107,0,0.0,1,mobile
8151.0,1,0,0.0,1,mobile
8152.0,115,0,0.0,1,mobile
8153.0,53,1,250.75,1,mobile
8154.0,74,1,537.86,1,mobile
8155.0,125,0,0.0,1,mobile
8156.0,83,2,433.36,1,mobile
8157.0,28,0,0.0,1,desktop
8158.0,40,1,64.1,1,mobile
8159.0,53,0,0.0,1,mobile
8160.0,95,0,0.0,1,desktop
8161.0,129,1,43.76,1,mobile
8162.0,89,1,147.07,1,desktop
8163.0,47,1,280.28,1,desktop
8164.0,114,0,0.0,1,mobile
8165.0,108,1,114.82,1,mobile
8166.0,39,1,630.84,1,desktop
8167.0,86,2,5178.76,1,desktop
8168.0,83,0,0.0,1,mobile
8169.0,28,0,0.0,1,mobile
8170.0,93,0,0.0,1,desktop
8171.0,23,0,0.0,1,mobile
8172.0,67,0,0.0,1,mobile
8173.0,105,0,0.0,1,mobile
8174.0,80,0,0.0,1,mobile
8175.0,31,0,0.0,1,tablet
8176.0,50,0,0.0,1,desktop
8177.0,50,0,0.0,1,mobile
8178.0,58,2,1656.15,1,mobile
8179.0,56,1,250.47,1,desktop
8180.0,127,0,0.0,1,mobile
8181.0,45,0,0.0,1,desktop
8182.0,66,0,0.0,1,mobile
8183.0,45,1,577.21,1,mobile
8184.0,79,0,0.0,1,desktop
8185.0,118,0,0.0,1,mobile
8186.0,113,0,0.0,1,desktop
8187.0,130,0,0.0,1,mobile
8188.0,129,0,0.0,1,mobile
8189.0,138,0,0.0,1,mobile
8190.0,121,0,0.0,1,desktop
8191.0,121,0,0.0,1,desktop
8192.0,134,3,497.08000000000004,1,mobile
8193.0,109,0,0.0,1,mobile
8194.0,35,0,0.0,1,desktop
8195.0,87,0,0.0,1,desktop
8196.0,60,0,0.0,1,mobile
8197.0,57,1,51.83,1,desktop
8198.0,29,1,91.47,1,desktop
8199.0,104,0,0.0,1,mobile
8200.0,117,0,0.0,1,mobile
8201.0,87,1,13.88,1,desktop
8202.0,56,1,25.07,1,desktop
8203.0,11,0,0.0,1,desktop
8204.0,105,0,0.0,1,mobile
8205.0,48,0,0.0,1,mobile
8206.0,79,1,159.73,1,desktop
8207.0,94,0,0.0,1,desktop
8208.0,30,0,0.0,1,desktop
8209.0,110,0,0.0,1,mobile
8210.0,122,2,868.97,1,mobile
8211.0,31,0,0.0,1,mobile
8212.0,104,0,0.0,1,desktop
8213.0,141,0,0.0,1,mobile
8214.0,112,2,1869.98,1,mobile
8215.0,125,3,486.94,1,desktop
8216.0,24,1,59.15,1,mobile
8217.0,49,0,0.0,1,mobile
8218.0,25,0,0.0,1,mobile
8219.0,80,0,0.0,1,mobile
8220.0,105,2,1119.85,1,desktop
8221.0,117,0,0.0,1,desktop
8222.0,41,0,0.0,1,desktop
8223.0,67,0,0.0,1,mobile
8224.0,79,2,100.16000000000001,1,mobile
8225.0,122,2,52.400000000000006,1,mobile
8226.0,121,1,16.13,1,desktop
8227.0,13,0,0.0,1,desktop
8228.0,16,0,0.0,1,desktop
8229.0,91,0,0.0,1,desktop
8230.0,114,1,139.56,1,mobile
8231.0,99,1,26.19,1,mobile
8232.0,105,2,129.47,1,mobile
8233.0,62,0,0.0,1,desktop
8234.0,69,0,0.0,1,desktop
8235.0,74,0,0.0,1,mobile
8236.0,49,0,0.0,1,desktop
8237.0,121,1,30.72,1,mobile
8238.0,132,4,10193.56,1,mobile
8239.0,29,2,136.9,1,desktop
8240.0,14,0,0.0,1,mobile
8241.0,69,1,211.45,1,desktop
8242.0,129,1,23.27,1,mobile
8243.0,131,2,61.980000000000004,1,mobile
8244.0,104,2,359.02,1,mobile
8245.0,132,0,0.0,1,mobile
8246.0,45,0,0.0,1,desktop
8247.0,19,0,0.0,1,mobile
8248.0,59,1,43.61,1,tablet
8249.0,116,1,132.76,1,desktop
8250.0,114,0,0.0,1,mobile
8251.0,111,0,0.0,1,mobile
8252.0,110,0,0.0,1,mobile
8253.0,133,0,0.0,1,desktop
8254.0,27,0,0.0,1,mobile
8255.0,30,1,244.44,1,mobile
8256.0,78,2,485.41999999999996,1,mobile
8257.0,130,0,0.0,1,mobile
8258.0,111,0,0.0,1,mobile
8259.0,131,0,0.0,1,desktop
8260.0,90,0,0.0,1,mobile
8261.0,11,0,0.0,1,mobile
8262.0,29,0,0.0,1,desktop
8263.0,43,0,0.0,1,mobile
8264.0,43,0,0.0,1,desktop
8265.0,69,0,0.0,1,mobile
8266.0,25,0,0.0,1,mobile
8267.0,126,1,27.79,1,mobile
8268.0,71,1,570.96,1,desktop
8269.0,49,0,0.0,1,mobile
8270.0,67,0,0.0,1,desktop
8271.0,40,0,0.0,1,mobile
8272.0,126,1,6.71,1,mobile
8273.0,67,1,481.96,1,tablet
8274.0,39,0,0.0,1,mobile
8275.0,83,0,0.0,1,mobile
8276.0,39,1,2958.95,1,desktop
8277.0,55,1,1131.74,1,mobile
8278.0,60,0,0.0,1,mobile
8279.0,120,1,96.05,1,desktop
8280.0,125,1,90.02,1,mobile
8281.0,114,0,0.0,1,mobile
8282.0,122,0,0.0,1,mobile
8283.0,127,0,0.0,1,desktop
8284.0,16,0,0.0,1,mobile
8285.0,101,0,0.0,1,desktop
8286.0,130,0,0.0,1,mobile
8287.0,105,2,93.85,1,mobile
8288.0,118,4,205.82999999999998,1,mobile
8289.0,118,0,0.0,1,desktop
8290.0,126,0,0.0,1,mobile
8291.0,37,0,0.0,1,mobile
8292.0,90,1,94.86,1,desktop
8293.0,79,0,0.0,1,desktop
8294.0,48,0,0.0,1,desktop
8295.0,127,0,0.0,1,mobile
8296.0,118,0,0.0,1,desktop
8297.0,119,0,0.0,1,mobile
8298.0,127,0,0.0,1,desktop
8299.0,79,0,0.0,1,mobile
8300.0,37,0,0.0,1,desktop
8302.0,91,1,26.12,1,mobile
8303.0,38,0,0.0,1,desktop
8304.0,109,2,582.38,1,mobile
8305.0,43,0,0.0,1,mobile
8306.0,70,1,343.11,1,tablet
8307.0,121,0,0.0,1,desktop
8308.0,50,0,0.0,1,mobile
8309.0,73,1,238.49,1,mobile
8310.0,123,0,0.0,1,mobile
8311.0,123,3,94.09,1,mobile
8312.0,68,1,48.51,1,mobile
8313.0,59,1,59.74,1,mobile
8314.0,118,2,691.77,1,desktop
8315.0,68,0,0.0,1,mobile
8316.0,18,0,0.0,1,mobile
8317.0,33,0,0.0,1,mobile
8318.0,110,3,148.19,1,desktop
8319.0,61,0,0.0,1,desktop
8320.0,29,0,0.0,1,desktop
8321.0,30,0,0.0,1,desktop
8322.0,6,0,0.0,1,mobile
8323.0,103,1,19.2,1,mobile
8324.0,131,0,0.0,1,mobile
8325.0,112,0,0.0,1,mobile
8326.0,43,0,0.0,1,desktop
8327.0,45,0,0.0,1,mobile
8328.0,19,0,0.0,1,desktop
8329.0,118,2,253.72000000000003,1,mobile
8330.0,120,1,79.46,1,mobile
8331.0,100,0,0.0,1,mobile
8332.0,114,1,9.65,1,mobile
8333.0,100,2,55.21,1,desktop
8334.0,132,1,107.24,1,mobile
8335.0,94,1,1489.02,1,desktop
8336.0,21,0,0.0,1,desktop
8337.0,121,0,0.0,1,desktop
8338.0,108,0,0.0,1,mobile
8339.0,118,0,0.0,1,desktop
8340.0,116,1,64.42,1,mobile
8341.0,112,0,0.0,1,mobile
8342.0,104,1,23.56,1,tablet
8343.0,24,0,0.0,1,desktop
8344.0,54,1,82.73,1,mobile
8345.0,56,0,0.0,1,mobile
8346.0,30,0,0.0,1,desktop
8347.0,90,0,0.0,1,mobile
8348.0,120,1,73.21,1,mobile
8349.0,16,0,0.0,1,desktop
8350.0,122,0,0.0,1,desktop
8351.0,37,0,0.0,1,mobile
8352.0,93,0,0.0,1,mobile
8353.0,58,0,0.0,1,mobile
8354.0,49,0,0.0,1,mobile
8355.0,26,0,0.0,1,desktop
8356.0,25,0,0.0,1,mobile
8357.0,22,0,0.0,1,mobile
8358.0,42,0,0.0,1,mobile
8359.0,94,1,6.07,1,mobile
8360.0,43,0,0.0,1,desktop
8361.0,64,0,0.0,1,desktop
8362.0,32,0,0.0,1,mobile
8363.0,25,0,0.0,1,mobile
8364.0,24,0,0.0,1,mobile
8365.0,78,0,0.0,1,tablet
8366.0,54,1,7.24,1,desktop
8367.0,14,0,0.0,1,mobile
8368.0,49,0,0.0,1,desktop
8369.0,106,0,0.0,1,mobile
8370.0,121,1,139.27,1,mobile
8371.0,116,1,3.81,1,mobile
8372.0,44,1,439.53,1,mobile
8373.0,62,1,8.88,1,desktop
8374.0,13,0,0.0,1,mobile
8375.0,89,0,0.0,1,mobile
8376.0,22,0,0.0,1,mobile
8377.0,4,0,0.0,1,desktop
8378.0,31,0,0.0,1,mobile
8379.0,52,0,0.0,1,mobile
8380.0,34,0,0.0,1,mobile
8381.0,110,1,2.33,1,mobile
8382.0,86,0,0.0,1,desktop
8383.0,56,1,252.42,1,desktop
8384.0,126,0,0.0,1,mobile
8385.0,39,3,725.94,1,mobile
8386.0,75,1,70.06,1,mobile
8387.0,111,1,167.32,1,mobile
8388.0,121,1,64.65,1,mobile
8389.0,116,1,565.09,1,mobile
8390.0,134,0,0.0,1,mobile
8391.0,96,0,0.0,1,mobile
8392.0,87,0,0.0,1,desktop
8393.0,23,0,0.0,1,desktop
8394.0,129,0,0.0,1,mobile
8395.0,72,1,8.37,1,mobile
8396.0,39,0,0.0,1,mobile
8397.0,106,2,828.15,1,mobile
8398.0,107,0,0.0,1,mobile
8399.0,111,0,0.0,1,mobile
8400.0,119,0,0.0,1,mobile
8401.0,34,0,0.0,1,mobile
8402.0,87,1,16.9,1,mobile
8403.0,105,0,0.0,1,mobile
8404.0,18,0,0.0,1,mobile
8405.0,82,0,0.0,1,desktop
8406.0,35,0,0.0,1,mobile
8407.0,102,0,0.0,1,mobile
8408.0,25,0,0.0,1,mobile
8409.0,32,2,344.11,1,mobile
8410.0,93,1,1179.65,1,mobile
8411.0,27,0,0.0,1,mobile
8412.0,97,1,264.49,1,mobile
8413.0,102,0,0.0,1,mobile
8414.0,116,0,0.0,1,mobile
8415.0,63,1,122.16,1,mobile
8416.0,66,1,1018.75,1,tablet
8417.0,102,0,0.0,1,mobile
8418.0,3,0,0.0,1,mobile
8419.0,67,1,11.31,1,desktop
8420.0,53,0,0.0,1,mobile
8421.0,86,3,2210.46,1,mobile
8422.0,21,0,0.0,1,mobile
8423.0,121,0,0.0,1,mobile
8424.0,46,0,0.0,1,mobile
8425.0,37,0,0.0,1,mobile
8426.0,36,0,0.0,1,mobile
8427.0,107,1,8274.61,1,mobile
8428.0,41,0,0.0,1,desktop
8429.0,80,0,0.0,1,mobile
8430.0,66,0,0.0,1,desktop
8431.0,65,1,8736.32,1,desktop
8432.0,58,0,0.0,1,mobile
8433.0,134,1,294.46,1,mobile
8434.0,146,0,0.0,1,mobile
8435.0,122,3,592.69,1,desktop
8436.0,121,0,0.0,1,desktop
8437.0,125,0,0.0,1,mobile
8438.0,123,0,0.0,1,desktop
8439.0,38,1,358.29,1,mobile
8440.0,90,2,2598.1,1,mobile
8441.0,130,1,8.09,1,mobile
8442.0,123,0,0.0,1,mobile
8443.0,139,0,0.0,1,mobile
8444.0,41,0,0.0,1,mobile
8445.0,61,1,756.55,1,desktop
8446.0,51,0,0.0,1,mobile
8447.0,61,0,0.0,1,mobile
8448.0,121,1,29.99,1,mobile
8449.0,117,0,0.0,1,desktop
8450.0,138,0,0.0,1,mobile
8451.0,129,0,0.0,1,mobile
8452.0,53,1,17.99,1,desktop
8453.0,55,0,0.0,1,desktop
8454.0,129,2,579.49,1,desktop
8455.0,118,2,391.03999999999996,1,mobile
8456.0,151,1,28.97,1,mobile
8457.0,69,0,0.0,1,desktop
8458.0,71,2,132.89000000000001,1,mobile
8459.0,125,1,83.48,1,mobile
8460.0,89,1,73.7,1,desktop
8461.0,26,1,367.07,1,desktop
8462.0,33,0,0.0,1,mobile
8463.0,67,0,0.0,1,mobile
8464.0,13,0,0.0,1,mobile
8465.0,58,0,0.0,1,mobile
8466.0,87,1,413.05,1,mobile
8467.0,117,3,106.65,1,desktop
8468.0,113,1,1873.09,1,mobile
8469.0,129,2,69.37,1,mobile
8470.0,65,3,382.46,1,mobile
8471.0,56,0,0.0,1,mobile
8472.0,1,0,0.0,1,mobile
8473.0,65,1,7.73,1,mobile
8474.0,44,0,0.0,1,mobile
8475.0,47,0,0.0,1,mobile
8476.0,31,0,0.0,1,desktop
8477.0,43,0,0.0,1,mobile
8478.0,112,2,77.25,1,desktop
8479.0,137,3,26.7,1,desktop
8480.0,122,0,0.0,1,mobile
8481.0,62,1,5.87,1,mobile
8482.0,30,1,5.83,1,mobile
8483.0,22,0,0.0,1,mobile
8484.0,103,3,6129.27,1,mobile
8485.0,50,0,0.0,1,mobile
8486.0,118,0,0.0,1,mobile
8487.0,120,4,197.38,1,mobile
8488.0,119,2,83.18,1,mobile
8489.0,129,0,0.0,1,desktop
8490.0,10,0,0.0,1,mobile
8491.0,79,0,0.0,1,mobile
8492.0,36,0,0.0,1,mobile
8493.0,122,0,0.0,1,desktop
8494.0,92,0,0.0,1,mobile
8495.0,24,0,0.0,1,mobile
8496.0,114,1,19.96,1,tablet
8497.0,149,2,449.22,1,mobile
8498.0,122,2,280.0,1,desktop
8499.0,127,0,0.0,1,mobile
8500.0,130,2,102.25,1,mobile
8501.0,121,1,91.05,1,desktop
8502.0,124,2,29.15,1,desktop
8503.0,89,0,0.0,1,mobile
8504.0,27,1,1.84,1,mobile
8505.0,85,0,0.0,1,mobile
8506.0,37,2,650.28,1,mobile
8507.0,33,0,0.0,1,mobile
8508.0,47,0,0.0,1,mobile
8509.0,73,0,0.0,1,mobile
8510.0,38,0,0.0,1,mobile
8511.0,103,0,0.0,1,desktop
8512.0,128,0,0.0,1,mobile
8513.0,12,1,14891.68,1,desktop
8514.0,77,0,0.0,1,tablet
8515.0,26,0,0.0,1,mobile
8516.0,130,2,1070.98,1,desktop
8517.0,125,2,787.55,1,mobile
8518.0,116,2,776.24,1,mobile
8519.0,112,0,0.0,1,desktop
8520.0,47,0,0.0,1,mobile
8521.0,69,0,0.0,1,mobile
8522.0,131,1,624.54,1,mobile
8523.0,104,0,0.0,1,mobile
8524.0,79,0,0.0,1,mobile
8525.0,32,0,0.0,1,desktop
8526.0,49,0,0.0,1,mobile
8527.0,87,1,612.54,1,mobile
8528.0,39,0,0.0,1,mobile
8529.0,7,0,0.0,1,mobile
8530.0,96,1,230.32,1,mobile
8531.0,49,0,0.0,1,desktop
8532.0,59,0,0.0,1,mobile
8533.0,130,0,0.0,1,desktop
8534.0,119,0,0.0,1,mobile
8535.0,103,0,0.0,1,desktop
8536.0,139,0,0.0,1,desktop
8537.0,47,1,312.21,1,mobile
8538.0,64,1,37.4,1,desktop
8539.0,63,1,51.85,1,mobile
8540.0,70,0,0.0,1,desktop
8541.0,123,0,0.0,1,desktop
8542.0,124,0,0.0,1,mobile
8543.0,11,0,0.0,1,mobile
8544.0,53,0,0.0,1,mobile
8545.0,76,0,0.0,1,mobile
8546.0,128,1,21.15,1,mobile
8547.0,119,0,0.0,1,mobile
8548.0,148,1,5.74,1,tablet
8549.0,127,0,0.0,1,mobile
8550.0,103,2,257.33,1,mobile
8551.0,73,0,0.0,1,desktop
8552.0,42,0,0.0,1,mobile
8553.0,108,0,0.0,1,mobile
8554.0,111,0,0.0,1,mobile
8555.0,144,0,0.0,1,desktop
8556.0,98,0,0.0,1,desktop
8557.0,104,0,0.0,1,mobile
8558.0,135,0,0.0,1,desktop
8559.0,143,0,0.0,1,desktop
8560.0,117,2,189.35,1,desktop
8561.0,27,0,0.0,1,tablet
8562.0,53,1,177.49,1,desktop
8563.0,50,1,967.59,1,mobile
8564.0,125,0,0.0,1,mobile
8565.0,107,0,0.0,1,mobile
8566.0,23,0,0.0,1,desktop
8567.0,26,0,0.0,1,tablet
8568.0,32,1,73.06,1,mobile
8569.0,138,0,0.0,1,mobile
8570.0,115,1,109.64,1,mobile
8571.0,118,0,0.0,1,desktop
8572.0,60,0,0.0,1,desktop
8573.0,49,0,0.0,1,mobile
8574.0,138,3,162.62,1,desktop
8575.0,113,2,891.72,1,mobile
8576.0,128,0,0.0,1,mobile
8577.0,107,1,16.76,1,desktop
8578.0,135,1,41.08,1,desktop
8579.0,103,1,75.82,1,mobile
8580.0,21,0,0.0,1,mobile
8581.0,122,1,68.5,1,mobile
8582.0,124,1,380.67,1,desktop
8583.0,57,0,0.0,1,desktop
8584.0,55,0,0.0,1,mobile
8585.0,51,0,0.0,1,mobile
8586.0,77,0,0.0,1,desktop
8587.0,121,1,133.17,1,mobile
8588.0,78,0,0.0,1,mobile
8589.0,56,2,1295.1,1,mobile
8590.0,107,2,10014.95,1,desktop
8591.0,20,0,0.0,1,mobile
8592.0,109,1,40.17,1,mobile
8593.0,125,1,42.42,1,mobile
8594.0,121,1,22.89,1,tablet
8595.0,131,1,203.06,1,mobile
8596.0,137,0,0.0,1,desktop
8597.0,75,0,0.0,1,mobile
8598.0,42,0,0.0,1,mobile
8599.0,38,0,0.0,1,desktop
8600.0,74,0,0.0,1,mobile
8601.0,109,0,0.0,1,mobile
8602.0,12,0,0.0,1,mobile
8603.0,81,0,0.0,1,mobile
8604.0,46,0,0.0,1,mobile
8605.0,19,0,0.0,1,desktop
8606.0,73,0,0.0,1,mobile
8607.0,37,0,0.0,1,mobile
8608.0,41,1,4.38,1,mobile
8609.0,87,0,0.0,1,desktop
8610.0,47,0,0.0,1,mobile
8611.0,44,0,0.0,1,desktop
8612.0,40,0,0.0,1,desktop
8613.0,41,0,0.0,1,mobile
8614.0,10,0,0.0,1,desktop
8615.0,68,0,0.0,1,desktop
8616.0,116,1,16.5,1,mobile
8617.0,23,0,0.0,1,mobile
8618.0,18,0,0.0,1,desktop
8619.0,51,0,0.0,1,mobile
8620.0,10,0,0.0,1,mobile
8621.0,30,0,0.0,1,desktop
8622.0,20,0,0.0,1,mobile
8623.0,101,0,0.0,1,mobile
8624.0,66,0,0.0,1,mobile
8625.0,51,0,0.0,1,desktop
8626.0,120,1,387.5,1,mobile
8627.0,130,1,50.66,1,desktop
8628.0,80,2,21.259999999999998,1,mobile
8629.0,44,1,38.81,1,mobile
8630.0,119,0,0.0,1,mobile
8631.0,23,0,0.0,1,mobile
8632.0,88,0,0.0,1,tablet
8633.0,110,1,96.24,1,desktop
8634.0,128,3,312.94,1,desktop
8635.0,63,0,0.0,1,mobile
8636.0,36,0,0.0,1,mobile
8637.0,11,0,0.0,1,mobile
8638.0,81,0,0.0,1,mobile
8639.0,23,1,149.57,1,mobile
8640.0,120,2,333.23,1,desktop
8641.0,120,0,0.0,1,desktop
8642.0,136,2,1758.32,1,mobile
8643.0,128,0,0.0,1,mobile
8644.0,118,0,0.0,1,desktop
8645.0,108,1,160.26,1,mobile
8646.0,93,1,10.8,1,tablet
8647.0,26,0,0.0,1,mobile
8648.0,116,2,202.88,1,mobile
8649.0,60,1,35.04,1,mobile
8650.0,54,0,0.0,1,desktop
8651.0,125,0,0.0,1,desktop
8652.0,14,0,0.0,1,mobile
8653.0,49,0,0.0,1,mobile
8654.0,61,0,0.0,1,mobile
8655.0,143,0,0.0,1,desktop
8656.0,111,0,0.0,1,mobile
8657.0,113,0,0.0,1,mobile
8658.0,129,1,530.83,1,mobile
8659.0,29,1,898.94,1,mobile
8660.0,49,0,0.0,1,desktop
8661.0,23,0,0.0,1,mobile
8662.0,134,0,0.0,1,desktop
8663.0,101,1,124.52,1,mobile
8664.0,80,1,420.43,1,mobile
8665.0,24,0,0.0,1,desktop
8666.0,121,0,0.0,1,desktop
8667.0,72,0,0.0,1,mobile
8668.0,48,0,0.0,1,desktop
8669.0,139,1,191.21,1,desktop
8670.0,54,0,0.0,1,mobile
8671.0,64,0,0.0,1,desktop
8672.0,73,1,654.92,1,mobile
8673.0,49,0,0.0,1,mobile
8674.0,121,2,509.71,1,mobile
8675.0,114,1,19.28,1,mobile
8676.0,50,0,0.0,1,mobile
8677.0,57,2,1298.06,1,mobile
8678.0,38,0,0.0,1,desktop
8679.0,78,0,0.0,1,mobile
8680.0,24,1,207.08,1,mobile
8681.0,97,1,122.25,1,mobile
8682.0,120,0,0.0,1,mobile
8683.0,134,0,0.0,1,desktop
8684.0,65,1,1227.53,1,desktop
8685.0,64,0,0.0,1,mobile
8686.0,112,0,0.0,1,tablet
8687.0,109,0,0.0,1,desktop
8688.0,129,0,0.0,1,desktop
8689.0,121,2,558.52,1,mobile
8690.0,66,1,30.21,1,desktop
8691.0,55,0,0.0,1,mobile
8692.0,120,1,150.26,1,mobile
8693.0,129,1,67.13,1,mobile
8694.0,37,0,0.0,1,mobile
8695.0,68,1,32.47,1,mobile
8696.0,117,2,58.84,1,desktop
8697.0,95,3,918.67,1,mobile
8698.0,24,0,0.0,1,mobile
8699.0,23,0,0.0,1,mobile
8700.0,85,1,15.31,1,mobile
8701.0,32,0,0.0,1,mobile
8702.0,89,0,0.0,1,mobile
8703.0,115,1,58.41,1,mobile
8704.0,122,0,0.0,1,mobile
8705.0,129,2,437.07000000000005,1,desktop
8706.0,129,1,217.14,1,mobile
8707.0,124,0,0.0,1,desktop
8708.0,106,0,0.0,1,desktop
8709.0,108,0,0.0,1,mobile
8710.0,123,3,881.06,1,mobile
8711.0,122,1,17.61,1,mobile
8712.0,124,0,0.0,1,mobile
8713.0,23,2,441.22999999999996,1,desktop
8714.0,87,1,86.08,1,mobile
8715.0,2,0,0.0,1,mobile
8716.0,37,0,0.0,1,desktop
8717.0,49,0,0.0,1,mobile
8718.0,71,1,440.39,1,mobile
8719.0,22,1,33.81,1,desktop
8720.0,65,1,29.57,1,mobile
8721.0,10,0,0.0,1,desktop
8722.0,101,0,0.0,1,mobile
8723.0,64,0,0.0,1,mobile
8724.0,68,1,214.5,1,desktop
8725.0,117,1,11832.99,1,mobile
8726.0,126,0,0.0,1,mobile
8727.0,24,0,0.0,1,mobile
8728.0,86,1,3.77,1,mobile
8729.0,91,0,0.0,1,mobile
8730.0,27,1,1052.65,1,mobile
8731.0,105,1,491.36,1,desktop
8732.0,116,0,0.0,1,mobile
8733.0,104,0,0.0,1,mobile
8734.0,21,0,0.0,1,mobile
8735.0,123,0,0.0,1,mobile
8736.0,108,0,0.0,1,desktop
8737.0,119,0,0.0,1,desktop
8738.0,141,0,0.0,1,tablet
8739.0,99,0,0.0,1,desktop
8740.0,114,1,71.88,1,desktop
8741.0,126,4,2411.0499999999997,1,mobile
8742.0,57,1,419.82,1,mobile
8743.0,66,0,0.0,1,desktop
8744.0,21,0,0.0,1,desktop
8745.0,87,0,0.0,1,mobile
8746.0,107,0,0.0,1,mobile
8747.0,120,0,0.0,1,mobile
8748.0,63,0,0.0,1,mobile
8749.0,59,1,163.23,1,mobile
8750.0,28,0,0.0,1,tablet
8751.0,33,0,0.0,1,tablet
8752.0,61,1,360.92,1,mobile
8753.0,45,0,0.0,1,desktop
8754.0,13,0,0.0,1,mobile
8755.0,65,0,0.0,1,desktop
8756.0,6,0,0.0,1,mobile
8757.0,69,0,0.0,1,mobile
8758.0,33,0,0.0,1,desktop
8759.0,77,1,575.68,1,mobile
8760.0,31,0,0.0,1,mobile
8761.0,109,1,145.86,1,mobile
8762.0,117,0,0.0,1,mobile
8763.0,117,0,0.0,1,mobile
8764.0,107,1,34.42,1,mobile
8765.0,121,3,5113.17,1,mobile
8766.0,131,2,265.23,1,mobile
8767.0,119,2,204.0,1,mobile
8768.0,117,1,824.37,1,mobile
8769.0,70,0,0.0,1,mobile
8770.0,59,1,86.35,1,mobile
8771.0,36,0,0.0,1,mobile
8772.0,86,0,0.0,1,mobile
8773.0,135,1,1172.27,1,mobile
8774.0,116,0,0.0,1,mobile
8775.0,123,0,0.0,1,mobile
8776.0,122,1,5065.5,1,mobile
8777.0,115,0,0.0,1,desktop
8778.0,52,0,0.0,1,mobile
8779.0,67,0,0.0,1,mobile
8780.0,29,0,0.0,1,desktop
8781.0,57,0,0.0,1,mobile
8782.0,34,0,0.0,1,mobile
8783.0,124,0,0.0,1,mobile
8784.0,110,1,287.81,1,mobile
8785.0,115,0,0.0,1,mobile
8786.0,56,0,0.0,1,desktop
8787.0,57,1,9.12,1,mobile
8788.0,114,0,0.0,1,desktop
8789.0,34,0,0.0,1,mobile
8790.0,71,0,0.0,1,mobile
8791.0,133,0,0.0,1,mobile
8792.0,133,2,17.44,1,desktop
8793.0,47,1,2444.88,1,mobile
8794.0,56,1,3981.67,1,tablet
8795.0,121,0,0.0,1,mobile
8796.0,67,1,15.11,1,mobile
8797.0,31,1,80.81,1,mobile
8798.0,103,1,630.25,1,mobile
8799.0,16,0,0.0,1,mobile
8800.0,105,2,10.38,1,mobile
8801.0,35,0,0.0,1,mobile
8802.0,54,0,0.0,1,desktop
8803.0,28,0,0.0,1,mobile
8804.0,125,0,0.0,1,mobile
8805.0,103,0,0.0,1,mobile
8806.0,1,0,0.0,1,mobile
8807.0,129,3,2924.75,1,mobile
8808.0,120,0,0.0,1,mobile
8809.0,117,1,158.7,1,desktop
8810.0,102,1,86.21,1,mobile
8811.0,75,0,0.0,1,mobile
8812.0,35,1,15.29,1,mobile
8813.0,128,0,0.0,1,mobile
8814.0,128,1,183.25,1,mobile
8815.0,61,0,0.0,1,mobile
8816.0,57,0,0.0,1,mobile
8817.0,67,0,0.0,1,mobile
8818.0,54,0,0.0,1,desktop
8819.0,87,0,0.0,1,desktop
8820.0,111,0,0.0,1,mobile
8821.0,146,2,229.42,1,mobile
8822.0,48,0,0.0,1,desktop
8823.0,72,1,145.67,1,desktop
8824.0,112,1,8.04,1,mobile
8825.0,105,1,16.71,1,desktop
8826.0,108,0,0.0,1,mobile
8827.0,110,0,0.0,1,desktop
8828.0,125,1,74.74,1,mobile
8829.0,114,0,0.0,1,mobile
8830.0,111,1,43.11,1,desktop
8831.0,124,0,0.0,1,desktop
8832.0,29,0,0.0,1,mobile
8833.0,81,0,0.0,1,desktop
8834.0,39,1,22.83,1,mobile
8835.0,42,0,0.0,1,mobile
8836.0,88,0,0.0,1,mobile
8837.0,124,0,0.0,1,mobile
8838.0,12,0,0.0,1,mobile
8839.0,55,0,0.0,1,mobile
8840.0,44,0,0.0,1,desktop
8841.0,10,0,0.0,1,tablet
8842.0,122,0,0.0,1,mobile
8843.0,29,0,0.0,1,mobile
8844.0,90,0,0.0,1,mobile
8845.0,61,1,230.28,1,mobile
8846.0,48,0,0.0,1,mobile
8847.0,115,0,0.0,1,desktop
8848.0,112,0,0.0,1,mobile
8849.0,49,0,0.0,1,mobile
8850.0,56,0,0.0,1,mobile
8851.0,116,0,0.0,1,mobile
8852.0,24,0,0.0,1,mobile
8853.0,29,0,0.0,1,mobile
8854.0,68,1,424.67,1,mobile
8855.0,71,3,532.9300000000001,1,mobile
8856.0,41,0,0.0,1,mobile
8857.0,29,0,0.0,1,mobile
8858.0,94,1,344.94,1,desktop
8859.0,3,0,0.0,1,mobile
8860.0,100,0,0.0,1,mobile
8861.0,29,1,44.5,1,mobile
8862.0,140,1,29.1,1,desktop
8863.0,46,0,0.0,1,mobile
8864.0,47,0,0.0,1,mobile
8865.0,34,0,0.0,1,mobile
8866.0,57,0,0.0,1,mobile
8867.0,57,0,0.0,1,desktop
8868.0,101,0,0.0,1,mobile
8869.0,122,1,7.2,1,mobile
8870.0,128,0,0.0,1,desktop
8871.0,23,0,0.0,1,mobile
8872.0,67,0,0.0,1,desktop
8873.0,27,0,0.0,1,tablet
8874.0,49,0,0.0,1,desktop
8875.0,68,0,0.0,1,mobile
8876.0,112,1,188.21,1,desktop
8877.0,52,0,0.0,1,mobile
8878.0,10,0,0.0,1,desktop
8879.0,65,0,0.0,1,desktop
8880.0,129,0,0.0,1,mobile
8881.0,117,2,1417.54,1,mobile
8882.0,125,0,0.0,1,mobile
8883.0,108,0,0.0,1,mobile
8884.0,112,1,260.88,1,mobile
8885.0,118,1,1584.66,1,mobile
8886.0,123,0,0.0,1,mobile
8887.0,55,0,0.0,1,mobile
8888.0,52,1,4.03,1,desktop
8889.0,16,0,0.0,1,desktop
8890.0,123,2,387.8,1,mobile
8891.0,117,0,0.0,1,desktop
8892.0,133,0,0.0,1,mobile
8893.0,127,0,0.0,1,desktop
8894.0,49,0,0.0,1,desktop
8895.0,76,1,885.27,1,mobile
8896.0,3,0,0.0,1,mobile
8897.0,58,0,0.0,1,desktop
8898.0,58,1,12.61,1,desktop
8899.0,136,1,5451.03,1,mobile
8900.0,107,1,15.55,1,desktop
8901.0,131,1,18.16,1,tablet
8902.0,104,0,0.0,1,mobile
8903.0,136,1,95.76,1,mobile
8904.0,98,0,0.0,1,desktop
8905.0,56,0,0.0,1,desktop
8906.0,65,1,65.94,1,desktop
8907.0,41,0,0.0,1,mobile
8908.0,64,0,0.0,1,mobile
8909.0,120,2,151.48000000000002,1,mobile
8910.0,126,1,815.4,1,mobile
8911.0,18,0,0.0,1,desktop
8912.0,104,0,0.0,1,desktop
8913.0,110,0,0.0,1,desktop
8914.0,85,1,436.89,1,mobile
8915.0,70,0,0.0,1,mobile
8916.0,134,0,0.0,1,tablet
8917.0,111,1,64.29,1,desktop
8918.0,115,0,0.0,1,mobile
8919.0,57,0,0.0,1,mobile
8920.0,77,0,0.0,1,mobile
8921.0,135,1,2204.05,1,mobile
8922.0,78,1,4.79,1,mobile
8923.0,61,0,0.0,1,mobile
8924.0,133,0,0.0,1,desktop
8925.0,133,1,33.0,1,mobile
8926.0,42,2,366.68,1,desktop
8927.0,35,0,0.0,1,mobile
8928.0,29,0,0.0,1,mobile
8929.0,111,0,0.0,1,mobile
8930.0,120,0,0.0,1,desktop
8931.0,44,0,0.0,1,desktop
8932.0,69,0,0.0,1,desktop
8933.0,10,0,0.0,1,mobile
8934.0,45,0,0.0,1,mobile
8935.0,62,0,0.0,1,mobile
8936.0,49,0,0.0,1,mobile
8937.0,65,0,0.0,1,mobile
8938.0,68,1,2822.17,1,desktop
8939.0,60,0,0.0,1,mobile
8940.0,84,1,176.06,1,mobile
8941.0,47,0,0.0,1,mobile
8942.0,57,0,0.0,1,mobile
8944.0,35,0,0.0,1,mobile
8945.0,26,0,0.0,1,mobile
8946.0,26,1,130.06,1,mobile
8947.0,122,2,170.51999999999998,1,mobile
8948.0,150,0,0.0,1,mobile
8949.0,48,0,0.0,1,mobile
8950.0,67,0,0.0,1,mobile
8951.0,129,1,120.65,1,mobile
8952.0,112,1,25.28,1,mobile
8953.0,32,0,0.0,1,mobile
8954.0,85,1,32.55,1,mobile
8955.0,105,4,499.54999999999995,1,desktop
8956.0,94,0,0.0,1,desktop
8957.0,44,0,0.0,1,mobile
8958.0,113,0,0.0,1,desktop
8959.0,29,0,0.0,1,desktop
8960.0,83,0,0.0,1,desktop
8961.0,120,0,0.0,1,mobile
8962.0,149,0,0.0,1,mobile
8963.0,118,0,0.0,1,desktop
8964.0,62,0,0.0,1,desktop
8965.0,56,1,18.61,1,mobile
8966.0,107,2,559.6999999999999,1,desktop
8967.0,23,0,0.0,1,desktop
8968.0,93,0,0.0,1,desktop
8969.0,26,0,0.0,1,mobile
8970.0,91,1,155.53,1,mobile
8971.0,43,0,0.0,1,tablet
8972.0,134,3,97.11000000000001,1,mobile
8973.0,127,1,22.98,1,desktop
