investigation_id,transaction_id,flagged_date,flag_score,outcome,resolution_time_hours,amount,is_fraud,customer_id,merchant_id
1,363,2024-01-01 08:59:37,2,false_positive_cleared,11.94,7.6,False,5895,119
2,538,2024-01-01 13:53:52,2,false_positive_cleared,5.12,44.56,False,4047,365
3,803,2024-01-01 20:53:56,2,false_positive_cleared,0.73,54.46,False,1256,123
4,1173,2024-01-02 06:42:19,2,false_positive_cleared,8.2,16.81,False,3854,515
5,1214,2024-01-02 07:32:22,2,false_positive_cleared,4.65,44.02,False,3075,785
6,1304,2024-01-02 09:19:12,2,false_positive_cleared,10.95,36.1,False,5731,702
7,1506,2024-01-02 14:03:51,2,false_positive_cleared,16.08,27.54,False,2829,436
8,1611,2024-01-02 16:29:53,0,false_positive_cleared,7.54,69.7,False,3622,186
9,1997,2024-01-03 02:13:47,2,false_positive_cleared,6.63,10.23,False,2258,272
10,2724,2024-01-03 20:01:48,2,false_positive_cleared,3.87,49.33,False,1068,785
11,2769,2024-01-03 21:24:17,2,confirmed_fraud,17.75,3.52,True,3539,282
12,3018,2024-01-04 03:28:13,2,false_positive_cleared,19.26,150.74,False,3099,189
13,3305,2024-01-04 10:09:20,2,false_positive_cleared,16.14,5.9,False,2703,370
14,3377,2024-01-04 11:36:12,2,confirmed_fraud,21.88,22.91,True,923,566
15,3385,2024-01-04 11:46:19,2,false_positive_cleared,19.25,88.9,False,1351,315
16,3488,2024-01-04 14:20:13,2,false_positive_cleared,8.84,31.95,False,3677,449
17,3560,2024-01-04 15:59:05,2,false_positive_cleared,8.86,10.28,False,1486,173
18,3828,2024-01-04 22:30:41,2,false_positive_cleared,21.45,26.87,False,4536,540
19,4050,2024-01-05 04:16:09,2,confirmed_fraud,34.54,16.87,True,3233,342
20,4063,2024-01-05 04:38:41,2,false_positive_cleared,4.36,158.59,False,2788,709
21,4090,2024-01-05 05:22:00,2,confirmed_fraud,24.52,76.97,True,1400,640
22,4141,2024-01-05 06:33:55,2,false_positive_cleared,11.56,11.04,False,5451,1
26,4285,2024-01-05 10:00:56,0,confirmed_fraud,36.51,5.57,False,70,530
25,4583,2024-01-05 16:58:27,0,false_positive_cleared,4.03,82.79,False,1434,162
24,4802,2024-01-05 21:30:48,2,false_positive_cleared,5.75,355.09,False,1434,341
23,4830,2024-01-05 22:03:00,2,false_positive_cleared,1.16,36.26,False,8,130
27,5120,2024-01-06 05:00:40,2,confirmed_fraud,1.9,113.9,True,3786,85
30,5218,2024-01-06 08:13:51,1,false_positive_cleared,14.07,30.46,False,1898,557
28,5571,2024-01-06 16:29:37,2,false_positive_cleared,32.44,273.02,False,2054,451
29,5629,2024-01-06 17:47:18,2,false_positive_cleared,6.34,34.9,False,2513,731
31,5945,2024-01-07 00:42:33,2,false_positive_cleared,3.59,47.07,False,4053,633
32,6096,2024-01-07 04:57:56,2,false_positive_cleared,12.07,66.32,False,730,754
33,6259,2024-01-07 08:31:25,2,confirmed_fraud,11.54,66.59,True,4854,16
36,6263,2024-01-07 08:36:14,0,false_positive_cleared,1.11,3.58,False,224,362
34,6382,2024-01-07 11:37:16,2,false_positive_cleared,7.4,34.83,False,5971,293
35,6426,2024-01-07 12:35:31,2,false_positive_cleared,19.53,15.21,False,4572,205
37,6893,2024-01-08 00:00:04,2,false_positive_cleared,2.1,162.05,False,2571,190
38,7094,2024-01-08 05:00:09,2,false_positive_cleared,19.87,56.33,False,5866,398
39,7110,2024-01-08 05:37:17,2,false_positive_cleared,4.2,116.48,False,1729,530
40,7230,2024-01-08 08:45:17,2,false_positive_cleared,38.05,194.26,False,5971,582
41,7613,2024-01-08 18:08:13,2,confirmed_fraud,17.49,5.98,True,4771,233
42,7765,2024-01-08 21:42:33,2,false_positive_cleared,18.31,19.82,False,5260,762
43,7814,2024-01-08 22:54:52,2,false_positive_cleared,4.75,7.4,False,2106,221
44,8110,2024-01-09 06:32:44,2,false_positive_cleared,7.2,89.31,False,4225,656
45,8484,2024-01-09 16:51:26,2,false_positive_cleared,11.27,39.2,False,4039,733
46,8547,2024-01-09 18:32:26,2,false_positive_cleared,12.24,36.07,False,5052,491
47,8607,2024-01-09 20:16:42,2,false_positive_cleared,8.51,113.15,False,5427,244
48,8763,2024-01-10 00:10:52,2,false_positive_cleared,16.39,162.5,False,3155,518
49,8792,2024-01-10 00:41:07,2,false_positive_cleared,15.25,5.12,False,5730,193
50,8830,2024-01-10 01:23:04,2,false_positive_cleared,11.91,7.51,False,1796,176
51,9462,2024-01-10 16:42:54,2,false_positive_cleared,11.58,108.27,False,1863,136
53,9869,2024-01-11 02:46:21,0,false_positive_cleared,13.38,279.69,False,1669,197
52,10449,2024-01-11 16:36:43,2,false_positive_cleared,18.04,88.24,False,5901,544
57,10868,2024-01-12 02:46:50,0,false_positive_cleared,14.48,17.27,False,2732,655
58,11161,2024-01-12 10:17:46,0,false_positive_cleared,6.16,150.73,False,4835,279
54,11211,2024-01-12 11:30:38,2,false_positive_cleared,6.23,3.77,False,3011,580
56,11241,2024-01-12 12:05:49,2,false_positive_cleared,14.72,7.05,False,566,396
55,11479,2024-01-12 18:22:57,2,confirmed_fraud,8.27,44.5,True,5927,681
59,11749,2024-01-13 01:15:20,2,false_positive_cleared,6.58,1060.53,False,5619,579
60,11958,2024-01-13 05:43:45,2,false_positive_cleared,37.51,159.69,False,2191,708
62,12294,2024-01-13 14:52:11,0,false_positive_cleared,14.85,273.91,False,5541,725
61,12403,2024-01-13 17:23:17,2,false_positive_cleared,4.77,122.48,False,4341,417
63,12763,2024-01-14 02:50:10,2,confirmed_fraud,20.66,377.86,True,4576,400
68,12882,2024-01-14 05:43:02,1,false_positive_cleared,3.37,29.77,False,2937,606
64,12905,2024-01-14 06:29:24,2,false_positive_cleared,6.28,19.77,False,5501,191
65,12941,2024-01-14 07:13:47,2,false_positive_cleared,8.26,102.26,False,3012,170
69,13060,2024-01-14 09:56:29,0,false_positive_cleared,23.71,10.14,False,5076,609
66,13337,2024-01-14 16:16:41,2,false_positive_cleared,22.47,139.54,False,1529,521
70,13528,2024-01-14 20:25:48,0,false_positive_cleared,16.26,3.29,False,5282,255
67,13551,2024-01-14 20:56:04,2,confirmed_fraud,7.22,318.16,False,406,679
71,13817,2024-01-15 03:26:53,2,false_positive_cleared,7.89,78.43,False,3408,717
75,13896,2024-01-15 05:25:32,0,false_positive_cleared,2.81,1.71,False,4830,200
72,13918,2024-01-15 05:48:28,2,confirmed_fraud,4.3,34.29,True,1769,103
73,14545,2024-01-15 20:56:40,2,false_positive_cleared,0.91,8.9,False,3515,80
74,14552,2024-01-15 21:03:45,2,false_positive_cleared,10.7,53.49,False,1001,391
76,14777,2024-01-16 02:55:04,2,false_positive_cleared,15.76,105.95,False,437,427
77,15585,2024-01-16 23:10:27,2,false_positive_cleared,12.11,18.21,False,4420,429
79,15686,2024-01-17 02:07:24,2,false_positive_cleared,2.99,194.36,False,2550,463
81,15922,2024-01-17 08:04:07,2,false_positive_cleared,8.81,4909.93,False,577,679
80,15965,2024-01-17 09:08:43,2,false_positive_cleared,5.79,86.99,False,3732,114
82,15983,2024-01-17 09:43:56,2,false_positive_cleared,3.83,99.54,False,2912,791
83,15993,2024-01-17 09:59:37,2,false_positive_cleared,13.89,50.71,False,4296,367
84,16089,2024-01-17 12:29:57,2,false_positive_cleared,1.35,39.18,False,671,103
85,16223,2024-01-17 16:08:07,2,false_positive_cleared,5.43,7.18,False,5814,226
78,16543,2024-01-17 23:50:27,3,false_positive_cleared,0.42,1664.69,False,5384,544
86,16626,2024-01-18 01:36:08,2,false_positive_cleared,6.97,2.64,False,2060,790
87,16768,2024-01-18 04:31:10,2,false_positive_cleared,12.36,2964.51,False,5463,675
88,16827,2024-01-18 06:22:54,2,false_positive_cleared,8.0,1610.21,False,1852,1
89,16972,2024-01-18 09:46:38,2,false_positive_cleared,9.03,1150.98,False,5368,738
90,17002,2024-01-18 10:15:39,2,false_positive_cleared,2.07,5.88,False,919,115
91,17071,2024-01-18 11:43:01,2,false_positive_cleared,13.92,3.21,False,811,739
92,17086,2024-01-18 11:57:46,2,false_positive_cleared,16.63,37.43,False,1733,365
93,17177,2024-01-18 14:33:00,2,false_positive_cleared,8.64,7.61,False,3208,476
94,17552,2024-01-19 00:17:22,2,false_positive_cleared,10.62,3.91,False,314,34
95,17599,2024-01-19 01:27:10,2,false_positive_cleared,10.17,148.23,False,3991,492
96,17608,2024-01-19 01:39:20,2,confirmed_fraud,11.52,51.6,True,4283,775
97,17673,2024-01-19 03:11:26,2,false_positive_cleared,6.25,15.38,False,5655,631
98,17815,2024-01-19 06:30:39,2,false_positive_cleared,13.55,18.31,False,1824,207
99,17874,2024-01-19 07:38:43,2,false_positive_cleared,7.78,16.5,False,3504,377
100,18026,2024-01-19 11:10:30,2,false_positive_cleared,13.75,2609.67,False,2852,529
101,18130,2024-01-19 14:06:08,2,false_positive_cleared,5.68,7.2,False,250,611
102,18198,2024-01-19 15:38:39,2,false_positive_cleared,11.71,22.42,False,2139,758
103,18239,2024-01-19 16:53:08,2,false_positive_cleared,6.69,7.79,False,915,539
104,18763,2024-01-20 05:08:26,2,false_positive_cleared,13.78,7.49,False,1006,339
105,19011,2024-01-20 11:10:52,2,false_positive_cleared,9.6,57.72,False,556,674
106,19095,2024-01-20 13:29:46,2,false_positive_cleared,21.28,8802.55,False,544,341
107,19152,2024-01-20 14:30:32,2,false_positive_cleared,9.42,27.96,False,3121,270
108,19464,2024-01-20 22:08:02,2,false_positive_cleared,8.32,15.3,False,3080,343
109,19466,2024-01-20 22:11:28,0,false_positive_cleared,3.05,8.42,False,5459,255
114,19549,2024-01-21 00:15:00,0,false_positive_cleared,13.52,7.61,False,2498,664
110,19574,2024-01-21 00:44:14,2,false_positive_cleared,5.22,106.51,False,786,783
111,19976,2024-01-21 10:04:24,2,false_positive_cleared,3.67,107.71,False,3266,387
115,20019,2024-01-21 11:10:30,0,false_positive_cleared,10.12,178.51,False,5270,139
112,20142,2024-01-21 14:15:51,2,false_positive_cleared,13.91,490.12,False,1450,106
113,20190,2024-01-21 15:44:59,2,false_positive_cleared,19.95,2.08,False,5334,669
116,20402,2024-01-21 20:51:53,0,false_positive_cleared,8.44,9.79,False,800,72
117,20625,2024-01-22 02:19:19,2,false_positive_cleared,11.63,122.54,False,1279,467
122,20751,2024-01-22 05:03:05,1,false_positive_cleared,12.57,27.7,False,3699,318
118,21033,2024-01-22 11:22:43,2,false_positive_cleared,31.09,27.91,False,3219,34
119,21144,2024-01-22 14:14:15,2,false_positive_cleared,32.13,20.0,False,5255,290
123,21196,2024-01-22 15:29:24,0,false_positive_cleared,5.33,58.34,False,3754,641
121,21246,2024-01-22 16:40:25,2,confirmed_fraud,9.76,3282.83,True,5116,724
120,21269,2024-01-22 17:34:05,2,false_positive_cleared,10.1,26.99,False,522,102
124,21616,2024-01-23 01:30:14,2,confirmed_fraud,5.47,2132.74,True,4744,482
125,21658,2024-01-23 02:32:24,2,confirmed_fraud,33.17,24.7,False,4497,769
126,21832,2024-01-23 06:39:54,2,false_positive_cleared,12.3,235.83,False,5578,731
127,21913,2024-01-23 08:19:31,2,false_positive_cleared,3.88,79.63,False,179,459
128,21983,2024-01-23 09:59:56,2,false_positive_cleared,8.54,29.27,False,4440,383
129,22119,2024-01-23 13:22:28,2,false_positive_cleared,11.83,1599.21,False,2841,740
130,22221,2024-01-23 15:41:22,2,confirmed_fraud,3.7,1709.0,True,598,755
131,22467,2024-01-23 21:41:13,2,false_positive_cleared,18.75,8.61,False,5268,233
133,22590,2024-01-24 00:38:39,2,false_positive_cleared,2.73,908.33,False,4751,716
132,22958,2024-01-24 08:55:42,3,confirmed_fraud,5.16,147.07,True,4341,340
134,23193,2024-01-24 15:02:49,2,false_positive_cleared,11.01,65.11,False,5959,437
135,23524,2024-01-24 23:11:07,2,false_positive_cleared,21.56,469.03,False,2438,329
136,23722,2024-01-25 03:59:32,2,false_positive_cleared,2.47,187.62,False,3209,496
137,23927,2024-01-25 08:25:22,2,false_positive_cleared,15.9,80.96,False,2538,54
141,24012,2024-01-25 10:35:22,0,false_positive_cleared,5.69,71.3,False,4653,413
138,24190,2024-01-25 15:39:10,2,false_positive_cleared,9.57,164.65,False,3061,497
140,24361,2024-01-25 20:00:26,2,confirmed_fraud,4.2,14.16,True,5010,119
142,24389,2024-01-25 20:38:16,0,false_positive_cleared,21.62,31.95,False,5407,277
139,24481,2024-01-25 22:48:12,2,false_positive_cleared,13.49,2018.09,False,5511,532
144,25084,2024-01-26 13:31:07,2,false_positive_cleared,7.07,55.95,False,178,25
145,25154,2024-01-26 15:21:41,2,false_positive_cleared,10.46,1385.35,False,2040,730
146,25188,2024-01-26 16:21:55,2,false_positive_cleared,10.21,282.74,False,3061,503
147,25295,2024-01-26 18:53:10,2,false_positive_cleared,5.81,70.59,False,2802,751
143,25410,2024-01-26 21:25:13,3,false_positive_cleared,18.38,9.65,False,2922,134
148,25895,2024-01-27 08:58:18,2,false_positive_cleared,5.91,79.39,False,1419,210
149,25906,2024-01-27 09:19:36,2,false_positive_cleared,12.08,2.67,False,3815,500
150,26069,2024-01-27 13:25:15,2,false_positive_cleared,7.28,45.49,False,4224,473
151,26103,2024-01-27 14:15:31,2,false_positive_cleared,11.83,36.46,False,1593,324
155,26202,2024-01-27 16:41:19,0,false_positive_cleared,20.76,132.78,False,308,640
154,26222,2024-01-27 17:13:19,0,false_positive_cleared,10.37,23.75,False,4914,360
153,26339,2024-01-27 19:55:05,2,false_positive_cleared,21.77,7.54,False,3294,27
152,26431,2024-01-27 22:15:49,2,false_positive_cleared,7.19,3037.0,False,711,606
156,26542,2024-01-28 00:24:04,2,false_positive_cleared,21.03,7.65,False,3525,787
157,26746,2024-01-28 05:20:01,2,false_positive_cleared,16.51,6.03,False,385,584
158,26816,2024-01-28 06:52:33,2,false_positive_cleared,4.64,59.56,False,1185,75
159,26876,2024-01-28 08:20:36,2,false_positive_cleared,16.15,143.37,False,630,687
160,27280,2024-01-28 17:56:00,2,false_positive_cleared,7.51,2947.41,False,535,739
162,27286,2024-01-28 18:07:24,0,false_positive_cleared,11.18,28.27,False,2526,319
161,27433,2024-01-28 21:27:23,2,false_positive_cleared,21.2,15.45,False,1006,1
163,27567,2024-01-29 00:33:22,2,false_positive_cleared,4.5,46.82,False,1861,128
164,27621,2024-01-29 01:59:21,2,false_positive_cleared,20.23,3493.84,False,1292,797
165,27914,2024-01-29 09:12:30,2,false_positive_cleared,1.25,129.95,False,522,755
166,27971,2024-01-29 10:35:22,2,confirmed_fraud,5.33,27.73,True,2851,442
167,28055,2024-01-29 12:43:22,2,false_positive_cleared,23.76,139.8,False,2242,489
168,28093,2024-01-29 13:21:19,2,false_positive_cleared,44.2,68.71,False,1875,74
172,28145,2024-01-29 14:32:14,0,false_positive_cleared,7.96,7.15,False,1771,152
169,28218,2024-01-29 16:34:07,2,false_positive_cleared,4.75,15.31,False,3940,492
170,28323,2024-01-29 18:59:01,2,false_positive_cleared,20.02,2933.06,False,4944,599
171,28350,2024-01-29 19:54:39,2,false_positive_cleared,7.57,24.2,False,5328,476
173,28635,2024-01-30 03:29:16,2,false_positive_cleared,2.74,60.18,False,2557,45
174,28774,2024-01-30 07:01:47,2,confirmed_fraud,32.13,66.29,False,563,404
175,29640,2024-01-31 05:13:47,2,false_positive_cleared,17.94,3185.87,False,5293,256
176,29689,2024-01-31 06:28:40,2,false_positive_cleared,8.77,62.32,False,1815,243
177,29960,2024-01-31 13:13:31,2,false_positive_cleared,17.08,8.75,False,3757,460
178,30393,2024-01-31 23:45:57,2,false_negative_cleared,5.32,25.48,True,3002,250
179,30877,2024-02-01 10:56:30,2,false_positive_cleared,10.78,175.4,False,4082,97
180,30996,2024-02-01 13:54:41,2,false_positive_cleared,11.75,21.5,False,5974,42
181,31012,2024-02-01 14:18:18,2,false_positive_cleared,11.0,19.26,False,5070,136
182,31353,2024-02-01 22:11:07,2,false_positive_cleared,5.99,110.26,False,1363,709
183,31884,2024-02-02 11:26:47,2,false_positive_cleared,8.45,22.92,False,707,429
184,31986,2024-02-02 14:04:01,2,false_positive_cleared,6.33,33.11,False,2930,262
185,32019,2024-02-02 14:56:36,2,confirmed_fraud,34.22,17.89,False,4771,170
188,32260,2024-02-02 21:03:33,0,false_positive_cleared,8.71,7.02,False,2779,719
186,32308,2024-02-02 22:08:24,2,confirmed_fraud,8.46,49.45,True,3664,72
187,32353,2024-02-02 23:17:20,2,false_positive_cleared,23.69,279.98,False,5415,649
189,32438,2024-02-03 01:00:00,2,false_positive_cleared,20.44,6.91,False,775,463
190,32532,2024-02-03 03:00:13,2,false_positive_cleared,9.29,2469.17,False,2285,755
194,32756,2024-02-03 08:08:06,0,false_positive_cleared,6.36,10.77,False,3499,103
191,32845,2024-02-03 10:06:44,2,false_positive_cleared,15.54,56.67,False,4410,11
195,32887,2024-02-03 10:53:36,0,false_positive_cleared,2.65,36.14,False,3601,126
193,32977,2024-02-03 13:03:36,2,false_positive_cleared,7.23,40.11,False,4572,681
192,33322,2024-02-03 21:43:04,2,false_positive_cleared,1.47,122.42,False,4695,188
199,34168,2024-02-04 17:50:22,0,false_positive_cleared,32.62,11.62,False,4756,249
198,34227,2024-02-04 19:27:24,0,false_positive_cleared,0.55,10.37,False,3302,511
197,34302,2024-02-04 21:32:31,2,false_positive_cleared,7.83,5.96,False,2067,378
196,34385,2024-02-04 23:52:41,2,false_positive_cleared,7.87,68.75,False,1537,57
203,34470,2024-02-05 02:02:52,0,false_positive_cleared,5.22,18.08,False,606,418
204,34619,2024-02-05 05:32:54,0,false_positive_cleared,10.04,83.37,False,3140,557
200,34858,2024-02-05 11:20:46,2,false_positive_cleared,7.4,4.69,False,103,588
202,35202,2024-02-05 20:30:26,2,false_positive_cleared,8.4,12.26,False,3800,761
201,35218,2024-02-05 20:55:54,2,false_positive_cleared,14.44,249.53,False,590,572
205,35461,2024-02-06 02:29:28,2,false_positive_cleared,6.87,88.3,False,3451,171
206,35688,2024-02-06 08:09:20,2,false_positive_cleared,20.32,5.56,False,1062,180
210,35882,2024-02-06 12:45:05,0,false_positive_cleared,8.75,5.92,False,5913,122
207,36144,2024-02-06 18:47:26,2,false_positive_cleared,10.42,55.35,False,5344,363
208,36197,2024-02-06 20:21:53,2,false_positive_cleared,5.54,83.84,False,1576,197
209,36335,2024-02-06 23:57:37,2,false_positive_cleared,14.93,320.45,False,3057,350
211,36570,2024-02-07 06:12:21,2,false_positive_cleared,23.06,6.16,False,1456,770
212,36604,2024-02-07 07:09:05,2,false_positive_cleared,17.2,1640.8,False,2567,245
213,36884,2024-02-07 13:27:09,2,false_positive_cleared,17.94,319.05,False,973,99
214,36965,2024-02-07 15:09:01,2,false_positive_cleared,33.44,68.86,False,1833,593
215,37054,2024-02-07 17:06:57,2,false_positive_cleared,3.76,338.14,False,1055,317
216,37342,2024-02-08 00:05:41,2,false_positive_cleared,7.02,1730.14,False,4202,671
217,37728,2024-02-08 09:37:10,2,false_positive_cleared,4.53,99.13,False,4983,745
218,37750,2024-02-08 09:59:57,2,false_positive_cleared,17.11,70.89,False,4440,606
219,37832,2024-02-08 11:55:56,0,false_positive_cleared,3.92,6.01,False,1439,605
226,38367,2024-02-09 00:53:55,0,false_positive_cleared,10.73,32.36,False,1994,565
220,38458,2024-02-09 02:54:23,2,false_positive_cleared,4.8,29.1,False,3084,378
221,38570,2024-02-09 05:44:10,2,false_positive_cleared,17.36,132.07,False,630,476
222,38718,2024-02-09 08:55:25,2,false_positive_cleared,6.74,124.86,False,9,455
224,38817,2024-02-09 11:22:34,2,false_positive_cleared,3.53,609.71,False,4685,5
223,38871,2024-02-09 12:46:28,2,false_positive_cleared,10.27,37.38,False,4199,509
225,38945,2024-02-09 14:47:18,2,false_positive_cleared,9.12,2033.08,False,4182,714
227,39639,2024-02-10 07:46:00,2,false_positive_cleared,18.3,76.89,False,3941,279
228,39712,2024-02-10 09:22:50,2,false_positive_cleared,6.48,488.22,False,4606,350
229,39731,2024-02-10 09:48:25,2,false_positive_cleared,22.22,114.33,False,2864,423
233,39981,2024-02-10 15:12:52,0,false_positive_cleared,10.67,8.44,False,3926,121
230,40097,2024-02-10 17:48:52,2,false_positive_cleared,11.29,70.97,False,5107,549
231,40135,2024-02-10 18:42:58,2,false_positive_cleared,17.64,32.11,False,1586,240
232,40157,2024-02-10 19:17:41,2,false_positive_cleared,13.56,604.8,False,3402,67
234,40358,2024-02-11 00:01:59,2,false_positive_cleared,7.43,71.64,False,3058,83
235,41010,2024-02-11 16:21:28,2,false_positive_cleared,4.78,163.81,False,296,17
236,41268,2024-02-11 22:41:53,2,false_positive_cleared,25.96,257.59,False,1936,351
237,41430,2024-02-12 02:42:18,2,false_positive_cleared,8.01,153.17,False,5107,152
238,41469,2024-02-12 03:31:41,2,confirmed_fraud,5.53,7.74,False,852,564
239,41488,2024-02-12 04:00:42,2,confirmed_fraud,7.96,1.26,True,3696,40
240,41627,2024-02-12 07:17:24,2,false_positive_cleared,14.9,319.48,False,2364,522
241,41701,2024-02-12 09:02:36,2,false_positive_cleared,5.46,126.84,False,1108,86
242,41790,2024-02-12 11:20:20,2,false_positive_cleared,7.93,17.45,False,1608,296
243,41834,2024-02-12 12:32:42,2,confirmed_fraud,18.94,246.03,True,4662,748
246,41979,2024-02-12 15:38:28,1,false_positive_cleared,27.02,40.87,False,601,104
244,42029,2024-02-12 17:03:38,2,false_positive_cleared,19.81,138.83,False,167,20
245,42056,2024-02-12 17:51:08,2,confirmed_fraud,11.98,2187.04,False,4550,158
247,42368,2024-02-13 01:26:52,2,confirmed_fraud,4.46,1705.93,False,868,142
248,42686,2024-02-13 08:22:04,2,false_positive_cleared,34.45,24.98,False,1909,599
249,42741,2024-02-13 09:39:48,2,false_positive_cleared,7.56,89.02,False,4505,472
250,42780,2024-02-13 11:00:31,2,false_positive_cleared,9.89,21.7,False,5416,285
253,42858,2024-02-13 12:48:37,0,false_positive_cleared,12.91,25.12,False,4156,717
251,42983,2024-02-13 16:03:18,2,false_positive_cleared,4.1,33.96,False,1698,489
252,43126,2024-02-13 19:42:48,2,false_positive_cleared,19.04,45.21,False,3401,689
256,43353,2024-02-14 00:51:12,2,false_positive_cleared,12.19,54.17,False,4868,96
255,43662,2024-02-14 08:16:54,2,false_positive_cleared,14.46,41.84,False,4173,387
257,43734,2024-02-14 09:58:51,2,false_negative_cleared,4.52,2381.24,True,3212,105
258,43739,2024-02-14 10:10:02,2,false_positive_cleared,8.47,61.32,False,216,206
260,43752,2024-02-14 10:27:35,2,confirmed_fraud,6.37,41.4,True,5075,343
259,43760,2024-02-14 10:34:17,2,confirmed_fraud,12.05,139.06,False,2723,712
261,43887,2024-02-14 13:18:00,2,false_positive_cleared,5.63,25.2,False,3606,482
262,44125,2024-02-14 19:25:16,2,false_positive_cleared,7.6,380.03,False,4563,237
264,44179,2024-02-14 20:55:20,0,false_positive_cleared,8.48,102.06,False,5257,614
263,44205,2024-02-14 21:42:08,2,false_positive_cleared,5.36,68.66,False,568,274
254,44227,2024-02-14 22:14:25,3,false_positive_cleared,6.53,7943.36,False,2132,86
266,44937,2024-02-15 15:11:24,0,false_positive_cleared,6.42,28.51,False,4764,565
265,45032,2024-02-15 17:46:48,2,false_positive_cleared,5.91,183.54,False,4141,612
267,45296,2024-02-16 00:04:55,2,false_positive_cleared,32.08,4.57,False,3136,460
268,45359,2024-02-16 01:20:03,2,false_positive_cleared,25.92,61.49,False,5170,568
269,45485,2024-02-16 04:25:43,2,false_positive_cleared,9.78,2405.47,False,3507,119
270,45668,2024-02-16 08:43:45,2,false_positive_cleared,9.83,1773.15,False,76,306
273,45704,2024-02-16 09:39:45,0,false_positive_cleared,2.97,655.97,False,5164,279
272,46052,2024-02-16 18:08:03,1,false_positive_cleared,6.8,27.67,False,2923,236
271,46205,2024-02-16 22:25:48,2,false_positive_cleared,9.08,9.02,False,4773,368
274,46281,2024-02-17 00:41:28,2,false_positive_cleared,41.07,134.72,False,1405,444
279,46509,2024-02-17 06:14:05,1,false_positive_cleared,3.37,27.65,False,3214,148
275,46603,2024-02-17 08:19:19,2,false_positive_cleared,0.47,71.72,False,2680,109
280,46620,2024-02-17 08:45:44,0,false_positive_cleared,31.02,23.37,False,164,58
276,46833,2024-02-17 14:09:05,2,false_positive_cleared,17.43,36.48,False,2776,334
278,46935,2024-02-17 16:51:05,2,false_positive_cleared,11.9,35.94,False,3320,234
277,46984,2024-02-17 17:53:02,2,false_positive_cleared,14.33,102.03,False,2669,370
285,47304,2024-02-18 01:37:16,0,false_positive_cleared,15.2,22.41,False,602,370
281,47507,2024-02-18 06:57:43,2,false_positive_cleared,2.84,34.18,False,4635,544
282,47553,2024-02-18 08:10:30,2,confirmed_fraud,4.93,89.4,False,1942,175
284,47651,2024-02-18 10:39:10,2,false_positive_cleared,21.05,8.38,False,1630,186
286,48085,2024-02-18 21:23:25,0,false_positive_cleared,13.9,17.36,False,127,252
283,48119,2024-02-18 22:19:00,2,false_positive_cleared,9.36,18.7,False,3969,422
287,48234,2024-02-19 00:52:29,2,confirmed_fraud,18.0,6.37,False,558,30
298,48242,2024-02-19 00:57:30,1,false_positive_cleared,8.0,99.11,False,4294,414
288,48299,2024-02-19 02:41:55,2,false_positive_cleared,9.11,180.68,False,3057,502
289,48353,2024-02-19 03:54:43,2,false_positive_cleared,21.96,71.08,False,1233,29
290,48364,2024-02-19 04:05:33,2,false_positive_cleared,5.67,16.47,False,2716,627
291,48382,2024-02-19 04:21:09,2,false_positive_cleared,16.35,39.76,False,2655,556
293,48430,2024-02-19 05:32:29,2,confirmed_fraud,16.82,7.76,False,5077,507
294,48520,2024-02-19 07:48:06,2,false_positive_cleared,30.4,30.49,False,4878,222
299,48727,2024-02-19 12:58:47,0,false_positive_cleared,5.34,13.15,False,1607,75
295,48866,2024-02-19 16:05:55,2,false_positive_cleared,11.87,2256.77,False,868,87
297,48954,2024-02-19 18:11:18,2,false_positive_cleared,12.87,60.23,False,264,44
292,49112,2024-02-19 22:21:51,2,false_positive_cleared,18.79,2215.9,False,5176,89
296,49172,2024-02-19 23:51:11,2,false_positive_cleared,7.99,24.02,False,4967,356
300,49415,2024-02-20 05:49:19,2,false_positive_cleared,18.09,2078.81,False,4465,645
304,49543,2024-02-20 08:37:37,0,false_positive_cleared,10.52,152.53,False,5204,562
301,49544,2024-02-20 08:37:49,2,false_positive_cleared,11.43,222.05,False,3932,651
302,49561,2024-02-20 09:09:54,2,false_positive_cleared,5.14,344.03,False,857,763
305,49782,2024-02-20 14:15:21,0,false_positive_cleared,1.99,26.44,False,5904,340
306,49789,2024-02-20 14:22:05,0,false_positive_cleared,5.88,9.4,False,4936,418
303,49933,2024-02-20 17:20:25,2,false_positive_cleared,11.08,85.95,False,977,191
307,49963,2024-02-20 18:06:34,0,false_positive_cleared,2.3,26.08,False,3473,630
308,50254,2024-02-21 00:39:37,2,false_positive_cleared,15.55,27.9,False,5927,243
309,50598,2024-02-21 08:28:55,2,false_positive_cleared,8.77,29.87,False,5426,602
310,50751,2024-02-21 12:26:03,2,false_positive_cleared,3.96,35.5,False,4338,186
311,50890,2024-02-21 15:48:30,2,false_positive_cleared,10.47,78.94,False,3977,134
313,51258,2024-02-22 01:01:42,2,false_positive_cleared,3.44,1916.18,False,5004,428
314,51765,2024-02-22 12:50:46,2,confirmed_fraud,25.81,9.3,True,1866,687
315,51786,2024-02-22 13:16:45,0,false_positive_cleared,1.83,34.91,False,5305,132
312,52019,2024-02-22 19:26:12,3,confirmed_fraud,20.84,31.31,True,2480,7
319,52412,2024-02-23 05:39:34,0,confirmed_fraud,4.34,40.19,False,2165,426
316,52645,2024-02-23 11:09:33,2,false_positive_cleared,13.31,27.66,False,5330,678
317,52737,2024-02-23 13:27:49,2,false_positive_cleared,24.53,6185.31,False,5463,625
318,53145,2024-02-23 23:03:11,2,false_positive_cleared,22.07,245.41,False,3627,588
320,53710,2024-02-24 12:00:42,2,confirmed_fraud,28.16,201.96,True,2570,569
321,53993,2024-02-24 19:09:32,2,false_positive_cleared,5.04,16.32,False,1829,308
322,54172,2024-02-24 23:41:58,2,false_positive_cleared,36.92,3041.32,False,5250,380
329,54271,2024-02-25 02:32:36,1,false_positive_cleared,7.86,296.08,False,3775,590
323,54441,2024-02-25 06:19:21,2,false_positive_cleared,16.16,6.49,False,2721,525
324,54463,2024-02-25 06:44:18,2,false_positive_cleared,3.74,48.79,False,3155,440
325,54850,2024-02-25 16:33:38,2,false_positive_cleared,17.22,1985.19,False,3318,489
327,54911,2024-02-25 18:04:21,2,false_positive_cleared,10.72,62.22,False,3108,178
326,54950,2024-02-25 18:54:04,2,false_positive_cleared,12.8,3028.35,False,245,556
328,55078,2024-02-25 22:24:11,2,false_positive_cleared,11.67,41.37,False,3136,111
330,55174,2024-02-26 00:22:01,2,false_positive_cleared,2.45,66.34,False,1030,554
331,55187,2024-02-26 00:38:36,2,false_positive_cleared,6.98,1.0,False,4292,689
332,55204,2024-02-26 01:01:32,2,false_positive_cleared,17.27,2569.5,False,185,341
336,55406,2024-02-26 05:48:34,0,false_positive_cleared,2.09,71.76,False,893,517
333,55472,2024-02-26 07:35:22,2,confirmed_fraud,5.46,12.57,True,3657,724
334,55676,2024-02-26 12:38:34,2,false_positive_cleared,16.68,141.79,False,2428,30
335,56003,2024-02-26 20:17:56,2,false_positive_cleared,2.36,86.75,False,1177,690
337,56301,2024-02-27 03:51:02,2,false_positive_cleared,3.96,67.28,False,4962,77
338,56342,2024-02-27 05:05:42,2,confirmed_fraud,23.21,50.39,False,1626,114
339,56454,2024-02-27 07:47:34,2,false_positive_cleared,16.08,72.0,False,4618,558
340,56506,2024-02-27 09:18:26,2,false_positive_cleared,7.61,96.85,False,509,382
341,56844,2024-02-27 18:18:21,2,false_positive_cleared,8.87,2.02,False,4926,367
342,56926,2024-02-27 20:00:18,2,false_positive_cleared,13.97,98.32,False,4223,704
343,57486,2024-02-28 09:49:20,2,false_positive_cleared,2.06,243.52,False,1030,694
344,57529,2024-02-28 10:39:44,2,false_positive_cleared,18.0,105.02,False,2576,543
345,57551,2024-02-28 11:22:04,2,false_positive_cleared,5.63,278.17,False,1108,660
346,57569,2024-02-28 11:43:27,2,false_positive_cleared,2.34,675.2,False,1556,756
347,57595,2024-02-28 12:13:46,2,false_positive_cleared,22.2,2631.09,False,2421,24
348,57769,2024-02-28 17:23:39,2,false_positive_cleared,3.59,33.43,False,2197,59
351,57805,2024-02-28 18:21:58,0,false_positive_cleared,0.33,12.25,False,5265,598
349,57935,2024-02-28 21:41:41,2,false_positive_cleared,9.39,16.72,False,1082,524
350,57966,2024-02-28 22:21:19,2,false_positive_cleared,25.59,188.66,False,1199,660
352,58141,2024-02-29 02:47:03,2,false_positive_cleared,10.9,7.9,False,5916,607
353,58224,2024-02-29 04:43:20,2,false_positive_cleared,11.31,2492.9,False,4739,279
354,58276,2024-02-29 05:50:44,2,false_positive_cleared,10.36,61.0,False,5927,290
355,58353,2024-02-29 07:35:45,2,false_positive_cleared,21.39,90.02,False,553,146
356,58641,2024-02-29 14:48:07,2,false_positive_cleared,1.51,97.76,False,3211,285
357,58691,2024-02-29 15:57:18,2,false_positive_cleared,10.78,6.58,False,1966,297
358,58692,2024-02-29 15:57:59,2,false_positive_cleared,19.87,24.19,False,3320,112
359,58715,2024-02-29 16:36:05,2,false_negative_cleared,4.29,61.87,True,4719,334
360,58757,2024-02-29 17:34:47,2,false_positive_cleared,13.65,66.28,False,4749,609
361,58760,2024-02-29 17:38:06,2,confirmed_fraud,2.24,56.74,True,2385,483
362,59171,2024-03-01 03:22:33,2,false_positive_cleared,15.43,106.45,False,1498,519
363,59233,2024-03-01 04:53:29,2,false_positive_cleared,25.36,4581.91,False,2509,230
366,59260,2024-03-01 05:45:22,0,false_positive_cleared,18.39,31.44,False,3195,328
367,59388,2024-03-01 08:38:43,0,false_positive_cleared,1.08,21.37,False,2510,248
364,59434,2024-03-01 09:51:21,2,false_positive_cleared,28.95,23.06,False,135,417
368,59735,2024-03-01 17:27:06,0,false_positive_cleared,6.81,26.35,False,937,570
365,59814,2024-03-01 19:00:56,2,false_positive_cleared,2.94,15.18,False,313,413
369,60146,2024-03-02 03:18:17,2,false_positive_cleared,13.91,1972.17,False,4699,166
370,60324,2024-03-02 07:37:14,2,false_positive_cleared,27.88,144.27,False,162,208
371,60453,2024-03-02 10:32:35,2,false_positive_cleared,5.89,31.35,False,2315,406
373,60490,2024-03-02 11:28:58,0,false_positive_cleared,9.39,170.64,False,2579,44
372,60893,2024-03-02 21:17:11,2,false_positive_cleared,11.51,14.92,False,2857,137
374,61033,2024-03-03 00:25:40,2,false_positive_cleared,34.6,29.31,False,4142,363
375,61323,2024-03-03 07:47:24,2,confirmed_fraud,8.63,2.67,False,5880,333
376,61437,2024-03-03 10:15:17,2,false_positive_cleared,8.85,2393.13,False,4699,366
377,61505,2024-03-03 12:11:28,2,false_positive_cleared,16.82,60.7,False,2030,90
378,61614,2024-03-03 14:48:18,2,false_positive_cleared,2.57,889.01,False,2948,714
379,61713,2024-03-03 17:23:45,2,false_positive_cleared,4.79,12.5,False,1236,106
380,61983,2024-03-04 00:31:34,2,false_positive_cleared,25.6,2071.86,False,5541,412
381,61984,2024-03-04 00:33:21,2,confirmed_fraud,20.94,22.31,True,5198,671
382,62251,2024-03-04 06:53:35,2,false_positive_cleared,14.56,35.15,False,2352,416
383,62322,2024-03-04 08:54:31,2,false_positive_cleared,16.83,540.3,False,3175,434
384,62723,2024-03-04 18:58:26,2,false_positive_cleared,3.59,16.09,False,5018,23
385,62775,2024-03-04 20:12:34,2,false_positive_cleared,22.77,37.06,False,2670,469
386,62807,2024-03-04 20:52:05,2,false_positive_cleared,7.63,6.33,False,5588,445
387,63206,2024-03-05 06:32:46,2,false_positive_cleared,5.92,83.16,False,4851,535
388,63452,2024-03-05 12:10:53,2,false_positive_cleared,4.49,36.66,False,4441,678
389,63549,2024-03-05 14:24:39,2,false_positive_cleared,3.33,10.96,False,5970,293
390,63626,2024-03-05 15:58:10,2,false_positive_cleared,31.29,14.12,False,5536,282
391,63707,2024-03-05 17:46:33,2,false_positive_cleared,12.49,34.92,False,1256,220
392,63953,2024-03-05 23:03:10,2,false_positive_cleared,8.65,2514.97,False,2040,574
393,64053,2024-03-06 01:23:35,2,false_positive_cleared,18.46,16.86,False,1947,101
394,64855,2024-03-06 20:47:09,2,false_positive_cleared,5.89,6.19,False,2679,7
400,65254,2024-03-07 06:26:26,0,false_positive_cleared,23.76,9.41,False,922,417
395,65349,2024-03-07 08:36:38,3,false_positive_cleared,9.67,70.8,False,2464,245
396,65437,2024-03-07 10:57:46,2,false_positive_cleared,7.02,98.09,False,2176,790
398,65574,2024-03-07 14:18:49,2,false_positive_cleared,8.22,3.03,False,3693,232
399,65742,2024-03-07 18:35:01,1,false_positive_cleared,13.19,18.7,False,5822,648
397,65797,2024-03-07 20:16:11,2,false_positive_cleared,10.39,50.16,False,5622,536
401,66361,2024-03-08 09:38:38,2,false_positive_cleared,6.43,12.8,False,3197,54
402,66699,2024-03-08 17:26:06,2,false_positive_cleared,11.41,41.13,False,2547,188
403,66789,2024-03-08 20:01:50,2,false_positive_cleared,6.97,2116.2,False,5752,453
408,66966,2024-03-09 00:08:07,0,false_positive_cleared,5.6,9.83,False,5122,238
404,67025,2024-03-09 01:24:48,2,false_positive_cleared,13.15,13.57,False,665,340
406,67088,2024-03-09 02:56:18,2,false_positive_cleared,6.2,8.3,False,2048,35
405,67309,2024-03-09 08:28:00,2,confirmed_fraud,27.65,9.16,False,1442,334
407,67595,2024-03-09 15:30:49,2,false_positive_cleared,22.05,4.79,False,2563,181
413,68019,2024-03-10 02:51:31,0,false_positive_cleared,10.47,50.82,False,5610,715
409,68156,2024-03-10 06:07:10,2,false_positive_cleared,27.18,16.57,False,1071,663
414,68177,2024-03-10 06:43:21,0,false_positive_cleared,26.31,25.76,False,216,527
410,68319,2024-03-10 10:16:11,2,false_positive_cleared,36.67,15.59,False,4378,226
412,68684,2024-03-10 18:16:28,2,false_positive_cleared,5.76,4.75,False,3143,47
411,68896,2024-03-10 23:08:51,2,false_positive_cleared,7.32,13.16,False,1208,331
415,69024,2024-03-11 01:40:24,2,false_positive_cleared,7.39,190.45,False,4680,524
416,69049,2024-03-11 02:15:14,2,false_positive_cleared,2.06,1223.61,False,1850,682
423,69073,2024-03-11 02:51:13,0,false_positive_cleared,29.45,187.38,False,2694,560
417,69168,2024-03-11 04:55:02,2,false_positive_cleared,3.5,34.94,False,398,15
418,69327,2024-03-11 08:59:51,2,false_positive_cleared,11.73,27.03,False,92,13
419,69461,2024-03-11 11:50:28,2,false_positive_cleared,35.87,40.41,False,2742,552
420,69757,2024-03-11 18:19:57,2,false_positive_cleared,2.35,724.97,False,4907,398
422,69790,2024-03-11 19:04:13,2,false_positive_cleared,28.85,1819.07,False,711,405
424,69838,2024-03-11 20:14:06,0,false_positive_cleared,8.74,15.4,False,2820,231
421,69978,2024-03-11 23:34:56,2,false_positive_cleared,21.97,40.17,False,5980,484
425,70122,2024-03-12 02:53:50,2,false_positive_cleared,2.91,2626.96,False,5692,781
429,70415,2024-03-12 10:31:50,0,false_positive_cleared,6.86,2.08,False,1890,581
426,70427,2024-03-12 10:53:28,2,false_positive_cleared,17.41,272.55,False,1477,6
427,70432,2024-03-12 10:56:45,2,confirmed_fraud,4.05,2915.79,True,2727,411
428,70556,2024-03-12 14:19:49,2,false_positive_cleared,13.9,19.15,False,1493,359
430,70661,2024-03-12 16:57:19,0,false_positive_cleared,3.82,140.59,False,129,504
431,70777,2024-03-12 19:00:49,0,false_positive_cleared,1.72,109.64,False,5097,134
432,71015,2024-03-13 00:37:37,2,false_positive_cleared,7.1,5.46,False,5861,373
442,71143,2024-03-13 03:55:01,0,false_positive_cleared,5.68,77.95,False,4912,276
433,71217,2024-03-13 05:28:39,2,false_positive_cleared,12.0,3454.37,False,711,409
434,71294,2024-03-13 07:37:26,2,false_positive_cleared,5.11,60.13,False,3243,89
435,71315,2024-03-13 08:09:01,2,false_positive_cleared,12.22,74.4,False,5676,419
436,71430,2024-03-13 11:00:23,2,false_positive_cleared,1.58,3889.04,False,4780,136
438,71526,2024-03-13 13:47:25,2,false_positive_cleared,15.61,6.2,False,4265,599
439,71545,2024-03-13 14:12:12,2,confirmed_fraud,9.68,49.55,True,3568,51
443,71564,2024-03-13 14:38:17,0,false_positive_cleared,2.65,29.34,False,5163,242
444,71646,2024-03-13 16:48:01,0,false_positive_cleared,11.91,34.14,False,3786,216
440,71777,2024-03-13 19:55:31,2,false_positive_cleared,7.9,26.59,False,538,87
441,71813,2024-03-13 20:56:58,2,false_positive_cleared,11.21,6.93,False,1321,227
437,71940,2024-03-13 23:57:47,2,false_positive_cleared,12.41,350.68,False,4788,378
445,71976,2024-03-14 01:01:19,2,confirmed_fraud,6.88,8.0,True,4994,771
449,72336,2024-03-14 08:51:16,0,false_positive_cleared,27.37,54.38,False,1858,138
446,72496,2024-03-14 12:26:15,2,false_positive_cleared,10.66,83.16,False,2270,7
447,72783,2024-03-14 19:07:10,2,false_positive_cleared,2.3,28.0,False,3310,13
448,72987,2024-03-14 23:37:06,2,false_positive_cleared,7.28,15.06,False,212,346
450,73533,2024-03-15 12:41:07,2,false_positive_cleared,3.59,15.36,False,1571,477
451,73599,2024-03-15 14:28:23,2,false_positive_cleared,7.01,1696.77,False,358,138
452,73728,2024-03-15 17:40:48,2,false_positive_cleared,17.71,15.05,False,3104,165
453,73923,2024-03-15 22:31:35,2,false_positive_cleared,9.81,129.09,False,1210,460
454,74178,2024-03-16 05:16:01,2,confirmed_fraud,3.25,1112.41,True,727,146
455,74433,2024-03-16 11:23:14,2,false_positive_cleared,20.06,179.04,False,5156,383
456,74752,2024-03-16 18:29:32,2,false_positive_cleared,14.79,150.73,False,787,659
457,74845,2024-03-16 21:01:10,2,false_positive_cleared,2.82,172.24,False,5296,369
458,75063,2024-03-17 01:39:50,2,false_positive_cleared,2.18,1.13,False,1954,251
459,75375,2024-03-17 08:03:12,2,false_positive_cleared,18.86,41.02,False,2019,601
460,75758,2024-03-17 17:42:27,2,false_positive_cleared,6.75,265.5,False,2252,174
461,75971,2024-03-17 23:20:54,2,false_positive_cleared,16.93,126.82,False,2674,764
462,76232,2024-03-18 06:07:40,2,false_positive_cleared,6.59,32.08,False,2947,334
463,76441,2024-03-18 11:04:17,2,false_positive_cleared,8.85,45.17,False,823,736
466,76459,2024-03-18 11:21:59,0,false_positive_cleared,12.2,21.61,False,4659,382
464,76958,2024-03-18 23:28:13,2,false_positive_cleared,10.86,69.97,False,4760,53
465,76967,2024-03-18 23:41:08,2,false_positive_cleared,6.37,1742.74,False,1592,727
467,77032,2024-03-19 01:05:30,2,false_positive_cleared,4.77,1917.32,False,2040,399
468,77067,2024-03-19 01:52:32,2,false_positive_cleared,15.62,1919.58,False,4227,187
469,77528,2024-03-19 13:02:31,2,false_positive_cleared,7.3,1937.95,False,4484,621
470,77602,2024-03-19 14:59:57,2,false_positive_cleared,10.79,16.0,False,3774,393
472,77807,2024-03-19 20:22:03,0,false_positive_cleared,22.82,69.38,False,5827,29
471,77859,2024-03-19 21:32:07,2,false_positive_cleared,19.2,759.79,False,2570,560
473,78036,2024-03-20 01:16:45,2,false_positive_cleared,16.05,75.48,False,1031,715
474,78081,2024-03-20 02:07:52,2,false_positive_cleared,10.19,59.54,False,1790,625
475,78096,2024-03-20 02:31:21,2,false_positive_cleared,17.03,12.34,False,1723,5
476,78233,2024-03-20 06:02:49,2,false_positive_cleared,5.58,15.67,False,1512,63
477,78330,2024-03-20 08:22:12,2,false_positive_cleared,13.3,229.13,False,1713,493
478,78500,2024-03-20 12:12:41,2,false_positive_cleared,15.61,115.36,False,225,793
479,78536,2024-03-20 13:03:38,2,false_positive_cleared,12.1,2.53,False,5012,260
482,78612,2024-03-20 15:02:15,0,confirmed_fraud,9.32,12.32,False,4447,256
481,78634,2024-03-20 15:33:13,1,false_positive_cleared,5.99,11.02,False,5574,90
480,78917,2024-03-20 22:14:34,2,false_positive_cleared,12.96,9.49,False,5880,493
483,79177,2024-03-21 04:25:47,2,false_positive_cleared,15.01,66.82,False,2393,21
484,79398,2024-03-21 09:42:39,2,false_positive_cleared,9.58,38.4,False,1112,795
485,79457,2024-03-21 11:04:09,2,false_positive_cleared,20.76,18.69,False,2941,96
486,79790,2024-03-21 20:10:39,2,false_positive_cleared,4.43,80.73,False,2549,476
494,80101,2024-03-22 03:35:09,1,false_positive_cleared,6.96,40.03,False,2637,565
487,80170,2024-03-22 05:08:51,2,false_positive_cleared,7.97,2144.84,False,5914,589
488,80282,2024-03-22 07:30:19,2,false_positive_cleared,19.2,23.37,False,1560,480
489,80411,2024-03-22 10:52:21,2,false_positive_cleared,30.71,1339.91,False,1915,494
490,80479,2024-03-22 12:28:03,2,confirmed_fraud,10.35,281.29,True,2922,587
492,80567,2024-03-22 14:13:50,2,false_positive_cleared,22.92,27.4,False,2034,339
491,80638,2024-03-22 16:10:40,2,confirmed_fraud,15.4,77.18,True,1328,378
493,80764,2024-03-22 19:34:57,2,false_positive_cleared,15.14,83.91,False,539,416
495,81009,2024-03-23 02:10:55,2,false_positive_cleared,2.5,47.65,False,2893,482
496,81328,2024-03-23 10:03:43,2,false_positive_cleared,24.09,26.55,False,4392,800
497,81686,2024-03-23 18:37:50,2,false_positive_cleared,4.75,205.81,False,5271,797
498,81857,2024-03-23 22:38:34,2,false_positive_cleared,4.28,211.53,False,5369,163
499,81992,2024-03-24 01:21:16,2,false_positive_cleared,12.58,596.49,False,4137,585
500,82357,2024-03-24 10:12:01,2,false_positive_cleared,2.7,86.61,False,1109,66
503,82403,2024-03-24 11:36:16,0,false_positive_cleared,7.37,4.45,False,3082,600
501,82466,2024-03-24 13:02:02,2,false_positive_cleared,3.26,101.9,False,3609,250
502,82663,2024-03-24 17:41:24,2,false_positive_cleared,7.47,128.37,False,637,511
510,83058,2024-03-25 02:03:48,0,false_positive_cleared,16.9,15.72,False,5331,104
504,83309,2024-03-25 08:07:52,2,false_positive_cleared,5.5,14.55,False,3326,794
505,83433,2024-03-25 11:00:39,2,false_positive_cleared,2.11,2107.62,False,1618,90
506,83452,2024-03-25 11:28:13,2,false_positive_cleared,5.6,56.08,False,2385,717
508,83567,2024-03-25 14:23:39,2,false_positive_cleared,0.69,49.63,False,1833,227
507,83743,2024-03-25 18:24:07,2,false_positive_cleared,7.97,1606.72,False,2421,497
509,83811,2024-03-25 19:37:01,2,false_positive_cleared,24.01,42.8,False,5833,743
511,84063,2024-03-26 02:03:12,2,false_positive_cleared,20.13,46.26,False,5049,678
512,84244,2024-03-26 06:44:47,2,false_positive_cleared,14.37,148.56,False,4140,564
513,84325,2024-03-26 08:27:18,2,false_positive_cleared,4.71,1678.47,False,5375,502
521,84477,2024-03-26 12:11:25,0,confirmed_fraud,20.3,58.81,False,2515,277
514,84502,2024-03-26 12:38:17,2,false_positive_cleared,5.55,17.22,False,5929,296
515,84553,2024-03-26 13:44:16,2,false_positive_cleared,8.67,50.28,False,4185,701
516,84629,2024-03-26 15:30:20,2,false_positive_cleared,10.72,163.28,False,1204,23
517,84771,2024-03-26 18:45:02,2,false_positive_cleared,11.69,23.31,False,5962,115
519,84778,2024-03-26 18:56:01,2,false_positive_cleared,35.52,9.81,False,3030,725
518,84965,2024-03-26 23:20:16,2,false_positive_cleared,24.86,16.42,False,1660,319
520,84981,2024-03-26 23:36:25,2,false_positive_cleared,13.36,4478.19,False,3727,133
522,85285,2024-03-27 07:22:25,2,false_positive_cleared,2.84,243.15,False,4829,646
527,85288,2024-03-27 07:25:56,0,false_positive_cleared,14.18,94.74,False,937,322
523,85381,2024-03-27 09:27:15,2,false_positive_cleared,10.62,30.45,False,174,698
525,85394,2024-03-27 09:53:45,2,false_positive_cleared,19.07,11.88,False,2429,742
524,85753,2024-03-27 18:26:55,2,false_positive_cleared,10.2,13.83,False,4242,81
526,85915,2024-03-27 22:34:19,2,false_positive_cleared,7.73,6526.19,False,711,220
528,86048,2024-03-28 02:25:23,2,false_positive_cleared,2.39,391.94,False,3912,480
530,86230,2024-03-28 06:34:38,0,false_positive_cleared,21.54,243.77,False,2286,124
531,86522,2024-03-28 13:52:28,0,false_positive_cleared,5.4,74.73,False,3508,411
529,86555,2024-03-28 14:25:30,2,false_positive_cleared,6.55,229.76,False,3850,251
532,86935,2024-03-28 23:09:46,0,false_positive_cleared,17.38,41.85,False,5271,684
533,87011,2024-03-29 01:05:50,2,false_positive_cleared,5.61,26.32,False,540,300
534,87015,2024-03-29 01:10:44,2,false_positive_cleared,9.59,1086.5,False,2861,34
535,87524,2024-03-29 13:18:42,2,false_positive_cleared,7.93,110.74,False,3906,571
536,88007,2024-03-30 01:27:41,2,false_positive_cleared,6.64,156.61,False,4417,753
537,88122,2024-03-30 04:17:54,2,false_positive_cleared,25.72,13.88,False,1239,106
538,88289,2024-03-30 07:47:13,2,confirmed_fraud,7.49,8.7,False,2290,35
539,88380,2024-03-30 10:07:11,2,false_positive_cleared,0.51,1766.17,False,3024,115
547,89010,2024-03-31 00:57:03,0,false_positive_cleared,8.55,15.99,False,5708,550
540,89038,2024-03-31 01:34:25,2,confirmed_fraud,5.04,2827.21,False,4998,150
542,89244,2024-03-31 06:55:58,2,false_positive_cleared,8.55,67.61,False,5620,638
543,89425,2024-03-31 11:00:49,2,confirmed_fraud,3.33,196.97,False,1074,377
544,89442,2024-03-31 11:28:28,2,false_positive_cleared,13.08,88.63,False,5396,556
541,89448,2024-03-31 11:33:36,2,false_positive_cleared,2.01,82.44,False,3626,595
546,89578,2024-03-31 14:37:18,2,false_positive_cleared,16.01,46.35,False,3648,489
548,89746,2024-03-31 18:52:25,0,false_positive_cleared,14.75,6.3,False,1098,717
545,89881,2024-03-31 22:27:13,2,false_positive_cleared,16.31,41.31,False,1389,311
549,90128,2024-04-01 04:12:43,2,false_positive_cleared,44.32,81.24,False,1473,339
550,90679,2024-04-01 16:31:34,2,false_positive_cleared,9.43,1996.12,False,3187,464
551,90805,2024-04-01 19:26:58,2,false_positive_cleared,2.36,6.99,False,386,525
553,90907,2024-04-01 21:44:32,0,false_positive_cleared,6.7,34.26,False,4600,358
552,90980,2024-04-01 23:24:17,2,false_positive_cleared,8.27,4154.9,False,5020,305
554,91344,2024-04-02 07:53:18,2,false_positive_cleared,12.15,2259.75,False,3904,145
555,91544,2024-04-02 12:33:37,2,false_positive_cleared,6.4,77.03,False,1196,521
556,91652,2024-04-02 15:18:41,2,false_positive_cleared,17.0,28.05,False,124,202
557,91785,2024-04-02 18:37:51,2,false_positive_cleared,9.41,59.67,False,4339,282
559,92132,2024-04-03 03:14:25,2,false_positive_cleared,2.47,115.4,False,1636,190
558,92231,2024-04-03 05:40:43,3,false_positive_cleared,36.31,4.59,False,5549,619
562,92474,2024-04-03 11:29:55,0,false_positive_cleared,12.78,7.16,False,5934,417
560,92581,2024-04-03 14:06:15,2,false_positive_cleared,12.57,2200.89,False,5250,112
561,92625,2024-04-03 15:18:50,2,false_positive_cleared,11.86,2422.98,False,1962,53
563,92967,2024-04-04 00:21:13,2,false_positive_cleared,4.19,2587.65,False,5631,728
567,93399,2024-04-04 10:56:22,0,false_positive_cleared,27.91,57.53,False,5771,767
568,93432,2024-04-04 11:45:16,0,confirmed_fraud,11.74,15.8,False,952,672
564,93440,2024-04-04 11:53:45,2,false_positive_cleared,11.22,4.57,False,5530,230
566,93507,2024-04-04 13:31:58,2,false_positive_cleared,16.03,81.26,False,518,60
565,93946,2024-04-04 23:44:33,2,false_positive_cleared,26.69,65.12,False,2074,487
572,94174,2024-04-05 05:03:33,0,false_positive_cleared,4.23,23.4,False,2776,673
569,94258,2024-04-05 07:09:38,2,false_positive_cleared,6.83,54.98,False,5344,347
573,94344,2024-04-05 09:32:36,0,false_positive_cleared,8.71,189.23,False,2092,529
571,94405,2024-04-05 11:09:10,2,false_positive_cleared,18.28,171.9,False,1306,502
570,94657,2024-04-05 16:44:06,2,false_positive_cleared,12.71,73.88,False,2788,268
574,95458,2024-04-06 12:05:10,2,false_positive_cleared,13.41,18.95,False,4667,447
577,95466,2024-04-06 12:10:16,0,false_positive_cleared,6.89,82.18,False,2570,415
575,95865,2024-04-06 22:00:51,2,false_positive_cleared,14.03,22.52,False,5265,253
576,95886,2024-04-06 22:26:56,2,false_positive_cleared,9.42,247.05,False,247,161
578,96257,2024-04-07 06:33:14,2,false_positive_cleared,12.19,6732.15,False,2567,639
579,96435,2024-04-07 11:18:14,2,false_positive_cleared,6.1,283.83,False,4099,668
580,96674,2024-04-07 16:49:58,2,false_positive_cleared,17.54,12.5,False,1006,327
584,97334,2024-04-08 08:41:48,0,false_positive_cleared,4.63,32.11,False,2783,638
581,97466,2024-04-08 11:26:07,2,false_positive_cleared,4.08,4672.21,False,2285,250
582,97573,2024-04-08 14:02:01,2,confirmed_fraud,12.31,59.2,True,3380,74
583,97663,2024-04-08 16:33:58,2,false_positive_cleared,22.39,1833.95,False,2132,363
585,98013,2024-04-09 00:10:45,2,false_positive_cleared,5.7,12.86,False,327,370
589,98074,2024-04-09 01:49:04,1,confirmed_fraud,20.72,65.03,False,5413,224
586,98275,2024-04-09 06:18:14,2,false_positive_cleared,8.0,7553.89,False,2567,485
588,98406,2024-04-09 09:35:23,2,false_positive_cleared,8.3,383.18,False,749,120
590,98504,2024-04-09 12:03:56,0,false_positive_cleared,7.75,3.44,False,4517,579
587,98582,2024-04-09 13:54:04,2,false_positive_cleared,6.09,208.72,False,4290,221
591,99374,2024-04-10 10:08:17,2,false_positive_cleared,19.31,90.14,False,5424,180
592,99403,2024-04-10 10:58:34,2,false_positive_cleared,4.91,24.69,False,3605,303
595,99481,2024-04-10 13:12:36,1,false_positive_cleared,3.65,630.18,False,1443,800
593,99584,2024-04-10 15:44:08,2,false_positive_cleared,9.34,182.55,False,4822,282
594,99587,2024-04-10 15:46:14,2,false_positive_cleared,6.07,3356.78,False,2285,177
596,99952,2024-04-11 00:44:17,2,false_positive_cleared,7.25,115.41,False,3069,792
597,100015,2024-04-11 02:17:58,2,false_positive_cleared,5.19,612.25,False,110,485
598,100272,2024-04-11 08:07:51,2,false_positive_cleared,2.57,1737.52,False,4371,3
599,100409,2024-04-11 11:36:46,2,false_positive_cleared,5.95,14.17,False,3854,444
600,100422,2024-04-11 11:59:06,2,false_positive_cleared,3.37,1620.45,False,400,795
601,100582,2024-04-11 15:55:25,2,false_positive_cleared,10.47,2539.38,False,5831,324
602,101053,2024-04-12 03:03:37,2,false_positive_cleared,11.66,35.05,False,3058,409
604,101114,2024-04-12 04:49:59,0,false_positive_cleared,8.25,77.42,False,5799,35
603,101272,2024-04-12 09:03:29,2,false_positive_cleared,2.21,126.2,False,5699,344
605,101966,2024-04-13 01:57:43,2,false_positive_cleared,20.13,180.02,False,4063,724
606,102217,2024-04-13 08:19:40,2,false_positive_cleared,11.56,64.49,False,3339,311
607,102276,2024-04-13 09:58:25,2,false_positive_cleared,9.18,4787.68,False,3781,597
608,102744,2024-04-13 20:48:41,2,confirmed_fraud,6.69,2129.4,False,2383,570
609,103042,2024-04-14 04:28:16,2,false_positive_cleared,14.29,3.72,False,4065,773
610,103131,2024-04-14 06:46:59,2,false_positive_cleared,18.02,1166.81,False,1045,771
611,103142,2024-04-14 07:16:44,2,false_positive_cleared,2.17,149.79,False,4054,492
612,103363,2024-04-14 12:32:30,2,false_positive_cleared,26.4,74.63,False,125,168
615,103394,2024-04-14 13:11:12,1,false_positive_cleared,12.96,284.95,False,444,269
613,103670,2024-04-14 20:03:20,2,false_positive_cleared,4.13,2415.6,False,577,446
614,103714,2024-04-14 21:10:48,2,false_positive_cleared,8.95,8.3,False,75,595
624,103877,2024-04-15 01:34:56,0,false_positive_cleared,6.04,53.31,False,5792,698
617,103991,2024-04-15 04:30:14,2,false_positive_cleared,5.99,71.46,False,1570,217
619,104000,2024-04-15 04:40:01,2,false_positive_cleared,7.69,70.9,False,1845,628
621,104167,2024-04-15 08:17:10,2,false_positive_cleared,4.8,51.68,False,719,93
620,104402,2024-04-15 14:14:35,2,false_positive_cleared,9.81,11.11,False,3811,407
625,104497,2024-04-15 16:17:01,0,false_positive_cleared,13.83,358.43,False,832,145
616,104509,2024-04-15 16:42:56,3,false_positive_cleared,3.04,40.11,False,1791,594
623,104576,2024-04-15 18:24:14,2,false_positive_cleared,2.62,318.75,False,961,695
618,104658,2024-04-15 20:20:04,2,false_positive_cleared,2.11,186.79,False,1978,381
622,104687,2024-04-15 21:10:59,2,false_positive_cleared,16.9,256.69,False,1258,730
626,105068,2024-04-16 06:48:26,2,false_positive_cleared,6.06,9.57,False,1757,217
627,105071,2024-04-16 06:50:28,2,false_positive_cleared,6.01,2191.41,False,866,709
628,105245,2024-04-16 10:42:21,2,false_positive_cleared,23.34,28.88,False,4413,782
629,105370,2024-04-16 13:53:20,2,false_positive_cleared,11.89,30.32,False,4245,250
632,105375,2024-04-16 14:09:36,0,false_positive_cleared,19.0,21.44,False,3497,793
630,105439,2024-04-16 15:32:41,2,false_positive_cleared,10.44,100.3,False,3269,94
631,105727,2024-04-16 23:11:46,2,confirmed_fraud,9.82,4347.8,True,5011,315
633,105796,2024-04-17 00:46:50,2,false_positive_cleared,9.5,5.46,False,3628,31
634,105902,2024-04-17 03:24:21,2,false_positive_cleared,11.71,24.44,False,2410,785
635,105947,2024-04-17 04:36:34,2,false_positive_cleared,19.85,202.88,False,2398,696
636,106007,2024-04-17 06:15:05,2,false_positive_cleared,22.03,29.43,False,1272,705
637,106250,2024-04-17 12:09:29,2,false_positive_cleared,18.4,3.71,False,5502,257
638,106641,2024-04-17 21:52:23,2,false_positive_cleared,7.77,690.53,False,4036,482
639,106654,2024-04-17 22:14:57,0,confirmed_fraud,39.13,38.93,False,5413,192
641,106941,2024-04-18 04:21:28,2,false_positive_cleared,18.71,1106.43,False,4227,606
642,106980,2024-04-18 05:14:24,2,false_positive_cleared,30.65,953.37,False,2334,624
643,107120,2024-04-18 08:53:12,2,confirmed_fraud,4.94,10.89,False,3814,367
640,107581,2024-04-18 20:34:40,3,false_positive_cleared,12.96,15.09,False,4354,407
644,107616,2024-04-18 21:29:45,2,false_positive_cleared,3.33,2258.62,False,577,316
645,107659,2024-04-18 22:27:42,0,false_positive_cleared,5.14,17.18,False,820,742
646,107734,2024-04-19 00:10:29,2,confirmed_fraud,4.61,74.15,False,5935,616
647,107773,2024-04-19 01:05:49,2,false_positive_cleared,8.45,10.83,False,5913,356
657,107977,2024-04-19 05:49:52,0,false_positive_cleared,9.52,376.4,False,4613,522
648,107983,2024-04-19 05:55:42,2,false_positive_cleared,9.39,61.58,False,4354,288
649,107995,2024-04-19 06:14:43,2,false_positive_cleared,6.22,1599.93,False,51,647
650,108061,2024-04-19 08:04:54,2,false_positive_cleared,1.75,64.91,False,1564,737
652,108153,2024-04-19 09:58:12,2,false_positive_cleared,5.65,1476.4,False,4668,253
658,108512,2024-04-19 18:06:12,0,false_positive_cleared,4.94,1.95,False,1768,345
653,108550,2024-04-19 19:02:32,2,false_negative_cleared,1.13,248.09,True,3021,260
654,108569,2024-04-19 19:33:23,2,false_positive_cleared,10.28,1011.8,False,1124,358
655,108598,2024-04-19 20:15:54,2,false_positive_cleared,4.2,23.45,False,2397,181
651,108604,2024-04-19 20:26:47,2,false_positive_cleared,16.96,24.29,False,3438,72
656,108607,2024-04-19 20:31:48,1,false_positive_cleared,18.53,70.07,False,5161,569
660,108813,2024-04-20 01:40:39,2,false_positive_cleared,2.51,73.03,False,2687,358
661,109197,2024-04-20 11:25:13,2,false_positive_cleared,4.26,258.95,False,78,137
659,109400,2024-04-20 16:01:24,3,false_positive_cleared,6.49,23.24,False,2030,245
662,109478,2024-04-20 18:05:08,2,false_positive_cleared,20.59,21.03,False,2930,724
663,109665,2024-04-20 22:51:56,2,false_positive_cleared,19.96,3150.34,False,1292,723
664,109769,2024-04-21 01:06:50,2,false_positive_cleared,4.9,1773.18,False,3532,22
670,109992,2024-04-21 06:38:21,0,false_positive_cleared,13.61,172.54,False,2830,673
665,110018,2024-04-21 07:22:24,2,false_positive_cleared,4.11,15.98,False,839,473
666,110087,2024-04-21 09:20:15,2,false_positive_cleared,22.96,19.19,False,5366,739
668,110224,2024-04-21 13:07:23,2,false_positive_cleared,19.08,211.73,False,5943,188
667,110485,2024-04-21 19:21:50,2,confirmed_fraud,20.65,582.44,False,2493,704
669,110511,2024-04-21 19:55:47,1,false_positive_cleared,5.52,59.6,False,1080,164
678,111083,2024-04-22 09:14:06,0,false_positive_cleared,10.88,60.73,False,2979,356
671,111313,2024-04-22 14:18:53,2,false_positive_cleared,5.85,2701.96,False,1592,408
672,111399,2024-04-22 16:20:58,2,false_positive_cleared,11.39,380.17,False,943,371
673,111412,2024-04-22 16:37:47,2,false_positive_cleared,11.32,11.25,False,5234,67
674,111413,2024-04-22 16:38:39,2,false_positive_cleared,5.09,29.36,False,2842,111
676,111528,2024-04-22 19:19:27,2,false_positive_cleared,4.55,252.84,False,5134,565
675,111566,2024-04-22 20:17:20,2,false_positive_cleared,13.54,8.44,False,792,181
677,111596,2024-04-22 21:02:07,2,false_positive_cleared,13.75,14.18,False,665,8
679,111741,2024-04-23 00:18:42,2,false_positive_cleared,24.4,21.91,False,3298,318
685,111818,2024-04-23 02:09:07,0,false_positive_cleared,17.4,12.84,False,1977,386
680,111888,2024-04-23 04:13:58,2,false_positive_cleared,2.37,5.97,False,1803,695
686,111904,2024-04-23 04:33:44,0,false_positive_cleared,6.75,82.74,False,2273,600
681,111979,2024-04-23 06:54:34,2,false_positive_cleared,23.04,24.6,False,5779,415
687,112215,2024-04-23 12:45:18,0,false_positive_cleared,5.65,20.73,False,4810,164
683,112373,2024-04-23 16:51:36,2,false_positive_cleared,7.7,10.56,False,5243,791
682,112516,2024-04-23 19:59:02,2,false_positive_cleared,5.37,73.68,False,2754,240
684,112662,2024-04-23 23:58:17,2,false_positive_cleared,15.76,23.86,False,3635,710
688,112868,2024-04-24 05:22:00,2,false_positive_cleared,8.06,2416.0,False,643,541
689,113216,2024-04-24 13:31:00,2,false_positive_cleared,16.95,1925.34,False,2672,286
690,113295,2024-04-24 15:32:29,2,false_positive_cleared,4.58,407.76,False,335,683
691,114237,2024-04-25 14:52:05,2,false_positive_cleared,16.09,200.4,False,343,392
692,114328,2024-04-25 16:47:47,2,false_positive_cleared,21.2,43.22,False,410,559
693,114482,2024-04-25 20:26:21,2,false_positive_cleared,5.91,1616.49,False,55,580
694,114877,2024-04-26 05:49:39,2,false_positive_cleared,10.96,2274.2,False,4226,389
695,115312,2024-04-26 15:07:58,2,false_positive_cleared,9.15,1686.74,False,1589,708
696,115369,2024-04-26 16:24:25,2,false_positive_cleared,5.21,18.12,False,1239,306
698,115443,2024-04-26 18:01:29,0,false_positive_cleared,12.54,14.48,False,5197,174
697,115542,2024-04-26 20:14:18,2,false_positive_cleared,9.84,2216.01,False,4780,432
699,115771,2024-04-27 01:23:13,2,false_positive_cleared,19.41,107.74,False,3529,578
700,116032,2024-04-27 07:45:24,2,false_positive_cleared,7.75,47.14,False,2187,348
706,116234,2024-04-27 12:10:43,0,false_positive_cleared,12.36,56.54,False,32,50
701,116266,2024-04-27 13:00:29,2,false_positive_cleared,8.09,27.05,False,3635,221
702,116457,2024-04-27 18:10:42,2,false_positive_cleared,11.18,2324.89,False,98,744
704,116498,2024-04-27 19:25:12,2,false_positive_cleared,5.89,72.7,False,2645,679
703,116576,2024-04-27 21:32:20,2,false_positive_cleared,3.19,21.89,False,3232,790
705,116626,2024-04-27 22:42:39,2,false_positive_cleared,43.78,13.68,False,2258,746
707,117020,2024-04-28 08:52:03,2,false_positive_cleared,8.02,16.27,False,4561,151
708,117044,2024-04-28 09:28:45,2,false_positive_cleared,7.8,133.8,False,3583,291
709,117619,2024-04-29 00:54:18,2,false_positive_cleared,12.01,43.68,False,3139,666
710,117742,2024-04-29 03:42:49,2,false_positive_cleared,1.45,1925.28,False,3202,616
711,118054,2024-04-29 11:21:52,2,false_positive_cleared,20.66,45.94,False,5554,587
712,118132,2024-04-29 13:09:47,2,false_positive_cleared,5.83,14.48,False,3747,664
713,118144,2024-04-29 13:23:06,2,false_positive_cleared,13.05,5080.55,False,3910,688
714,118566,2024-04-29 23:35:10,2,false_positive_cleared,2.43,234.48,False,4011,103
715,118742,2024-04-30 03:51:36,2,false_positive_cleared,20.97,15.53,False,2958,161
716,119953,2024-05-01 08:01:43,2,false_positive_cleared,3.18,157.9,False,3591,105
717,120000,2024-05-01 09:10:43,2,false_positive_cleared,16.58,1857.35,False,2591,718
718,120018,2024-05-01 09:31:19,2,false_positive_cleared,3.44,496.16,False,4907,134
719,120243,2024-05-01 15:14:47,2,false_positive_cleared,10.89,16.48,False,2733,113
720,120267,2024-05-01 15:54:47,2,false_positive_cleared,7.56,60.57,False,2106,250
723,120306,2024-05-01 16:54:54,0,false_positive_cleared,7.37,16.02,False,5497,237
721,120414,2024-05-01 19:26:01,2,false_positive_cleared,10.04,12.57,False,4260,398
722,120532,2024-05-01 22:28:00,2,false_positive_cleared,8.19,93.2,False,4519,511
727,120621,2024-05-02 01:26:27,0,false_positive_cleared,11.57,24.0,False,523,436
724,120847,2024-05-02 07:26:52,2,confirmed_fraud,15.36,806.4,True,5438,374
728,121152,2024-05-02 14:35:59,0,false_positive_cleared,15.06,209.77,False,5144,109
726,121470,2024-05-02 21:32:28,2,false_positive_cleared,11.15,38.75,False,4173,326
725,121523,2024-05-02 22:50:14,2,false_positive_cleared,23.09,3.59,False,385,65
729,121593,2024-05-03 00:50:32,2,false_positive_cleared,15.3,7.45,False,3054,121
730,121967,2024-05-03 09:48:46,2,false_positive_cleared,9.06,63.03,False,5590,492
735,121969,2024-05-03 09:49:46,0,false_positive_cleared,16.14,33.28,False,3066,319
731,121970,2024-05-03 09:50:06,2,false_positive_cleared,21.55,4807.27,False,4699,444
732,122190,2024-05-03 14:46:31,2,false_positive_cleared,21.69,3218.1,False,5411,767
736,122202,2024-05-03 15:07:08,0,false_positive_cleared,15.49,59.43,False,4549,146
733,122245,2024-05-03 15:58:49,2,false_positive_cleared,21.44,3730.03,False,868,478
734,122276,2024-05-03 16:39:16,2,false_positive_cleared,17.29,12.66,False,5700,677
737,122505,2024-05-03 22:52:34,0,confirmed_fraud,14.12,57.88,False,1788,542
741,122932,2024-05-04 09:08:38,0,false_positive_cleared,10.39,10.76,False,3034,557
738,123047,2024-05-04 12:10:08,2,confirmed_fraud,11.39,10271.03,False,535,706
739,123155,2024-05-04 14:13:10,2,false_positive_cleared,14.01,28.28,False,3230,523
740,123191,2024-05-04 15:20:16,2,false_positive_cleared,8.92,237.82,False,2628,766
742,123647,2024-05-05 02:13:09,2,false_positive_cleared,14.03,23.56,False,3574,7
743,123719,2024-05-05 03:59:17,2,false_positive_cleared,8.67,50.72,False,2404,340
744,123846,2024-05-05 06:45:37,2,false_positive_cleared,4.27,9.51,False,3255,245
745,123889,2024-05-05 07:41:30,2,false_positive_cleared,7.94,1902.81,False,3731,73
746,124002,2024-05-05 10:19:48,2,false_positive_cleared,13.44,255.59,False,2570,613
747,124196,2024-05-05 14:56:51,2,false_positive_cleared,2.14,512.72,False,98,185
753,124575,2024-05-06 00:28:35,0,false_positive_cleared,7.73,40.76,False,3405,566
748,124705,2024-05-06 03:51:35,2,false_positive_cleared,8.52,19.38,False,1373,750
749,124893,2024-05-06 08:26:21,2,false_positive_cleared,10.2,1567.82,False,4944,767
751,124930,2024-05-06 09:21:20,2,false_positive_cleared,0.98,7.82,False,5715,327
750,125051,2024-05-06 11:52:35,2,false_positive_cleared,1.69,50.45,False,83,766
752,125194,2024-05-06 15:35:38,2,false_positive_cleared,26.4,23.54,False,5759,468
754,125772,2024-05-07 06:19:03,2,false_positive_cleared,3.72,31.66,False,5207,593
757,125867,2024-05-07 08:19:52,0,false_positive_cleared,3.08,15.48,False,1783,320
755,125937,2024-05-07 10:15:56,2,false_positive_cleared,3.46,3.51,False,2598,609
756,126465,2024-05-07 22:18:08,2,false_positive_cleared,7.16,8.26,False,1381,169
758,126536,2024-05-08 00:04:38,2,false_positive_cleared,7.05,6.03,False,3255,11
762,126569,2024-05-08 01:08:37,0,false_positive_cleared,3.05,13.66,False,1222,357
764,126585,2024-05-08 01:29:05,0,false_positive_cleared,5.15,139.4,False,4809,793
759,126614,2024-05-08 02:09:18,2,false_positive_cleared,8.71,17.69,False,912,534
763,126657,2024-05-08 03:10:40,0,false_positive_cleared,15.99,610.23,False,5142,42
760,126890,2024-05-08 08:27:16,2,false_positive_cleared,5.72,1726.78,False,5411,130
761,126948,2024-05-08 09:47:07,2,false_positive_cleared,11.74,1391.34,False,64,81
765,127040,2024-05-08 12:23:53,0,false_positive_cleared,4.17,59.02,False,4785,642
766,127415,2024-05-08 22:12:15,0,false_positive_cleared,8.51,375.48,False,3140,186
767,127511,2024-05-09 00:47:28,2,false_positive_cleared,7.84,1894.96,False,4236,226
768,127608,2024-05-09 03:00:51,2,false_positive_cleared,5.59,47.47,False,3036,724
769,127927,2024-05-09 11:21:11,2,false_positive_cleared,20.96,679.26,False,179,307
770,128112,2024-05-09 16:31:55,2,false_positive_cleared,8.11,48.39,False,5003,555
771,128128,2024-05-09 16:47:15,2,false_positive_cleared,9.43,1756.51,False,2406,393
772,128548,2024-05-10 03:20:11,2,false_positive_cleared,4.93,576.24,False,146,243
773,128619,2024-05-10 04:59:21,2,false_positive_cleared,6.74,212.29,False,3984,333
774,128630,2024-05-10 05:17:06,2,false_positive_cleared,5.77,64.55,False,3157,367
775,128750,2024-05-10 08:09:15,2,false_positive_cleared,12.84,6.58,False,1011,415
776,128765,2024-05-10 08:28:50,2,false_positive_cleared,13.75,44.23,False,1634,718
777,128877,2024-05-10 11:10:45,2,confirmed_fraud,5.74,4337.59,False,5144,495
778,128908,2024-05-10 12:00:03,2,false_positive_cleared,16.62,249.0,False,5774,295
779,129102,2024-05-10 16:52:48,2,false_positive_cleared,10.61,56.25,False,4588,624
780,129316,2024-05-10 22:50:25,2,false_positive_cleared,8.42,659.84,False,2852,17
781,129623,2024-05-11 06:11:02,2,false_positive_cleared,21.94,150.2,False,3211,496
782,129761,2024-05-11 09:01:45,2,false_positive_cleared,3.6,94.88,False,3314,795
783,129831,2024-05-11 10:59:33,2,false_positive_cleared,8.6,80.36,False,1442,499
784,130055,2024-05-11 16:19:08,2,false_positive_cleared,9.19,69.8,False,1687,537
787,130065,2024-05-11 16:35:51,0,false_positive_cleared,9.15,1387.17,False,1852,92
785,130101,2024-05-11 17:21:39,2,false_positive_cleared,3.74,2353.57,False,55,266
786,130172,2024-05-11 19:14:05,2,false_positive_cleared,19.34,2665.64,False,3962,591
788,130350,2024-05-11 23:54:50,0,false_positive_cleared,6.12,8.95,False,5612,435
791,130908,2024-05-12 14:12:32,1,false_positive_cleared,9.24,93.41,False,3483,518
792,131060,2024-05-12 18:13:37,0,false_positive_cleared,8.01,6.44,False,2037,16
789,131114,2024-05-12 19:27:35,2,false_positive_cleared,2.37,736.11,False,1547,583
790,131200,2024-05-12 21:22:49,2,false_positive_cleared,12.25,1994.52,False,1852,432
793,131296,2024-05-12 23:58:57,0,false_positive_cleared,15.2,35.86,False,143,762
794,131350,2024-05-13 01:13:26,2,false_positive_cleared,9.11,194.54,False,5857,773
795,131818,2024-05-13 12:02:05,2,false_positive_cleared,2.07,2722.22,False,4889,646
796,131906,2024-05-13 14:16:00,2,false_positive_cleared,2.79,14.1,False,5925,420
797,131929,2024-05-13 14:59:43,2,false_positive_cleared,13.16,64.2,False,3461,421
798,132036,2024-05-13 17:48:50,2,false_positive_cleared,16.03,903.34,False,2509,317
799,132476,2024-05-14 04:16:45,2,false_positive_cleared,15.28,3558.99,False,756,652
802,132796,2024-05-14 11:56:19,1,false_positive_cleared,6.1,6.14,False,4954,315
800,133119,2024-05-14 19:46:00,2,false_positive_cleared,11.71,2260.38,False,848,381
801,133227,2024-05-14 22:51:48,2,false_positive_cleared,12.43,452.77,False,2176,621
803,133723,2024-05-15 11:20:59,2,false_positive_cleared,1.67,2607.1,False,1292,186
805,133772,2024-05-15 12:24:32,0,false_positive_cleared,0.89,11.11,False,1072,495
804,133896,2024-05-15 15:30:48,2,false_positive_cleared,8.48,7.0,False,1456,723
809,134465,2024-05-16 05:47:09,0,false_positive_cleared,20.31,98.48,False,949,800
810,134483,2024-05-16 06:18:49,0,false_positive_cleared,9.43,123.43,False,2660,439
806,134608,2024-05-16 09:29:06,2,false_positive_cleared,7.94,555.84,False,5382,91
808,134933,2024-05-16 17:51:16,1,false_positive_cleared,20.88,250.11,False,74,371
807,135013,2024-05-16 20:01:04,2,false_positive_cleared,8.71,6.13,False,2968,10
811,135229,2024-05-17 01:34:08,2,false_positive_cleared,12.62,2201.93,False,2509,533
817,135230,2024-05-17 01:34:32,0,false_positive_cleared,3.79,11.82,False,976,303
812,135248,2024-05-17 01:53:00,2,false_positive_cleared,11.3,73.97,False,2783,118
813,135379,2024-05-17 04:37:33,2,false_positive_cleared,6.22,256.95,False,4986,122
814,135512,2024-05-17 07:50:32,2,false_positive_cleared,12.0,13.92,False,1732,706
816,135530,2024-05-17 08:22:51,2,false_positive_cleared,5.86,364.43,False,5346,469
818,135762,2024-05-17 14:07:40,0,false_positive_cleared,3.56,90.79,False,4039,202
815,135954,2024-05-17 18:55:14,2,false_positive_cleared,7.36,354.5,False,2009,467
819,136527,2024-05-18 09:42:25,2,false_positive_cleared,18.45,9.8,False,2641,65
820,136609,2024-05-18 11:55:00,2,false_positive_cleared,28.78,16.89,False,5336,493
821,136667,2024-05-18 13:21:38,2,false_positive_cleared,3.15,6.95,False,935,111
822,136795,2024-05-18 16:49:42,2,confirmed_fraud,17.53,9.36,True,1476,118
823,137013,2024-05-18 22:02:59,2,false_positive_cleared,10.47,2407.66,False,1292,93
825,137174,2024-05-19 01:57:03,2,confirmed_fraud,11.66,1067.04,True,1521,172
826,137187,2024-05-19 02:17:07,2,false_positive_cleared,5.47,193.53,False,264,20
824,137318,2024-05-19 05:44:16,3,false_positive_cleared,34.0,22.33,False,2430,301
827,137458,2024-05-19 08:53:56,2,confirmed_fraud,11.12,94.72,True,3517,156
828,137628,2024-05-19 13:03:41,2,false_positive_cleared,15.88,13.54,False,3360,60
829,137741,2024-05-19 15:59:04,2,false_positive_cleared,3.78,519.67,False,2421,591
830,137776,2024-05-19 17:01:45,2,false_positive_cleared,21.2,28.76,False,3774,141
831,138428,2024-05-20 08:51:14,2,confirmed_fraud,8.47,2929.6,True,4036,449
832,138607,2024-05-20 13:23:28,0,confirmed_fraud,27.26,14.29,False,5975,282
833,139132,2024-05-21 02:33:32,2,false_positive_cleared,16.75,539.02,False,3317,726
837,139187,2024-05-21 04:03:21,0,confirmed_fraud,10.72,23.65,False,887,600
834,139465,2024-05-21 10:52:30,2,false_positive_cleared,8.64,79.35,False,916,742
835,139831,2024-05-21 20:01:16,2,confirmed_fraud,4.1,7.4,False,4193,590
836,139956,2024-05-21 23:22:10,2,confirmed_fraud,12.5,71.36,True,3470,117
839,140099,2024-05-22 03:05:49,0,false_positive_cleared,4.44,33.04,False,2760,432
840,140141,2024-05-22 04:06:40,0,false_positive_cleared,9.51,1059.68,False,4823,462
838,140588,2024-05-22 14:48:31,2,false_positive_cleared,27.4,510.08,False,5630,77
841,140996,2024-05-23 00:38:02,2,false_positive_cleared,18.33,1702.11,False,1521,121
842,141063,2024-05-23 02:11:52,2,false_positive_cleared,15.97,1643.41,False,4220,637
843,141108,2024-05-23 03:10:08,2,false_positive_cleared,2.69,54.2,False,5879,22
844,141152,2024-05-23 04:07:37,2,confirmed_fraud,14.66,3459.52,False,2841,53
845,141497,2024-05-23 12:34:06,2,false_positive_cleared,38.02,1730.12,False,3912,24
846,141733,2024-05-23 18:12:35,2,false_positive_cleared,14.56,1157.22,False,2421,414
847,141891,2024-05-23 22:31:37,2,false_positive_cleared,11.57,444.59,False,943,547
848,142330,2024-05-24 09:29:34,2,false_positive_cleared,4.33,47.13,False,708,603
849,142498,2024-05-24 13:36:19,2,false_positive_cleared,17.8,56.08,False,1244,674
850,142786,2024-05-24 20:26:38,2,false_positive_cleared,3.23,18.94,False,5043,467
851,142874,2024-05-24 22:22:06,2,false_positive_cleared,3.92,2.21,False,67,513
852,143010,2024-05-25 01:44:36,2,false_positive_cleared,3.47,22.38,False,4992,650
853,143105,2024-05-25 03:45:29,2,false_positive_cleared,12.33,3041.05,False,591,20
859,143280,2024-05-25 07:51:02,0,false_positive_cleared,8.79,1.92,False,1525,422
854,143359,2024-05-25 09:46:23,2,false_positive_cleared,1.43,2172.08,False,5871,660
855,143369,2024-05-25 09:54:27,2,false_positive_cleared,11.1,917.51,False,2884,166
856,143402,2024-05-25 10:49:31,2,false_positive_cleared,7.55,7.44,False,2842,721
858,143404,2024-05-25 10:51:33,2,false_positive_cleared,25.15,3313.15,False,1414,698
857,143932,2024-05-25 23:28:55,2,false_positive_cleared,6.87,381.15,False,3334,653
860,143938,2024-05-25 23:42:05,0,confirmed_fraud,17.11,64.24,False,3530,493
862,144082,2024-05-26 03:05:48,2,false_positive_cleared,2.65,197.98,False,899,539
863,144320,2024-05-26 09:01:54,2,false_positive_cleared,31.67,1359.45,False,4715,453
866,144325,2024-05-26 09:09:29,0,false_positive_cleared,14.11,81.97,False,5712,403
861,144354,2024-05-26 09:37:46,3,false_positive_cleared,27.67,3100.73,False,1932,33
864,144551,2024-05-26 13:42:13,2,false_positive_cleared,7.74,28.79,False,5681,58
865,144810,2024-05-26 20:00:30,2,false_positive_cleared,27.79,133.05,False,4148,375
867,144972,2024-05-27 00:00:36,2,false_positive_cleared,4.65,21.06,False,648,610
868,145127,2024-05-27 04:14:51,2,false_positive_cleared,11.14,71.4,False,4279,443
869,145231,2024-05-27 06:32:58,2,confirmed_fraud,11.87,174.06,False,5389,293
870,145836,2024-05-27 21:08:39,0,false_positive_cleared,14.15,67.88,False,2701,528
873,145988,2024-05-28 00:55:15,2,false_positive_cleared,8.14,55.29,False,1239,791
875,146207,2024-05-28 05:51:54,0,false_positive_cleared,3.99,72.77,False,1614,545
872,146385,2024-05-28 09:39:22,2,false_positive_cleared,8.54,3007.47,False,5384,595
871,146426,2024-05-28 10:49:01,3,false_positive_cleared,24.54,2582.36,False,2301,460
876,146536,2024-05-28 13:28:33,0,false_positive_cleared,20.41,42.7,False,143,488
877,146670,2024-05-28 17:20:57,0,false_positive_cleared,2.03,25.11,False,1471,267
874,146674,2024-05-28 17:25:31,2,confirmed_fraud,1.61,1391.91,True,4986,671
878,147150,2024-05-29 03:45:33,2,false_positive_cleared,25.62,36.95,False,5710,231
879,147302,2024-05-29 07:22:56,2,false_positive_cleared,12.82,6.55,False,4798,247
880,147365,2024-05-29 09:17:06,2,false_positive_cleared,15.9,52.95,False,150,511
881,147760,2024-05-29 19:25:06,2,false_positive_cleared,17.37,19.57,False,67,770
882,147791,2024-05-29 20:11:18,2,false_positive_cleared,26.67,9.24,False,4798,57
883,148475,2024-05-30 12:22:41,2,false_positive_cleared,6.29,99.52,False,4507,471
884,148591,2024-05-30 15:06:00,2,false_positive_cleared,3.25,110.7,False,3441,660
886,148778,2024-05-30 19:41:40,0,false_positive_cleared,10.78,153.1,False,4902,338
885,148789,2024-05-30 20:02:02,2,false_positive_cleared,24.18,14.07,False,5423,497
887,149188,2024-05-31 05:28:36,2,false_positive_cleared,12.56,32.09,False,3991,33
888,149505,2024-05-31 13:34:43,2,false_positive_cleared,17.11,103.12,False,587,276
889,149581,2024-05-31 15:09:32,2,confirmed_fraud,24.47,3029.8,False,2301,140
890,149706,2024-05-31 18:19:43,2,false_positive_cleared,19.28,2019.85,False,2159,676
891,150370,2024-06-01 11:55:17,2,false_positive_cleared,6.9,26.14,False,5970,191
892,150374,2024-06-01 11:59:10,2,false_positive_cleared,9.17,176.16,False,729,404
895,150581,2024-06-01 17:10:28,0,false_positive_cleared,13.83,227.5,False,2912,398
893,150775,2024-06-01 21:34:30,2,false_positive_cleared,6.51,21.32,False,3375,373
894,150808,2024-06-01 22:26:45,2,false_positive_cleared,8.65,96.17,False,3775,587
896,151085,2024-06-02 04:41:37,2,confirmed_fraud,9.45,1844.14,True,2523,229
902,151118,2024-06-02 05:46:14,1,false_positive_cleared,21.42,7.06,False,5958,325
897,151131,2024-06-02 06:09:35,2,false_positive_cleared,11.83,25.27,False,5448,343
898,151435,2024-06-02 13:56:20,2,false_positive_cleared,13.32,15.71,False,2089,246
900,151519,2024-06-02 15:41:57,2,false_positive_cleared,6.29,69.95,False,2045,1
899,151659,2024-06-02 19:37:27,2,false_positive_cleared,24.05,6.91,False,946,459
901,151774,2024-06-02 22:53:19,2,false_positive_cleared,8.72,38.55,False,3283,778
906,151897,2024-06-03 01:34:49,0,false_positive_cleared,2.99,37.75,False,2001,633
903,151985,2024-06-03 04:04:52,2,false_positive_cleared,5.82,648.93,False,272,402
907,152068,2024-06-03 05:59:09,0,false_positive_cleared,12.23,40.91,False,5171,580
905,152377,2024-06-03 14:41:41,2,false_positive_cleared,10.8,198.13,False,2286,350
904,152509,2024-06-03 17:27:45,2,false_positive_cleared,15.24,6.45,False,333,381
908,152989,2024-06-04 05:27:33,2,false_positive_cleared,7.17,2676.88,False,439,766
909,153146,2024-06-04 09:06:31,2,false_positive_cleared,15.16,26.1,False,3866,408
910,153554,2024-06-04 19:15:07,2,false_positive_cleared,23.23,292.88,False,5370,794
911,153582,2024-06-04 20:00:05,2,false_positive_cleared,10.61,1686.28,False,1520,15
912,153882,2024-06-05 04:23:50,2,false_positive_cleared,10.21,6.19,False,5027,675
913,154024,2024-06-05 08:30:34,2,false_positive_cleared,2.87,9.97,False,4980,228
914,154308,2024-06-05 15:50:17,2,false_positive_cleared,17.18,14.28,False,1308,101
916,154701,2024-06-06 00:46:49,2,false_positive_cleared,3.84,118.82,False,2497,68
915,154956,2024-06-06 06:17:06,3,false_positive_cleared,24.0,14.61,False,2742,564
917,155072,2024-06-06 09:09:51,2,false_positive_cleared,2.74,67.02,False,1275,489
918,155305,2024-06-06 15:01:42,2,confirmed_fraud,9.47,8.6,False,3675,308
919,155674,2024-06-07 00:03:43,2,false_positive_cleared,21.67,2962.3,False,5134,655
920,155961,2024-06-07 07:43:10,2,confirmed_fraud,9.48,45.87,True,2641,152
921,156033,2024-06-07 09:44:26,2,false_positive_cleared,15.13,2715.11,False,2714,264
922,156469,2024-06-07 19:53:31,2,false_positive_cleared,6.1,3.46,False,2967,465
923,156627,2024-06-07 23:36:44,2,false_positive_cleared,11.35,3.15,False,5549,767
924,157239,2024-06-08 14:01:41,2,false_positive_cleared,6.02,240.54,False,2286,81
925,157443,2024-06-08 18:40:27,2,false_positive_cleared,10.85,3822.07,False,4358,495
926,157446,2024-06-08 18:42:14,2,false_positive_cleared,20.26,40.4,False,2304,24
927,157511,2024-06-08 20:22:06,2,false_positive_cleared,6.33,646.82,False,844,753
928,157630,2024-06-08 23:03:13,2,false_positive_cleared,4.65,173.07,False,908,693
929,157776,2024-06-09 02:28:25,2,false_positive_cleared,11.76,420.8,False,3666,570
930,157866,2024-06-09 04:53:59,2,false_positive_cleared,5.62,2429.26,False,2583,185
933,158010,2024-06-09 08:24:20,0,false_positive_cleared,22.21,24.24,False,2574,762
931,158428,2024-06-09 17:57:56,2,false_positive_cleared,6.5,48.66,False,3470,203
934,158620,2024-06-09 22:32:20,0,false_positive_cleared,7.39,165.02,False,3610,708
932,158668,2024-06-09 23:40:36,2,false_positive_cleared,26.09,65.93,False,3255,681
935,158763,2024-06-10 02:02:29,2,false_positive_cleared,8.35,3422.62,False,5293,522
936,158912,2024-06-10 06:03:58,2,false_positive_cleared,6.68,82.23,False,5090,495
937,158992,2024-06-10 07:58:31,2,false_positive_cleared,5.5,391.32,False,2922,232
938,159398,2024-06-10 18:05:43,2,false_positive_cleared,7.79,18.62,False,5423,677
939,159932,2024-06-11 06:50:53,3,false_positive_cleared,12.85,15304.63,False,3910,714
940,160302,2024-06-11 15:19:06,2,confirmed_fraud,26.41,21149.15,True,544,382
941,160344,2024-06-11 16:20:52,2,false_positive_cleared,11.31,8.77,False,1694,737
942,160623,2024-06-11 23:13:40,2,false_positive_cleared,0.57,2346.87,False,2182,51
943,160850,2024-06-12 04:31:39,2,false_positive_cleared,16.55,1.31,False,4806,284
944,160880,2024-06-12 05:18:59,2,false_positive_cleared,17.52,78.52,False,863,421
945,160900,2024-06-12 05:46:05,2,confirmed_fraud,12.3,481.6,True,3991,381
946,161122,2024-06-12 11:05:43,2,false_positive_cleared,7.94,105.38,False,4012,12
947,161234,2024-06-12 13:45:42,2,false_positive_cleared,17.9,50.26,False,1672,95
951,161531,2024-06-12 20:46:10,0,false_positive_cleared,28.66,145.42,False,2722,311
948,161533,2024-06-12 20:48:03,2,false_positive_cleared,1.69,495.34,False,247,215
949,161611,2024-06-12 23:02:52,2,false_positive_cleared,18.44,1638.72,False,4316,121
950,161651,2024-06-12 23:48:12,2,false_positive_cleared,15.57,6538.89,False,4780,22
953,161957,2024-06-13 07:31:03,2,false_positive_cleared,22.42,1871.09,False,4944,527
955,162015,2024-06-13 09:16:30,2,false_positive_cleared,24.85,56.03,False,305,529
954,162041,2024-06-13 09:53:32,2,false_positive_cleared,1.58,2654.62,False,3187,292
956,162090,2024-06-13 11:18:22,2,false_positive_cleared,12.71,79.78,False,4637,169
957,162092,2024-06-13 11:20:01,2,false_positive_cleared,20.02,53.22,False,3961,321
958,162436,2024-06-13 19:18:36,2,false_positive_cleared,12.41,17.42,False,3537,311
959,162443,2024-06-13 19:25:07,2,false_positive_cleared,1.67,2247.7,False,5293,678
952,162453,2024-06-13 19:37:04,3,false_positive_cleared,5.59,98.39,False,4818,101
960,162637,2024-06-14 00:21:07,2,false_positive_cleared,5.93,37.23,False,501,15
961,162841,2024-06-14 05:42:17,2,false_positive_cleared,10.12,44.78,False,5663,711
962,163286,2024-06-14 16:49:59,2,false_positive_cleared,11.31,38.04,False,5773,160
963,163311,2024-06-14 17:20:18,2,false_positive_cleared,12.7,11.94,False,1041,311
964,163317,2024-06-14 17:31:20,2,false_positive_cleared,3.75,63.71,False,2446,111
965,164078,2024-06-15 11:43:41,2,confirmed_fraud,10.6,3467.43,True,4465,598
966,164080,2024-06-15 11:48:21,2,confirmed_fraud,6.3,2958.95,True,5535,570
967,164207,2024-06-15 15:02:32,2,false_positive_cleared,18.85,5.44,False,4781,631
968,164230,2024-06-15 15:41:03,2,false_positive_cleared,10.85,77.83,False,2521,549
969,164684,2024-06-16 02:59:11,2,false_positive_cleared,9.11,49.87,False,3769,184
970,165031,2024-06-16 11:05:34,2,false_positive_cleared,0.15,226.24,False,1188,739
971,165082,2024-06-16 12:04:47,2,false_positive_cleared,41.26,27.51,False,3444,493
972,165128,2024-06-16 13:06:59,2,false_positive_cleared,9.36,995.06,False,2919,38
973,165424,2024-06-16 20:30:27,2,false_positive_cleared,4.93,134.4,False,5519,788
974,165538,2024-06-16 22:59:04,2,false_positive_cleared,22.14,65.48,False,2770,612
977,165586,2024-06-17 00:32:43,2,false_negative_cleared,5.81,197.42,True,2357,106
976,165623,2024-06-17 01:29:01,2,false_positive_cleared,6.82,9458.22,False,4780,725
978,165710,2024-06-17 03:26:34,2,false_positive_cleared,11.5,5303.57,False,4465,327
979,165873,2024-06-17 07:28:12,2,false_positive_cleared,10.92,20.9,False,5659,383
981,165944,2024-06-17 09:31:28,2,false_positive_cleared,18.38,73.99,False,4302,736
983,165958,2024-06-17 09:51:24,0,false_positive_cleared,7.51,56.86,False,5551,616
980,166113,2024-06-17 13:35:09,2,false_positive_cleared,16.31,2643.5,False,1305,288
975,166270,2024-06-17 17:39:24,3,false_positive_cleared,4.57,22.12,False,1046,389
984,166281,2024-06-17 17:51:17,0,false_positive_cleared,10.89,93.11,False,653,513
982,166309,2024-06-17 18:39:18,2,false_positive_cleared,10.49,145.94,False,3508,525
985,166329,2024-06-17 19:07:43,0,false_positive_cleared,14.96,26.49,False,1825,132
992,167078,2024-06-18 12:41:05,0,false_positive_cleared,3.97,592.07,False,2144,376
986,167080,2024-06-18 12:46:12,2,confirmed_fraud,2.94,2649.27,True,3532,162
987,167237,2024-06-18 16:21:19,2,false_positive_cleared,4.06,7.33,False,4765,447
988,167255,2024-06-18 16:49:22,2,false_positive_cleared,17.08,112.62,False,4715,377
990,167340,2024-06-18 19:14:56,2,false_positive_cleared,12.8,40.3,False,2909,490
989,167348,2024-06-18 19:21:47,2,false_positive_cleared,4.51,53.24,False,1205,145
991,167440,2024-06-18 21:42:01,2,false_positive_cleared,12.3,4801.06,False,2040,753
993,167821,2024-06-19 06:52:40,2,false_positive_cleared,14.58,4.36,False,2641,402
994,168095,2024-06-19 13:16:43,2,confirmed_fraud,14.82,58.07,True,1086,689
995,168275,2024-06-19 17:32:02,2,false_positive_cleared,3.18,1906.68,False,5323,202
996,168293,2024-06-19 17:44:41,2,false_positive_cleared,24.23,8.07,False,5423,252
997,168391,2024-06-19 19:58:53,2,false_positive_cleared,10.32,30.46,False,1620,723
999,168405,2024-06-19 20:16:20,0,false_positive_cleared,10.1,22.37,False,738,283
998,168564,2024-06-19 23:56:44,2,false_positive_cleared,13.31,8.92,False,5302,258
1000,168594,2024-06-20 00:35:11,2,false_positive_cleared,18.06,18.12,False,4564,58
1001,169047,2024-06-20 11:06:27,2,false_positive_cleared,27.99,18.16,False,5113,727
1002,169133,2024-06-20 13:11:12,2,false_positive_cleared,1.13,44.18,False,2446,159
1003,169181,2024-06-20 14:25:25,2,false_positive_cleared,8.45,21.82,False,4061,404
1004,169241,2024-06-20 16:01:08,2,false_positive_cleared,5.05,186.4,False,1329,352
1005,169305,2024-06-20 17:26:14,0,false_positive_cleared,18.52,48.63,False,2610,452
1006,169583,2024-06-21 01:10:14,2,false_positive_cleared,16.62,6.57,False,3010,234
1007,169854,2024-06-21 07:21:41,2,false_positive_cleared,23.19,410.43,False,5613,207
1008,170132,2024-06-21 14:04:31,2,false_positive_cleared,18.26,171.29,False,1744,272
1009,170367,2024-06-21 19:53:17,2,false_positive_cleared,2.29,12.21,False,4173,780
1013,170393,2024-06-21 20:30:35,0,false_positive_cleared,9.61,112.0,False,489,442
1010,170404,2024-06-21 20:53:06,2,false_positive_cleared,10.13,1698.83,False,1105,594
1012,170474,2024-06-21 22:23:54,2,false_positive_cleared,22.59,81.62,False,3577,509
1011,170490,2024-06-21 22:44:46,2,false_positive_cleared,16.07,50.92,False,2083,415
1014,170533,2024-06-21 23:34:39,0,false_positive_cleared,22.28,28.3,False,1028,510
1015,170745,2024-06-22 04:58:00,2,confirmed_fraud,9.93,22.16,False,2419,660
1016,170848,2024-06-22 07:35:18,2,false_positive_cleared,4.33,75.62,False,3711,606
1017,171060,2024-06-22 12:27:24,2,confirmed_fraud,34.34,5.07,True,1330,195
1018,171392,2024-06-22 20:06:08,2,false_positive_cleared,17.89,3404.13,False,3029,161
1019,171426,2024-06-22 21:12:22,2,false_positive_cleared,9.23,27.22,False,5919,1
1020,171428,2024-06-22 21:14:58,2,false_positive_cleared,10.12,35.94,False,4667,323
1025,171809,2024-06-23 05:50:56,0,false_positive_cleared,10.44,24.88,False,3422,303
1021,171932,2024-06-23 08:39:12,2,false_positive_cleared,2.51,87.44,False,5103,470
1023,172096,2024-06-23 12:07:09,2,false_positive_cleared,4.61,125.84,False,4064,799
1022,172256,2024-06-23 16:07:44,2,false_positive_cleared,2.06,1624.65,False,5016,118
1024,172426,2024-06-23 19:44:53,2,false_positive_cleared,13.17,4003.59,False,3962,357
1026,172775,2024-06-24 04:35:59,2,false_positive_cleared,17.68,4.97,False,1427,612
1027,172825,2024-06-24 05:51:14,2,false_positive_cleared,2.25,10504.7,False,76,227
1028,172975,2024-06-24 09:34:59,2,false_positive_cleared,2.51,36.65,False,3758,437
1029,172990,2024-06-24 09:57:17,2,false_positive_cleared,30.11,80.21,False,5113,595
1030,173160,2024-06-24 14:05:02,2,false_positive_cleared,6.05,2285.58,False,4909,454
1031,173536,2024-06-24 23:55:44,2,false_positive_cleared,4.13,93.07,False,1466,661
1032,173944,2024-06-25 10:17:12,2,false_positive_cleared,6.45,67.45,False,722,208
1033,174766,2024-06-26 06:26:02,2,false_positive_cleared,2.64,575.17,False,1606,767
1036,174947,2024-06-26 10:58:57,0,false_positive_cleared,23.84,151.17,False,1030,677
1034,175304,2024-06-26 18:48:53,2,false_positive_cleared,16.55,62.42,False,4709,570
1035,175409,2024-06-26 20:53:17,2,false_positive_cleared,7.33,4.08,False,3410,120
1037,175585,2024-06-27 01:09:04,2,false_positive_cleared,17.36,1145.56,False,4407,30
1038,175616,2024-06-27 01:51:56,2,false_positive_cleared,10.66,2636.04,False,5148,130
1039,175630,2024-06-27 02:17:16,2,false_positive_cleared,5.02,4942.86,False,3198,748
1040,175757,2024-06-27 04:54:24,2,false_positive_cleared,16.31,300.93,False,1738,560
1041,175778,2024-06-27 05:20:00,2,false_positive_cleared,27.31,21.87,False,4131,491
1042,175887,2024-06-27 08:09:42,2,false_positive_cleared,10.92,89.51,False,426,353
1043,176404,2024-06-27 20:21:05,2,false_positive_cleared,6.96,15.37,False,3424,325
1044,177006,2024-06-28 10:23:16,2,false_positive_cleared,11.9,37.15,False,2430,689
1045,177229,2024-06-28 15:40:19,2,false_positive_cleared,10.98,300.89,False,3797,389
1046,177274,2024-06-28 16:36:12,2,false_positive_cleared,26.44,47.72,False,4516,580
1047,177433,2024-06-28 20:31:59,2,false_positive_cleared,8.08,296.51,False,348,630
1048,177763,2024-06-29 04:56:50,2,false_positive_cleared,6.42,2509.63,False,5943,536
1049,177982,2024-06-29 09:57:03,2,false_positive_cleared,2.08,8.36,False,5734,238
1050,178011,2024-06-29 10:36:23,2,false_positive_cleared,8.63,137.66,False,1043,295
1051,178281,2024-06-29 17:03:09,2,false_positive_cleared,7.62,1809.8,False,4036,260
1052,178323,2024-06-29 18:08:39,2,false_positive_cleared,20.73,3139.17,False,4998,439
1054,178362,2024-06-29 19:02:49,0,confirmed_fraud,43.6,149.59,True,1541,299
1053,178542,2024-06-29 23:30:01,2,false_positive_cleared,10.53,3707.13,False,5357,385
1061,178746,2024-06-30 04:32:32,0,false_positive_cleared,21.11,323.02,False,3898,574
1055,178828,2024-06-30 06:39:37,2,false_positive_cleared,25.98,2415.29,False,3845,495
1062,178834,2024-06-30 06:46:34,0,false_positive_cleared,7.38,15.12,False,638,25
1057,178925,2024-06-30 08:37:46,2,false_positive_cleared,18.36,13.1,False,2862,36
1058,179103,2024-06-30 13:16:05,2,false_positive_cleared,3.11,45.63,False,4392,102
1059,179260,2024-06-30 16:28:06,2,false_positive_cleared,18.34,68.6,False,1464,494
1060,179462,2024-06-30 21:03:03,2,confirmed_fraud,3.98,249.39,False,2294,4
1056,179464,2024-06-30 21:04:46,2,false_positive_cleared,4.59,67.16,False,5032,393
1063,179481,2024-06-30 21:28:28,0,false_positive_cleared,22.68,78.56,False,5936,110
1065,180296,2024-07-01 17:40:51,0,false_positive_cleared,7.93,8.43,False,3819,200
1064,180523,2024-07-01 23:00:31,2,false_positive_cleared,6.88,158.82,False,5785,723
1066,180587,2024-07-02 00:40:12,2,false_positive_cleared,5.31,314.99,False,1859,650
1067,180947,2024-07-02 09:13:38,2,false_positive_cleared,9.11,154.1,False,4809,423
1068,181006,2024-07-02 10:51:38,2,false_positive_cleared,6.65,9264.29,False,4212,183
1069,181678,2024-07-03 02:47:47,2,false_positive_cleared,7.24,2065.77,False,4847,117
1070,181752,2024-07-03 05:06:31,2,false_positive_cleared,7.62,2519.63,False,4741,732
1071,181815,2024-07-03 06:35:43,2,false_positive_cleared,3.19,223.23,False,3489,191
1072,182073,2024-07-03 12:59:31,2,false_positive_cleared,3.89,27.34,False,3948,159
1073,182175,2024-07-03 15:29:49,2,false_negative_cleared,16.9,1688.64,True,3618,306
1074,182362,2024-07-03 20:09:40,0,false_positive_cleared,17.72,522.83,False,4263,44
1075,182659,2024-07-04 03:27:17,2,false_positive_cleared,17.81,3.7,False,1747,367
1079,182714,2024-07-04 04:47:33,0,confirmed_fraud,19.79,57.57,False,927,34
1076,182723,2024-07-04 05:06:38,2,false_positive_cleared,14.39,31.12,False,2582,416
1080,182897,2024-07-04 09:01:23,0,false_positive_cleared,17.96,91.32,False,5684,176
1077,183004,2024-07-04 11:16:19,2,false_positive_cleared,17.7,178.78,False,162,12
1081,183014,2024-07-04 11:29:45,0,false_positive_cleared,12.49,13.21,False,2401,81
1078,183302,2024-07-04 19:08:54,2,false_positive_cleared,10.7,23.98,False,2902,548
1082,183575,2024-07-05 01:31:53,2,false_positive_cleared,15.49,488.39,False,2658,236
1083,184177,2024-07-05 16:12:47,2,false_positive_cleared,7.09,1723.7,False,4259,534
1085,184736,2024-07-06 04:45:28,0,false_positive_cleared,2.94,63.21,False,3019,116
1086,184834,2024-07-06 06:59:35,0,false_positive_cleared,14.83,216.29,False,4867,64
1084,184897,2024-07-06 08:28:27,2,false_positive_cleared,19.05,2436.69,False,1292,637
1088,185682,2024-07-07 03:24:39,2,confirmed_fraud,14.64,2230.23,True,2286,140
1090,185843,2024-07-07 07:21:17,2,false_positive_cleared,7.2,49.91,False,3181,293
1089,185912,2024-07-07 09:06:25,2,false_positive_cleared,11.45,97.1,False,5898,49
1091,185956,2024-07-07 10:22:43,2,false_positive_cleared,3.27,12.16,False,3386,500
1092,186018,2024-07-07 11:44:30,2,false_positive_cleared,8.73,174.82,False,2945,296
1087,186032,2024-07-07 11:56:56,3,confirmed_fraud,15.07,17.57,False,1620,464
1093,186310,2024-07-07 19:05:22,0,false_positive_cleared,6.51,57.56,False,1320,512
1094,186384,2024-07-07 21:01:26,0,false_positive_cleared,14.17,41.63,False,1828,549
1095,186578,2024-07-08 01:44:22,2,false_positive_cleared,39.72,27.78,False,4254,579
1096,186600,2024-07-08 02:19:18,2,confirmed_fraud,10.75,29.01,False,4038,502
1099,186755,2024-07-08 06:26:02,0,false_positive_cleared,17.28,6.04,False,3739,764
1097,187187,2024-07-08 17:26:57,2,false_positive_cleared,9.07,290.86,False,2390,558
1098,187393,2024-07-08 22:36:08,2,false_positive_cleared,6.25,99.68,False,1047,28
1100,187421,2024-07-08 23:08:39,0,false_positive_cleared,20.61,757.14,False,1224,176
1101,187726,2024-07-09 06:51:23,2,confirmed_fraud,6.75,26.98,False,4523,597
1102,187754,2024-07-09 07:38:26,2,false_positive_cleared,13.92,12.72,False,2695,775
1103,187829,2024-07-09 09:53:42,2,false_positive_cleared,5.67,5643.45,False,4780,622
1104,187981,2024-07-09 14:03:15,2,false_positive_cleared,6.09,35.0,False,5602,592
1105,188260,2024-07-09 20:46:55,2,false_positive_cleared,19.43,3714.89,False,2658,534
1106,188474,2024-07-10 01:19:53,2,false_positive_cleared,10.1,167.56,False,446,747
1113,188645,2024-07-10 05:35:12,0,false_positive_cleared,42.83,17.68,False,3815,636
1107,188878,2024-07-10 11:23:59,2,false_positive_cleared,14.28,40.16,False,1309,254
1108,189013,2024-07-10 14:51:18,2,false_positive_cleared,6.53,472.68,False,290,646
1109,189057,2024-07-10 15:50:24,2,confirmed_fraud,7.64,20.71,True,2585,31
1112,189291,2024-07-10 21:30:25,1,false_positive_cleared,23.46,1.73,False,5992,653
1111,189361,2024-07-10 23:22:46,2,false_positive_cleared,22.67,736.46,False,4761,394
1110,189371,2024-07-10 23:30:06,2,false_positive_cleared,21.93,3070.7,False,4212,154
1114,189408,2024-07-11 00:16:51,2,false_positive_cleared,7.35,5291.57,False,4212,107
1115,189445,2024-07-11 01:02:19,2,false_positive_cleared,16.56,18.55,False,2463,469
1116,189487,2024-07-11 02:10:23,2,false_positive_cleared,10.8,1769.95,False,1292,564
1117,189736,2024-07-11 07:44:05,2,false_positive_cleared,28.15,93.03,False,2538,599
1118,189922,2024-07-11 11:52:33,2,false_positive_cleared,39.02,42.45,False,1106,638
1119,190381,2024-07-11 22:30:52,2,false_positive_cleared,11.82,34.55,False,4116,492
1120,190384,2024-07-11 22:33:51,2,false_positive_cleared,29.69,172.0,False,5227,142
1121,190509,2024-07-12 01:33:15,2,false_positive_cleared,9.32,1684.24,False,1695,721
1129,190686,2024-07-12 05:47:02,0,false_positive_cleared,6.65,658.46,False,1053,95
1122,190896,2024-07-12 10:37:05,2,false_positive_cleared,8.06,34.95,False,5341,237
1123,191172,2024-07-12 17:34:15,2,false_positive_cleared,12.62,3882.81,False,577,689
1124,191187,2024-07-12 17:57:33,2,false_positive_cleared,1.09,34.06,False,5509,251
1125,191328,2024-07-12 21:04:36,2,false_positive_cleared,20.28,2034.1,False,5763,4
1127,191394,2024-07-12 22:46:52,2,false_positive_cleared,22.82,81.59,False,2974,228
1126,191413,2024-07-12 23:05:37,2,false_positive_cleared,6.28,158.65,False,192,314
1128,191428,2024-07-12 23:28:58,2,false_positive_cleared,8.27,1848.05,False,1592,384
1130,191596,2024-07-13 03:44:15,2,confirmed_fraud,2.76,219.08,True,1042,685
1131,191701,2024-07-13 06:06:43,2,false_positive_cleared,2.95,66.01,False,210,391
1132,191794,2024-07-13 08:13:53,2,false_positive_cleared,2.49,298.72,False,4548,669
1133,191820,2024-07-13 08:46:47,2,false_positive_cleared,20.07,92.7,False,1935,742
1139,191947,2024-07-13 11:56:07,0,false_positive_cleared,14.78,12.05,False,1402,154
1134,192016,2024-07-13 13:42:14,2,confirmed_fraud,18.7,165.32,True,782,765
1135,192315,2024-07-13 21:12:18,2,false_positive_cleared,14.18,29.36,False,538,190
1137,192318,2024-07-13 21:14:01,2,confirmed_fraud,3.92,74.13,False,1633,431
1136,192334,2024-07-13 21:48:46,2,false_positive_cleared,3.64,13.41,False,3268,642
1138,192414,2024-07-13 23:51:58,2,false_positive_cleared,16.19,301.04,False,5523,753
1140,192471,2024-07-14 01:23:32,2,false_positive_cleared,6.04,24.58,False,3386,88
1141,192638,2024-07-14 06:07:20,2,false_positive_cleared,21.27,15.14,False,1855,754
1142,192668,2024-07-14 06:45:45,2,confirmed_fraud,6.71,2638.29,True,2162,367
1145,193199,2024-07-14 18:39:08,0,confirmed_fraud,14.51,125.69,False,480,261
1143,193246,2024-07-14 19:42:33,2,false_positive_cleared,0.8,2102.89,False,4780,601
1144,193343,2024-07-14 22:15:42,2,false_positive_cleared,4.89,30.89,False,15,536
1146,193671,2024-07-15 05:44:25,2,false_positive_cleared,2.98,2240.13,False,2421,342
1147,193875,2024-07-15 10:40:05,2,confirmed_fraud,6.82,9.97,True,5242,455
1148,193883,2024-07-15 10:52:53,2,false_positive_cleared,1.13,162.6,False,1836,154
1149,193917,2024-07-15 11:48:37,2,false_positive_cleared,5.6,6654.27,False,5148,108
1150,194179,2024-07-15 18:37:02,2,false_positive_cleared,7.25,92.12,False,5458,109
1153,194227,2024-07-15 19:40:44,0,false_positive_cleared,2.9,52.52,False,545,583
1151,194333,2024-07-15 22:09:47,2,false_positive_cleared,50.1,1982.63,False,2168,73
1152,194364,2024-07-15 22:56:07,2,confirmed_fraud,19.77,115.54,False,1736,586
1155,194773,2024-07-16 08:53:36,0,false_positive_cleared,9.46,146.27,False,4417,254
1156,195129,2024-07-16 18:05:02,0,false_positive_cleared,5.44,517.58,False,3990,97
1154,195130,2024-07-16 18:06:48,2,false_positive_cleared,22.34,31.81,False,874,252
1157,195372,2024-07-17 00:03:26,2,false_positive_cleared,3.38,19.36,False,156,689
1158,195534,2024-07-17 03:41:07,2,false_positive_cleared,8.92,12.02,False,3032,363
1159,195756,2024-07-17 09:02:01,2,false_positive_cleared,3.16,172.87,False,4949,632
1160,195890,2024-07-17 12:10:26,2,confirmed_fraud,7.52,4.03,True,5945,307
1162,196048,2024-07-17 15:55:47,1,false_positive_cleared,8.35,1096.33,False,2395,491
1161,196115,2024-07-17 17:32:02,2,false_positive_cleared,11.02,1813.88,False,932,16
1163,196699,2024-07-18 06:39:44,3,false_positive_cleared,11.78,4626.34,False,2928,524
1164,196775,2024-07-18 08:29:04,2,false_positive_cleared,17.99,810.44,False,2057,460
1165,196938,2024-07-18 12:36:21,2,false_positive_cleared,18.81,45.91,False,2244,628
1166,197068,2024-07-18 15:31:05,2,false_positive_cleared,14.79,314.76,False,2623,243
1169,197326,2024-07-18 22:01:47,0,false_positive_cleared,14.01,74.91,False,1944,733
1167,197360,2024-07-18 23:04:39,2,confirmed_fraud,2.48,297.49,False,3305,184
1168,197371,2024-07-18 23:16:28,2,false_positive_cleared,11.52,2368.0,False,148,193
1170,197411,2024-07-19 00:34:39,2,false_positive_cleared,19.38,93.94,False,4949,408
1171,197426,2024-07-19 01:07:18,2,false_positive_cleared,6.22,119.24,False,1637,353
1174,197684,2024-07-19 07:23:39,0,false_positive_cleared,7.72,21.43,False,5183,448
1172,197747,2024-07-19 08:56:46,2,false_positive_cleared,17.6,15.12,False,5730,54
1173,198170,2024-07-19 19:56:47,2,false_positive_cleared,0.84,365.65,False,2890,57
1175,198420,2024-07-20 02:15:26,2,false_positive_cleared,13.11,5051.37,False,5461,218
1176,198492,2024-07-20 04:11:49,2,false_positive_cleared,3.87,31.96,False,4337,424
1177,199152,2024-07-20 19:50:53,2,false_positive_cleared,13.27,3384.82,False,4524,395
1178,199611,2024-07-21 06:47:07,2,false_positive_cleared,3.11,8.86,False,896,716
1179,199633,2024-07-21 07:26:10,2,false_positive_cleared,15.72,123.44,False,4623,465
1180,200106,2024-07-21 19:05:05,2,false_positive_cleared,8.12,2620.3,False,3033,628
1181,200343,2024-07-22 00:32:45,2,false_positive_cleared,12.45,1979.06,False,51,329
1182,200651,2024-07-22 08:15:38,2,false_positive_cleared,5.27,26.24,False,810,118
1183,200685,2024-07-22 09:34:07,2,false_positive_cleared,0.99,17.61,False,5982,429
1189,200713,2024-07-22 10:18:43,0,false_positive_cleared,4.25,9.19,False,1362,22
1184,200812,2024-07-22 12:45:39,2,false_positive_cleared,4.66,76.92,False,239,64
1185,200846,2024-07-22 13:38:00,2,false_positive_cleared,4.73,2053.48,False,2567,77
1187,201060,2024-07-22 19:12:58,2,false_positive_cleared,13.13,107.25,False,1510,95
1186,201186,2024-07-22 22:22:23,2,false_positive_cleared,11.82,1829.34,False,3990,406
1188,201234,2024-07-22 23:16:27,2,false_positive_cleared,16.55,2458.95,False,3910,181
1190,201436,2024-07-23 04:07:22,2,false_positive_cleared,8.83,104.84,False,1302,593
1191,201490,2024-07-23 05:16:25,2,confirmed_fraud,37.9,4364.1,False,1908,519
1192,201869,2024-07-23 15:40:03,2,false_positive_cleared,12.06,62.1,False,490,794
1194,201933,2024-07-23 17:33:06,0,false_positive_cleared,4.44,1398.7,False,2596,512
1193,202087,2024-07-23 21:32:14,2,false_positive_cleared,23.72,683.96,False,2395,298
1195,202745,2024-07-24 12:56:46,2,false_positive_cleared,10.2,20.44,False,1438,361
1196,202780,2024-07-24 13:37:04,2,false_positive_cleared,14.38,106.87,False,1397,36
1200,202830,2024-07-24 14:55:56,0,false_positive_cleared,12.79,569.55,False,1224,467
1197,202865,2024-07-24 15:40:42,2,false_positive_cleared,11.77,56.1,False,47,297
1198,203076,2024-07-24 20:55:42,2,false_positive_cleared,6.26,27.85,False,2592,627
1201,203098,2024-07-24 21:20:43,0,false_positive_cleared,9.63,11.67,False,5992,273
1202,203121,2024-07-24 21:49:08,0,false_positive_cleared,1.85,18.89,False,5776,296
1199,203156,2024-07-24 22:26:20,2,false_positive_cleared,48.55,128.16,False,384,282
1203,203272,2024-07-25 00:51:59,2,false_positive_cleared,31.86,9399.03,False,2567,271
1204,203345,2024-07-25 02:36:30,2,false_positive_cleared,5.23,1717.58,False,1227,506
1205,203379,2024-07-25 03:30:37,2,false_positive_cleared,3.8,3582.45,False,932,393
1208,203403,2024-07-25 04:16:22,0,false_positive_cleared,14.19,3.2,False,1931,77
1206,203819,2024-07-25 14:10:43,2,false_positive_cleared,20.71,88.97,False,4450,736
1209,203962,2024-07-25 18:05:54,0,false_positive_cleared,22.8,119.46,False,1074,621
1207,204140,2024-07-25 22:22:38,2,false_positive_cleared,24.57,48.62,False,291,370
1210,205724,2024-07-27 10:53:38,2,confirmed_fraud,6.94,31.72,True,986,306
1211,205853,2024-07-27 13:50:15,2,false_positive_cleared,29.13,2028.93,False,4227,144
1212,205871,2024-07-27 14:13:24,2,false_positive_cleared,5.86,61.15,False,10,174
1213,205976,2024-07-27 17:03:49,2,false_positive_cleared,16.01,33.36,False,4952,204
1214,206058,2024-07-27 19:21:20,2,false_positive_cleared,28.78,57.08,False,71,257
1215,206416,2024-07-28 04:13:03,2,false_positive_cleared,5.67,3335.68,False,2040,558
1216,206427,2024-07-28 04:24:02,2,false_positive_cleared,16.04,2495.67,False,2666,476
1217,206658,2024-07-28 10:22:11,2,false_positive_cleared,19.97,7.68,False,620,538
1218,206862,2024-07-28 15:17:19,2,false_positive_cleared,7.47,1906.08,False,5404,351
1219,207153,2024-07-28 22:37:29,0,false_positive_cleared,11.83,270.3,False,4589,242
1220,207284,2024-07-29 01:08:04,2,false_negative_cleared,15.05,3.35,True,5673,489
1221,207584,2024-07-29 08:54:43,2,false_positive_cleared,7.92,24.56,False,5059,337
1226,207626,2024-07-29 09:49:02,0,false_positive_cleared,33.85,24.58,False,556,580
1222,207805,2024-07-29 13:56:29,2,false_positive_cleared,9.1,56.05,False,1320,74
1224,207996,2024-07-29 18:43:03,2,false_positive_cleared,10.41,6729.9,False,4998,747
1223,208107,2024-07-29 21:35:53,2,false_positive_cleared,17.27,385.66,False,3901,637
1225,208137,2024-07-29 22:12:11,2,false_positive_cleared,12.21,5068.45,False,4110,34
1227,208366,2024-07-30 03:09:34,2,confirmed_fraud,15.92,39.83,False,404,288
1231,208647,2024-07-30 10:39:28,0,false_positive_cleared,4.77,23.47,False,389,418
1232,208676,2024-07-30 11:22:17,0,false_positive_cleared,34.54,199.91,False,748,684
1228,208820,2024-07-30 14:44:22,2,false_positive_cleared,5.69,3378.47,False,4215,757
1229,208905,2024-07-30 17:01:00,2,false_positive_cleared,4.35,14.29,False,5072,285
1230,209036,2024-07-30 20:16:35,1,false_positive_cleared,26.49,71.95,False,3750,68
1234,209229,2024-07-31 00:53:31,2,false_positive_cleared,12.99,10.53,False,5822,790
1233,209458,2024-07-31 06:03:34,3,false_positive_cleared,13.32,35.93,False,1236,9
1235,209472,2024-07-31 06:24:07,2,false_positive_cleared,10.02,12.41,False,700,211
1236,209710,2024-07-31 11:33:27,2,false_positive_cleared,7.47,963.69,False,5468,262
1237,209828,2024-07-31 14:17:11,2,false_positive_cleared,5.89,561.66,False,1320,601
1238,209829,2024-07-31 14:18:02,2,false_positive_cleared,7.82,5582.43,False,2285,4
1239,210155,2024-07-31 21:30:54,2,false_positive_cleared,12.53,163.19,False,1236,643
1240,210289,2024-08-01 00:41:21,3,false_positive_cleared,28.81,284.76,False,4741,349
1241,210403,2024-08-01 02:50:31,2,false_positive_cleared,7.93,2853.15,False,2116,684
1242,210465,2024-08-01 04:12:41,2,false_positive_cleared,8.19,508.43,False,1769,642
1243,210517,2024-08-01 05:34:26,2,false_positive_cleared,18.19,60.98,False,5125,512
1244,210566,2024-08-01 06:39:33,2,false_positive_cleared,3.31,59.76,False,2638,495
1245,210627,2024-08-01 07:54:02,2,false_positive_cleared,15.44,1868.9,False,1547,734
1246,211295,2024-08-02 00:21:52,2,false_positive_cleared,6.26,181.3,False,5391,72
1247,211568,2024-08-02 07:21:35,2,false_positive_cleared,23.29,1737.84,False,816,5
1248,211648,2024-08-02 09:23:36,2,false_positive_cleared,4.23,29.42,False,3056,479
1249,211913,2024-08-02 16:36:36,2,false_positive_cleared,5.39,2381.37,False,1165,403
1250,212003,2024-08-02 18:50:17,2,false_positive_cleared,8.83,50.95,False,3598,569
1251,212104,2024-08-02 21:12:19,2,false_positive_cleared,5.01,55.38,False,5361,127
1253,212359,2024-08-03 03:21:21,2,false_positive_cleared,7.97,3357.07,False,2285,535
1259,212383,2024-08-03 03:48:59,0,false_positive_cleared,4.45,112.72,False,4416,188
1254,212637,2024-08-03 10:18:15,2,false_positive_cleared,10.33,33.92,False,3394,120
1256,212671,2024-08-03 11:06:25,2,false_positive_cleared,52.35,19.78,False,1664,753
1255,213040,2024-08-03 19:49:51,2,false_positive_cleared,11.18,29.46,False,3661,200
1258,213060,2024-08-03 20:13:28,2,false_positive_cleared,7.58,57.17,False,916,398
1260,213110,2024-08-03 21:22:22,0,false_positive_cleared,14.77,20.03,False,2767,776
1252,213188,2024-08-03 23:05:22,3,false_positive_cleared,3.36,3647.5,False,2132,212
1257,213218,2024-08-03 23:55:26,2,false_positive_cleared,27.14,5.21,False,3107,692
1261,213266,2024-08-04 01:02:34,2,false_positive_cleared,12.31,9.19,False,3994,296
1262,213573,2024-08-04 08:02:29,2,false_positive_cleared,21.95,398.97,False,588,246
1263,213762,2024-08-04 12:18:29,2,confirmed_fraud,0.93,24.09,True,812,695
1264,214063,2024-08-04 19:08:03,0,false_positive_cleared,4.78,87.06,False,4380,24
1265,214248,2024-08-05 00:08:58,2,false_positive_cleared,6.04,31.31,False,1668,91
1266,214375,2024-08-05 02:53:46,2,false_positive_cleared,7.92,13.0,False,3476,729
1268,214645,2024-08-05 09:25:04,0,false_positive_cleared,9.6,38.48,False,4499,736
1267,214733,2024-08-05 11:19:12,2,false_positive_cleared,14.39,5.91,False,2785,115
1273,215504,2024-08-06 06:11:23,0,false_positive_cleared,4.77,14.46,False,778,572
1274,215602,2024-08-06 08:43:09,0,false_positive_cleared,13.79,101.37,False,5742,674
1269,215627,2024-08-06 09:12:00,2,false_positive_cleared,24.36,81.0,False,3726,451
1271,215824,2024-08-06 14:02:18,2,false_positive_cleared,11.29,40.79,False,438,607
1275,215839,2024-08-06 14:23:30,0,false_positive_cleared,14.25,205.75,False,149,692
1270,216073,2024-08-06 19:49:26,2,false_positive_cleared,6.06,47.86,False,3028,718
1272,216198,2024-08-06 22:37:18,2,false_positive_cleared,21.61,186.5,False,3573,182
1276,216475,2024-08-07 05:06:55,2,false_positive_cleared,8.58,2336.63,False,5692,132
1277,216613,2024-08-07 08:24:44,2,false_positive_cleared,6.18,2127.32,False,2509,375
1278,216805,2024-08-07 13:04:31,2,false_positive_cleared,16.16,4.18,False,3559,308
1279,216816,2024-08-07 13:21:38,2,false_positive_cleared,4.51,17.78,False,1545,605
1280,216953,2024-08-07 16:19:00,2,false_positive_cleared,4.47,4.72,False,5542,166
1281,217213,2024-08-07 22:10:33,0,confirmed_fraud,1.15,62.7,False,3231,752
1282,217436,2024-08-08 03:20:49,2,false_positive_cleared,7.52,19.66,False,551,694
1283,217594,2024-08-08 07:09:46,2,false_positive_cleared,21.85,59.55,False,3716,292
1290,217608,2024-08-08 07:27:31,0,false_positive_cleared,7.9,112.78,False,5939,297
1284,217719,2024-08-08 10:20:30,2,false_positive_cleared,18.71,86.62,False,112,465
1285,217811,2024-08-08 12:33:25,2,false_positive_cleared,5.0,154.41,False,3579,639
1286,217832,2024-08-08 13:17:22,2,false_positive_cleared,5.32,13.77,False,2141,741
1288,217868,2024-08-08 14:14:09,2,false_positive_cleared,33.31,21.32,False,5978,531
1287,218010,2024-08-08 17:54:21,2,false_positive_cleared,2.1,10195.06,False,3773,680
1289,218203,2024-08-08 22:42:03,2,false_positive_cleared,23.48,12.95,False,3255,274
1291,218504,2024-08-09 06:01:10,2,false_positive_cleared,6.69,83.9,False,4230,73
1292,218722,2024-08-09 10:51:05,2,false_positive_cleared,5.68,5795.92,False,2132,602
1293,218749,2024-08-09 11:26:38,2,false_positive_cleared,5.95,31.33,False,5069,140
1294,218903,2024-08-09 15:04:43,2,confirmed_fraud,8.83,64.89,False,3533,517
1295,218959,2024-08-09 16:26:38,2,false_positive_cleared,2.73,21.76,False,4486,139
1296,219049,2024-08-09 18:36:58,2,false_positive_cleared,27.12,78.51,False,5405,260
1304,219539,2024-08-10 06:20:41,0,false_positive_cleared,25.17,34.1,False,2425,181
1297,219540,2024-08-10 06:23:23,2,false_positive_cleared,13.95,747.72,False,3950,314
1299,219657,2024-08-10 09:21:53,2,false_positive_cleared,5.43,12514.19,False,4780,327
1300,220015,2024-08-10 17:19:13,2,false_positive_cleared,6.78,68.76,False,2006,487
1305,220037,2024-08-10 18:02:18,0,false_positive_cleared,7.95,99.61,False,2730,653
1301,220100,2024-08-10 19:23:19,2,false_positive_cleared,0.59,111.21,False,4892,205
1303,220110,2024-08-10 19:38:01,2,false_positive_cleared,3.21,89.51,False,2711,579
1298,220112,2024-08-10 19:39:15,2,false_positive_cleared,15.44,6195.72,False,3485,510
1302,220192,2024-08-10 21:35:05,2,false_positive_cleared,22.06,55.95,False,3288,342
1306,220452,2024-08-11 03:51:48,2,false_positive_cleared,9.36,181.17,False,3684,782
1309,220803,2024-08-11 12:58:31,0,false_positive_cleared,17.05,17.04,False,2859,120
1307,220838,2024-08-11 14:00:19,2,false_positive_cleared,5.75,8.87,False,3026,375
1308,220856,2024-08-11 14:26:59,2,false_positive_cleared,15.58,17.64,False,1730,306
1310,221108,2024-08-11 20:54:03,0,false_positive_cleared,12.28,326.87,False,4358,29
1311,221479,2024-08-12 05:18:32,2,false_positive_cleared,5.15,563.76,False,2049,151
1313,221981,2024-08-12 16:40:15,0,false_positive_cleared,9.71,47.88,False,3709,143
1312,222080,2024-08-12 19:02:57,2,false_positive_cleared,9.97,37.14,False,4887,168
1314,222276,2024-08-12 23:42:52,0,false_positive_cleared,5.72,29.29,False,5335,49
1315,222319,2024-08-13 00:36:54,2,false_positive_cleared,26.62,241.42,False,1030,694
1316,222320,2024-08-13 00:37:12,2,false_positive_cleared,6.75,1778.53,False,2865,578
1317,222397,2024-08-13 02:11:23,2,false_negative_cleared,6.54,208.04,True,4078,560
1318,222455,2024-08-13 03:39:52,2,confirmed_fraud,3.21,89.01,False,3888,315
1319,222583,2024-08-13 06:36:31,2,false_positive_cleared,16.14,241.85,False,146,204
1320,222638,2024-08-13 07:49:07,2,false_positive_cleared,11.39,41.34,False,3916,589
1326,222666,2024-08-13 08:23:05,0,false_positive_cleared,2.04,17.05,False,2602,312
1321,222691,2024-08-13 08:46:25,2,false_positive_cleared,5.78,8.39,False,4558,724
1322,222703,2024-08-13 09:03:43,2,false_positive_cleared,22.58,124.99,False,5268,167
1327,222808,2024-08-13 11:59:47,0,false_positive_cleared,29.95,75.65,False,847,81
1323,222963,2024-08-13 15:52:10,2,false_positive_cleared,4.46,33.79,False,5584,692
1325,223022,2024-08-13 17:07:21,2,false_positive_cleared,19.68,414.19,False,3475,541
1324,223153,2024-08-13 20:21:44,2,false_positive_cleared,0.32,2880.87,False,5692,768
1328,223326,2024-08-14 01:03:25,2,confirmed_fraud,21.81,190.42,True,3818,238
1336,223415,2024-08-14 03:19:57,0,false_positive_cleared,17.81,1119.12,False,959,71
1329,223482,2024-08-14 05:05:26,2,false_positive_cleared,11.04,1870.14,False,1850,660
1330,223513,2024-08-14 05:43:58,2,false_positive_cleared,7.97,4098.95,False,2951,477
1335,223543,2024-08-14 06:48:33,1,false_positive_cleared,1.88,255.14,False,4554,421
1337,223656,2024-08-14 09:36:21,0,false_positive_cleared,7.77,529.42,False,822,330
1338,223672,2024-08-14 10:00:50,0,confirmed_fraud,23.81,247.76,False,2999,720
1331,223681,2024-08-14 10:12:56,2,false_positive_cleared,6.36,7.82,False,5439,679
1334,223699,2024-08-14 10:40:47,2,confirmed_fraud,12.32,16.72,False,3807,346
1339,224062,2024-08-14 19:10:47,0,false_positive_cleared,0.78,82.0,False,930,466
1332,224178,2024-08-14 22:09:14,2,false_positive_cleared,4.84,1998.33,False,2919,51
1333,224205,2024-08-14 22:50:35,2,confirmed_fraud,8.0,518.91,False,797,300
1340,224374,2024-08-15 03:09:02,2,false_positive_cleared,7.05,6.45,False,2351,266
1341,224572,2024-08-15 08:12:00,2,false_positive_cleared,8.34,82.87,False,4895,327
1342,224591,2024-08-15 08:41:00,2,confirmed_fraud,27.12,160.66,True,406,460
1343,224650,2024-08-15 10:18:12,2,false_positive_cleared,1.37,192.07,False,3202,348
1344,224766,2024-08-15 13:05:14,2,confirmed_fraud,9.51,2429.33,True,4875,637
1347,225065,2024-08-15 19:53:57,1,false_positive_cleared,16.09,127.82,False,5174,310
1345,225123,2024-08-15 21:12:28,2,false_positive_cleared,8.59,784.01,False,2591,746
1346,225204,2024-08-15 22:54:40,2,false_positive_cleared,18.06,7.8,False,2351,293
1349,225239,2024-08-16 00:05:27,2,false_positive_cleared,7.6,7111.75,False,4699,367
1350,225447,2024-08-16 05:08:11,2,false_positive_cleared,24.05,2163.83,False,4909,487
1348,225478,2024-08-16 06:01:48,3,false_positive_cleared,4.48,2080.64,False,3052,537
1353,225634,2024-08-16 09:59:31,0,false_positive_cleared,3.14,77.8,False,3919,104
1351,225780,2024-08-16 13:13:29,2,false_positive_cleared,11.19,13.39,False,5980,75
1352,226205,2024-08-16 23:25:42,2,false_positive_cleared,13.17,129.25,False,797,500
1355,226323,2024-08-17 02:26:33,2,confirmed_fraud,19.66,49.71,False,527,104
1356,226567,2024-08-17 09:05:46,2,false_positive_cleared,5.3,197.32,False,5069,758
1357,226569,2024-08-17 09:07:27,2,false_positive_cleared,7.81,29.17,False,4486,590
1354,226676,2024-08-17 11:37:37,3,false_positive_cleared,17.78,29.31,False,2209,316
1358,226925,2024-08-17 18:30:42,2,false_positive_cleared,3.22,2079.4,False,4107,18
1359,227051,2024-08-17 21:56:18,2,false_positive_cleared,29.08,65.9,False,4048,542
1360,227067,2024-08-17 22:09:35,2,false_positive_cleared,6.56,17.83,False,5686,515
1361,227114,2024-08-17 23:14:04,1,false_positive_cleared,9.11,429.98,False,5899,128
1362,227186,2024-08-18 00:54:50,2,false_positive_cleared,3.95,10.46,False,250,340
1363,227271,2024-08-18 02:47:53,2,false_positive_cleared,22.98,190.44,False,2062,308
1364,227314,2024-08-18 03:38:36,2,false_positive_cleared,25.55,3441.56,False,2116,77
1365,227419,2024-08-18 05:51:41,2,false_positive_cleared,9.57,3232.06,False,4780,64
1366,228041,2024-08-18 20:48:25,2,false_positive_cleared,8.22,202.12,False,5443,283
1367,228094,2024-08-18 21:53:49,2,confirmed_fraud,19.6,8666.92,False,2102,720
1368,228127,2024-08-18 22:57:52,2,false_positive_cleared,10.85,1669.01,False,1454,100
1372,228210,2024-08-19 01:12:17,0,false_positive_cleared,10.43,26.67,False,2474,471
1369,228380,2024-08-19 04:31:39,2,confirmed_fraud,13.61,2648.91,True,3532,421
1373,228433,2024-08-19 05:28:51,0,false_positive_cleared,12.33,69.26,False,5848,751
1370,228633,2024-08-19 10:47:06,2,false_positive_cleared,1.0,113.03,False,147,390
1371,228762,2024-08-19 13:40:41,1,false_positive_cleared,3.98,20.61,False,1581,79
1374,229204,2024-08-20 00:25:26,2,confirmed_fraud,9.46,799.1,False,1752,38
1375,229462,2024-08-20 05:39:24,2,false_positive_cleared,17.38,608.42,False,2063,273
1376,229802,2024-08-20 13:26:15,2,confirmed_fraud,17.56,35.88,True,2288,723
1377,230032,2024-08-20 19:21:38,2,false_positive_cleared,4.06,635.53,False,5527,118
1378,230146,2024-08-20 22:01:14,2,false_positive_cleared,4.68,6137.71,False,5020,510
1379,230187,2024-08-20 23:05:42,2,false_positive_cleared,9.49,187.8,False,4983,390
1380,230437,2024-08-21 05:04:42,2,false_positive_cleared,30.9,34.65,False,4314,584
1384,230489,2024-08-21 06:10:51,0,false_positive_cleared,15.87,43.04,False,1349,628
1381,230779,2024-08-21 13:55:01,2,false_positive_cleared,3.81,113.1,False,5971,97
1382,231022,2024-08-21 20:06:46,2,false_positive_cleared,2.01,5.9,False,911,789
1383,231056,2024-08-21 20:54:21,2,false_positive_cleared,16.25,6.5,False,3907,541
1386,231267,2024-08-22 01:38:29,2,false_positive_cleared,6.33,200.28,False,2480,223
1387,231576,2024-08-22 08:56:27,2,false_positive_cleared,5.65,1929.68,False,866,536
1385,231651,2024-08-22 11:03:02,3,false_positive_cleared,12.58,1905.76,False,2863,679
1388,231731,2024-08-22 12:55:36,2,false_positive_cleared,5.17,3872.62,False,5004,426
1389,231983,2024-08-22 19:26:41,0,false_positive_cleared,6.69,30.06,False,1269,298
1390,232326,2024-08-23 02:50:51,2,false_positive_cleared,4.55,166.97,False,3009,628
1391,232356,2024-08-23 03:28:37,2,false_positive_cleared,33.05,807.31,False,2182,267
1392,232456,2024-08-23 05:45:24,2,false_positive_cleared,5.22,120.48,False,1279,730
1396,232463,2024-08-23 05:57:43,0,false_positive_cleared,14.58,20.64,False,1728,734
1393,232669,2024-08-23 11:30:03,2,confirmed_fraud,12.36,94.01,True,5162,177
1394,232696,2024-08-23 12:07:58,2,false_positive_cleared,12.85,1764.87,False,5411,403
1395,232865,2024-08-23 16:39:39,2,false_positive_cleared,2.98,1726.62,False,1199,99
1397,233230,2024-08-24 01:39:51,2,false_positive_cleared,2.35,42.3,False,3630,285
1398,233299,2024-08-24 03:30:53,2,false_positive_cleared,4.44,145.16,False,2371,247
1399,234001,2024-08-24 20:19:28,2,false_positive_cleared,28.2,1125.51,False,74,759
1400,234009,2024-08-24 20:30:22,2,false_positive_cleared,8.44,102.76,False,4718,202
1401,234054,2024-08-24 21:29:40,2,false_positive_cleared,11.74,308.81,False,1720,402
1402,234060,2024-08-24 21:37:50,2,false_positive_cleared,8.2,43.03,False,5718,248
1403,234076,2024-08-24 21:57:09,2,confirmed_fraud,12.06,36.85,True,1312,88
1404,234262,2024-08-25 02:27:10,2,false_positive_cleared,9.61,2220.0,False,4576,379
1405,234302,2024-08-25 03:25:17,2,false_positive_cleared,18.75,176.57,False,542,413
1406,234335,2024-08-25 04:05:53,2,false_positive_cleared,19.42,55.18,False,2965,537
1412,234380,2024-08-25 05:06:43,0,false_positive_cleared,6.99,105.12,False,2339,369
1407,234413,2024-08-25 05:59:38,2,false_positive_cleared,15.87,55.47,False,1811,557
1408,234604,2024-08-25 10:35:09,2,false_positive_cleared,10.24,7683.07,False,2509,304
1409,234698,2024-08-25 12:41:54,2,false_positive_cleared,12.95,2043.64,False,2928,753
1413,234810,2024-08-25 15:12:41,0,false_positive_cleared,22.2,33.27,False,490,247
1411,234944,2024-08-25 18:07:33,2,false_positive_cleared,10.9,1781.27,False,4381,172
1410,235136,2024-08-25 22:54:37,2,false_positive_cleared,10.78,65.0,False,1620,544
1414,235584,2024-08-26 09:16:14,2,false_positive_cleared,7.21,76.48,False,1447,412
1415,235618,2024-08-26 10:00:34,2,false_positive_cleared,3.92,2.82,False,1667,73
1416,236098,2024-08-26 21:47:14,2,false_positive_cleared,13.09,2208.69,False,1079,282
1417,236152,2024-08-26 23:05:58,2,false_positive_cleared,26.79,3124.31,False,1676,783
1422,236202,2024-08-27 00:15:01,0,false_positive_cleared,2.41,183.28,False,2296,553
1418,236392,2024-08-27 04:33:00,2,false_positive_cleared,16.87,14.0,False,564,385
1420,236664,2024-08-27 11:39:34,2,false_positive_cleared,9.61,12.22,False,3320,215
1419,236862,2024-08-27 16:31:32,2,false_positive_cleared,2.7,67.36,False,2665,52
1421,237130,2024-08-27 23:19:55,2,false_positive_cleared,4.08,1797.94,False,4104,102
1427,237303,2024-08-28 03:23:51,0,false_positive_cleared,6.64,32.04,False,5239,553
1423,237489,2024-08-28 08:04:40,2,false_positive_cleared,0.94,12.52,False,2525,551
1425,237961,2024-08-28 20:25:33,2,false_positive_cleared,2.87,65.86,False,1681,432
1424,238027,2024-08-28 22:02:29,2,false_positive_cleared,5.55,1891.49,False,419,629
1426,238089,2024-08-28 23:37:35,2,false_positive_cleared,3.42,34.52,False,153,21
1431,238277,2024-08-29 03:35:19,0,false_positive_cleared,15.15,267.92,False,5979,655
1428,238389,2024-08-29 06:07:46,2,false_positive_cleared,2.43,186.09,False,5015,274
1432,238585,2024-08-29 11:02:51,0,false_positive_cleared,2.21,45.79,False,4006,17
1430,238812,2024-08-29 16:40:46,2,false_positive_cleared,11.37,1749.83,False,3478,638
1429,239090,2024-08-29 22:49:24,2,false_positive_cleared,26.63,34.22,False,3157,176
1433,239142,2024-08-30 00:12:33,2,false_positive_cleared,0.78,211.25,False,1262,747
1434,239547,2024-08-30 09:40:52,2,false_positive_cleared,2.89,20.58,False,5596,724
1435,239589,2024-08-30 10:35:19,2,false_positive_cleared,9.34,251.32,False,5518,330
1436,239695,2024-08-30 13:03:20,0,false_positive_cleared,15.21,479.33,False,3532,186
1437,240218,2024-08-31 02:14:33,2,false_positive_cleared,24.73,2121.74,False,1720,562
1441,240223,2024-08-31 02:29:24,0,false_positive_cleared,20.27,10.42,False,4108,651
1438,240286,2024-08-31 04:17:57,2,false_positive_cleared,7.03,222.67,False,5515,366
1439,240386,2024-08-31 07:07:19,2,false_positive_cleared,36.14,183.28,False,5372,591
1440,240801,2024-08-31 16:43:52,2,false_positive_cleared,2.61,64.43,False,2693,220
1442,241248,2024-09-01 03:46:22,2,false_positive_cleared,4.2,284.34,False,3288,584
1443,241256,2024-09-01 04:01:06,2,false_positive_cleared,5.37,6.03,False,3048,404
1444,241276,2024-09-01 04:28:10,2,false_positive_cleared,16.84,23.39,False,1111,314
1445,241323,2024-09-01 05:37:36,2,confirmed_fraud,15.1,4.99,False,4488,265
1446,241368,2024-09-01 06:29:46,2,false_positive_cleared,18.35,3.07,False,1152,485
1447,241978,2024-09-01 21:55:42,2,false_positive_cleared,2.03,5239.47,False,2583,424
1448,242054,2024-09-01 23:41:43,2,false_positive_cleared,1.82,2661.92,False,5634,126
1449,242141,2024-09-02 01:39:07,2,false_positive_cleared,24.9,8795.42,False,816,242
1450,242206,2024-09-02 03:15:34,2,false_positive_cleared,27.81,156.31,False,393,767
1451,242319,2024-09-02 05:41:01,2,confirmed_fraud,3.4,1636.95,False,3072,592
1452,242320,2024-09-02 05:42:16,2,confirmed_fraud,30.86,16.31,True,4612,193
1453,242672,2024-09-02 14:23:51,2,false_positive_cleared,6.96,1944.88,False,577,785
1455,242739,2024-09-02 16:08:23,0,false_positive_cleared,10.73,5.73,False,5861,40
1454,242894,2024-09-02 20:22:55,2,false_positive_cleared,8.51,12045.26,False,3773,186
1456,243557,2024-09-03 11:17:14,2,false_positive_cleared,21.91,106.5,False,3157,666
1457,243660,2024-09-03 13:48:31,2,false_positive_cleared,22.9,6.85,False,67,302
1458,243736,2024-09-03 15:29:20,2,false_positive_cleared,19.76,23.93,False,744,538
1459,243938,2024-09-03 19:53:20,2,false_positive_cleared,3.32,4128.78,False,4582,697
1465,244153,2024-09-04 00:42:05,0,false_positive_cleared,16.28,81.8,False,2140,347
1464,244205,2024-09-04 01:41:24,0,confirmed_fraud,7.86,292.29,False,391,236
1461,244601,2024-09-04 10:49:49,2,false_positive_cleared,21.52,187.27,False,2924,638
1460,244721,2024-09-04 13:50:02,2,false_positive_cleared,14.36,203.94,False,2,419
1462,244903,2024-09-04 17:43:12,2,confirmed_fraud,4.8,127.32,False,1304,140
1463,244936,2024-09-04 18:22:58,2,false_positive_cleared,9.31,15.5,False,191,629
1466,245271,2024-09-05 01:59:00,2,false_positive_cleared,22.49,2.29,False,1103,11
1467,245273,2024-09-05 02:03:51,2,false_positive_cleared,9.12,139.21,False,1397,577
1468,245427,2024-09-05 05:25:11,2,false_positive_cleared,8.29,3945.43,False,1850,330
1469,245586,2024-09-05 09:11:47,2,false_positive_cleared,11.5,9991.53,False,2040,156
1470,245660,2024-09-05 10:47:07,2,false_positive_cleared,41.88,14.36,False,783,599
1471,245679,2024-09-05 11:14:14,2,false_positive_cleared,4.84,1709.82,False,3718,206
1472,245731,2024-09-05 12:20:25,2,false_positive_cleared,23.92,68.44,False,4518,243
1473,245765,2024-09-05 13:24:09,2,false_positive_cleared,5.56,1762.75,False,1784,365
1474,246141,2024-09-05 22:34:02,2,confirmed_fraud,10.45,163.13,True,873,791
1475,246229,2024-09-06 00:36:43,2,false_positive_cleared,6.81,15.91,False,1673,75
1487,246312,2024-09-06 02:39:34,0,false_positive_cleared,4.6,12.32,False,2204,603
1476,246389,2024-09-06 04:31:27,2,false_positive_cleared,9.69,2160.35,False,2523,436
1477,246391,2024-09-06 04:31:40,2,false_positive_cleared,4.9,35.99,False,5096,566
1486,246460,2024-09-06 06:18:43,0,confirmed_fraud,6.42,21.38,False,2536,230
1479,246521,2024-09-06 07:54:09,2,false_positive_cleared,2.68,18.31,False,2915,547
1478,246594,2024-09-06 09:37:43,2,false_positive_cleared,6.33,707.83,False,39,737
1482,246738,2024-09-06 13:17:04,2,false_positive_cleared,10.03,89.25,False,5785,681
1483,246918,2024-09-06 18:05:29,2,false_positive_cleared,5.69,123.93,False,1753,647
1480,246922,2024-09-06 18:07:49,2,false_positive_cleared,7.93,94.27,False,1742,21
1481,247002,2024-09-06 20:09:22,2,false_positive_cleared,8.99,2347.95,False,4821,251
1484,247022,2024-09-06 20:54:37,2,false_positive_cleared,27.44,293.22,False,3689,411
1485,247094,2024-09-06 22:19:33,2,false_positive_cleared,9.84,2552.32,False,4998,483
1489,247155,2024-09-07 00:11:01,2,false_positive_cleared,4.81,92.96,False,1885,137
1488,247484,2024-09-07 08:13:20,3,confirmed_fraud,4.52,198.0,True,1215,268
1490,247598,2024-09-07 10:59:35,2,false_positive_cleared,32.59,180.19,False,2924,690
1491,247630,2024-09-07 11:47:36,2,false_positive_cleared,18.87,5211.5,False,1699,577
1492,248349,2024-09-08 06:30:10,2,false_positive_cleared,13.7,2726.56,False,1231,78
1493,248493,2024-09-08 10:01:58,2,false_positive_cleared,5.83,1465.85,False,5466,45
1494,248536,2024-09-08 11:17:54,2,false_positive_cleared,6.21,1980.51,False,3469,587
1495,248602,2024-09-08 13:09:08,2,false_positive_cleared,5.81,1844.82,False,4677,278
1499,248645,2024-09-08 14:00:07,0,false_positive_cleared,13.25,66.61,False,4876,90
1496,248849,2024-09-08 19:12:31,2,confirmed_fraud,9.18,171.82,True,1215,547
1497,248910,2024-09-08 20:41:03,2,false_positive_cleared,3.23,30.22,False,4526,279
1498,248994,2024-09-08 22:23:46,2,confirmed_fraud,9.92,310.02,False,1620,177
1508,249191,2024-09-09 04:02:53,0,false_positive_cleared,3.91,14.37,False,2254,593
1502,249223,2024-09-09 05:06:33,2,confirmed_fraud,7.62,239.02,False,2027,326
1504,249294,2024-09-09 06:39:13,2,false_positive_cleared,10.18,866.83,False,4151,597
1503,249337,2024-09-09 07:46:36,2,confirmed_fraud,11.7,5681.93,True,2596,580
1501,249415,2024-09-09 09:22:18,2,false_positive_cleared,11.65,6811.78,False,4944,662
1506,249454,2024-09-09 10:18:46,2,false_positive_cleared,5.35,4537.01,False,4182,202
1505,249476,2024-09-09 10:52:54,2,false_positive_cleared,5.41,2689.13,False,4944,591
1500,249569,2024-09-09 13:13:46,3,false_positive_cleared,7.12,2211.38,False,5694,637
1507,249601,2024-09-09 13:46:04,2,false_positive_cleared,15.94,5.49,False,3869,161
1509,250209,2024-09-10 04:21:40,2,false_positive_cleared,14.59,364.68,False,2928,516
1510,250587,2024-09-10 14:21:06,2,confirmed_fraud,22.89,1604.83,False,4107,466
1511,250722,2024-09-10 17:45:32,2,false_positive_cleared,8.97,46.79,False,2338,745
1512,250875,2024-09-10 21:33:17,2,confirmed_fraud,17.4,177.41,False,5702,493
1513,250932,2024-09-10 22:53:38,2,false_positive_cleared,14.9,2045.09,False,1922,734
1514,251176,2024-09-11 04:40:26,2,false_positive_cleared,0.23,1098.62,False,3532,254
1515,251266,2024-09-11 06:36:46,2,false_positive_cleared,1.98,22.43,False,1047,336
1516,251330,2024-09-11 08:07:47,2,false_positive_cleared,3.15,2495.61,False,3469,700
1517,251436,2024-09-11 10:56:55,2,false_positive_cleared,10.45,3.44,False,4900,141
1518,251470,2024-09-11 11:44:32,2,false_positive_cleared,9.44,3962.48,False,2285,678
1519,251639,2024-09-11 15:56:58,2,false_positive_cleared,27.06,49.05,False,2871,161
1520,251690,2024-09-11 17:08:59,2,false_positive_cleared,6.77,7446.06,False,4894,790
1521,251786,2024-09-11 19:48:46,2,confirmed_fraud,38.71,12.39,True,2761,321
1522,252301,2024-09-12 08:25:37,2,false_positive_cleared,13.77,98.51,False,731,635
1523,252405,2024-09-12 10:50:30,2,false_positive_cleared,4.75,82.23,False,1633,49
1524,252627,2024-09-12 16:25:01,2,false_positive_cleared,11.24,145.73,False,1879,314
1525,252841,2024-09-12 21:40:45,2,false_positive_cleared,15.0,183.84,False,210,554
1526,252866,2024-09-12 22:19:56,2,false_positive_cleared,4.87,34.84,False,4839,724
1527,253867,2024-09-13 22:28:53,0,false_positive_cleared,4.94,1092.99,False,1908,27
1528,254039,2024-09-14 02:47:59,2,false_positive_cleared,5.46,2667.6,False,4928,526
1534,254061,2024-09-14 03:11:39,0,false_positive_cleared,9.85,26.34,False,2122,500
1529,254221,2024-09-14 07:01:16,2,false_positive_cleared,18.85,7537.24,False,2285,563
1530,254386,2024-09-14 10:54:17,2,false_positive_cleared,37.38,40.48,False,1140,766
1533,254587,2024-09-14 15:29:01,1,false_positive_cleared,4.8,586.86,False,1318,346
1532,254607,2024-09-14 15:52:04,2,false_positive_cleared,7.69,1737.87,False,4294,343
1531,254773,2024-09-14 19:55:30,2,false_positive_cleared,4.18,17.58,False,2542,583
1535,255359,2024-09-15 09:02:17,2,false_positive_cleared,4.66,18.08,False,3326,268
1536,255388,2024-09-15 09:46:16,2,false_positive_cleared,4.38,33.17,False,2126,776
1537,255423,2024-09-15 10:22:24,2,false_positive_cleared,3.92,456.65,False,3110,38
1538,255715,2024-09-15 17:01:30,2,false_positive_cleared,13.82,2267.65,False,1592,508
1539,255739,2024-09-15 17:38:11,2,false_positive_cleared,29.62,1672.37,False,4929,777
1540,256320,2024-09-16 07:36:45,2,confirmed_fraud,8.78,114.14,False,4414,678
1541,256419,2024-09-16 09:45:52,2,false_positive_cleared,22.33,177.28,False,5554,428
1542,256534,2024-09-16 12:26:18,2,confirmed_fraud,14.53,76.57,True,4268,692
1543,256713,2024-09-16 16:50:46,2,confirmed_fraud,10.21,15.37,False,3058,784
1544,256869,2024-09-16 21:18:33,2,false_positive_cleared,12.02,353.59,False,3057,540
1545,256980,2024-09-17 00:09:32,2,false_positive_cleared,6.25,155.23,False,1343,295
1546,257042,2024-09-17 01:42:08,2,false_positive_cleared,9.43,139.75,False,3288,11
1547,257215,2024-09-17 05:30:16,2,false_positive_cleared,17.9,472.92,False,590,787
1548,257225,2024-09-17 05:38:20,2,false_positive_cleared,53.11,287.81,False,2156,76
1549,257291,2024-09-17 07:01:02,2,false_positive_cleared,17.04,43.66,False,1162,661
1550,257413,2024-09-17 09:59:20,2,false_positive_cleared,3.65,2046.98,False,2999,354
1551,257422,2024-09-17 10:10:47,2,false_positive_cleared,12.76,3787.63,False,1592,539
1552,257462,2024-09-17 11:18:00,2,false_positive_cleared,14.88,10.48,False,3878,642
1553,257516,2024-09-17 12:28:32,2,false_positive_cleared,5.34,80.9,False,5422,261
1554,257541,2024-09-17 13:12:47,2,confirmed_fraud,6.11,8.66,False,576,79
1557,257760,2024-09-17 19:16:05,0,false_positive_cleared,17.91,129.04,False,1159,660
1555,257777,2024-09-17 19:45:39,2,false_positive_cleared,15.14,1840.16,False,1749,795
1556,257789,2024-09-17 20:13:30,2,false_positive_cleared,8.64,139.84,False,4197,590
1562,258154,2024-09-18 04:20:34,0,false_positive_cleared,11.14,31.93,False,3259,99
1558,258286,2024-09-18 07:36:41,2,false_positive_cleared,20.04,3966.45,False,2132,738
1560,258361,2024-09-18 09:30:44,2,false_positive_cleared,1.88,33.81,False,222,610
1559,258591,2024-09-18 14:58:41,2,false_positive_cleared,9.62,1826.15,False,1299,370
1561,258788,2024-09-18 18:57:41,2,false_positive_cleared,0.97,2781.02,False,4445,526
1563,259041,2024-09-19 01:11:13,2,false_positive_cleared,11.47,1908.93,False,1292,573
1564,259084,2024-09-19 02:10:08,2,false_positive_cleared,6.98,268.82,False,3057,479
1565,259090,2024-09-19 02:15:38,2,false_positive_cleared,17.01,86.62,False,2930,700
1566,259171,2024-09-19 04:02:08,2,false_positive_cleared,15.32,3404.91,False,4182,146
1571,259197,2024-09-19 04:36:04,0,false_positive_cleared,12.45,47.18,False,1,86
1567,259425,2024-09-19 10:31:20,2,false_positive_cleared,9.38,14.14,False,3837,695
1569,259676,2024-09-19 16:49:07,2,false_positive_cleared,9.07,418.19,False,2286,778
1568,259782,2024-09-19 19:22:19,2,false_positive_cleared,19.43,61.32,False,2903,540
1570,259923,2024-09-19 22:08:25,2,false_positive_cleared,12.12,284.58,False,359,517
1572,260180,2024-09-20 04:21:13,2,false_positive_cleared,34.72,6357.66,False,1363,17
1576,260222,2024-09-20 05:09:33,0,false_positive_cleared,19.05,147.39,False,1219,487
1577,260424,2024-09-20 10:04:32,0,false_positive_cleared,7.48,95.23,False,1264,567
1573,260632,2024-09-20 14:55:29,2,false_positive_cleared,11.65,8.02,False,525,43
1575,260647,2024-09-20 15:10:58,2,false_positive_cleared,10.35,833.56,False,110,176
1574,260797,2024-09-20 19:41:30,2,false_positive_cleared,20.84,79.9,False,5246,263
1578,261036,2024-09-21 01:46:14,2,false_positive_cleared,8.6,171.71,False,1441,572
1579,261207,2024-09-21 05:53:30,2,false_positive_cleared,15.62,1872.25,False,4582,358
1580,261346,2024-09-21 09:07:37,2,false_positive_cleared,10.78,8.83,False,1820,99
1581,261754,2024-09-21 18:45:19,2,false_positive_cleared,21.19,6723.1,False,4582,343
1582,261972,2024-09-22 00:13:32,2,false_positive_cleared,6.82,8.63,False,770,4
1583,261993,2024-09-22 00:34:39,2,false_positive_cleared,3.59,65.85,False,5383,231
1584,262400,2024-09-22 11:16:44,2,false_positive_cleared,0.55,173.46,False,3333,166
1585,262477,2024-09-22 12:50:52,2,false_positive_cleared,10.49,4436.19,False,4821,138
1586,262664,2024-09-22 17:23:32,0,false_positive_cleared,54.36,13.57,False,2770,408
1587,263017,2024-09-23 02:18:13,2,false_positive_cleared,20.63,150.62,False,2711,487
1588,263297,2024-09-23 09:26:04,2,false_positive_cleared,27.44,5.74,False,880,32
1589,263364,2024-09-23 10:59:58,2,false_positive_cleared,2.76,17.21,False,954,596
1590,263367,2024-09-23 11:04:43,2,false_positive_cleared,3.4,4.69,False,552,311
1591,263403,2024-09-23 12:02:07,2,false_positive_cleared,17.43,1847.48,False,2928,774
1592,263424,2024-09-23 12:28:36,2,false_positive_cleared,7.94,7234.65,False,245,306
1593,263488,2024-09-23 13:52:22,2,false_positive_cleared,13.72,9910.33,False,4699,372
1594,263550,2024-09-23 15:20:56,2,false_positive_cleared,0.98,13.78,False,2749,14
1595,263561,2024-09-23 15:33:01,2,false_positive_cleared,2.71,247.69,False,1447,572
1597,263663,2024-09-23 17:47:21,0,false_positive_cleared,16.49,119.27,False,3944,258
1596,263720,2024-09-23 19:10:12,1,false_positive_cleared,13.86,144.9,False,3613,132
1598,263956,2024-09-24 00:17:10,2,false_positive_cleared,14.2,13.38,False,874,584
1599,263970,2024-09-24 00:37:24,2,false_positive_cleared,16.03,337.0,False,1655,512
1600,264121,2024-09-24 04:08:36,2,false_positive_cleared,0.8,321.98,False,5593,582
1601,264221,2024-09-24 06:26:25,2,false_positive_cleared,48.12,125.18,False,5891,658
1602,264373,2024-09-24 09:48:19,2,false_positive_cleared,1.86,20.93,False,981,713
1603,264665,2024-09-24 16:36:26,2,confirmed_fraud,2.18,70.03,True,2330,156
1604,264885,2024-09-24 21:55:18,0,false_positive_cleared,10.09,222.2,False,5543,654
1605,264893,2024-09-24 22:04:43,0,false_positive_cleared,5.06,79.38,False,1784,62
1606,265002,2024-09-25 01:06:17,2,false_positive_cleared,26.83,135.65,False,5731,198
1613,265116,2024-09-25 03:48:50,0,false_positive_cleared,4.75,55.59,False,2680,689
1607,265124,2024-09-25 03:56:23,2,false_positive_cleared,17.95,2744.94,False,3362,261
1608,265521,2024-09-25 13:59:55,2,false_positive_cleared,14.49,266.08,False,4615,728
1609,265527,2024-09-25 14:04:49,2,false_positive_cleared,15.24,9314.68,False,2285,69
1614,265581,2024-09-25 15:15:14,0,false_positive_cleared,6.93,45.06,False,4510,365
1610,265734,2024-09-25 18:43:42,2,false_positive_cleared,4.36,3780.65,False,1220,466
1612,265808,2024-09-25 20:23:52,2,false_positive_cleared,29.3,218.09,False,4721,674
1611,265929,2024-09-25 22:50:48,2,false_positive_cleared,19.32,3084.24,False,494,353
1615,266059,2024-09-26 02:07:22,2,false_positive_cleared,32.52,3304.87,False,2586,31
1616,266214,2024-09-26 05:39:44,2,false_positive_cleared,6.7,79.59,False,740,544
1617,266244,2024-09-26 06:21:09,2,false_positive_cleared,3.17,28.28,False,3885,504
1619,266246,2024-09-26 06:21:49,0,false_positive_cleared,6.16,581.98,False,591,190
1620,266588,2024-09-26 14:54:46,0,false_positive_cleared,18.32,3.9,False,4435,725
1618,266699,2024-09-26 17:28:31,2,false_positive_cleared,13.35,20.53,False,3004,259
1621,267272,2024-09-27 06:47:47,2,false_positive_cleared,17.16,253.78,False,4656,577
1622,267324,2024-09-27 07:47:35,2,false_positive_cleared,10.52,1773.99,False,4582,623
1623,267473,2024-09-27 11:11:50,2,false_positive_cleared,25.75,28.19,False,5181,144
1624,267614,2024-09-27 14:39:05,2,false_positive_cleared,19.02,493.14,False,4823,273
1633,268099,2024-09-28 01:55:01,0,false_positive_cleared,12.49,478.64,False,2026,481
1625,268514,2024-09-28 11:32:49,2,false_positive_cleared,16.52,1711.71,False,2098,566
1626,268559,2024-09-28 12:40:08,2,false_positive_cleared,9.31,114.99,False,4008,112
1634,268576,2024-09-28 12:59:57,0,false_positive_cleared,11.78,32.19,False,3565,445
1632,268683,2024-09-28 15:24:08,1,false_positive_cleared,6.29,107.71,False,4284,229
1628,268696,2024-09-28 15:39:05,2,false_positive_cleared,11.91,506.39,False,2928,99
1630,268918,2024-09-28 20:58:06,2,false_positive_cleared,6.8,54.73,False,3061,723
1629,268941,2024-09-28 21:43:32,2,false_positive_cleared,19.21,48.25,False,5928,86
1627,268976,2024-09-28 22:38:12,2,false_positive_cleared,18.02,4671.18,False,791,311
1631,269011,2024-09-28 23:23:18,2,false_positive_cleared,5.62,43.02,False,3914,638
1635,269299,2024-09-29 06:33:02,2,false_positive_cleared,9.7,35.23,False,4757,441
1636,269544,2024-09-29 12:30:14,2,false_positive_cleared,17.43,112.5,False,1623,198
1637,269795,2024-09-29 18:33:36,2,false_positive_cleared,8.3,6.16,False,3959,784
1640,269916,2024-09-29 21:09:53,0,false_positive_cleared,11.27,146.14,False,2894,252
1638,269926,2024-09-29 21:18:47,2,false_positive_cleared,21.96,1043.52,False,4684,375
1639,269988,2024-09-29 22:46:44,2,false_positive_cleared,12.15,276.52,False,3019,661
1641,270250,2024-09-30 05:35:55,2,false_positive_cleared,1.67,9.06,False,838,509
1646,270357,2024-09-30 08:19:18,0,false_positive_cleared,5.55,20.08,False,1927,154
1642,270545,2024-09-30 13:29:45,2,false_negative_cleared,32.23,37.58,True,2878,798
1644,270560,2024-09-30 13:52:25,2,confirmed_fraud,14.56,722.38,True,2393,340
1643,270568,2024-09-30 14:02:24,2,false_positive_cleared,1.0,36.93,False,1678,778
1645,270945,2024-09-30 23:22:35,2,false_positive_cleared,10.77,100.44,False,3510,571
1647,270983,2024-10-01 00:17:29,2,false_positive_cleared,25.46,281.3,False,3588,23
1648,271042,2024-10-01 01:57:08,2,false_positive_cleared,8.35,20.67,False,2086,771
1649,271138,2024-10-01 03:53:08,2,false_positive_cleared,17.02,79.58,False,4506,358
1650,271296,2024-10-01 07:31:40,2,false_positive_cleared,11.01,366.38,False,3578,106
1651,271369,2024-10-01 09:07:36,2,false_positive_cleared,9.23,14.78,False,1297,207
1652,271421,2024-10-01 10:31:35,2,false_positive_cleared,5.35,1816.97,False,4310,203
1653,271648,2024-10-01 16:15:35,2,false_positive_cleared,15.15,159.2,False,1204,285
1654,271690,2024-10-01 17:20:42,2,false_positive_cleared,12.77,45.62,False,3315,777
1658,271695,2024-10-01 17:26:51,0,false_positive_cleared,7.17,41.75,False,621,153
1655,271772,2024-10-01 19:27:26,2,false_positive_cleared,26.2,44.16,False,3488,525
1656,271848,2024-10-01 21:14:10,2,false_positive_cleared,1.98,684.7,False,995,696
1657,271870,2024-10-01 21:46:22,2,false_positive_cleared,4.21,49.73,False,4526,167
1659,272046,2024-10-02 02:09:39,2,false_positive_cleared,54.24,1622.28,False,2596,242
1661,273102,2024-10-03 04:10:17,2,confirmed_fraud,9.64,2469.55,False,844,112
1662,273162,2024-10-03 05:37:08,2,confirmed_fraud,5.1,4258.52,False,2675,548
1663,273201,2024-10-03 06:26:56,2,false_positive_cleared,6.15,1652.81,False,2299,687
1664,273280,2024-10-03 08:18:39,2,false_positive_cleared,5.04,1838.3,False,2570,268
1660,273427,2024-10-03 11:53:06,3,false_positive_cleared,14.13,3148.45,False,1922,798
1665,273597,2024-10-03 15:47:54,2,false_positive_cleared,15.23,63.51,False,5786,118
1666,273686,2024-10-03 18:09:56,2,false_positive_cleared,42.07,8.96,False,665,685
1667,273725,2024-10-03 19:19:56,2,false_positive_cleared,9.97,20.82,False,3798,563
1669,273879,2024-10-03 22:58:46,1,false_positive_cleared,20.79,2722.64,False,4968,304
1668,273913,2024-10-03 23:55:59,2,false_positive_cleared,13.98,335.52,False,2107,528
1670,273965,2024-10-04 01:06:16,3,false_positive_cleared,2.56,56.82,False,3441,525
1671,273973,2024-10-04 01:12:29,2,confirmed_fraud,1.18,850.08,True,4264,111
1672,274090,2024-10-04 04:24:49,2,confirmed_fraud,4.05,6266.99,True,2168,150
1673,274093,2024-10-04 04:30:42,2,false_positive_cleared,1.03,42.57,False,5045,254
1674,274119,2024-10-04 05:11:18,2,false_positive_cleared,12.46,4622.25,False,2717,329
1675,274310,2024-10-04 09:51:44,2,false_positive_cleared,21.3,17.64,False,2585,425
1676,274340,2024-10-04 10:33:13,2,false_positive_cleared,2.68,20.24,False,2177,95
1677,274448,2024-10-04 13:23:19,2,false_positive_cleared,11.76,1627.79,False,3962,169
1678,274536,2024-10-04 15:22:30,2,false_positive_cleared,34.98,4063.91,False,1443,704
1679,274630,2024-10-04 17:35:44,2,false_positive_cleared,11.89,34.16,False,3575,596
1680,274648,2024-10-04 17:57:39,2,false_positive_cleared,5.62,1178.69,False,1388,171
1682,274730,2024-10-04 20:05:29,1,false_positive_cleared,10.92,9.09,False,3751,46
1681,274864,2024-10-04 22:53:18,2,false_positive_cleared,10.44,120.72,False,1714,209
1683,274948,2024-10-05 01:10:38,2,false_positive_cleared,19.38,55.25,False,3842,154
1689,275098,2024-10-05 04:12:51,0,false_positive_cleared,10.25,136.02,False,735,60
1684,275115,2024-10-05 04:35:26,2,false_positive_cleared,2.44,32.29,False,4435,708
1685,275266,2024-10-05 08:20:12,2,false_positive_cleared,12.63,45.34,False,2419,229
1687,275461,2024-10-05 13:20:29,2,false_positive_cleared,6.26,31.66,False,860,214
1686,275589,2024-10-05 16:18:55,2,false_positive_cleared,5.72,36.48,False,5651,376
1688,275882,2024-10-05 23:38:11,2,false_positive_cleared,7.65,1818.7,False,4036,646
1690,276028,2024-10-06 03:43:21,2,false_positive_cleared,9.26,2091.81,False,4036,760
1691,276219,2024-10-06 08:03:53,2,false_positive_cleared,9.78,3173.46,False,4444,42
1699,276947,2024-10-07 02:03:14,0,false_positive_cleared,8.2,175.05,False,4054,597
1700,277106,2024-10-07 05:54:00,0,confirmed_fraud,11.97,43.32,False,3382,283
1692,277122,2024-10-07 06:15:25,2,false_positive_cleared,6.7,7868.81,False,4751,366
1694,277197,2024-10-07 08:08:19,2,false_positive_cleared,18.18,71.1,False,4855,431
1695,277208,2024-10-07 08:19:32,2,false_positive_cleared,2.49,6410.34,False,5541,449
1696,277534,2024-10-07 16:21:47,2,false_positive_cleared,11.57,6247.61,False,1850,586
1698,277597,2024-10-07 17:51:48,2,false_positive_cleared,8.7,3572.12,False,2119,465
1693,277810,2024-10-07 22:56:56,2,false_positive_cleared,10.18,8244.85,False,2567,422
1697,277825,2024-10-07 23:09:31,2,false_positive_cleared,6.46,404.48,False,1557,77
1701,278043,2024-10-08 04:27:49,2,confirmed_fraud,5.46,18.18,False,830,253
1702,278412,2024-10-08 13:22:14,2,confirmed_fraud,9.2,47.73,True,4943,206
1703,278413,2024-10-08 13:22:14,2,false_positive_cleared,4.05,1798.39,False,5270,162
1704,278481,2024-10-08 14:40:36,2,false_positive_cleared,10.07,3210.13,False,3727,389
1707,279463,2024-10-09 14:56:03,0,false_positive_cleared,6.59,20.16,False,5616,542
1705,279683,2024-10-09 20:11:00,2,false_positive_cleared,13.57,1652.44,False,2675,312
1708,279764,2024-10-09 21:56:49,0,false_positive_cleared,4.28,37.21,False,4749,407
1706,279771,2024-10-09 22:07:57,2,false_positive_cleared,22.64,5456.04,False,2285,125
1709,280258,2024-10-10 10:15:21,2,confirmed_fraud,8.04,2149.15,True,3202,586
1710,280277,2024-10-10 10:41:43,2,false_positive_cleared,15.08,185.78,False,5580,614
1711,280424,2024-10-10 14:19:29,2,false_positive_cleared,0.16,32.76,False,2393,748
1712,281143,2024-10-11 07:30:25,2,false_positive_cleared,12.91,3754.74,False,2406,718
1713,281601,2024-10-11 18:36:52,2,false_positive_cleared,12.62,58.59,False,4018,755
1714,281686,2024-10-11 20:42:08,2,false_positive_cleared,17.62,629.03,False,448,785
1715,281719,2024-10-11 21:37:19,2,false_positive_cleared,19.27,49.9,False,546,85
1716,281867,2024-10-12 00:37:07,2,confirmed_fraud,10.17,18.44,True,533,191
1718,282285,2024-10-12 11:31:51,0,false_positive_cleared,3.72,7.45,False,951,589
1717,282794,2024-10-12 23:40:03,2,false_positive_cleared,13.39,330.86,False,2669,762
1719,282807,2024-10-13 00:02:49,2,false_positive_cleared,20.85,2179.5,False,4630,8
1726,282853,2024-10-13 01:03:02,0,false_positive_cleared,9.03,1384.67,False,4128,523
1725,282925,2024-10-13 02:32:24,0,false_positive_cleared,22.65,54.1,False,1906,268
1720,283172,2024-10-13 08:07:59,2,false_positive_cleared,8.66,14.38,False,1059,127
1724,283309,2024-10-13 11:31:33,0,false_positive_cleared,10.01,11.59,False,3862,601
1723,283341,2024-10-13 12:22:11,2,false_positive_cleared,28.94,847.93,False,2655,519
1727,283464,2024-10-13 15:36:02,0,false_positive_cleared,3.75,1131.38,False,2358,670
1722,283529,2024-10-13 17:06:52,2,false_positive_cleared,6.16,7.64,False,339,54
1721,283569,2024-10-13 17:58:17,2,false_positive_cleared,23.09,2040.06,False,5068,317
1728,283939,2024-10-14 03:35:03,2,false_positive_cleared,21.13,9.26,False,567,55
1737,283977,2024-10-14 04:26:55,1,false_positive_cleared,24.09,235.16,False,1434,645
1729,284149,2024-10-14 08:19:21,2,false_positive_cleared,1.86,201.75,False,2964,114
1731,284320,2024-10-14 11:58:18,2,false_positive_cleared,10.86,858.87,False,3914,613
1732,284475,2024-10-14 15:44:04,2,false_positive_cleared,7.46,1646.14,False,2196,323
1733,284584,2024-10-14 18:19:34,2,false_positive_cleared,38.16,7.83,False,189,45
1730,284618,2024-10-14 19:14:25,2,false_positive_cleared,10.82,3583.85,False,1962,575
1735,284672,2024-10-14 20:32:21,2,false_positive_cleared,7.81,2999.97,False,2383,69
1734,284676,2024-10-14 20:45:10,2,false_positive_cleared,11.15,49.66,False,1082,353
1736,284678,2024-10-14 20:45:49,2,false_positive_cleared,30.28,28.89,False,2546,718
1738,284885,2024-10-15 01:43:29,2,false_positive_cleared,2.58,2044.79,False,286,238
1739,285130,2024-10-15 06:59:40,2,false_positive_cleared,7.1,1064.24,False,3299,278
1740,285508,2024-10-15 16:44:25,2,false_positive_cleared,4.86,3207.71,False,4998,599
1741,285563,2024-10-15 18:02:40,2,false_positive_cleared,18.07,2411.05,False,794,766
1742,285770,2024-10-15 23:03:41,2,false_positive_cleared,18.86,13.27,False,4681,642
1743,285833,2024-10-16 01:07:27,3,false_positive_cleared,5.34,1934.32,False,3912,130
1744,285861,2024-10-16 01:51:40,2,false_positive_cleared,8.2,900.1,False,2628,92
1745,286174,2024-10-16 09:09:27,2,confirmed_fraud,4.83,30.98,False,5252,133
1746,286488,2024-10-16 16:23:12,2,false_positive_cleared,35.43,52.25,False,112,724
1747,286508,2024-10-16 16:47:11,2,false_positive_cleared,44.03,2.76,False,817,542
1748,286691,2024-10-16 21:27:01,2,false_positive_cleared,11.93,2243.92,False,342,181
1749,286800,2024-10-17 00:02:37,2,confirmed_fraud,16.39,2328.66,False,2658,186
1750,286867,2024-10-17 01:29:28,2,false_positive_cleared,7.61,28.34,False,3847,71
1751,287110,2024-10-17 07:31:50,2,false_positive_cleared,19.01,1969.91,False,2615,534
1752,287323,2024-10-17 12:41:55,2,false_positive_cleared,11.56,154.0,False,1355,91
1753,287402,2024-10-17 14:53:40,2,false_positive_cleared,27.03,555.97,False,4491,140
1754,287462,2024-10-17 16:19:50,2,false_positive_cleared,10.11,12.85,False,5895,625
1755,287636,2024-10-17 20:53:52,2,false_positive_cleared,6.45,301.03,False,4795,668
1757,287847,2024-10-18 02:19:50,2,false_positive_cleared,15.97,262.35,False,4387,35
1758,287905,2024-10-18 04:07:23,2,false_positive_cleared,3.18,43.37,False,5690,444
1759,287938,2024-10-18 04:49:52,2,false_positive_cleared,3.85,1978.77,False,5348,103
1756,288152,2024-10-18 09:43:22,3,false_positive_cleared,21.5,3867.02,False,5033,293
1760,288212,2024-10-18 11:12:46,2,false_positive_cleared,2.6,211.91,False,779,193
1761,288314,2024-10-18 14:10:53,2,false_positive_cleared,12.91,262.7,False,1077,44
1762,288901,2024-10-19 05:10:01,2,false_positive_cleared,5.09,324.49,False,3416,334
1763,288931,2024-10-19 05:42:59,2,false_positive_cleared,10.41,2285.91,False,5357,147
1764,289213,2024-10-19 12:46:26,2,false_positive_cleared,15.56,8782.26,False,5357,789
1765,289496,2024-10-19 20:23:35,2,false_positive_cleared,8.73,73.52,False,2513,493
1766,289757,2024-10-20 02:54:00,2,false_positive_cleared,15.36,450.78,False,2198,458
1767,289763,2024-10-20 03:02:04,2,false_positive_cleared,4.78,136.02,False,2650,307
1768,289819,2024-10-20 04:37:56,2,false_positive_cleared,16.26,2.69,False,2209,330
1769,289833,2024-10-20 04:55:58,2,false_positive_cleared,15.0,427.32,False,1278,390
1770,290002,2024-10-20 09:26:48,2,false_positive_cleared,5.95,3558.74,False,643,559
1771,290026,2024-10-20 10:02:30,2,false_positive_cleared,1.94,231.06,False,4155,640
1772,290257,2024-10-20 15:40:57,2,false_positive_cleared,0.59,2380.05,False,4259,335
1773,290281,2024-10-20 16:09:17,2,false_positive_cleared,30.07,29.33,False,5900,496
1774,290535,2024-10-20 22:11:06,2,false_positive_cleared,7.82,1837.4,False,1204,759
1775,290811,2024-10-21 04:17:02,3,false_positive_cleared,11.91,496.63,False,2928,746
1776,291010,2024-10-21 08:19:01,2,false_positive_cleared,27.24,2331.58,False,77,181
1777,291097,2024-10-21 10:30:26,2,false_positive_cleared,6.99,736.65,False,5368,223
1778,291160,2024-10-21 12:14:49,2,false_positive_cleared,6.6,74.21,False,3028,5
1779,291276,2024-10-21 14:55:11,2,false_positive_cleared,16.87,3604.64,False,4333,154
1780,291313,2024-10-21 15:58:27,2,confirmed_fraud,9.31,3939.18,False,2438,44
1781,291416,2024-10-21 18:48:42,2,false_positive_cleared,2.5,28.06,False,1478,670
1782,291424,2024-10-21 18:59:26,2,false_positive_cleared,4.75,368.27,False,3707,404
1783,291552,2024-10-21 21:48:46,2,false_positive_cleared,3.11,2149.77,False,4998,210
1784,291824,2024-10-22 04:25:14,2,false_positive_cleared,36.06,95.32,False,3945,431
1785,291896,2024-10-22 06:24:39,2,confirmed_fraud,15.34,2047.2,True,733,139
1786,291934,2024-10-22 07:24:29,2,false_positive_cleared,2.85,37.74,False,4308,183
1787,292135,2024-10-22 11:48:22,2,false_positive_cleared,4.55,14.8,False,4711,52
1788,292285,2024-10-22 14:56:21,2,false_positive_cleared,25.74,2208.52,False,829,785
1789,292299,2024-10-22 15:18:52,0,false_positive_cleared,29.12,14.67,False,3736,769
1790,292704,2024-10-23 00:40:16,2,false_positive_cleared,16.15,135.06,False,4935,154
1791,293166,2024-10-23 11:15:52,2,false_positive_cleared,30.18,11.47,False,4198,533
1792,293258,2024-10-23 13:34:40,2,false_positive_cleared,6.16,1613.64,False,3893,261
1795,293358,2024-10-23 15:43:00,0,false_positive_cleared,13.13,480.19,False,3008,240
1793,293441,2024-10-23 17:54:24,2,false_positive_cleared,1.7,4693.09,False,5357,524
1794,293644,2024-10-23 22:45:44,2,false_positive_cleared,17.51,15.17,False,5090,73
1796,293936,2024-10-24 06:30:01,2,false_positive_cleared,8.4,1824.81,False,1551,634
1797,294030,2024-10-24 08:53:32,2,false_positive_cleared,5.8,3045.8,False,5142,199
1798,294511,2024-10-24 21:10:50,2,false_positive_cleared,12.9,91.33,False,2730,302
1800,295061,2024-10-25 10:20:18,2,false_positive_cleared,16.31,2435.05,False,2068,18
1801,295594,2024-10-25 22:40:23,2,false_positive_cleared,8.87,2938.26,False,2009,76
1799,295604,2024-10-25 22:57:15,3,false_positive_cleared,1.94,18.34,False,538,761
1802,295773,2024-10-26 03:24:30,2,false_positive_cleared,10.32,7.51,False,5282,116
1803,295839,2024-10-26 04:50:50,2,false_positive_cleared,16.22,116.13,False,1669,783
1804,295889,2024-10-26 06:02:54,2,false_positive_cleared,10.28,148.04,False,4018,588
1805,295895,2024-10-26 06:15:21,2,false_positive_cleared,30.82,1901.39,False,1850,579
1806,295920,2024-10-26 06:51:41,2,false_positive_cleared,8.17,81.43,False,4264,136
1807,296289,2024-10-26 15:55:14,2,false_positive_cleared,14.04,2137.17,False,257,250
1808,296504,2024-10-26 20:46:11,2,false_positive_cleared,2.64,23.79,False,4733,93
1809,296598,2024-10-26 23:04:58,2,confirmed_fraud,4.8,2.65,True,4753,253
1810,296689,2024-10-27 01:22:38,2,false_negative_cleared,12.43,368.22,True,2451,683
1811,296744,2024-10-27 02:51:49,2,false_positive_cleared,23.33,690.07,False,2932,315
1812,296868,2024-10-27 05:30:09,2,false_positive_cleared,16.68,30.02,False,1975,761
1813,296935,2024-10-27 07:13:22,2,confirmed_fraud,10.84,16.14,False,926,229
1814,296986,2024-10-27 08:33:07,2,false_positive_cleared,12.43,297.98,False,5746,509
1815,297098,2024-10-27 11:22:27,2,false_positive_cleared,25.38,3.55,False,4158,324
1816,297160,2024-10-27 12:53:15,2,confirmed_fraud,9.4,256.54,True,168,101
1817,297383,2024-10-27 18:00:13,2,false_positive_cleared,2.72,3893.25,False,5068,564
1818,297501,2024-10-27 20:33:46,2,false_positive_cleared,9.85,1911.25,False,5641,661
1819,297563,2024-10-27 22:07:22,2,false_positive_cleared,16.3,5151.45,False,3478,607
1821,298071,2024-10-28 10:39:04,2,false_positive_cleared,7.79,8460.23,False,5033,225
1823,298481,2024-10-28 20:12:24,0,false_positive_cleared,6.67,251.74,False,1639,443
1822,298530,2024-10-28 21:17:42,2,false_positive_cleared,9.96,10.31,False,623,36
1820,298579,2024-10-28 22:26:09,3,confirmed_fraud,5.65,2174.7,True,1749,96
1824,298858,2024-10-29 04:16:19,2,false_positive_cleared,7.12,2826.56,False,2929,12
1825,299174,2024-10-29 11:48:35,2,false_positive_cleared,14.34,67.3,False,592,439
1826,299187,2024-10-29 12:09:51,2,false_positive_cleared,2.97,73.03,False,4317,247
1827,299215,2024-10-29 12:39:14,2,false_positive_cleared,20.7,3592.04,False,1676,384
1828,299354,2024-10-29 16:00:37,2,false_positive_cleared,32.45,114.53,False,772,56
1829,299406,2024-10-29 17:26:10,2,false_positive_cleared,22.28,2080.29,False,1850,88
1830,299655,2024-10-29 23:27:14,2,false_positive_cleared,12.91,2038.48,False,1705,85
1831,299710,2024-10-30 00:31:07,3,false_positive_cleared,21.19,75.57,False,5756,695
1832,299811,2024-10-30 02:55:11,2,confirmed_fraud,4.72,32.49,True,5070,166
1833,299984,2024-10-30 07:22:49,2,false_positive_cleared,44.87,2343.11,False,2231,41
1834,300119,2024-10-30 10:25:52,2,false_positive_cleared,20.59,1814.46,False,5384,786
1835,300198,2024-10-30 12:07:07,2,false_positive_cleared,12.57,49.82,False,3274,661
1836,300656,2024-10-30 23:05:13,2,false_positive_cleared,14.78,5029.87,False,2863,686
1837,300735,2024-10-31 00:46:46,2,false_positive_cleared,20.09,2399.81,False,3334,416
1838,300775,2024-10-31 01:49:45,2,confirmed_fraud,10.6,4575.4,True,4346,585
1839,300800,2024-10-31 02:19:01,2,false_positive_cleared,11.56,4942.11,False,844,173
1840,300805,2024-10-31 02:27:31,2,false_positive_cleared,9.88,3948.58,False,448,178
1841,300889,2024-10-31 04:05:32,2,false_positive_cleared,16.97,91.57,False,5012,685
1846,301021,2024-10-31 07:24:33,0,false_positive_cleared,7.77,12.55,False,5484,526
1842,301180,2024-10-31 11:13:35,2,confirmed_fraud,4.74,270.15,True,3501,742
1843,301232,2024-10-31 12:33:15,2,false_positive_cleared,45.58,108.39,False,3369,486
1847,301321,2024-10-31 14:43:10,0,false_positive_cleared,6.9,348.13,False,1863,782
1845,301605,2024-10-31 21:22:36,2,false_positive_cleared,14.73,1981.59,False,5368,410
1844,301655,2024-10-31 22:35:56,2,false_positive_cleared,3.89,2750.91,False,2144,246
1848,301831,2024-11-01 03:01:45,2,false_positive_cleared,15.22,51.45,False,5482,109
1849,302086,2024-11-01 09:12:32,2,false_positive_cleared,2.57,129.23,False,4375,774
1850,302298,2024-11-01 15:13:53,2,false_positive_cleared,13.21,2578.19,False,2929,774
1851,302457,2024-11-01 18:59:43,2,false_positive_cleared,20.41,151.27,False,456,582
1852,302597,2024-11-01 22:27:05,2,false_positive_cleared,18.16,116.66,False,4854,360
1853,302703,2024-11-02 01:01:14,2,false_positive_cleared,1.0,26.49,False,4510,756
1854,303341,2024-11-02 15:43:28,2,false_positive_cleared,8.66,77.23,False,870,785
1855,303362,2024-11-02 16:05:02,2,false_positive_cleared,6.92,2689.8,False,5969,223
1856,303390,2024-11-02 16:42:04,2,false_positive_cleared,10.73,6.22,False,607,21
1857,303626,2024-11-02 22:02:58,2,false_positive_cleared,3.89,403.67,False,1541,247
1858,303741,2024-11-03 00:44:28,2,false_positive_cleared,1.14,2612.53,False,2509,276
1859,303780,2024-11-03 01:39:44,2,false_positive_cleared,13.1,151.94,False,5319,155
1860,303901,2024-11-03 04:37:43,2,false_positive_cleared,24.5,20.49,False,2673,384
1861,304222,2024-11-03 12:31:55,2,false_positive_cleared,2.8,135.42,False,549,441
1862,304311,2024-11-03 14:19:45,2,false_positive_cleared,7.52,2001.58,False,3014,52
1863,304485,2024-11-03 19:00:36,2,false_positive_cleared,26.85,175.94,False,386,390
1864,304864,2024-11-04 03:26:09,2,confirmed_fraud,2.09,2366.96,True,3334,99
1871,304949,2024-11-04 05:37:38,0,false_positive_cleared,3.86,9.56,False,3697,166
1865,305016,2024-11-04 07:11:05,2,false_positive_cleared,32.49,268.95,False,5462,601
1867,305256,2024-11-04 13:08:42,2,false_positive_cleared,7.24,2025.06,False,1887,742
1872,305387,2024-11-04 16:38:14,0,false_positive_cleared,9.66,129.53,False,167,672
1868,305413,2024-11-04 17:17:18,2,false_positive_cleared,18.53,1921.56,False,55,712
1869,305496,2024-11-04 19:13:17,2,false_positive_cleared,23.16,2268.75,False,407,43
1870,305556,2024-11-04 20:55:38,2,false_positive_cleared,2.65,1296.95,False,5372,785
1866,305613,2024-11-04 22:43:44,2,false_positive_cleared,6.55,128.18,False,2693,575
1873,305614,2024-11-04 22:44:29,0,false_positive_cleared,5.22,71.72,False,916,179
1874,305661,2024-11-05 00:03:46,2,false_positive_cleared,6.29,59.65,False,71,791
1882,305815,2024-11-05 03:35:54,0,false_positive_cleared,5.04,114.79,False,4935,570
1875,305940,2024-11-05 06:13:56,2,false_positive_cleared,11.36,51.32,False,2987,632
1881,306192,2024-11-05 12:03:49,0,false_positive_cleared,11.95,46.72,False,2329,428
1876,306357,2024-11-05 16:32:50,2,false_positive_cleared,14.07,3112.5,False,5375,609
1878,306413,2024-11-05 17:40:07,2,false_positive_cleared,27.09,73.74,False,1092,623
1877,306430,2024-11-05 17:57:51,2,false_positive_cleared,26.19,231.03,False,368,584
1879,306455,2024-11-05 18:35:49,2,false_positive_cleared,20.8,89.63,False,4208,718
1880,306473,2024-11-05 18:59:44,2,false_positive_cleared,1.77,1857.51,False,4628,583
1883,306773,2024-11-06 02:28:48,2,false_positive_cleared,4.53,19901.38,False,1850,223
1884,307174,2024-11-06 12:37:10,2,false_positive_cleared,7.79,1818.19,False,5368,478
1885,307205,2024-11-06 13:17:28,2,false_positive_cleared,9.37,2629.61,False,4161,125
1886,307236,2024-11-06 14:16:09,2,false_positive_cleared,22.65,4749.1,False,4220,225
1887,307289,2024-11-06 15:21:55,2,false_positive_cleared,0.27,1888.19,False,4739,664
1888,307612,2024-11-06 23:08:21,2,false_positive_cleared,32.45,2078.91,False,2121,224
1889,307953,2024-11-07 07:30:12,2,false_positive_cleared,16.7,52.05,False,3562,536
1892,308015,2024-11-07 09:01:15,0,false_positive_cleared,3.76,16.76,False,3946,347
1890,308254,2024-11-07 14:43:30,2,false_positive_cleared,7.11,46.92,False,3859,495
1891,308263,2024-11-07 15:06:42,2,confirmed_fraud,9.39,72.12,True,1365,213
1893,308687,2024-11-08 01:18:13,2,false_positive_cleared,1.89,123.91,False,3549,18
1894,308958,2024-11-08 07:40:21,0,false_positive_cleared,14.09,256.42,False,4368,509
1895,309402,2024-11-08 18:32:03,0,false_positive_cleared,14.59,2.44,False,5597,515
1902,309703,2024-11-09 02:08:16,1,false_positive_cleared,6.13,19.96,False,5651,244
1896,309721,2024-11-09 02:40:40,2,false_positive_cleared,27.71,4.99,False,5579,568
1897,309725,2024-11-09 02:46:17,2,false_positive_cleared,15.74,1924.22,False,4227,782
1898,309829,2024-11-09 05:26:00,2,false_positive_cleared,6.67,9.42,False,3107,27
1903,309929,2024-11-09 08:20:21,0,false_positive_cleared,22.26,45.32,False,2761,195
1899,310033,2024-11-09 11:04:18,2,false_positive_cleared,33.86,3854.12,False,1105,367
1901,310059,2024-11-09 11:40:26,2,false_positive_cleared,14.31,205.36,False,4078,605
1900,310448,2024-11-09 21:06:09,2,confirmed_fraud,4.36,78.34,False,4617,243
1904,310570,2024-11-10 00:14:14,3,confirmed_fraud,12.52,6358.59,False,2658,762
1905,310609,2024-11-10 01:14:33,2,false_positive_cleared,6.76,267.64,False,1266,463
1907,310899,2024-11-10 07:48:47,0,false_positive_cleared,2.07,88.19,False,1892,374
1906,311283,2024-11-10 16:45:35,2,false_positive_cleared,10.44,192.47,False,4291,187
1908,311579,2024-11-11 00:09:02,2,false_positive_cleared,3.43,373.32,False,2439,48
1909,311648,2024-11-11 01:47:58,2,false_positive_cleared,10.75,2086.89,False,4674,31
1910,311957,2024-11-11 09:43:05,2,false_positive_cleared,6.98,397.63,False,4078,451
1916,312024,2024-11-11 11:32:53,0,false_positive_cleared,14.22,13.7,False,1457,688
1911,312057,2024-11-11 12:30:41,2,false_positive_cleared,7.63,7.22,False,5685,222
1912,312216,2024-11-11 16:13:07,2,false_positive_cleared,11.17,1611.22,False,3573,501
1917,312236,2024-11-11 16:41:12,0,false_positive_cleared,11.29,155.64,False,2612,501
1913,312321,2024-11-11 18:42:42,2,false_positive_cleared,46.6,2049.57,False,2948,607
1915,312347,2024-11-11 19:22:27,2,false_positive_cleared,3.82,18.18,False,3241,250
1914,312504,2024-11-11 22:59:05,2,false_positive_cleared,6.12,299.79,False,2412,746
1918,312664,2024-11-12 03:05:53,2,false_positive_cleared,23.53,2558.49,False,1247,112
1919,312963,2024-11-12 10:10:53,2,false_positive_cleared,16.06,3838.92,False,5011,414
1920,313111,2024-11-12 14:09:52,2,false_positive_cleared,6.07,2661.29,False,5167,176
1923,313395,2024-11-12 20:29:59,0,false_positive_cleared,11.5,286.08,False,4930,115
1921,313430,2024-11-12 21:05:15,2,false_positive_cleared,24.07,48.85,False,5632,319
1922,313479,2024-11-12 22:13:15,2,false_positive_cleared,7.51,2936.1,False,866,702
1924,313614,2024-11-13 01:16:12,2,false_positive_cleared,7.89,1758.34,False,76,209
1925,313689,2024-11-13 02:43:18,2,false_positive_cleared,8.76,3749.95,False,2301,40
1926,313811,2024-11-13 05:14:06,2,false_positive_cleared,3.39,115.38,False,1370,39
1930,313841,2024-11-13 05:55:52,0,false_positive_cleared,3.16,28.31,False,481,453
1927,313989,2024-11-13 09:22:30,2,false_positive_cleared,1.6,192.77,False,5211,580
1928,314170,2024-11-13 13:45:40,2,false_positive_cleared,7.44,1663.14,False,4794,412
1929,314350,2024-11-13 18:05:29,2,false_positive_cleared,7.95,164.17,False,5211,671
1931,314884,2024-11-14 06:36:33,2,false_positive_cleared,23.79,25.63,False,3058,534
1937,314891,2024-11-14 06:52:32,1,false_positive_cleared,2.43,56.72,False,515,166
1932,315093,2024-11-14 11:59:44,2,false_positive_cleared,2.74,2271.45,False,3910,172
1933,315135,2024-11-14 13:02:43,2,false_positive_cleared,2.51,1701.61,False,3491,222
1935,315349,2024-11-14 18:22:57,2,false_positive_cleared,12.75,734.63,False,74,433
1934,315423,2024-11-14 19:54:30,2,false_positive_cleared,7.27,106.06,False,3613,413
1936,315535,2024-11-14 22:32:36,2,false_positive_cleared,8.54,2308.18,False,5033,181
1939,315854,2024-11-15 06:08:57,2,confirmed_fraud,7.39,143.17,True,2271,73
1940,315879,2024-11-15 06:51:56,2,false_positive_cleared,32.09,13108.44,False,2285,650
1941,316058,2024-11-15 10:44:55,2,false_positive_cleared,21.22,239.91,False,4241,353
1938,316291,2024-11-15 16:45:39,3,false_positive_cleared,19.24,2909.18,False,257,231
1942,316374,2024-11-15 18:45:03,2,confirmed_fraud,8.09,121.49,False,4241,108
1943,316716,2024-11-16 03:21:38,2,false_positive_cleared,2.64,47.89,False,3764,404
1944,316761,2024-11-16 04:26:45,2,false_positive_cleared,13.24,4232.33,False,3484,460
1945,316833,2024-11-16 05:57:09,2,false_positive_cleared,3.21,47.13,False,3907,375
1946,317288,2024-11-16 17:07:14,2,false_positive_cleared,1.3,1945.9,False,2346,474
1947,317418,2024-11-16 20:03:32,2,false_positive_cleared,4.05,3002.68,False,3754,444
1948,317852,2024-11-17 06:51:01,2,false_positive_cleared,6.75,9859.1,False,5463,500
1949,318169,2024-11-17 14:41:18,2,false_positive_cleared,23.2,94.63,False,243,260
1950,318202,2024-11-17 15:17:10,2,false_positive_cleared,2.92,201.05,False,3569,604
1951,318352,2024-11-17 19:08:38,2,false_positive_cleared,44.4,1704.28,False,3912,254
1952,318426,2024-11-17 20:52:58,2,false_positive_cleared,11.02,523.58,False,3031,641
1953,318544,2024-11-17 23:38:41,2,false_positive_cleared,14.77,2753.69,False,857,473
1954,318616,2024-11-18 01:11:43,2,false_positive_cleared,9.09,1621.96,False,4692,414
1955,318786,2024-11-18 05:39:00,2,false_positive_cleared,8.91,56.11,False,1661,610
1958,319077,2024-11-18 11:54:04,0,false_positive_cleared,16.59,90.35,False,4783,509
1956,319176,2024-11-18 14:27:11,2,false_positive_cleared,7.47,3338.33,False,2285,525
1957,319353,2024-11-18 18:59:23,2,false_positive_cleared,18.19,132.38,False,5145,768
1959,319764,2024-11-19 04:35:26,2,false_positive_cleared,18.24,3678.88,False,5831,136
1960,319875,2024-11-19 07:35:39,2,confirmed_fraud,9.93,15731.36,False,4731,37
1961,319979,2024-11-19 10:34:18,2,false_positive_cleared,24.7,2195.82,False,531,210
1966,320036,2024-11-19 12:05:22,0,false_positive_cleared,13.9,13.05,False,2537,375
1962,320340,2024-11-19 19:52:53,2,false_positive_cleared,8.21,1657.74,False,3912,321
1964,320352,2024-11-19 20:08:29,2,false_positive_cleared,6.5,584.86,False,5964,359
1963,320471,2024-11-19 22:36:19,2,false_positive_cleared,9.79,82.17,False,4669,34
1965,320509,2024-11-19 23:34:37,2,false_positive_cleared,8.26,2409.23,False,5552,588
1967,320928,2024-11-20 09:20:55,2,false_positive_cleared,17.19,1819.96,False,4647,564
1968,320939,2024-11-20 09:38:23,2,false_positive_cleared,6.42,2298.52,False,3069,756
1969,320969,2024-11-20 10:22:08,2,false_positive_cleared,3.58,527.28,False,5386,234
1970,321013,2024-11-20 11:35:20,2,false_positive_cleared,3.96,3326.47,False,591,760
1971,321237,2024-11-20 16:50:28,2,false_positive_cleared,8.66,1636.57,False,1767,755
1972,321411,2024-11-20 20:49:34,2,false_positive_cleared,3.1,3205.41,False,5167,323
1973,321599,2024-11-21 01:39:15,2,false_positive_cleared,31.23,99.82,False,2811,325
1974,321626,2024-11-21 02:07:25,2,false_positive_cleared,22.63,96.16,False,4457,442
1976,321812,2024-11-21 06:42:00,0,false_positive_cleared,17.89,1519.8,False,2415,99
1975,322324,2024-11-21 19:52:21,2,false_positive_cleared,14.12,117.07,False,307,660
1977,322529,2024-11-22 00:34:36,2,false_positive_cleared,12.21,1842.25,False,5461,800
1978,322843,2024-11-22 08:08:55,2,false_positive_cleared,11.58,516.95,False,3491,499
1979,323030,2024-11-22 12:55:08,2,false_positive_cleared,12.95,1916.94,False,5068,30
1980,323429,2024-11-22 22:32:04,2,false_positive_cleared,10.51,35.41,False,1538,511
1981,323706,2024-11-23 04:48:41,2,false_positive_cleared,6.72,640.11,False,3832,443
1982,323778,2024-11-23 06:30:59,2,false_positive_cleared,6.69,38.64,False,1771,731
1983,324182,2024-11-23 16:34:24,2,false_positive_cleared,2.1,5296.85,False,1242,526
1984,324218,2024-11-23 17:30:14,2,false_positive_cleared,8.62,7.63,False,2899,272
1985,324445,2024-11-23 23:17:11,2,confirmed_fraud,2.71,2244.92,True,5641,696
1986,324455,2024-11-23 23:27:24,2,false_positive_cleared,7.75,2697.57,False,4751,541
1997,324522,2024-11-24 01:05:56,0,false_positive_cleared,7.19,45.35,False,4969,230
1987,324526,2024-11-24 01:12:56,2,false_positive_cleared,4.39,123.4,False,5112,86
1988,324529,2024-11-24 01:16:14,2,false_positive_cleared,25.78,1704.66,False,5250,133
1989,324692,2024-11-24 05:18:23,2,confirmed_fraud,4.73,1826.42,True,348,210
1991,324740,2024-11-24 06:19:05,2,false_positive_cleared,25.73,66.45,False,3405,785
1992,324900,2024-11-24 10:10:15,2,false_positive_cleared,7.38,74.0,False,67,17
1993,325027,2024-11-24 13:01:08,2,false_positive_cleared,1.18,11916.87,False,4699,173
1990,325222,2024-11-24 17:52:45,2,false_positive_cleared,10.19,79.4,False,5707,79
1995,325227,2024-11-24 17:59:35,2,false_positive_cleared,6.38,7745.65,False,711,153
1994,325285,2024-11-24 19:16:40,2,false_positive_cleared,11.79,45.17,False,4410,501
1996,325463,2024-11-24 23:33:41,2,false_positive_cleared,9.17,4143.97,False,4780,152
1998,325571,2024-11-25 02:08:10,2,false_positive_cleared,11.31,16.7,False,5347,187
1999,325837,2024-11-25 09:13:36,2,false_positive_cleared,6.8,120.75,False,253,294
2000,325919,2024-11-25 11:33:36,2,false_positive_cleared,17.22,334.8,False,3163,723
2005,325938,2024-11-25 12:04:31,0,false_positive_cleared,4.76,474.52,False,3345,152
2001,325973,2024-11-25 13:06:16,2,false_positive_cleared,16.26,3063.04,False,4226,338
2003,326023,2024-11-25 14:32:26,2,false_positive_cleared,5.2,77.06,False,3386,606
2002,326184,2024-11-25 18:11:42,2,false_positive_cleared,15.64,17.71,False,1627,388
2004,326320,2024-11-25 21:48:56,2,false_positive_cleared,9.59,3785.73,False,1292,75
2006,326447,2024-11-26 00:57:10,2,false_positive_cleared,10.1,107.98,False,563,687
2007,326611,2024-11-26 05:00:22,2,false_positive_cleared,11.6,78.16,False,323,800
2008,326668,2024-11-26 06:34:20,2,false_positive_cleared,19.11,2760.94,False,2928,4
2009,326797,2024-11-26 09:22:32,2,false_positive_cleared,15.23,1689.56,False,3795,123
2010,326821,2024-11-26 09:59:48,2,false_positive_cleared,35.69,285.76,False,35,176
2011,327029,2024-11-26 15:22:48,2,false_positive_cleared,4.28,2322.85,False,120,528
2012,327030,2024-11-26 15:23:26,2,false_positive_cleared,23.07,167.68,False,1892,143
2014,327247,2024-11-26 20:45:25,0,false_positive_cleared,4.97,64.59,False,17,425
2013,327356,2024-11-26 23:35:23,2,false_positive_cleared,4.3,1752.65,False,2920,388
2015,327422,2024-11-27 01:18:46,2,false_positive_cleared,14.47,230.84,False,617,555
2016,327562,2024-11-27 04:30:10,2,false_positive_cleared,5.68,11.48,False,2836,737
2017,327832,2024-11-27 11:52:42,2,false_positive_cleared,3.15,46.1,False,785,555
2018,327955,2024-11-27 14:45:35,2,confirmed_fraud,20.68,178.08,True,4735,623
2019,328113,2024-11-27 18:52:00,2,false_positive_cleared,36.54,71.96,False,3556,768
2020,328266,2024-11-27 22:38:44,2,false_positive_cleared,3.22,34.68,False,2742,646
2021,328268,2024-11-27 22:42:02,0,false_positive_cleared,10.22,78.63,False,1314,654
2028,328610,2024-11-28 06:18:05,0,false_positive_cleared,3.78,553.62,False,2740,410
2022,328641,2024-11-28 07:00:01,2,false_positive_cleared,12.9,99.36,False,462,441
2023,328793,2024-11-28 10:55:24,2,false_positive_cleared,12.42,2055.65,False,5461,603
2024,328852,2024-11-28 12:20:00,2,false_positive_cleared,2.81,1689.81,False,5404,331
2026,328902,2024-11-28 13:37:54,2,false_positive_cleared,25.54,78.71,False,1239,318
2025,329011,2024-11-28 16:16:56,2,false_positive_cleared,27.57,278.94,False,4756,697
2027,329186,2024-11-28 20:47:43,2,false_positive_cleared,17.86,3286.16,False,2119,449
2030,329327,2024-11-29 00:20:28,2,false_positive_cleared,11.75,870.27,False,865,718
2034,329393,2024-11-29 01:53:04,0,false_positive_cleared,10.43,65.06,False,3505,755
2032,329400,2024-11-29 02:11:33,2,false_positive_cleared,3.82,7.65,False,5934,156
2031,329420,2024-11-29 02:31:31,2,false_positive_cleared,22.28,229.62,False,1244,750
2033,329889,2024-11-29 13:26:41,2,false_positive_cleared,9.1,23.62,False,4600,772
2029,329920,2024-11-29 14:11:23,3,false_positive_cleared,6.35,3484.54,False,5634,415
2035,330463,2024-11-30 02:56:31,2,false_positive_cleared,5.09,354.31,False,3012,218
2041,330671,2024-11-30 07:55:12,0,false_positive_cleared,18.06,1006.36,False,4741,467
2036,330936,2024-11-30 14:06:24,2,false_positive_cleared,9.98,4765.01,False,5798,276
2037,331073,2024-11-30 17:21:58,2,confirmed_fraud,12.58,127.47,True,1459,174
2038,331086,2024-11-30 17:39:43,2,false_positive_cleared,13.04,183.86,False,5392,389
2040,331123,2024-11-30 18:38:21,2,false_positive_cleared,14.19,3857.31,False,1045,350
2042,331284,2024-11-30 22:46:07,0,false_positive_cleared,7.05,52.67,False,2651,505
2039,331304,2024-11-30 23:00:53,2,false_positive_cleared,5.42,232.45,False,5520,754
2043,331417,2024-12-01 01:55:29,2,false_positive_cleared,2.28,140.24,False,1907,173
2044,331504,2024-12-01 03:32:11,2,false_positive_cleared,41.53,68.71,False,5433,230
2045,331698,2024-12-01 07:59:02,2,false_positive_cleared,8.58,52.68,False,2456,52
2055,331752,2024-12-01 09:03:10,0,false_positive_cleared,14.17,101.11,False,1223,654
2046,331788,2024-12-01 10:13:54,2,confirmed_fraud,23.5,100.69,True,4816,462
2047,331839,2024-12-01 11:37:12,2,false_positive_cleared,2.15,1605.83,False,1752,542
2049,331934,2024-12-01 13:58:25,2,false_positive_cleared,9.31,2199.88,False,4986,489
2050,332103,2024-12-01 17:59:23,2,confirmed_fraud,40.03,2822.17,True,5979,50
2051,332218,2024-12-01 21:09:33,2,false_positive_cleared,18.14,3711.99,False,5763,72
2048,332252,2024-12-01 21:59:12,2,false_positive_cleared,5.07,21.6,False,808,414
2053,332256,2024-12-01 22:05:09,2,false_positive_cleared,27.45,210.28,False,708,206
2052,332291,2024-12-01 22:53:35,2,false_positive_cleared,7.53,403.29,False,1244,546
2054,332334,2024-12-01 23:46:16,2,false_positive_cleared,15.88,43.5,False,699,189
2056,332387,2024-12-02 00:58:32,2,false_positive_cleared,4.49,1608.41,False,4613,538
2061,332451,2024-12-02 02:23:39,0,false_positive_cleared,9.74,137.16,False,1106,164
2057,332471,2024-12-02 02:48:10,2,false_positive_cleared,2.48,21.03,False,3787,101
2059,332911,2024-12-02 13:11:24,2,false_positive_cleared,2.02,47.53,False,841,317
2058,333066,2024-12-02 16:48:57,2,false_positive_cleared,8.82,4.81,False,4661,372
2060,333362,2024-12-02 23:20:46,2,false_positive_cleared,12.05,2982.65,False,3532,226
2062,333488,2024-12-03 02:04:49,2,false_positive_cleared,15.4,91.53,False,1754,548
2063,333756,2024-12-03 08:55:44,2,false_positive_cleared,18.07,1997.39,False,4968,444
2064,333796,2024-12-03 09:54:58,2,false_positive_cleared,6.06,9.42,False,475,268
2065,333954,2024-12-03 13:52:14,2,false_positive_cleared,23.57,106.72,False,4988,193
2066,334004,2024-12-03 14:50:39,2,false_positive_cleared,10.56,3142.2,False,1292,662
2068,334171,2024-12-03 18:26:14,0,false_positive_cleared,19.18,259.21,False,1156,480
2067,334270,2024-12-03 20:52:26,2,false_positive_cleared,18.68,3065.82,False,4849,259
2069,334733,2024-12-04 08:12:21,2,false_positive_cleared,13.71,2992.05,False,2370,341
2070,334785,2024-12-04 09:08:57,2,confirmed_fraud,7.59,1142.17,True,2705,769
2071,334937,2024-12-04 13:05:49,2,false_positive_cleared,3.18,1652.22,False,2863,112
2072,335168,2024-12-04 19:18:59,2,false_positive_cleared,4.44,4930.12,False,2423,685
2073,335467,2024-12-05 02:45:07,2,false_positive_cleared,9.59,21.92,False,4694,377
2074,335544,2024-12-05 04:52:22,2,false_positive_cleared,3.15,29979.2,False,5293,582
2075,335887,2024-12-05 12:59:33,2,false_positive_cleared,28.6,16.96,False,4002,269
2076,335916,2024-12-05 13:37:17,2,false_positive_cleared,38.5,2827.64,False,1766,209
2080,336012,2024-12-05 15:53:01,0,false_positive_cleared,7.8,469.46,False,1204,81
2077,336038,2024-12-05 16:31:16,2,false_positive_cleared,8.63,2818.79,False,645,244
2078,336277,2024-12-05 22:40:03,2,false_positive_cleared,6.57,12071.48,False,756,413
2079,336302,2024-12-05 23:10:01,2,false_positive_cleared,1.31,319.52,False,406,696
2081,336491,2024-12-06 04:21:52,2,false_positive_cleared,10.04,22.22,False,2985,352
2082,336527,2024-12-06 05:13:09,2,false_positive_cleared,6.23,2099.18,False,1078,227
2083,337264,2024-12-06 21:56:15,2,confirmed_fraud,24.78,1694.82,False,2863,468
2084,337683,2024-12-07 08:39:59,2,false_positive_cleared,5.16,2180.51,False,5920,696
2085,337743,2024-12-07 09:58:36,2,false_positive_cleared,11.71,47.01,False,655,341
2086,337843,2024-12-07 12:33:42,2,false_positive_cleared,5.26,1950.39,False,55,145
2087,337854,2024-12-07 12:46:26,2,false_positive_cleared,20.89,609.28,False,683,608
2088,338184,2024-12-07 21:20:55,2,false_positive_cleared,8.94,148.26,False,2700,160
2089,338371,2024-12-08 01:44:53,2,false_positive_cleared,7.76,3373.04,False,2438,541
2090,338476,2024-12-08 04:03:34,2,false_positive_cleared,5.06,1834.34,False,399,100
2091,338605,2024-12-08 07:09:13,2,false_positive_cleared,15.28,608.41,False,374,745
2092,338641,2024-12-08 08:07:52,2,false_positive_cleared,2.84,1342.37,False,1695,428
2093,338664,2024-12-08 08:42:59,2,false_positive_cleared,47.51,87.51,False,1812,220
2094,339028,2024-12-08 17:19:53,2,false_positive_cleared,19.67,359.76,False,727,246
2095,339194,2024-12-08 21:02:40,2,false_positive_cleared,0.74,11.55,False,3425,718
2101,339718,2024-12-09 09:41:43,0,false_positive_cleared,7.01,92.33,False,356,71
2096,339773,2024-12-09 10:51:14,2,false_positive_cleared,7.31,17.07,False,2716,601
2097,339790,2024-12-09 11:16:52,2,false_positive_cleared,3.9,2044.45,False,5372,350
2098,339826,2024-12-09 12:05:19,2,false_positive_cleared,10.13,2103.99,False,3990,70
2100,339862,2024-12-09 13:00:01,2,false_positive_cleared,20.73,1654.62,False,5751,545
2102,339894,2024-12-09 13:38:25,0,false_positive_cleared,20.12,474.12,False,448,27
2099,340115,2024-12-09 19:25:37,2,false_positive_cleared,4.08,2152.34,False,5372,484
2103,340524,2024-12-10 04:36:18,2,false_positive_cleared,5.94,3532.34,False,2438,449
2104,340541,2024-12-10 04:54:41,2,false_positive_cleared,22.83,1599.21,False,5114,589
2105,340653,2024-12-10 08:13:10,2,false_positive_cleared,9.7,11052.96,False,1850,67
2106,340845,2024-12-10 12:43:00,2,false_positive_cleared,3.28,3010.69,False,1850,705
2107,341037,2024-12-10 17:09:29,2,false_positive_cleared,21.48,4086.17,False,5535,10
2108,341122,2024-12-10 19:23:32,0,false_positive_cleared,3.26,21.06,False,3590,124
2109,341350,2024-12-11 00:57:25,2,false_positive_cleared,3.12,4702.84,False,5293,84
2110,341491,2024-12-11 04:38:02,2,false_positive_cleared,23.95,2973.4,False,3910,361
2114,341708,2024-12-11 09:39:58,0,false_positive_cleared,11.57,83.21,False,1164,302
2111,341742,2024-12-11 10:31:35,2,false_positive_cleared,24.37,2980.1,False,1720,408
2112,341830,2024-12-11 12:25:05,2,false_positive_cleared,9.73,3060.22,False,2207,198
2113,342153,2024-12-11 20:35:44,2,false_positive_cleared,7.67,24.33,False,4123,58
2116,342313,2024-12-12 00:18:59,2,false_positive_cleared,4.68,236.82,False,1092,209
2118,342431,2024-12-12 03:07:12,2,false_negative_cleared,29.22,33.38,True,713,704
2124,342516,2024-12-12 04:59:06,0,false_positive_cleared,17.12,250.31,False,3931,696
2117,342560,2024-12-12 06:06:46,2,false_positive_cleared,12.05,2440.07,False,3469,350
2120,342563,2024-12-12 06:11:09,2,false_positive_cleared,4.29,4105.94,False,2978,690
2125,342675,2024-12-12 08:58:22,0,false_positive_cleared,7.14,20.29,False,2676,703
2122,342677,2024-12-12 09:01:53,2,false_positive_cleared,19.51,6740.23,False,3469,356
2121,342735,2024-12-12 10:10:52,2,false_positive_cleared,10.04,2191.65,False,4731,768
2123,342974,2024-12-12 15:20:58,2,false_positive_cleared,12.31,1905.66,False,2662,548
2119,343087,2024-12-12 17:59:35,2,false_positive_cleared,20.02,4570.61,False,4036,662
2126,343144,2024-12-12 19:15:39,0,false_positive_cleared,13.85,62.1,False,1513,496
2115,343314,2024-12-12 23:32:23,3,false_positive_cleared,7.5,170.67,False,82,34
2127,343337,2024-12-13 00:16:36,2,false_positive_cleared,30.87,3181.58,False,2040,699
2128,343373,2024-12-13 00:59:34,2,false_positive_cleared,16.36,473.18,False,1173,417
2136,343382,2024-12-13 01:08:32,0,false_positive_cleared,29.98,217.67,False,93,8
2129,343499,2024-12-13 04:18:53,2,confirmed_fraud,16.19,67.25,False,2643,155
2135,343602,2024-12-13 06:40:54,0,false_positive_cleared,6.27,226.74,False,524,783
2130,343606,2024-12-13 06:48:19,2,false_positive_cleared,13.65,1939.68,False,4647,662
2132,344009,2024-12-13 16:54:44,2,false_positive_cleared,11.68,1397.66,False,5339,539
2131,344113,2024-12-13 19:40:31,2,false_positive_cleared,14.0,3706.01,False,2662,458
2133,344172,2024-12-13 21:10:27,2,false_positive_cleared,3.18,18.24,False,4964,641
2134,344234,2024-12-13 22:32:09,2,false_positive_cleared,15.83,309.14,False,1214,555
2142,344403,2024-12-14 02:45:20,0,false_positive_cleared,7.05,4.8,False,4830,501
2141,344461,2024-12-14 03:42:43,1,false_positive_cleared,14.43,135.58,False,1826,679
2137,344508,2024-12-14 04:56:10,2,false_positive_cleared,29.56,1112.64,False,120,535
2139,344578,2024-12-14 06:53:28,2,false_positive_cleared,10.61,6098.41,False,2865,221
2138,344928,2024-12-14 15:06:17,2,confirmed_fraud,10.94,2825.12,False,5167,778
2140,344946,2024-12-14 15:31:17,2,false_positive_cleared,15.98,21.77,False,2490,552
2143,344970,2024-12-14 15:56:40,0,false_positive_cleared,6.87,45.67,False,1438,689
2144,345593,2024-12-15 07:14:40,2,false_positive_cleared,11.43,2389.83,False,2800,151
2145,345647,2024-12-15 08:29:34,2,false_positive_cleared,19.64,421.13,False,4395,767
2146,345879,2024-12-15 13:37:09,2,false_positive_cleared,19.43,28.17,False,5957,600
2147,345935,2024-12-15 14:56:35,2,false_positive_cleared,11.49,2337.84,False,4161,270
2150,345962,2024-12-15 15:19:19,0,false_positive_cleared,13.63,85.35,False,5596,763
2148,346056,2024-12-15 17:30:10,2,false_positive_cleared,25.09,2115.44,False,2920,477
2149,346107,2024-12-15 18:36:37,2,false_positive_cleared,1.75,120.54,False,1811,655
2151,346351,2024-12-16 00:23:45,3,false_positive_cleared,27.61,2481.57,False,2364,311
2160,346354,2024-12-16 00:27:47,0,false_positive_cleared,6.21,10.47,False,1613,626
2152,346397,2024-12-16 01:34:45,2,false_positive_cleared,6.85,6.56,False,1309,386
2161,346633,2024-12-16 07:12:32,0,false_positive_cleared,17.11,36.46,False,3602,477
2153,346648,2024-12-16 07:36:15,2,false_positive_cleared,1.77,49.51,False,769,532
2159,346730,2024-12-16 09:27:58,1,false_positive_cleared,9.29,16.39,False,1796,90
2155,346781,2024-12-16 10:43:09,2,false_positive_cleared,1.46,8.54,False,1491,305
2157,346907,2024-12-16 14:14:34,2,false_positive_cleared,10.55,623.88,False,4909,668
2158,347046,2024-12-16 17:40:46,1,false_positive_cleared,15.33,18.78,False,5832,307
2156,347188,2024-12-16 20:51:03,2,false_positive_cleared,5.49,33.35,False,2393,679
2154,347284,2024-12-16 23:15:21,2,false_positive_cleared,9.94,2674.47,False,5515,361
2166,347414,2024-12-17 02:38:50,0,false_positive_cleared,21.94,139.05,False,4470,239
2162,347589,2024-12-17 06:59:22,2,false_positive_cleared,14.17,12744.89,False,5020,408
2163,347626,2024-12-17 07:43:44,2,false_positive_cleared,13.58,167.26,False,5651,137
2167,347710,2024-12-17 09:07:49,0,false_positive_cleared,2.11,138.64,False,4098,215
2165,347810,2024-12-17 11:18:41,2,false_positive_cleared,10.85,26.04,False,4943,177
2164,348301,2024-12-17 23:10:42,2,confirmed_fraud,18.09,4414.15,False,2662,412
2168,348343,2024-12-18 00:15:15,2,false_positive_cleared,25.24,3530.45,False,4036,669
2169,348379,2024-12-18 01:13:46,2,false_positive_cleared,20.93,4648.66,False,963,483
2175,348483,2024-12-18 04:09:50,1,false_positive_cleared,9.34,2789.96,False,3727,141
2170,348492,2024-12-18 04:22:57,2,confirmed_fraud,12.66,3717.82,False,55,159
2178,348495,2024-12-18 04:28:46,0,false_positive_cleared,2.39,265.04,False,4872,109
2177,348600,2024-12-18 06:51:52,0,false_positive_cleared,3.87,290.28,False,3970,691
2176,348617,2024-12-18 07:10:47,0,false_positive_cleared,13.61,22.99,False,764,708
2171,348667,2024-12-18 08:26:34,2,false_positive_cleared,7.78,1704.72,False,5372,689
2174,348694,2024-12-18 09:00:36,2,false_positive_cleared,14.29,4093.33,False,4304,294
2172,348888,2024-12-18 13:47:38,2,false_positive_cleared,37.23,1126.96,False,3462,220
2179,348997,2024-12-18 16:05:44,0,false_positive_cleared,10.29,120.42,False,1636,346
2173,349157,2024-12-18 20:25:25,2,false_positive_cleared,19.46,1928.13,False,2724,770
2180,349379,2024-12-19 01:47:24,2,false_positive_cleared,8.52,3223.47,False,3345,188
2181,349420,2024-12-19 02:41:19,2,false_positive_cleared,11.22,2334.39,False,5914,438
2182,349740,2024-12-19 10:41:12,2,false_positive_cleared,13.08,395.13,False,1551,277
2183,350089,2024-12-19 19:16:04,2,false_positive_cleared,22.47,230.25,False,4953,465
2184,350417,2024-12-20 02:50:53,2,false_positive_cleared,8.66,160.49,False,1695,264
2185,350492,2024-12-20 04:31:12,2,false_positive_cleared,22.35,3758.1,False,1532,78
2186,350716,2024-12-20 10:21:34,2,false_positive_cleared,9.76,213.72,False,1039,200
2187,350751,2024-12-20 11:18:24,2,false_positive_cleared,5.44,3280.33,False,229,624
2192,350989,2024-12-20 17:01:38,0,false_positive_cleared,6.33,16.42,False,4771,400
2188,351042,2024-12-20 18:25:26,2,confirmed_fraud,3.23,130.06,True,5982,23
2190,351118,2024-12-20 20:13:34,2,false_positive_cleared,1.92,229.13,False,2944,229
2189,351280,2024-12-20 23:50:09,2,false_positive_cleared,20.94,170.79,False,3103,634
2191,351282,2024-12-20 23:51:51,2,false_positive_cleared,7.11,287.08,False,1260,702
2193,351300,2024-12-21 00:12:34,2,confirmed_fraud,16.33,4449.63,True,1388,163
2194,351739,2024-12-21 10:18:51,2,false_positive_cleared,2.53,2039.93,False,5033,91
2195,352005,2024-12-21 16:39:16,2,false_positive_cleared,13.91,1852.87,False,1007,683
2196,352123,2024-12-21 19:29:19,2,false_positive_cleared,6.92,45.83,False,1110,409
2197,352166,2024-12-21 20:35:49,2,false_positive_cleared,35.03,2535.06,False,3024,147
2198,352176,2024-12-21 20:55:16,2,false_positive_cleared,5.79,3951.44,False,866,684
2199,352347,2024-12-22 01:18:28,2,false_positive_cleared,4.98,34.2,False,549,436
2200,352385,2024-12-22 02:31:26,2,false_positive_cleared,1.83,4614.55,False,1850,336
2201,352593,2024-12-22 06:50:13,2,false_positive_cleared,5.03,175.85,False,5598,146
2202,352659,2024-12-22 08:19:13,2,false_positive_cleared,10.09,57.67,False,3251,715
2208,352800,2024-12-22 11:13:53,0,false_positive_cleared,7.5,108.27,False,5980,752
2203,352804,2024-12-22 11:20:01,2,false_positive_cleared,19.03,3227.13,False,5263,529
2204,352900,2024-12-22 13:43:36,2,false_positive_cleared,8.31,4928.97,False,5033,715
2206,352935,2024-12-22 14:29:31,2,false_positive_cleared,4.32,1984.71,False,5357,477
2205,353036,2024-12-22 17:13:23,2,false_positive_cleared,19.96,959.08,False,2949,619
2207,353132,2024-12-22 19:49:19,2,false_positive_cleared,0.87,5198.11,False,106,248
2217,353533,2024-12-23 05:36:14,0,false_positive_cleared,9.95,280.42,False,3224,732
2209,353548,2024-12-23 05:51:19,2,false_negative_cleared,2.19,7.4,True,5887,559
2210,353668,2024-12-23 08:40:30,2,confirmed_fraud,16.6,1613.73,True,35,785
2212,353700,2024-12-23 09:29:53,2,false_positive_cleared,12.12,655.42,False,1079,617
2218,353870,2024-12-23 13:30:01,0,false_positive_cleared,10.76,41.44,False,3168,421
2213,353961,2024-12-23 15:46:37,2,false_positive_cleared,24.13,96.31,False,5574,177
2214,353978,2024-12-23 16:00:45,2,false_positive_cleared,18.34,14.94,False,837,154
2216,354005,2024-12-23 16:49:20,2,false_positive_cleared,5.79,268.45,False,238,694
2211,354069,2024-12-23 18:08:53,2,false_positive_cleared,3.12,2448.43,False,5020,523
2215,354113,2024-12-23 19:27:45,2,false_positive_cleared,16.79,1613.19,False,2144,487
2219,354378,2024-12-24 01:31:38,2,false_positive_cleared,10.33,41.96,False,875,775
2220,354410,2024-12-24 02:10:26,2,false_positive_cleared,10.3,74.71,False,4349,86
2224,354466,2024-12-24 03:29:23,0,false_positive_cleared,18.94,151.11,False,4195,460
2221,354525,2024-12-24 04:45:15,2,false_positive_cleared,4.86,471.19,False,4114,419
2225,354603,2024-12-24 07:04:48,0,false_positive_cleared,31.51,319.44,False,4726,152
2222,354689,2024-12-24 09:23:06,2,false_positive_cleared,10.47,1795.92,False,2949,101
2226,354743,2024-12-24 10:32:36,0,false_positive_cleared,6.75,74.08,False,4657,261
2223,354817,2024-12-24 12:07:10,2,false_positive_cleared,16.35,2284.74,False,4036,452
2227,355184,2024-12-24 21:09:03,0,false_positive_cleared,4.71,13.04,False,5095,16
2228,355245,2024-12-24 22:43:44,0,false_positive_cleared,15.92,67.71,False,3264,75
2229,355367,2024-12-25 01:14:49,2,false_positive_cleared,19.38,126.07,False,1205,493
2230,355369,2024-12-25 01:18:25,2,false_positive_cleared,5.29,54.73,False,2238,303
2231,355465,2024-12-25 03:29:33,2,false_positive_cleared,14.42,646.63,False,2438,657
2232,355724,2024-12-25 10:08:56,2,false_positive_cleared,25.75,144.74,False,3354,429
2233,355802,2024-12-25 12:09:05,2,false_positive_cleared,13.14,241.54,False,2560,772
2234,355923,2024-12-25 14:44:02,2,false_positive_cleared,8.38,2970.7,False,1532,166
2236,356047,2024-12-25 17:34:16,1,false_positive_cleared,1.65,14.79,False,5667,493
2235,356221,2024-12-25 21:37:43,2,false_positive_cleared,3.29,629.22,False,3330,184
2237,356561,2024-12-26 05:46:46,2,confirmed_fraud,0.28,52.37,True,1770,132
2238,356590,2024-12-26 06:26:29,2,false_positive_cleared,20.35,373.46,False,3831,385
2239,356746,2024-12-26 10:20:45,2,false_positive_cleared,9.84,809.97,False,3485,381
2240,356796,2024-12-26 11:28:07,2,false_positive_cleared,45.89,122.81,False,4794,231
2241,356935,2024-12-26 15:05:22,2,false_positive_cleared,21.6,4404.29,False,5747,196
2242,357371,2024-12-27 01:25:07,2,confirmed_fraud,7.44,77.52,False,3753,441
2247,357376,2024-12-27 01:30:43,0,false_positive_cleared,10.07,83.36,False,4318,10
2243,357389,2024-12-27 01:45:59,2,false_positive_cleared,9.35,3898.59,False,3052,372
2245,357471,2024-12-27 03:52:11,2,false_positive_cleared,9.98,1653.32,False,4069,599
2244,357487,2024-12-27 04:12:46,2,false_positive_cleared,25.92,154.05,False,4618,25
2246,358096,2024-12-27 19:58:54,2,false_positive_cleared,6.25,5035.93,False,262,736
2248,358356,2024-12-28 02:38:50,2,false_positive_cleared,10.04,16.14,False,3949,694
2249,358394,2024-12-28 03:34:30,2,false_positive_cleared,2.0,3421.7,False,2285,555
2250,358680,2024-12-28 10:31:46,2,false_positive_cleared,2.79,3050.94,False,2672,360
2257,358752,2024-12-28 12:24:02,0,false_positive_cleared,5.34,46.64,False,4015,186
2256,358807,2024-12-28 13:51:42,0,false_positive_cleared,3.08,288.79,False,1444,367
2252,358845,2024-12-28 14:54:46,2,false_positive_cleared,17.55,44.29,False,3058,166
2251,359079,2024-12-28 20:35:08,2,false_positive_cleared,6.88,1759.71,False,257,507
2254,359132,2024-12-28 21:48:12,2,false_positive_cleared,4.4,13.5,False,1535,579
2253,359137,2024-12-28 21:59:15,2,confirmed_fraud,5.76,5267.93,True,2473,787
2258,359138,2024-12-28 21:59:26,0,false_positive_cleared,1.69,98.41,False,340,20
2255,359155,2024-12-28 22:21:43,2,false_positive_cleared,10.51,7.91,False,874,110
2259,359378,2024-12-29 03:33:51,2,false_positive_cleared,14.23,7568.04,False,4699,215
2262,359835,2024-12-29 14:38:41,0,false_positive_cleared,11.35,189.13,False,3185,140
2260,359970,2024-12-29 17:57:31,2,false_positive_cleared,15.94,100.44,False,1469,416
2263,360134,2024-12-29 21:24:22,0,false_positive_cleared,14.07,1243.11,False,4968,84
2261,360184,2024-12-29 22:42:09,2,false_positive_cleared,4.87,22.14,False,4535,309
2264,360419,2024-12-30 04:30:32,2,false_positive_cleared,12.91,53.57,False,79,235
2265,360461,2024-12-30 05:48:08,2,false_positive_cleared,21.98,33.42,False,3430,782
2266,360643,2024-12-30 09:58:53,2,false_positive_cleared,1.35,130.88,False,2541,772
2267,360897,2024-12-30 15:42:58,2,false_positive_cleared,14.15,52.39,False,2802,486
2268,361033,2024-12-30 18:56:56,2,false_positive_cleared,9.8,280.23,False,2223,707
2269,361181,2024-12-30 22:25:58,2,false_positive_cleared,2.49,23.79,False,1704,442
2275,361258,2024-12-31 00:03:56,0,false_positive_cleared,23.17,35.62,False,2190,36
2270,361390,2024-12-31 03:04:08,2,false_positive_cleared,2.89,537.13,False,1074,624
2276,361565,2024-12-31 07:36:55,0,false_positive_cleared,2.88,466.99,False,2739,407
2271,362033,2024-12-31 18:37:35,2,false_positive_cleared,6.27,2867.33,False,4236,378
2273,362036,2024-12-31 18:38:53,2,false_positive_cleared,5.54,1135.82,False,82,79
2272,362057,2024-12-31 19:00:02,2,false_positive_cleared,13.33,4865.86,False,2285,685
2274,362075,2024-12-31 19:33:49,2,confirmed_fraud,4.64,4788.94,True,4295,523
2277,362169,2024-12-31 21:58:20,0,false_positive_cleared,4.18,462.24,False,3491,272
2285,362334,2025-01-01 01:49:24,0,false_positive_cleared,19.83,64.49,False,2650,228
2278,362595,2025-01-01 08:16:07,2,false_positive_cleared,38.72,2047.75,False,2948,13
2280,362691,2025-01-01 10:27:36,2,false_positive_cleared,16.51,3317.69,False,5634,258
2284,362718,2025-01-01 11:08:02,1,false_positive_cleared,5.46,680.91,False,4639,774
2281,362923,2025-01-01 16:24:41,2,false_positive_cleared,5.4,643.4,False,1015,217
2282,362986,2025-01-01 18:04:06,2,confirmed_fraud,12.84,2119.15,False,5519,61
2283,363064,2025-01-01 19:54:58,2,false_positive_cleared,19.74,16.02,False,4408,646
2279,363136,2025-01-01 21:47:18,2,false_positive_cleared,7.58,1756.62,False,1299,557
2286,363224,2025-01-01 23:47:27,0,false_positive_cleared,13.71,6.23,False,582,214
2287,363369,2025-01-02 03:19:29,2,false_positive_cleared,15.85,2052.76,False,2438,203
2288,363389,2025-01-02 03:54:01,2,false_positive_cleared,15.27,2708.16,False,1292,465
2289,363391,2025-01-02 03:55:11,2,false_positive_cleared,6.58,1979.83,False,5047,317
2290,363771,2025-01-02 12:45:35,2,false_positive_cleared,8.36,23562.84,False,5411,489
2291,363796,2025-01-02 13:22:38,2,confirmed_fraud,2.85,24577.17,True,3781,434
2292,363974,2025-01-02 18:06:29,2,false_positive_cleared,3.44,166.56,False,4639,487
2293,363980,2025-01-02 18:11:45,2,false_positive_cleared,14.17,6.68,False,3739,333
2294,364028,2025-01-02 19:25:16,0,false_positive_cleared,6.21,98.81,False,5336,583
2295,364244,2025-01-03 00:40:08,2,confirmed_fraud,4.69,25.47,False,5681,608
2296,364402,2025-01-03 04:32:19,2,false_positive_cleared,12.18,3488.7,False,3089,657
2301,364616,2025-01-03 09:26:29,0,false_positive_cleared,11.18,65.69,False,3103,150
2297,364827,2025-01-03 14:30:45,2,confirmed_fraud,2.32,347.38,False,617,445
2299,364841,2025-01-03 14:51:30,2,confirmed_fraud,7.64,1868.25,True,3186,142
2298,364908,2025-01-03 16:36:52,2,false_positive_cleared,28.69,118.18,False,237,242
2300,365101,2025-01-03 20:54:46,2,confirmed_fraud,8.48,3079.88,False,2285,762
2303,365488,2025-01-04 06:32:59,2,false_positive_cleared,17.19,2663.83,False,1850,604
2304,365537,2025-01-04 07:42:11,2,false_positive_cleared,2.25,4140.2,False,5375,473
2302,366010,2025-01-04 19:14:31,3,false_positive_cleared,4.53,1620.16,False,1758,272
2305,366058,2025-01-04 20:23:23,2,false_positive_cleared,15.78,81.55,False,4895,487
2306,366168,2025-01-04 23:06:23,2,false_positive_cleared,8.1,551.19,False,4675,424
2307,366191,2025-01-04 23:41:02,2,false_positive_cleared,8.92,9.78,False,896,161
2313,366395,2025-01-05 04:53:26,0,false_positive_cleared,27.18,21.93,False,4150,307
2309,366620,2025-01-05 11:05:03,2,false_positive_cleared,7.64,3225.24,False,2080,103
2311,366867,2025-01-05 16:40:03,2,false_positive_cleared,13.08,114.18,False,63,49
2310,366946,2025-01-05 18:50:13,2,false_positive_cleared,8.7,91.79,False,1800,465
2308,367023,2025-01-05 20:34:49,3,false_positive_cleared,0.75,5443.45,False,2928,131
2312,367036,2025-01-05 20:58:43,2,false_positive_cleared,22.51,47.2,False,4982,185
2314,367382,2025-01-06 05:09:40,2,false_positive_cleared,12.15,23.13,False,4934,511
2315,367847,2025-01-06 16:21:45,2,false_positive_cleared,4.28,213.31,False,167,492
2316,368176,2025-01-07 00:10:56,2,false_positive_cleared,7.43,3331.34,False,1915,273
2317,368190,2025-01-07 00:33:29,2,false_positive_cleared,3.05,115.26,False,4027,153
2318,368513,2025-01-07 09:05:47,2,false_positive_cleared,5.49,1617.36,False,5940,392
2319,368739,2025-01-07 14:09:08,2,false_positive_cleared,6.09,12.84,False,3605,784
2320,368889,2025-01-07 17:16:26,2,false_positive_cleared,1.17,23.81,False,1855,559
2321,369333,2025-01-08 02:47:03,2,false_positive_cleared,14.28,637.18,False,4450,615
2331,369362,2025-01-08 03:28:58,0,false_positive_cleared,6.21,534.08,False,2524,258
2322,369386,2025-01-08 03:58:58,2,confirmed_fraud,8.81,6125.47,False,5411,464
2323,369533,2025-01-08 07:30:50,2,false_positive_cleared,4.63,88.2,False,5693,717
2324,369630,2025-01-08 09:59:58,2,false_positive_cleared,11.27,1700.47,False,2040,125
2332,369689,2025-01-08 11:33:59,0,false_positive_cleared,10.15,865.09,False,2078,676
2326,369726,2025-01-08 12:22:55,2,confirmed_fraud,3.41,6.57,False,3642,168
2327,369727,2025-01-08 12:24:46,2,false_positive_cleared,5.19,2503.89,False,448,408
2328,369893,2025-01-08 16:10:45,2,false_positive_cleared,6.15,4569.53,False,5033,385
2330,370138,2025-01-08 22:20:06,2,false_positive_cleared,8.33,2967.97,False,791,152
2325,370139,2025-01-08 22:20:08,2,false_positive_cleared,7.83,50.27,False,529,181
2329,370165,2025-01-08 23:00:50,2,false_positive_cleared,14.77,3748.17,False,1122,756
2333,370274,2025-01-09 01:40:12,2,false_positive_cleared,14.71,739.45,False,4137,433
2334,370545,2025-01-09 08:35:15,2,false_positive_cleared,13.98,39.83,False,4028,717
2335,370998,2025-01-09 19:56:56,2,false_positive_cleared,14.31,53.63,False,504,638
2336,371056,2025-01-09 21:08:01,2,false_positive_cleared,6.77,2433.81,False,5193,685
2337,371161,2025-01-09 23:34:37,2,confirmed_fraud,26.65,2229.88,True,3450,319
2338,371207,2025-01-10 00:33:13,2,confirmed_fraud,16.34,15.66,True,20,277
2346,371257,2025-01-10 01:45:33,1,false_positive_cleared,13.28,440.67,False,3456,24
2339,371338,2025-01-10 04:01:13,2,false_positive_cleared,10.19,226.99,False,5096,93
2345,371498,2025-01-10 08:27:14,1,false_positive_cleared,4.31,387.76,False,4602,737
2340,371677,2025-01-10 12:12:10,2,false_positive_cleared,16.26,1979.69,False,4602,501
2342,371798,2025-01-10 15:13:35,2,false_positive_cleared,4.66,64.89,False,3290,509
2341,371862,2025-01-10 16:46:19,2,false_positive_cleared,8.61,2726.48,False,5134,60
2343,371894,2025-01-10 17:35:24,2,false_positive_cleared,18.28,1799.53,False,5068,488
2344,372029,2025-01-10 20:54:29,2,false_positive_cleared,13.28,594.95,False,643,166
2348,372236,2025-01-11 02:19:08,2,false_positive_cleared,9.13,1605.45,False,93,745
2347,372257,2025-01-11 03:05:38,3,false_positive_cleared,7.47,2276.19,False,3568,547
2349,372288,2025-01-11 04:21:31,2,false_positive_cleared,5.02,3382.64,False,5630,250
2350,372318,2025-01-11 04:48:28,2,false_positive_cleared,13.12,2147.88,False,2119,480
2356,372539,2025-01-11 10:19:08,1,false_positive_cleared,5.76,493.73,False,5254,606
2351,372621,2025-01-11 11:53:55,2,false_positive_cleared,14.11,83.62,False,4620,633
2352,372704,2025-01-11 13:56:54,2,false_positive_cleared,5.2,5876.14,False,2421,331
2355,372754,2025-01-11 15:10:23,1,false_positive_cleared,2.27,2015.76,False,2200,769
2354,372809,2025-01-11 16:28:57,2,false_positive_cleared,11.09,77.83,False,5830,201
2357,372916,2025-01-11 19:08:55,0,false_positive_cleared,16.25,46.34,False,2142,342
2358,372979,2025-01-11 20:53:48,0,false_positive_cleared,16.86,775.86,False,3901,747
2353,373001,2025-01-11 21:39:21,2,false_positive_cleared,23.34,11.22,False,4217,202
2364,373192,2025-01-12 02:43:57,0,false_positive_cleared,4.26,31.05,False,3697,684
2359,373330,2025-01-12 06:14:31,2,false_positive_cleared,11.53,1857.38,False,55,712
2360,373456,2025-01-12 09:04:13,2,false_positive_cleared,10.01,108.47,False,3949,522
2361,373620,2025-01-12 12:48:44,2,false_positive_cleared,1.57,408.24,False,4502,528
2363,373703,2025-01-12 14:37:40,2,false_positive_cleared,8.32,75.68,False,1002,798
2365,373943,2025-01-12 21:13:05,0,false_positive_cleared,11.13,22.07,False,1690,422
2362,373954,2025-01-12 21:31:08,2,false_positive_cleared,3.22,11.88,False,1819,475
2367,374070,2025-01-13 00:11:55,2,false_positive_cleared,25.77,2748.87,False,3912,191
2368,374161,2025-01-13 02:18:56,2,false_positive_cleared,4.83,15.12,False,2527,244
2369,374257,2025-01-13 04:38:14,2,false_positive_cleared,13.94,21.18,False,4709,19
2370,374798,2025-01-13 16:56:29,2,false_positive_cleared,17.45,28.66,False,443,525
2366,374841,2025-01-13 17:48:55,3,false_positive_cleared,17.89,3539.86,False,1606,780
2371,374959,2025-01-13 20:31:02,2,false_positive_cleared,18.27,18.25,False,3525,53
2372,375115,2025-01-14 00:28:26,2,false_positive_cleared,2.56,157.18,False,1692,216
2373,375178,2025-01-14 02:10:31,2,false_positive_cleared,9.17,209.26,False,192,398
2374,375213,2025-01-14 03:13:51,2,false_positive_cleared,16.16,123.98,False,5229,392
2375,375394,2025-01-14 07:23:31,2,false_positive_cleared,12.29,326.82,False,2286,510
2376,375668,2025-01-14 14:26:09,2,confirmed_fraud,8.14,88.94,False,5759,640
2377,376024,2025-01-14 23:43:39,2,false_positive_cleared,25.98,7.33,False,2472,579
2378,376029,2025-01-14 23:49:28,2,false_positive_cleared,4.09,491.11,False,3769,640
2379,376168,2025-01-15 03:17:23,2,false_positive_cleared,3.93,3467.03,False,2438,71
2383,376202,2025-01-15 03:54:49,0,false_positive_cleared,18.12,1397.48,False,4258,147
2380,376527,2025-01-15 11:30:22,2,false_positive_cleared,13.24,160.59,False,1160,391
2381,376864,2025-01-15 20:00:31,2,false_positive_cleared,7.14,2918.43,False,3023,274
2382,376968,2025-01-15 22:50:09,2,false_positive_cleared,10.77,3195.44,False,3756,429
2385,377188,2025-01-16 04:47:50,2,false_positive_cleared,3.41,2988.25,False,3014,796
2386,377207,2025-01-16 05:18:12,2,false_positive_cleared,8.85,156.07,False,1811,414
2384,377264,2025-01-16 06:51:23,3,false_positive_cleared,5.01,35.09,False,5924,688
2387,377295,2025-01-16 07:26:00,2,false_positive_cleared,1.63,39.94,False,4709,258
2388,377449,2025-01-16 11:00:13,2,false_positive_cleared,31.64,3118.16,False,342,788
2389,377514,2025-01-16 12:38:52,2,false_positive_cleared,1.52,1668.42,False,2119,629
2391,377863,2025-01-16 21:38:35,0,false_positive_cleared,12.84,219.38,False,2304,743
2390,377938,2025-01-16 23:24:18,2,false_positive_cleared,11.64,2087.16,False,4437,5
2392,377947,2025-01-16 23:39:59,0,false_positive_cleared,11.79,39.05,False,5930,285
2393,378085,2025-01-17 02:37:41,2,false_positive_cleared,1.8,185.73,False,4332,130
2394,378088,2025-01-17 02:42:57,2,false_positive_cleared,6.11,519.45,False,2286,366
2395,378274,2025-01-17 07:07:20,2,false_positive_cleared,16.15,397.1,False,2134,214
2396,378488,2025-01-17 12:25:30,2,false_positive_cleared,10.32,6900.82,False,2841,576
2400,378606,2025-01-17 15:13:04,0,false_positive_cleared,34.4,218.25,False,1569,231
2397,378708,2025-01-17 18:00:41,2,false_positive_cleared,32.38,98.31,False,4016,494
2398,378839,2025-01-17 21:27:03,2,false_positive_cleared,15.03,217.52,False,1142,226
2399,378905,2025-01-17 23:06:03,2,false_positive_cleared,14.01,63.53,False,221,492
2401,379006,2025-01-18 01:52:29,2,false_positive_cleared,16.77,2892.04,False,2448,448
2402,379024,2025-01-18 02:18:35,2,confirmed_fraud,18.68,1619.63,False,844,414
2403,379092,2025-01-18 03:49:47,2,false_positive_cleared,9.73,2037.64,False,2571,98
2404,379380,2025-01-18 11:01:15,2,false_positive_cleared,11.25,1637.99,False,1915,436
2405,379407,2025-01-18 11:43:52,2,false_positive_cleared,8.62,118.32,False,1725,259
2406,379501,2025-01-18 14:03:22,2,false_positive_cleared,8.7,2874.65,False,718,785
2407,379541,2025-01-18 15:03:42,2,false_positive_cleared,4.17,3792.07,False,1850,593
2408,379623,2025-01-18 17:05:38,2,false_positive_cleared,7.13,2905.6,False,4505,61
2409,379827,2025-01-18 21:43:12,2,false_positive_cleared,9.83,5569.23,False,3912,86
2411,379941,2025-01-19 00:32:38,2,confirmed_fraud,23.09,93.64,False,2078,52
2413,380027,2025-01-19 02:48:08,2,false_positive_cleared,24.21,636.4,False,2509,387
2412,380325,2025-01-19 10:30:43,2,false_positive_cleared,11.96,3435.02,False,4998,319
2421,380366,2025-01-19 11:24:46,0,confirmed_fraud,6.78,160.05,False,5823,520
2415,380384,2025-01-19 11:48:54,2,false_positive_cleared,2.72,292.29,False,5339,460
2416,380515,2025-01-19 14:58:52,2,false_positive_cleared,9.31,1639.08,False,4848,295
2417,380547,2025-01-19 15:35:58,2,false_positive_cleared,8.56,4800.5,False,4744,731
2410,380661,2025-01-19 18:10:02,3,false_positive_cleared,13.45,2007.82,False,4550,178
2414,380764,2025-01-19 20:31:38,2,false_positive_cleared,11.01,3724.94,False,5176,146
2419,380838,2025-01-19 22:16:02,2,false_positive_cleared,16.54,61.16,False,831,148
2418,380868,2025-01-19 23:11:13,2,false_positive_cleared,5.21,2062.74,False,1055,103
2420,380877,2025-01-19 23:26:30,2,confirmed_fraud,9.08,4.66,True,4598,156
2423,380909,2025-01-20 00:17:02,2,false_positive_cleared,15.75,2045.26,False,1472,248
2424,381074,2025-01-20 04:35:52,2,false_positive_cleared,6.68,158.28,False,4026,303
2427,381135,2025-01-20 06:17:39,0,false_positive_cleared,4.37,445.08,False,5126,728
2425,381346,2025-01-20 11:14:42,2,false_positive_cleared,32.52,2508.51,False,2063,454
2422,381442,2025-01-20 13:28:43,3,false_positive_cleared,4.24,111.39,False,4180,415
2426,381485,2025-01-20 14:23:23,2,confirmed_fraud,5.82,176.06,True,5980,538
2428,382141,2025-01-21 06:31:18,2,false_positive_cleared,13.24,178.62,False,5799,268
2429,382155,2025-01-21 07:01:27,2,confirmed_fraud,11.71,14.57,True,2845,696
2430,382182,2025-01-21 07:32:18,2,false_positive_cleared,5.09,2863.48,False,2571,76
2431,382201,2025-01-21 08:09:33,2,false_positive_cleared,6.38,395.5,False,2265,309
2432,382492,2025-01-21 14:15:18,2,false_positive_cleared,12.28,297.03,False,4440,369
2433,382520,2025-01-21 15:01:18,2,false_positive_cleared,1.9,552.16,False,5339,553
2434,382570,2025-01-21 15:58:29,2,confirmed_fraud,13.82,195.87,False,4330,171
2435,382749,2025-01-21 20:25:12,2,false_positive_cleared,2.57,2892.22,False,5716,717
2436,382772,2025-01-21 20:56:32,2,false_positive_cleared,5.96,326.51,False,4917,718
2437,382865,2025-01-21 23:14:54,0,false_positive_cleared,7.09,14.91,False,821,468
2440,383079,2025-01-22 04:04:30,0,false_positive_cleared,14.61,10.27,False,2859,672
2438,383241,2025-01-22 08:04:28,2,false_positive_cleared,21.8,277.48,False,729,123
2439,383652,2025-01-22 17:54:00,2,false_positive_cleared,1.96,2849.93,False,2906,106
2441,384044,2025-01-23 03:25:16,2,false_positive_cleared,4.19,52.32,False,4749,365
2447,384134,2025-01-23 05:22:05,0,false_positive_cleared,1.36,79.9,False,4421,585
2442,384213,2025-01-23 07:17:00,2,false_positive_cleared,12.21,9566.64,False,3317,305
2443,384690,2025-01-23 19:08:33,2,false_positive_cleared,7.77,1919.09,False,4991,19
2445,384733,2025-01-23 20:02:45,2,false_positive_cleared,54.64,2187.83,False,5961,50
2444,384769,2025-01-23 20:50:36,2,false_positive_cleared,19.44,25.84,False,5594,675
2446,384780,2025-01-23 21:04:29,2,false_positive_cleared,21.92,2515.24,False,2590,613
2455,385006,2025-01-24 02:04:53,0,false_positive_cleared,6.65,35.35,False,907,152
2456,385194,2025-01-24 06:25:36,0,false_positive_cleared,14.96,255.26,False,2858,184
2448,385716,2025-01-24 19:12:44,2,false_positive_cleared,21.11,1717.88,False,5296,723
2450,385737,2025-01-24 19:44:14,2,false_positive_cleared,3.25,6.34,False,4672,681
2451,385777,2025-01-24 20:39:36,2,false_positive_cleared,3.32,49.99,False,1109,218
2452,385800,2025-01-24 21:40:34,2,false_positive_cleared,17.64,4798.61,False,2285,393
2454,385810,2025-01-24 21:55:38,2,false_positive_cleared,10.04,4130.52,False,2207,59
2449,385835,2025-01-24 22:33:51,2,false_positive_cleared,6.96,766.04,False,610,616
2453,385875,2025-01-24 23:42:33,2,confirmed_fraud,14.18,1781.61,False,1749,39
2457,386090,2025-01-25 05:09:22,2,false_positive_cleared,13.47,93.65,False,1975,348
2458,386277,2025-01-25 09:33:53,2,false_positive_cleared,20.01,1635.28,False,2247,246
2459,386422,2025-01-25 13:07:52,2,false_positive_cleared,27.09,52.17,False,2747,311
2460,386461,2025-01-25 14:02:53,2,false_positive_cleared,18.6,4778.55,False,2406,776
2462,386719,2025-01-25 19:42:58,0,false_positive_cleared,8.33,10.85,False,2729,292
2461,386891,2025-01-25 23:56:24,2,false_positive_cleared,15.66,2391.74,False,3673,95
2463,387139,2025-01-26 06:00:40,2,false_positive_cleared,12.76,3515.41,False,1247,512
2464,387263,2025-01-26 09:16:04,2,false_positive_cleared,7.92,12.06,False,4757,369
2465,387305,2025-01-26 10:17:46,2,false_positive_cleared,14.03,413.91,False,522,551
2466,387348,2025-01-26 11:35:09,2,false_positive_cleared,3.45,2501.1,False,2906,664
2467,387410,2025-01-26 13:04:17,2,false_positive_cleared,20.35,2517.47,False,2509,191
2468,387487,2025-01-26 14:59:33,2,false_positive_cleared,7.19,2448.2,False,5746,744
2469,387617,2025-01-26 18:31:21,2,confirmed_fraud,8.19,1890.36,False,315,105
2470,387726,2025-01-26 21:08:12,2,false_positive_cleared,11.98,27.83,False,4921,491
2472,387887,2025-01-27 01:46:18,2,false_positive_cleared,14.56,60.82,False,4962,697
2473,387953,2025-01-27 03:07:48,2,false_positive_cleared,11.16,295.13,False,824,303
2474,388115,2025-01-27 07:10:50,2,false_positive_cleared,33.34,12.81,False,1046,313
2475,388184,2025-01-27 08:38:38,2,false_positive_cleared,9.74,5091.47,False,4699,395
2471,388269,2025-01-27 11:06:36,3,false_positive_cleared,2.53,2278.47,False,4381,391
2476,388436,2025-01-27 14:41:39,2,false_positive_cleared,15.18,3082.29,False,932,23
2479,388473,2025-01-27 15:32:59,0,false_positive_cleared,8.87,119.16,False,5892,307
2477,388507,2025-01-27 16:30:23,2,false_positive_cleared,30.93,889.22,False,409,698
2478,388617,2025-01-27 18:53:25,2,false_positive_cleared,13.26,83.99,False,102,689
2480,388958,2025-01-28 02:40:38,2,false_positive_cleared,8.62,1727.67,False,245,18
2481,389343,2025-01-28 12:02:00,2,false_positive_cleared,10.83,1248.48,False,5294,38
2482,389550,2025-01-28 16:51:36,2,false_positive_cleared,5.77,3913.41,False,5148,605
2483,389557,2025-01-28 17:07:34,2,false_positive_cleared,3.16,6.51,False,1153,155
2484,389603,2025-01-28 18:05:48,2,false_positive_cleared,9.34,44.5,False,2602,538
2485,389651,2025-01-28 19:12:22,2,false_positive_cleared,14.02,1116.95,False,3627,620
2486,389804,2025-01-28 22:43:28,2,false_positive_cleared,18.74,454.3,False,512,541
2487,389879,2025-01-29 00:18:21,2,false_positive_cleared,13.73,6674.41,False,5747,701
2488,389911,2025-01-29 00:56:20,2,false_positive_cleared,34.65,2893.31,False,4944,288
2489,390002,2025-01-29 02:56:32,2,false_positive_cleared,20.44,1709.52,False,5831,611
2490,390039,2025-01-29 03:56:01,2,false_positive_cleared,14.47,2522.52,False,2509,704
2491,390062,2025-01-29 04:14:47,2,false_positive_cleared,10.61,261.87,False,779,351
2492,390221,2025-01-29 08:32:08,2,false_positive_cleared,4.16,2395.84,False,4316,641
2493,390300,2025-01-29 11:04:22,2,false_positive_cleared,0.88,5.7,False,67,381
2497,390404,2025-01-29 13:43:11,0,false_positive_cleared,6.14,94.74,False,1509,481
2494,390405,2025-01-29 13:43:22,2,false_positive_cleared,8.68,1901.21,False,5802,559
2495,390467,2025-01-29 15:08:59,2,false_positive_cleared,18.52,5061.38,False,4944,710
2496,390693,2025-01-29 20:48:36,2,confirmed_fraud,13.1,774.52,False,1766,177
2504,390858,2025-01-30 00:53:57,0,false_positive_cleared,1.92,190.46,False,3102,33
2498,390866,2025-01-30 01:02:03,2,false_positive_cleared,9.87,2541.5,False,5438,283
2499,391156,2025-01-30 07:11:09,2,false_positive_cleared,8.44,2311.37,False,2342,422
2500,391183,2025-01-30 07:58:07,2,false_positive_cleared,4.05,220.08,False,3337,229
2502,391354,2025-01-30 11:51:58,2,false_negative_cleared,6.49,66.63,True,2869,215
2501,391384,2025-01-30 12:41:05,2,false_positive_cleared,30.46,10.52,False,2145,394
2503,391640,2025-01-30 19:01:56,2,false_positive_cleared,8.19,17338.17,False,3695,553
2505,392287,2025-01-31 11:50:02,2,false_positive_cleared,14.2,23.5,False,3864,686
2511,392419,2025-01-31 14:53:12,0,false_positive_cleared,7.69,238.43,False,5834,417
2506,392435,2025-01-31 15:18:13,2,false_positive_cleared,15.55,2188.68,False,2669,577
2507,392595,2025-01-31 19:18:50,2,false_positive_cleared,7.57,89.98,False,3315,698
2509,392606,2025-01-31 19:29:42,2,false_positive_cleared,12.26,1811.5,False,4553,424
2508,392671,2025-01-31 22:03:45,2,false_positive_cleared,2.38,2760.2,False,4294,107
2510,392708,2025-01-31 22:53:34,2,false_positive_cleared,11.89,22.81,False,631,276
2514,392906,2025-02-01 03:51:05,2,false_positive_cleared,17.95,69.38,False,1089,100
2512,393245,2025-02-01 12:13:20,3,false_positive_cleared,12.65,57.18,False,4947,737
2515,393331,2025-02-01 13:56:57,2,false_positive_cleared,2.16,139.32,False,5908,148
2516,393430,2025-02-01 16:43:18,2,false_positive_cleared,18.82,458.36,False,1896,106
2513,393499,2025-02-01 18:21:40,3,false_positive_cleared,8.84,1673.46,False,2422,609
2517,393560,2025-02-01 20:00:13,2,false_positive_cleared,11.06,485.46,False,3271,31
2520,393785,2025-02-02 01:18:52,2,false_positive_cleared,5.62,82.04,False,2842,368
2518,393818,2025-02-02 02:00:40,3,false_positive_cleared,14.82,3183.55,False,3718,179
2521,393828,2025-02-02 02:13:20,2,false_positive_cleared,58.16,18.03,False,4404,507
2522,393932,2025-02-02 04:42:01,2,false_positive_cleared,10.08,3659.7,False,5694,150
2519,394091,2025-02-02 08:36:09,3,false_positive_cleared,8.31,83.64,False,5045,239
2523,394214,2025-02-02 11:20:09,2,false_positive_cleared,37.18,211.15,False,1809,672
2524,394415,2025-02-02 16:06:52,2,false_positive_cleared,4.05,2615.91,False,5971,262
2528,394628,2025-02-02 21:34:24,0,false_positive_cleared,19.99,24.06,False,871,269
2525,394630,2025-02-02 21:36:15,2,false_positive_cleared,2.25,3348.61,False,816,736
2526,394693,2025-02-02 23:25:27,2,false_positive_cleared,26.08,3171.35,False,4567,75
2527,394704,2025-02-02 23:37:44,2,false_positive_cleared,16.26,42.82,False,2115,500
2530,394781,2025-02-03 01:34:41,2,false_positive_cleared,22.39,6681.07,False,257,464
2531,394794,2025-02-03 01:51:00,2,confirmed_fraud,8.37,168.82,False,3545,65
2532,394972,2025-02-03 05:57:00,2,confirmed_fraud,21.19,1706.5,False,3462,746
2529,395053,2025-02-03 08:11:59,3,false_positive_cleared,8.87,26.59,False,4341,43
2533,395074,2025-02-03 08:36:32,2,false_positive_cleared,19.24,186.1,False,1108,377
2534,395118,2025-02-03 09:37:55,2,false_positive_cleared,11.68,60.46,False,2385,635
2535,395158,2025-02-03 10:33:35,2,false_positive_cleared,16.17,2776.84,False,5752,473
2536,395192,2025-02-03 11:20:30,2,confirmed_fraud,16.84,176.39,True,605,678
2537,395234,2025-02-03 12:11:52,2,false_positive_cleared,2.76,7405.14,False,3485,378
2538,395518,2025-02-03 19:22:00,2,false_positive_cleared,2.43,154.85,False,4029,723
2539,395741,2025-02-04 00:49:37,2,false_positive_cleared,8.48,46.22,False,847,210
2540,395766,2025-02-04 01:17:54,2,false_positive_cleared,20.07,4000.11,False,4889,562
2541,396052,2025-02-04 08:38:11,2,false_positive_cleared,4.69,46.9,False,3097,460
2542,396193,2025-02-04 12:20:29,2,false_positive_cleared,14.81,6.84,False,5509,248
2543,396229,2025-02-04 13:04:53,2,false_positive_cleared,2.56,26.14,False,5153,620
2544,396429,2025-02-04 18:23:06,2,false_positive_cleared,20.66,2294.15,False,2236,536
2545,396566,2025-02-04 21:57:35,2,false_positive_cleared,4.94,4214.81,False,816,414
2546,396641,2025-02-04 23:51:41,2,false_positive_cleared,5.86,6.3,False,3107,242
2547,396706,2025-02-05 01:16:38,2,false_positive_cleared,1.59,19.75,False,5834,307
2548,397291,2025-02-05 15:55:53,2,false_positive_cleared,10.83,537.28,False,1434,406
2549,397437,2025-02-05 19:02:51,2,false_positive_cleared,15.04,41.8,False,3107,672
2550,397697,2025-02-06 00:59:09,2,false_positive_cleared,6.93,3368.74,False,2063,695
2551,397774,2025-02-06 02:48:45,2,false_positive_cleared,3.63,4000.46,False,2550,323
2552,397883,2025-02-06 04:58:31,2,false_positive_cleared,10.83,5532.68,False,591,799
2553,398178,2025-02-06 12:20:58,2,false_positive_cleared,3.71,29.05,False,826,762
2554,398179,2025-02-06 12:21:28,2,false_positive_cleared,9.95,3506.48,False,1767,155
2555,398249,2025-02-06 14:10:11,2,false_positive_cleared,7.16,25421.54,False,2285,526
2556,398441,2025-02-06 18:18:55,2,false_positive_cleared,13.06,66.05,False,3677,486
2559,398474,2025-02-06 19:10:11,0,false_positive_cleared,22.5,25.83,False,4718,130
2557,398514,2025-02-06 19:55:31,2,false_positive_cleared,8.99,17.81,False,2331,658
2558,398631,2025-02-06 22:38:04,2,false_positive_cleared,21.94,18.05,False,426,385
2560,399001,2025-02-07 07:56:26,2,false_positive_cleared,15.19,76.91,False,682,608
2561,399084,2025-02-07 09:51:58,2,confirmed_fraud,1.08,3853.26,True,454,478
2562,399102,2025-02-07 10:21:32,2,false_positive_cleared,21.09,100.32,False,3916,793
2563,399182,2025-02-07 12:17:36,2,false_positive_cleared,6.24,199.93,False,4703,385
2564,399185,2025-02-07 12:21:43,2,false_positive_cleared,6.5,3016.08,False,4986,402
2565,399216,2025-02-07 12:57:44,2,false_positive_cleared,4.71,5462.9,False,1852,207
2566,399246,2025-02-07 13:42:15,2,false_positive_cleared,7.55,100.75,False,2293,742
2567,399263,2025-02-07 14:06:56,2,false_positive_cleared,22.39,277.44,False,4662,196
2568,399319,2025-02-07 15:35:00,2,false_positive_cleared,14.82,1902.37,False,2489,454
2569,399781,2025-02-08 02:41:57,2,false_positive_cleared,10.71,2233.8,False,5137,228
2573,399856,2025-02-08 04:41:02,0,false_positive_cleared,8.48,90.44,False,1174,686
2570,400138,2025-02-08 11:18:42,2,false_positive_cleared,3.1,66.46,False,1218,119
2572,400253,2025-02-08 13:55:25,2,false_positive_cleared,25.2,33.05,False,45,723
2574,400314,2025-02-08 15:09:52,0,false_positive_cleared,8.84,15.78,False,1409,608
2571,400510,2025-02-08 20:36:39,2,false_positive_cleared,12.22,226.44,False,565,753
2579,400808,2025-02-09 03:14:09,0,false_positive_cleared,4.81,125.96,False,3022,325
2575,401007,2025-02-09 07:42:33,2,false_positive_cleared,13.01,187.77,False,3009,316
2576,401016,2025-02-09 07:55:20,2,false_positive_cleared,2.64,125.46,False,908,523
2578,401140,2025-02-09 10:43:29,2,false_positive_cleared,12.87,26.22,False,5669,305
2577,401351,2025-02-09 16:14:23,2,false_positive_cleared,8.55,108.63,False,4709,479
2580,401471,2025-02-09 19:04:10,0,false_positive_cleared,5.19,229.37,False,2027,445
2581,401672,2025-02-10 00:19:35,2,false_positive_cleared,4.48,36.01,False,3580,264
2582,401964,2025-02-10 07:38:51,2,false_positive_cleared,9.87,2351.12,False,959,538
2583,401992,2025-02-10 08:14:28,2,false_positive_cleared,23.05,19.8,False,2551,278
2584,402155,2025-02-10 12:03:39,2,false_positive_cleared,3.91,283.81,False,1211,3
2585,402199,2025-02-10 13:02:36,2,false_positive_cleared,15.68,2717.56,False,1388,374
2586,402267,2025-02-10 14:51:04,2,false_positive_cleared,3.87,1642.27,False,2792,796
2587,402273,2025-02-10 14:58:55,2,confirmed_fraud,7.53,3082.1,True,4849,545
2592,402857,2025-02-11 05:19:33,0,false_positive_cleared,27.06,916.27,False,3332,726
2591,403021,2025-02-11 08:59:15,1,confirmed_fraud,9.71,111.73,True,4210,799
2589,403091,2025-02-11 10:44:19,2,false_positive_cleared,4.0,817.31,False,3427,12
2588,403318,2025-02-11 16:29:15,2,confirmed_fraud,7.84,91.91,False,2145,717
2593,403319,2025-02-11 16:30:29,0,false_positive_cleared,10.86,215.64,False,39,512
2590,403595,2025-02-11 23:36:04,2,false_positive_cleared,2.69,154.28,False,3291,12
2595,403642,2025-02-12 00:39:09,2,false_positive_cleared,7.93,6121.78,False,5461,291
2594,403864,2025-02-12 06:04:11,3,false_positive_cleared,3.38,2099.54,False,643,742
2596,404241,2025-02-12 15:17:05,2,false_positive_cleared,24.0,699.74,False,1923,445
2597,404298,2025-02-12 16:49:47,2,false_positive_cleared,8.14,66.91,False,4168,26
2599,404489,2025-02-12 21:24:48,1,false_positive_cleared,3.02,47.04,False,966,455
2598,404534,2025-02-12 22:27:15,2,false_positive_cleared,13.18,4071.12,False,1450,187
2602,404629,2025-02-13 00:48:47,2,false_positive_cleared,16.58,3081.38,False,777,526
2601,404962,2025-02-13 09:07:53,2,false_positive_cleared,8.68,75.17,False,2222,508
2603,404979,2025-02-13 09:34:32,2,false_positive_cleared,11.46,15.94,False,2163,250
2604,405067,2025-02-13 11:16:29,2,false_positive_cleared,16.94,2897.26,False,2438,787
2600,405094,2025-02-13 11:46:36,3,false_positive_cleared,19.76,4556.75,False,4849,548
2605,405306,2025-02-13 17:28:53,2,false_positive_cleared,8.16,50.95,False,988,503
2606,405493,2025-02-13 22:15:49,2,confirmed_fraud,10.96,2353.49,True,5034,192
2607,405667,2025-02-14 01:58:18,2,false_positive_cleared,15.68,1173.52,False,461,63
2608,405696,2025-02-14 02:34:37,2,false_positive_cleared,23.62,263.35,False,3875,605
2609,405931,2025-02-14 09:18:36,2,false_positive_cleared,8.25,910.13,False,3591,671
2610,405995,2025-02-14 11:13:26,2,false_positive_cleared,22.35,48.23,False,3425,158
2611,406200,2025-02-14 16:13:01,2,false_positive_cleared,18.94,3104.71,False,4734,741
2612,406473,2025-02-14 22:41:51,2,false_positive_cleared,1.9,4913.18,False,3317,473
2613,406484,2025-02-14 23:06:23,2,false_positive_cleared,4.91,11851.43,False,4847,660
2614,406567,2025-02-15 00:53:36,2,false_positive_cleared,9.31,2243.98,False,1450,49
2615,406603,2025-02-15 01:47:43,2,false_positive_cleared,6.35,47.99,False,5973,120
2616,406803,2025-02-15 06:54:52,2,false_positive_cleared,6.84,1948.35,False,4371,727
2617,406816,2025-02-15 07:14:30,2,false_positive_cleared,10.46,260.1,False,1268,603
2618,407113,2025-02-15 14:12:25,2,confirmed_fraud,11.77,1168.02,False,3614,157
2619,407263,2025-02-15 18:10:51,2,false_positive_cleared,9.15,135.16,False,725,206
2620,407475,2025-02-15 23:58:30,2,false_positive_cleared,27.55,15.6,False,3847,159
2621,407489,2025-02-16 00:18:49,2,false_positive_cleared,7.16,2128.42,False,1592,270
2622,407644,2025-02-16 04:11:09,2,false_positive_cleared,8.74,740.82,False,35,631
2623,407652,2025-02-16 04:24:53,2,confirmed_fraud,4.65,162.91,False,279,454
2632,407723,2025-02-16 06:28:35,0,false_positive_cleared,29.0,263.19,False,1992,77
2624,407782,2025-02-16 07:49:46,2,false_positive_cleared,2.42,64.18,False,352,596
2626,407814,2025-02-16 08:35:48,2,false_positive_cleared,5.28,2074.55,False,5463,362
2627,407859,2025-02-16 09:41:54,2,false_positive_cleared,3.57,6713.16,False,5357,515
2628,407960,2025-02-16 12:21:12,2,false_positive_cleared,12.52,377.76,False,2009,624
2625,408192,2025-02-16 18:18:14,2,false_positive_cleared,1.85,2164.99,False,3266,580
2630,408219,2025-02-16 19:04:06,2,false_positive_cleared,25.37,506.71,False,4811,784
2629,408223,2025-02-16 19:08:14,2,false_positive_cleared,4.32,8592.03,False,1414,72
2631,408355,2025-02-16 22:13:51,2,false_positive_cleared,2.38,2431.14,False,1105,473
2633,408593,2025-02-17 03:44:45,2,false_positive_cleared,2.57,2356.54,False,5375,1
2639,408606,2025-02-17 04:02:16,0,false_positive_cleared,7.3,231.2,False,1147,53
2634,408616,2025-02-17 04:12:23,2,false_positive_cleared,3.14,3430.5,False,3018,798
2635,408977,2025-02-17 13:06:20,2,false_positive_cleared,2.0,156.88,False,833,677
2637,408989,2025-02-17 13:25:04,2,false_positive_cleared,12.74,6.47,False,3973,766
2636,409049,2025-02-17 14:47:35,2,false_positive_cleared,7.18,4968.65,False,448,565
2638,409207,2025-02-17 19:30:45,2,false_positive_cleared,7.45,262.63,False,5665,118
2640,409447,2025-02-18 01:52:47,2,false_positive_cleared,4.48,224.46,False,1892,133
2641,409570,2025-02-18 05:00:56,2,false_positive_cleared,7.25,1874.69,False,4722,200
2642,409606,2025-02-18 05:57:18,2,false_positive_cleared,9.04,7111.74,False,2438,405
2643,409676,2025-02-18 07:39:57,2,false_positive_cleared,7.32,4.06,False,2420,198
2644,409786,2025-02-18 10:07:53,2,false_positive_cleared,4.51,2768.38,False,4095,394
2645,409999,2025-02-18 15:36:16,2,false_positive_cleared,12.9,184.71,False,2302,534
2648,410108,2025-02-18 17:51:45,0,false_positive_cleared,14.92,2.86,False,3026,90
2646,410121,2025-02-18 18:11:29,2,false_positive_cleared,23.84,269.67,False,2222,645
2649,410206,2025-02-18 20:27:54,0,confirmed_fraud,14.8,277.81,False,2362,358
2647,410268,2025-02-18 22:03:12,2,false_positive_cleared,28.08,785.64,False,146,120
2650,410485,2025-02-19 03:04:23,2,false_positive_cleared,31.16,192.26,False,91,650
2651,410538,2025-02-19 04:12:18,2,false_positive_cleared,12.73,65.03,False,3172,45
2652,410671,2025-02-19 07:22:16,2,false_positive_cleared,5.21,12.87,False,4540,55
2653,410775,2025-02-19 10:13:43,2,false_positive_cleared,13.36,287.98,False,5064,798
2654,410905,2025-02-19 13:10:23,2,false_positive_cleared,5.47,53.23,False,2849,429
2655,411000,2025-02-19 15:11:02,2,false_positive_cleared,5.56,4072.1,False,3532,19
2656,411033,2025-02-19 15:59:55,2,false_positive_cleared,8.86,8190.36,False,5293,673
2657,411075,2025-02-19 16:53:31,2,confirmed_fraud,1.28,9.95,True,1123,495
2659,411107,2025-02-19 17:37:51,0,false_positive_cleared,12.0,273.2,False,74,717
2658,411286,2025-02-19 22:08:39,2,false_positive_cleared,18.36,3274.42,False,5552,7
2660,411307,2025-02-19 22:47:08,0,false_positive_cleared,12.98,13.96,False,938,24
2661,411392,2025-02-20 00:42:50,2,false_positive_cleared,7.19,3515.11,False,3014,508
2662,411529,2025-02-20 04:15:46,2,false_positive_cleared,14.09,2001.73,False,4272,493
2669,411722,2025-02-20 08:59:55,0,false_positive_cleared,5.87,27.98,False,568,546
2663,411779,2025-02-20 10:18:07,2,false_positive_cleared,51.39,213.51,False,5570,333
2664,411899,2025-02-20 13:10:10,2,false_positive_cleared,4.99,2502.54,False,1850,190
2665,412039,2025-02-20 16:52:43,2,false_positive_cleared,13.54,5740.97,False,5461,553
2667,412049,2025-02-20 17:17:58,2,false_positive_cleared,18.87,29.94,False,4269,236
2666,412090,2025-02-20 18:14:54,2,false_positive_cleared,9.86,2622.6,False,5293,723
2668,412149,2025-02-20 19:47:32,2,false_positive_cleared,43.89,4406.46,False,3921,327
2671,412348,2025-02-21 01:17:28,2,false_positive_cleared,3.38,761.48,False,1824,699
2673,412380,2025-02-21 02:02:41,2,false_positive_cleared,9.64,218.89,False,4167,340
2672,412639,2025-02-21 08:05:04,2,false_positive_cleared,14.19,332.39,False,4246,506
2674,412686,2025-02-21 09:08:25,2,false_positive_cleared,2.08,19.99,False,3366,705
2670,412703,2025-02-21 09:39:04,3,false_positive_cleared,7.98,13.55,False,3696,535
2675,412806,2025-02-21 12:16:53,2,confirmed_fraud,7.54,4998.68,False,5323,414
2680,413008,2025-02-21 16:32:44,0,confirmed_fraud,14.59,314.39,False,2332,797
2676,413057,2025-02-21 17:37:42,2,false_positive_cleared,36.58,2292.67,False,5357,425
2677,413094,2025-02-21 18:24:16,2,false_positive_cleared,22.25,207.36,False,146,248
2681,413149,2025-02-21 19:28:58,0,false_positive_cleared,20.61,156.92,False,795,579
2679,413175,2025-02-21 20:00:09,2,false_positive_cleared,5.15,448.93,False,4459,264
2678,413262,2025-02-21 21:55:58,2,false_positive_cleared,11.08,3775.71,False,4036,143
2684,413427,2025-02-22 01:38:19,2,false_positive_cleared,9.92,2476.24,False,797,711
2683,413450,2025-02-22 02:03:18,2,false_positive_cleared,7.15,1758.7,False,5357,757
2685,413517,2025-02-22 04:00:45,2,false_positive_cleared,8.76,2075.36,False,4505,446
2686,413543,2025-02-22 04:29:03,2,false_positive_cleared,7.65,1803.52,False,1287,117
2688,413569,2025-02-22 05:01:52,2,false_positive_cleared,4.14,31.86,False,3710,598
2687,413647,2025-02-22 06:55:24,2,false_positive_cleared,30.74,70.28,False,5153,342
2689,413914,2025-02-22 12:38:22,2,false_positive_cleared,18.48,2970.53,False,3684,520
2690,414016,2025-02-22 15:34:58,2,false_positive_cleared,11.61,2194.87,False,276,6
2691,414032,2025-02-22 16:13:38,2,confirmed_fraud,3.41,3946.82,False,2438,503
2692,414204,2025-02-22 20:24:20,0,false_positive_cleared,14.52,69.03,False,5732,255
2682,414286,2025-02-22 22:09:37,3,false_positive_cleared,18.06,2232.55,False,5082,723
2693,414483,2025-02-23 02:59:12,2,false_positive_cleared,3.41,327.75,False,1493,599
2694,414642,2025-02-23 06:59:24,2,false_positive_cleared,55.44,162.51,False,2610,481
2695,414731,2025-02-23 08:51:40,2,false_positive_cleared,4.46,6162.12,False,3212,473
2696,414849,2025-02-23 12:05:09,2,false_positive_cleared,21.16,834.9,False,1078,541
2697,414889,2025-02-23 12:52:10,2,false_positive_cleared,7.9,1660.77,False,1105,583
2698,414891,2025-02-23 12:52:46,2,false_positive_cleared,9.56,42.24,False,2900,194
2699,414908,2025-02-23 13:08:08,2,false_positive_cleared,9.76,2020.2,False,2051,408
2700,414929,2025-02-23 13:41:25,2,false_positive_cleared,5.08,2076.81,False,5527,584
2701,415145,2025-02-23 19:29:34,2,confirmed_fraud,13.94,54.39,False,4936,558
2702,415243,2025-02-23 21:49:16,2,false_positive_cleared,16.76,177.96,False,1464,799
2703,415540,2025-02-24 04:44:54,2,false_positive_cleared,12.26,11.19,False,3917,105
2704,415546,2025-02-24 04:54:09,2,false_positive_cleared,7.59,109.65,False,1808,698
2705,415909,2025-02-24 12:27:29,2,false_positive_cleared,7.17,1340.02,False,2901,588
2706,416139,2025-02-24 17:47:51,2,false_positive_cleared,4.8,4612.01,False,2438,370
2708,416813,2025-02-25 09:40:52,0,false_positive_cleared,4.38,14.52,False,1241,694
2707,417117,2025-02-25 16:33:49,2,false_positive_cleared,2.54,1660.75,False,1634,587
2711,417636,2025-02-26 05:23:11,2,false_positive_cleared,5.85,5.67,False,2825,684
2710,417778,2025-02-26 08:49:04,2,false_positive_cleared,13.72,70.2,False,1294,119
2712,417803,2025-02-26 09:21:46,2,false_positive_cleared,13.43,14.74,False,3460,381
2713,417812,2025-02-26 09:40:58,2,false_positive_cleared,13.42,1951.31,False,5746,511
2714,417945,2025-02-26 13:04:46,2,false_negative_cleared,5.68,3731.13,True,35,6
2709,417949,2025-02-26 13:15:53,4,confirmed_fraud,1.08,9460.64,True,4036,745
2715,417961,2025-02-26 13:28:49,2,false_positive_cleared,12.76,855.77,False,3198,346
2716,418006,2025-02-26 14:40:31,2,false_positive_cleared,27.88,17996.45,False,2040,355
2717,418198,2025-02-26 18:37:13,2,false_positive_cleared,0.98,3217.94,False,94,155
2718,418322,2025-02-26 21:47:49,2,false_positive_cleared,12.06,47.99,False,3170,724
2719,418339,2025-02-26 22:20:45,2,false_positive_cleared,33.87,30.84,False,2532,556
2720,418522,2025-02-27 02:38:29,2,false_positive_cleared,3.21,376.4,False,2590,515
2721,418533,2025-02-27 02:59:48,2,false_positive_cleared,5.42,3172.55,False,4325,781
2722,418535,2025-02-27 03:01:26,2,false_positive_cleared,6.2,304.46,False,1374,510
2723,418569,2025-02-27 04:08:11,2,false_positive_cleared,3.76,3438.77,False,3024,59
2724,418794,2025-02-27 09:16:22,2,false_positive_cleared,17.18,24.11,False,5733,496
2725,419021,2025-02-27 15:19:16,2,false_positive_cleared,11.67,1623.43,False,2714,49
2726,419109,2025-02-27 17:17:59,2,false_positive_cleared,19.29,10.84,False,3293,48
2727,419294,2025-02-27 22:26:42,2,confirmed_fraud,13.98,117.6,True,3805,56
2728,419324,2025-02-27 23:18:16,2,false_positive_cleared,5.64,2313.41,False,3962,151
2729,419432,2025-02-28 02:32:01,2,false_positive_cleared,5.42,2219.61,False,4151,618
2737,419447,2025-02-28 02:47:50,0,false_positive_cleared,18.23,49.43,False,853,399
2730,419449,2025-02-28 02:53:54,2,confirmed_fraud,2.98,1899.41,False,5634,373
2731,419468,2025-02-28 03:21:56,2,false_positive_cleared,6.9,3327.55,False,1225,522
2732,419768,2025-02-28 10:04:56,2,false_positive_cleared,12.05,8319.12,False,2301,319
2733,419808,2025-02-28 10:57:02,2,false_positive_cleared,18.43,60.58,False,2556,272
2735,419997,2025-02-28 16:12:37,2,false_positive_cleared,3.23,52.54,False,695,455
2734,420042,2025-02-28 17:15:25,2,false_positive_cleared,2.85,205.14,False,4480,425
2736,420091,2025-02-28 18:15:26,2,confirmed_fraud,17.12,1893.13,False,3198,680
2738,420408,2025-03-01 01:22:55,2,confirmed_fraud,28.05,16.19,False,3079,506
2739,420468,2025-03-01 02:39:41,2,false_positive_cleared,33.83,42.17,False,4557,437
2740,420653,2025-03-01 07:30:22,2,false_positive_cleared,3.93,1874.5,False,4036,185
2741,420830,2025-03-01 11:42:44,2,confirmed_fraud,19.87,1694.74,True,4679,463
2742,420846,2025-03-01 12:02:17,2,false_positive_cleared,13.69,4.72,False,3971,31
2743,420948,2025-03-01 14:42:56,2,false_positive_cleared,1.58,11.11,False,2915,546
2744,421199,2025-03-01 21:20:22,2,false_positive_cleared,5.63,11215.9,False,2132,126
2745,421328,2025-03-02 00:25:15,2,false_positive_cleared,8.62,4966.93,False,30,750
2746,421444,2025-03-02 03:18:59,2,false_positive_cleared,19.84,1842.63,False,4684,690
2747,421479,2025-03-02 04:16:21,2,confirmed_fraud,4.28,3330.99,False,5961,199
2748,421617,2025-03-02 07:39:35,2,false_positive_cleared,6.18,73.21,False,357,501
2749,421678,2025-03-02 09:09:51,2,false_positive_cleared,15.58,310.31,False,2030,794
2750,421916,2025-03-02 15:26:00,2,false_positive_cleared,10.86,24.0,False,3829,43
2751,421948,2025-03-02 16:10:36,2,false_positive_cleared,9.66,2564.44,False,1533,508
2752,421971,2025-03-02 16:50:59,2,false_positive_cleared,16.44,645.38,False,4221,187
2753,422166,2025-03-02 21:12:57,2,false_positive_cleared,8.58,202.19,False,3678,447
2754,422232,2025-03-02 22:29:07,2,false_positive_cleared,1.3,6502.51,False,5670,559
2755,422319,2025-03-03 00:12:35,2,false_positive_cleared,4.55,129.17,False,1620,718
2756,422634,2025-03-03 09:15:29,2,false_positive_cleared,9.22,1239.67,False,2207,378
2760,422700,2025-03-03 11:18:13,0,false_positive_cleared,6.43,252.68,False,1593,719
2757,422824,2025-03-03 14:04:06,2,false_positive_cleared,4.12,7700.08,False,5011,411
2758,422837,2025-03-03 14:23:30,2,false_positive_cleared,6.41,212.91,False,3030,314
2759,422875,2025-03-03 15:14:31,2,false_positive_cleared,4.27,430.74,False,3351,47
2761,423281,2025-03-04 01:14:28,2,false_positive_cleared,15.05,4209.73,False,1225,273
2762,423342,2025-03-04 02:50:12,2,false_positive_cleared,27.63,1000.38,False,2257,652
2763,423524,2025-03-04 07:13:26,2,false_positive_cleared,19.35,2507.39,False,4613,388
2766,423684,2025-03-04 10:52:16,0,false_positive_cleared,7.96,105.55,False,2426,407
2764,424187,2025-03-04 23:16:19,2,false_positive_cleared,27.28,5313.91,False,3727,538
2765,424205,2025-03-04 23:34:11,2,false_positive_cleared,5.64,2704.82,False,151,307
2767,424454,2025-03-05 05:47:14,2,false_positive_cleared,5.24,7981.09,False,5411,260
2768,424486,2025-03-05 06:41:57,2,false_positive_cleared,9.17,63.68,False,5602,39
2776,424536,2025-03-05 07:59:21,0,false_positive_cleared,11.12,123.89,False,500,591
2769,424629,2025-03-05 10:40:19,2,false_positive_cleared,8.9,86.81,False,3549,133
2775,424716,2025-03-05 12:44:28,0,false_positive_cleared,36.21,53.5,False,935,474
2770,424776,2025-03-05 14:01:04,2,false_positive_cleared,9.47,1781.28,False,5630,4
2772,424849,2025-03-05 15:39:25,2,false_positive_cleared,3.16,3640.5,False,55,112
2771,425049,2025-03-05 20:14:16,2,false_positive_cleared,17.16,1622.47,False,3317,193
2773,425115,2025-03-05 22:03:41,2,false_positive_cleared,2.46,1912.47,False,909,394
2774,425186,2025-03-05 23:34:27,2,false_positive_cleared,4.17,5017.24,False,5526,300
2777,425222,2025-03-06 00:29:06,3,false_positive_cleared,18.28,1949.0,False,2168,285
2778,425427,2025-03-06 05:53:19,3,false_positive_cleared,18.03,5559.69,False,35,251
2779,425710,2025-03-06 12:53:25,2,false_positive_cleared,10.91,2458.61,False,4069,414
2780,425756,2025-03-06 14:16:14,2,false_positive_cleared,3.08,2101.75,False,4036,90
2781,425874,2025-03-06 17:05:49,2,confirmed_fraud,11.21,1743.52,True,2851,489
2782,425911,2025-03-06 17:54:54,2,false_positive_cleared,35.12,2169.36,False,2421,675
2783,425990,2025-03-06 20:00:47,2,confirmed_fraud,18.64,375.89,True,4848,542
2784,426123,2025-03-06 23:26:15,2,false_positive_cleared,4.11,2154.65,False,1922,386
2785,426150,2025-03-07 00:10:15,2,false_positive_cleared,3.16,2362.44,False,2961,426
2786,426166,2025-03-07 00:29:11,2,false_positive_cleared,14.89,59.91,False,3366,666
2787,426317,2025-03-07 04:24:59,2,false_positive_cleared,18.88,11826.4,False,2168,1
2788,426451,2025-03-07 07:30:03,2,false_positive_cleared,12.02,56.45,False,153,84
2789,426510,2025-03-07 08:53:40,2,false_positive_cleared,9.09,4294.53,False,2509,79
2790,426608,2025-03-07 10:58:33,2,false_positive_cleared,6.86,1615.87,False,4968,20
2791,426616,2025-03-07 11:05:23,2,false_positive_cleared,2.17,2986.01,False,4550,577
2792,426717,2025-03-07 14:04:25,2,false_positive_cleared,14.79,1607.37,False,925,339
2793,426936,2025-03-07 19:08:27,2,false_positive_cleared,1.51,3030.15,False,2358,314
2795,426995,2025-03-07 20:39:15,0,false_positive_cleared,8.44,39.72,False,1283,485
2794,427108,2025-03-07 23:22:39,2,false_positive_cleared,19.41,2052.7,False,55,242
2803,427190,2025-03-08 01:23:53,0,false_positive_cleared,6.77,81.07,False,274,692
2796,427339,2025-03-08 06:06:55,2,false_positive_cleared,16.69,3365.21,False,2231,623
2797,427358,2025-03-08 06:34:58,2,false_positive_cleared,19.25,157.3,False,2549,274
2798,427533,2025-03-08 10:16:01,2,false_positive_cleared,13.84,1827.61,False,3529,81
2799,427667,2025-03-08 13:17:56,2,false_positive_cleared,18.23,4511.19,False,3507,368
2801,427799,2025-03-08 16:37:18,2,false_positive_cleared,9.25,13.44,False,4126,467
2800,427973,2025-03-08 21:00:25,2,false_positive_cleared,12.5,129.71,False,2707,635
2802,428011,2025-03-08 21:51:42,2,false_positive_cleared,58.54,2.67,False,586,398
2805,428118,2025-03-09 00:10:50,2,false_positive_cleared,3.93,2997.32,False,3727,468
2806,428411,2025-03-09 06:03:28,2,false_positive_cleared,6.78,2990.3,False,5751,544
2807,428576,2025-03-09 10:23:24,2,false_positive_cleared,46.46,4809.0,False,5176,138
2804,428616,2025-03-09 11:23:12,3,false_positive_cleared,6.74,3725.36,False,2118,709
2808,428754,2025-03-09 15:13:43,2,false_positive_cleared,12.14,497.89,False,1795,426
2809,428959,2025-03-09 19:46:48,2,false_positive_cleared,23.92,471.44,False,5403,563
2811,429262,2025-03-10 03:16:08,2,false_positive_cleared,3.49,2478.72,False,368,199
2812,429466,2025-03-10 08:30:53,2,false_positive_cleared,18.41,1967.01,False,3532,201
2810,429891,2025-03-10 19:37:09,3,false_positive_cleared,23.01,2539.95,False,1924,158
2813,429924,2025-03-10 20:39:45,2,false_positive_cleared,11.41,2482.54,False,74,524
2814,430350,2025-03-11 07:58:08,2,false_positive_cleared,8.72,9882.27,False,868,79
2816,430418,2025-03-11 09:50:58,1,false_positive_cleared,18.39,349.84,False,5923,218
2817,430516,2025-03-11 12:36:40,0,false_positive_cleared,24.91,173.92,False,5184,588
2815,430961,2025-03-11 22:05:16,2,false_positive_cleared,20.31,2805.57,False,3485,220
2818,431059,2025-03-12 00:34:38,2,false_positive_cleared,4.77,18.61,False,5039,468
2819,431219,2025-03-12 03:57:01,2,false_positive_cleared,10.76,258.76,False,4602,73
2820,431300,2025-03-12 05:42:10,2,false_positive_cleared,25.68,1677.1,False,3822,718
2821,431413,2025-03-12 08:26:19,2,false_positive_cleared,5.15,2130.46,False,3912,663
2822,431448,2025-03-12 09:24:33,2,false_positive_cleared,13.7,53.1,False,3995,510
2823,431495,2025-03-12 10:36:42,2,false_positive_cleared,7.76,5925.74,False,5020,93
2824,431608,2025-03-12 13:28:44,2,false_positive_cleared,20.17,1718.49,False,3904,476
2825,431651,2025-03-12 14:32:14,0,false_positive_cleared,2.96,220.93,False,530,38
2826,432216,2025-03-13 03:28:47,2,false_positive_cleared,20.63,2223.96,False,2421,13
2827,432317,2025-03-13 05:52:59,2,false_positive_cleared,12.12,284.93,False,5335,324
2828,432443,2025-03-13 08:48:14,2,false_positive_cleared,13.09,110.8,False,517,377
2829,432457,2025-03-13 09:01:18,2,false_positive_cleared,26.62,1913.46,False,666,646
2830,432578,2025-03-13 11:57:32,2,false_positive_cleared,4.16,70.68,False,2387,439
2831,432608,2025-03-13 12:35:21,2,false_positive_cleared,22.33,76.97,False,745,723
2832,432894,2025-03-13 18:57:40,2,false_positive_cleared,21.39,1694.85,False,824,298
2833,432937,2025-03-13 19:56:27,2,false_positive_cleared,3.22,5925.48,False,5323,383
2834,433122,2025-03-14 00:28:06,2,false_positive_cleared,7.46,12.11,False,3120,129
2835,433210,2025-03-14 02:49:08,2,false_positive_cleared,6.68,1691.01,False,4647,198
2836,433382,2025-03-14 07:04:00,2,false_positive_cleared,9.44,229.72,False,340,794
2837,433434,2025-03-14 08:09:53,2,false_positive_cleared,1.29,4130.39,False,3072,166
2838,433682,2025-03-14 14:11:35,2,false_positive_cleared,1.2,14384.59,False,5357,494
2839,433709,2025-03-14 14:51:36,2,false_positive_cleared,14.04,30.37,False,5335,58
2842,433720,2025-03-14 15:08:01,0,false_positive_cleared,14.68,303.58,False,5783,242
2840,433822,2025-03-14 17:45:59,2,false_positive_cleared,2.4,73.53,False,4954,585
2841,434058,2025-03-14 23:01:54,2,confirmed_fraud,14.38,419.82,True,5849,746
2843,434238,2025-03-15 03:57:31,2,false_positive_cleared,12.58,13.92,False,4526,290
2844,434250,2025-03-15 04:10:30,2,false_positive_cleared,10.78,6302.06,False,3317,50
2845,434330,2025-03-15 06:22:05,2,false_positive_cleared,8.05,73.5,False,2568,284
2851,434378,2025-03-15 07:33:20,0,false_positive_cleared,2.75,52.2,False,2803,393
2850,434379,2025-03-15 07:34:16,0,false_positive_cleared,5.23,29.55,False,5872,420
2847,434677,2025-03-15 15:01:04,2,false_positive_cleared,23.11,2910.63,False,5357,722
2846,434716,2025-03-15 16:07:15,2,false_positive_cleared,7.44,486.24,False,3826,271
2848,434790,2025-03-15 17:51:01,2,false_positive_cleared,7.33,2188.57,False,4296,487
2849,434895,2025-03-15 20:19:26,2,false_positive_cleared,2.99,66.72,False,1559,227
2852,435231,2025-03-16 04:27:06,2,false_positive_cleared,20.26,283.04,False,2782,689
2853,435309,2025-03-16 06:39:15,2,false_positive_cleared,6.16,24.4,False,1341,130
2854,435333,2025-03-16 07:11:29,2,false_positive_cleared,8.48,1842.24,False,5806,615
2855,435432,2025-03-16 09:44:56,2,false_positive_cleared,19.74,70.68,False,4243,767
2856,435479,2025-03-16 11:02:16,2,false_positive_cleared,13.18,8.24,False,3771,367
2857,435485,2025-03-16 11:10:16,2,false_positive_cleared,8.18,13.25,False,3425,169
2858,435822,2025-03-16 19:26:10,2,false_positive_cleared,15.88,1799.6,False,2669,46
2859,435882,2025-03-16 20:58:09,2,false_positive_cleared,10.48,2117.26,False,2792,646
2860,435887,2025-03-16 21:04:27,2,false_positive_cleared,8.8,4727.01,False,1240,315
2861,435995,2025-03-16 23:50:43,0,false_positive_cleared,20.42,5.4,False,4965,143
2862,436109,2025-03-17 02:40:08,2,false_positive_cleared,30.56,37.28,False,4393,168
2863,436305,2025-03-17 07:03:53,2,false_positive_cleared,12.08,101.09,False,4878,627
2864,436309,2025-03-17 07:08:25,2,false_positive_cleared,4.22,28.62,False,2761,315
2870,436446,2025-03-17 10:39:44,1,false_positive_cleared,12.55,188.94,False,4665,645
2865,436590,2025-03-17 14:01:33,2,false_positive_cleared,4.34,5200.29,False,1388,506
2866,436623,2025-03-17 14:53:56,2,false_positive_cleared,8.34,2237.01,False,5011,276
2868,436644,2025-03-17 15:17:53,2,confirmed_fraud,7.48,5927.12,False,3174,716
2867,436678,2025-03-17 15:56:22,2,false_positive_cleared,39.89,1914.05,False,499,708
2869,436695,2025-03-17 16:20:05,2,false_positive_cleared,12.41,85.14,False,3719,730
2871,437054,2025-03-18 00:39:35,2,false_positive_cleared,1.4,293.74,False,2071,361
2882,437140,2025-03-18 03:09:54,0,false_positive_cleared,6.2,8.71,False,3721,311
2872,437165,2025-03-18 03:40:01,2,false_positive_cleared,5.66,4479.34,False,2438,544
2873,437273,2025-03-18 06:44:17,2,false_positive_cleared,5.97,2793.82,False,4036,166
2874,437344,2025-03-18 08:34:40,2,false_positive_cleared,4.19,43.18,False,2718,581
2875,437378,2025-03-18 09:12:17,2,false_positive_cleared,12.73,14214.63,False,577,565
2877,437507,2025-03-18 12:15:56,2,false_positive_cleared,12.64,3480.91,False,5250,266
2878,437539,2025-03-18 12:52:42,2,false_positive_cleared,17.92,28.88,False,5701,367
2879,437543,2025-03-18 12:58:09,2,false_positive_cleared,25.7,295.06,False,1166,70
2876,437691,2025-03-18 16:17:39,2,false_positive_cleared,15.53,2561.32,False,1075,509
2883,437710,2025-03-18 16:41:26,0,false_positive_cleared,11.57,7.74,False,313,108
2881,437833,2025-03-18 20:08:20,2,false_positive_cleared,20.1,3104.89,False,2662,325
2880,437839,2025-03-18 20:18:44,2,confirmed_fraud,5.26,36.28,False,547,344
2884,438069,2025-03-19 01:34:39,2,false_positive_cleared,3.7,1819.61,False,5038,695
2885,438089,2025-03-19 02:07:45,2,false_positive_cleared,8.29,178.06,False,2708,115
2886,438153,2025-03-19 03:46:04,2,false_positive_cleared,32.64,4433.56,False,2509,196
2887,438288,2025-03-19 07:02:01,2,false_positive_cleared,1.94,8.51,False,1605,325
2888,438359,2025-03-19 09:05:22,2,false_positive_cleared,7.34,712.77,False,995,468
2889,438456,2025-03-19 11:29:01,2,false_positive_cleared,35.03,138.2,False,1865,519
2890,438538,2025-03-19 13:20:03,2,false_positive_cleared,2.58,637.28,False,4223,303
2891,438710,2025-03-19 17:33:16,2,confirmed_fraud,10.69,2794.45,False,286,469
2892,438749,2025-03-19 18:24:56,2,false_positive_cleared,13.05,2194.63,False,3701,119
2893,438824,2025-03-19 20:05:41,2,false_positive_cleared,26.26,112.59,False,5445,363
2895,439022,2025-03-20 00:59:09,2,false_positive_cleared,2.52,216.84,False,3698,302
2896,439276,2025-03-20 07:16:39,2,false_positive_cleared,14.88,777.82,False,1786,625
2897,439620,2025-03-20 16:44:49,2,false_positive_cleared,15.95,30.06,False,5093,293
2894,439689,2025-03-20 18:29:55,3,false_positive_cleared,11.14,2229.26,False,4161,161
2899,439957,2025-03-21 00:47:55,2,confirmed_fraud,18.93,2858.6,False,428,389
2901,440061,2025-03-21 02:48:30,2,false_positive_cleared,0.76,91.97,False,2642,191
2900,440103,2025-03-21 03:44:40,2,false_positive_cleared,1.63,420.88,False,757,337
2902,440299,2025-03-21 08:30:01,2,false_positive_cleared,9.07,13.74,False,5668,794
2903,440329,2025-03-21 09:16:51,2,false_positive_cleared,3.95,1922.09,False,1547,597
2898,440341,2025-03-21 09:32:04,3,false_positive_cleared,17.94,7142.31,False,3024,316
2904,440380,2025-03-21 10:20:56,2,confirmed_fraud,15.82,14.85,True,1717,399
2905,440433,2025-03-21 11:28:12,2,false_positive_cleared,4.03,263.85,False,3975,401
2906,440453,2025-03-21 12:20:08,2,false_positive_cleared,23.44,1609.98,False,1705,285
2907,440602,2025-03-21 16:25:49,2,false_positive_cleared,27.41,2370.21,False,2470,313
2908,440843,2025-03-21 22:45:48,2,false_positive_cleared,3.55,51.93,False,1815,500
2909,440871,2025-03-21 23:19:13,2,false_positive_cleared,25.35,215.97,False,228,385
2910,440921,2025-03-22 00:23:48,2,false_positive_cleared,53.64,7992.65,False,4161,5
2911,440981,2025-03-22 01:34:50,2,false_positive_cleared,6.35,13863.86,False,3106,627
2912,440982,2025-03-22 01:36:49,2,false_positive_cleared,11.91,176.54,False,5428,506
2913,440996,2025-03-22 01:51:47,2,false_positive_cleared,15.42,2906.08,False,175,310
2914,441538,2025-03-22 14:38:10,2,false_positive_cleared,10.03,2368.67,False,5033,661
2915,441723,2025-03-22 19:08:06,2,false_positive_cleared,16.27,74.6,False,2624,118
2918,441779,2025-03-22 20:33:10,0,false_positive_cleared,10.11,124.15,False,1482,394
2916,441783,2025-03-22 20:42:38,2,false_positive_cleared,4.9,2185.0,False,2861,723
2917,441818,2025-03-22 21:43:49,2,false_positive_cleared,5.84,142.82,False,3157,411
2926,442478,2025-03-23 14:12:53,0,false_positive_cleared,13.54,411.03,False,1210,424
2919,442565,2025-03-23 16:26:06,2,confirmed_fraud,14.66,201.17,True,3685,88
2920,442648,2025-03-23 18:17:53,2,false_positive_cleared,7.49,3218.02,False,1850,742
2921,442656,2025-03-23 18:29:47,2,false_positive_cleared,4.62,57.28,False,821,338
2922,442704,2025-03-23 19:47:50,2,false_positive_cleared,14.17,37.41,False,4579,18
2924,442722,2025-03-23 20:21:36,2,false_positive_cleared,15.31,11.14,False,4782,32
2923,442730,2025-03-23 20:33:58,2,false_positive_cleared,7.97,1927.63,False,4445,633
2925,442849,2025-03-23 23:47:47,2,false_positive_cleared,1.97,1747.96,False,2714,799
2927,442855,2025-03-24 00:01:48,2,false_positive_cleared,21.28,6239.86,False,2596,418
2928,442949,2025-03-24 02:14:15,2,false_positive_cleared,4.48,167.49,False,2336,469
2929,442972,2025-03-24 02:34:28,2,false_positive_cleared,5.96,6324.47,False,51,222
2930,443066,2025-03-24 04:37:37,2,false_positive_cleared,10.83,129.17,False,4709,438
2931,443252,2025-03-24 09:05:14,2,false_positive_cleared,4.71,56.17,False,4266,282
2938,443280,2025-03-24 09:47:25,0,false_positive_cleared,3.86,66.48,False,47,345
2932,443367,2025-03-24 11:49:20,2,false_positive_cleared,11.73,27.82,False,3800,413
2933,443740,2025-03-24 20:11:52,2,false_positive_cleared,32.15,2169.55,False,448,613
2934,443749,2025-03-24 20:22:32,2,false_positive_cleared,15.86,3104.53,False,3962,291
2936,443809,2025-03-24 21:48:29,2,false_positive_cleared,0.85,1974.88,False,4647,710
2935,443865,2025-03-24 22:51:27,2,false_positive_cleared,7.02,994.89,False,2383,43
2937,443910,2025-03-24 23:46:37,2,false_positive_cleared,19.71,14756.96,False,5011,522
2939,443920,2025-03-25 00:00:07,2,false_positive_cleared,4.66,1640.05,False,197,29
2940,444141,2025-03-25 04:59:26,2,false_positive_cleared,8.77,2012.76,False,2438,343
2941,444147,2025-03-25 05:04:34,2,false_positive_cleared,3.59,6994.98,False,3727,448
2950,444337,2025-03-25 09:42:07,0,false_positive_cleared,15.28,36.2,False,2287,577
2942,444488,2025-03-25 13:55:36,2,false_positive_cleared,3.17,112.56,False,3063,190
2944,444496,2025-03-25 14:00:55,2,false_positive_cleared,8.02,1773.96,False,1720,479
2945,444638,2025-03-25 17:22:55,2,false_positive_cleared,8.63,729.32,False,2911,586
2946,444728,2025-03-25 19:32:39,2,false_positive_cleared,19.02,3048.19,False,2662,64
2943,444764,2025-03-25 20:31:02,2,confirmed_fraud,28.21,13.37,False,1207,215
2948,444768,2025-03-25 20:34:53,2,false_positive_cleared,21.83,228.27,False,5651,410
2947,444803,2025-03-25 21:28:44,2,false_positive_cleared,11.83,45.74,False,2282,580
2949,444859,2025-03-25 22:44:09,2,false_positive_cleared,15.6,101.02,False,3251,390
2961,445134,2025-03-26 05:09:30,0,false_positive_cleared,9.19,34.11,False,101,344
2951,445209,2025-03-26 06:53:03,2,confirmed_fraud,7.81,42.66,True,1111,20
2952,445293,2025-03-26 08:59:30,2,false_positive_cleared,2.81,4987.15,False,1908,648
2953,445502,2025-03-26 14:05:30,2,false_positive_cleared,2.31,8.69,False,5795,468
2955,445632,2025-03-26 17:18:50,2,false_positive_cleared,4.74,40.33,False,4229,560
2956,445791,2025-03-26 21:23:51,2,false_positive_cleared,9.22,20.89,False,3302,513
2957,445794,2025-03-26 21:27:20,2,false_positive_cleared,15.14,2703.03,False,2098,189
2954,445795,2025-03-26 21:27:51,2,false_positive_cleared,4.04,6431.09,False,4036,33
2959,445838,2025-03-26 22:20:05,2,false_positive_cleared,4.95,194.3,False,4995,278
2958,445850,2025-03-26 22:30:31,2,false_positive_cleared,1.88,41.88,False,404,44
2960,445893,2025-03-26 23:25:59,2,false_positive_cleared,11.65,2843.88,False,4849,340
2962,445962,2025-03-27 01:07:29,2,false_positive_cleared,12.54,3339.98,False,2509,355
2968,446098,2025-03-27 04:18:36,0,false_positive_cleared,9.81,245.84,False,739,461
2967,446141,2025-03-27 05:28:37,0,false_positive_cleared,17.27,92.9,False,4763,327
2964,446201,2025-03-27 06:47:51,2,false_positive_cleared,13.73,3762.43,False,4739,492
2963,446216,2025-03-27 07:07:22,2,false_positive_cleared,10.03,431.84,False,4272,85
2965,446312,2025-03-27 09:19:06,2,false_positive_cleared,9.24,44.96,False,2504,469
2966,446810,2025-03-27 21:09:04,2,false_positive_cleared,26.76,2062.62,False,2583,58
2969,446998,2025-03-28 01:45:48,2,false_positive_cleared,3.31,2025.48,False,4739,403
2970,447027,2025-03-28 02:37:55,2,confirmed_fraud,4.39,185.61,True,2679,291
2971,447039,2025-03-28 02:59:10,2,false_positive_cleared,26.68,15193.37,False,3317,276
2972,447070,2025-03-28 03:35:03,2,false_positive_cleared,4.5,1617.71,False,2137,255
2973,447077,2025-03-28 03:43:53,2,false_positive_cleared,18.6,59.35,False,3252,44
2974,447204,2025-03-28 06:45:23,2,false_positive_cleared,12.34,4414.11,False,2334,529
2975,447285,2025-03-28 08:49:47,2,false_positive_cleared,5.31,2832.67,False,5599,2
2976,447734,2025-03-28 19:28:10,2,false_positive_cleared,12.7,1626.74,False,3093,406
2977,447762,2025-03-28 20:16:05,2,confirmed_fraud,1.7,3115.54,False,1489,676
2978,447833,2025-03-28 21:47:57,2,false_negative_cleared,16.44,119.93,True,1387,525
2979,447874,2025-03-28 22:50:19,2,false_positive_cleared,7.57,1690.06,False,4924,90
2980,447905,2025-03-28 23:35:46,2,false_positive_cleared,10.12,52.9,False,5072,193
2982,448056,2025-03-29 03:11:56,2,false_positive_cleared,8.65,28.84,False,157,592
2990,448224,2025-03-29 07:51:10,0,false_positive_cleared,18.99,100.45,False,4432,518
2983,448236,2025-03-29 08:03:10,2,false_positive_cleared,7.39,94.01,False,251,453
2981,448470,2025-03-29 13:53:56,3,false_positive_cleared,13.72,1601.9,False,3823,314
2991,448512,2025-03-29 15:09:21,0,false_positive_cleared,19.08,91.88,False,5661,547
2984,448585,2025-03-29 16:31:29,2,false_positive_cleared,31.34,2897.58,False,1795,571
2986,448662,2025-03-29 18:10:06,2,false_positive_cleared,6.72,2721.85,False,1076,242
2987,448738,2025-03-29 19:46:35,2,false_positive_cleared,4.6,341.95,False,4111,316
2988,448757,2025-03-29 20:10:05,2,false_positive_cleared,12.91,18.34,False,2239,324
2989,448784,2025-03-29 20:46:00,2,false_positive_cleared,24.81,29.04,False,477,260
2992,448847,2025-03-29 22:08:48,0,false_positive_cleared,17.31,7.12,False,3246,535
2985,448882,2025-03-29 22:51:18,2,false_positive_cleared,2.2,577.27,False,1793,456
2993,449108,2025-03-30 04:22:08,2,false_positive_cleared,25.09,118.95,False,4342,336
2994,449155,2025-03-30 05:21:30,2,false_positive_cleared,16.19,2742.6,False,531,734
2995,449198,2025-03-30 06:44:46,2,false_positive_cleared,23.62,52.64,False,381,610
2996,449248,2025-03-30 07:41:33,2,false_positive_cleared,12.33,1886.29,False,2583,494
2997,449321,2025-03-30 09:27:49,2,confirmed_fraud,8.91,328.74,False,3908,571
2998,449328,2025-03-30 09:38:49,2,false_positive_cleared,27.1,4084.83,False,448,471
2999,449378,2025-03-30 10:49:58,2,false_positive_cleared,13.78,1717.25,False,746,636
3000,449399,2025-03-30 11:26:59,2,false_positive_cleared,35.98,4176.32,False,5167,609
3001,449516,2025-03-30 14:22:43,2,false_positive_cleared,15.42,33.62,False,184,9
3002,449549,2025-03-30 14:57:10,2,false_positive_cleared,8.97,173.16,False,4831,599
3003,449555,2025-03-30 15:01:48,2,false_positive_cleared,23.1,2009.34,False,4811,581
3004,449610,2025-03-30 16:17:33,2,false_positive_cleared,9.53,24.16,False,1202,370
3005,449637,2025-03-30 16:55:04,2,false_positive_cleared,7.6,3573.72,False,2120,163
3006,449657,2025-03-30 17:17:28,2,false_positive_cleared,6.83,2114.62,False,5692,53
3007,449693,2025-03-30 18:13:00,2,false_positive_cleared,2.71,38.15,False,4709,436
3008,449799,2025-03-30 20:48:34,2,false_positive_cleared,9.54,124.79,False,1510,426
3009,449818,2025-03-30 21:06:55,2,false_positive_cleared,19.22,2082.59,False,876,389
3010,449832,2025-03-30 21:30:00,2,false_positive_cleared,17.79,2208.37,False,2509,773
3011,450195,2025-03-31 06:06:32,2,false_positive_cleared,10.5,569.97,False,5719,122
3012,450196,2025-03-31 06:06:54,2,false_positive_cleared,11.72,1889.33,False,293,768
3013,450203,2025-03-31 06:14:59,2,false_positive_cleared,20.65,197.27,False,315,527
3017,450493,2025-03-31 13:06:09,0,false_positive_cleared,1.42,81.41,False,2697,713
3016,450800,2025-03-31 20:59:20,0,false_positive_cleared,13.65,247.59,False,2614,551
3015,450813,2025-03-31 21:14:56,2,confirmed_fraud,9.04,2346.62,True,3834,396
3014,450879,2025-03-31 22:37:50,2,false_positive_cleared,24.46,2791.21,False,5923,77
3018,450965,2025-04-01 00:50:36,2,false_positive_cleared,6.21,2308.35,False,5692,215
3019,450989,2025-04-01 01:21:35,2,false_positive_cleared,18.74,3047.63,False,1784,380
3020,451076,2025-04-01 03:56:12,2,false_positive_cleared,9.86,2264.57,False,258,161
3025,451109,2025-04-01 04:55:13,0,false_positive_cleared,43.21,253.62,False,2191,428
3021,451155,2025-04-01 06:07:48,2,false_positive_cleared,7.07,490.25,False,5047,431
3023,451284,2025-04-01 09:05:07,2,confirmed_fraud,4.21,2907.08,False,1065,141
3022,451472,2025-04-01 13:27:37,2,false_positive_cleared,14.42,2917.97,False,1850,797
3024,451874,2025-04-01 23:10:59,2,false_positive_cleared,14.63,5644.43,False,733,496
3033,452035,2025-04-02 03:17:23,0,false_positive_cleared,6.2,44.22,False,3628,602
3034,452094,2025-04-02 04:37:45,0,false_positive_cleared,2.86,7.89,False,339,688
3026,452204,2025-04-02 07:25:18,2,false_positive_cleared,4.54,4007.24,False,3931,53
3028,452262,2025-04-02 08:59:53,2,false_positive_cleared,9.51,1237.65,False,4316,113
3029,452303,2025-04-02 09:50:16,2,false_positive_cleared,18.95,4951.32,False,5634,209
3030,452462,2025-04-02 13:15:42,2,false_positive_cleared,5.51,20.33,False,5822,488
3032,452463,2025-04-02 13:17:32,2,false_positive_cleared,9.54,425.16,False,1101,467
3027,452908,2025-04-02 23:35:30,2,confirmed_fraud,5.79,2055.15,False,93,599
3031,452914,2025-04-02 23:41:26,2,false_positive_cleared,10.35,33.2,False,3441,783
3035,453330,2025-04-03 09:35:27,2,false_positive_cleared,9.59,2046.6,False,1922,772
3036,453570,2025-04-03 15:48:35,2,false_positive_cleared,14.13,3936.22,False,2383,313
3037,453816,2025-04-03 22:22:19,2,false_positive_cleared,5.03,1706.98,False,5754,323
3040,453905,2025-04-04 00:55:34,2,false_positive_cleared,12.36,2344.6,False,531,308
3039,453946,2025-04-04 01:54:01,2,false_positive_cleared,6.17,421.41,False,1165,39
3041,453989,2025-04-04 02:57:28,2,false_positive_cleared,13.3,64.23,False,1062,751
3042,454109,2025-04-04 05:45:22,2,false_positive_cleared,2.84,39.15,False,5179,139
3048,454132,2025-04-04 06:15:47,0,false_positive_cleared,2.49,581.6,False,4835,783
3044,454159,2025-04-04 06:52:21,2,false_positive_cleared,10.35,36.62,False,41,739
3043,454196,2025-04-04 07:37:21,2,false_positive_cleared,14.67,3215.59,False,4647,497
3046,454350,2025-04-04 11:16:57,2,false_positive_cleared,2.12,1273.59,False,1999,28
3038,454391,2025-04-04 12:17:37,3,false_positive_cleared,7.78,2384.08,False,358,315
3045,454449,2025-04-04 13:29:49,2,false_positive_cleared,13.13,6535.08,False,2509,500
3047,454587,2025-04-04 16:49:38,2,confirmed_fraud,10.83,224.58,False,1780,479
3049,454885,2025-04-05 00:41:22,2,false_positive_cleared,11.0,4268.76,False,4236,623
3050,455132,2025-04-05 06:24:20,2,false_positive_cleared,2.07,3368.84,False,5375,319
3051,455133,2025-04-05 06:24:59,2,false_positive_cleared,6.83,152.57,False,1238,668
3052,455149,2025-04-05 06:37:27,2,false_positive_cleared,6.23,1871.01,False,1022,375
3053,455202,2025-04-05 07:46:10,2,false_positive_cleared,13.33,222.44,False,3376,166
3054,455486,2025-04-05 15:07:24,2,false_positive_cleared,4.28,962.37,False,83,208
3055,455556,2025-04-05 16:40:44,2,false_positive_cleared,8.37,2553.9,False,76,618
3056,455586,2025-04-05 17:18:41,2,false_positive_cleared,14.19,55.9,False,5366,369
3057,455622,2025-04-05 18:20:19,2,false_positive_cleared,3.6,4098.08,False,5382,661
3058,455638,2025-04-05 18:35:05,2,false_positive_cleared,3.16,3510.76,False,76,54
3059,455664,2025-04-05 19:19:57,2,false_positive_cleared,14.91,5248.7,False,3781,482
3060,455773,2025-04-05 21:45:44,2,false_positive_cleared,18.38,191.33,False,2078,132
3061,455845,2025-04-05 23:31:15,2,false_positive_cleared,12.64,4528.48,False,848,683
3062,455898,2025-04-06 00:58:14,2,false_positive_cleared,6.31,184.32,False,5451,508
3066,455986,2025-04-06 03:08:04,0,false_positive_cleared,20.17,219.66,False,2445,11
3063,456172,2025-04-06 07:55:34,2,false_positive_cleared,14.05,22.3,False,3079,798
3064,456251,2025-04-06 10:08:40,2,false_positive_cleared,6.57,82.32,False,1860,79
3065,456441,2025-04-06 15:11:00,2,false_positive_cleared,21.17,735.54,False,3285,26
3067,456918,2025-04-07 03:19:13,2,false_positive_cleared,8.87,1641.49,False,4849,291
3068,457049,2025-04-07 06:14:50,2,false_positive_cleared,4.14,29.18,False,2685,65
3069,457051,2025-04-07 06:18:30,2,false_positive_cleared,29.97,2149.07,False,1699,169
3070,457087,2025-04-07 07:33:52,2,false_positive_cleared,8.06,4093.68,False,531,795
3071,457130,2025-04-07 08:36:29,2,confirmed_fraud,23.85,2349.14,False,2231,638
3072,457151,2025-04-07 09:06:49,2,false_positive_cleared,4.91,308.77,False,5458,449
3073,457182,2025-04-07 10:00:01,2,false_positive_cleared,10.57,2105.7,False,5029,318
3074,457241,2025-04-07 11:08:22,2,confirmed_fraud,4.41,80.43,True,1765,624
3075,457364,2025-04-07 13:40:44,2,false_positive_cleared,17.05,1771.52,False,2669,772
3076,457680,2025-04-07 21:29:49,2,false_positive_cleared,8.67,2963.64,False,1076,347
3077,457777,2025-04-08 00:07:22,2,false_positive_cleared,14.65,53.64,False,4344,635
3078,457891,2025-04-08 02:48:37,2,false_positive_cleared,54.62,3211.67,False,711,34
3079,457896,2025-04-08 02:58:42,2,false_positive_cleared,20.98,2271.3,False,2444,268
3080,457941,2025-04-08 04:12:04,2,false_positive_cleared,5.53,1371.48,False,4398,184
3081,457975,2025-04-08 04:53:51,2,false_positive_cleared,15.79,244.95,False,4381,397
3082,457984,2025-04-08 05:05:18,2,false_positive_cleared,15.95,2675.12,False,4295,700
3083,458102,2025-04-08 07:53:03,2,false_positive_cleared,11.45,417.4,False,4259,28
3084,458280,2025-04-08 12:53:45,2,false_positive_cleared,14.96,897.34,False,1334,784
3086,458412,2025-04-08 16:32:36,0,false_positive_cleared,1.0,1106.86,False,1932,222
3085,458708,2025-04-08 23:25:13,2,false_positive_cleared,10.72,3965.81,False,4739,711
3087,458862,2025-04-09 03:17:42,2,false_positive_cleared,27.69,5854.75,False,1699,102
3088,458965,2025-04-09 06:11:46,2,false_positive_cleared,6.56,1623.59,False,5491,692
3089,459025,2025-04-09 07:38:58,2,false_positive_cleared,10.37,2535.76,False,1589,793
3090,459077,2025-04-09 09:07:19,2,false_positive_cleared,15.17,4123.96,False,5020,722
3096,459142,2025-04-09 10:54:15,0,false_positive_cleared,6.83,177.5,False,4364,423
3091,459240,2025-04-09 13:02:27,2,false_positive_cleared,5.93,50.9,False,3677,367
3092,459298,2025-04-09 14:22:05,2,false_positive_cleared,1.52,6778.21,False,3674,73
3094,459415,2025-04-09 16:54:29,2,false_positive_cleared,15.13,3195.04,False,3433,661
3093,459433,2025-04-09 17:13:51,2,false_positive_cleared,10.68,2110.72,False,2928,717
3095,459549,2025-04-09 20:02:47,2,false_positive_cleared,13.71,77.73,False,515,652
3097,459921,2025-04-10 05:10:01,2,false_positive_cleared,6.54,5614.26,False,5323,58
3098,460025,2025-04-10 07:10:52,2,false_positive_cleared,6.78,129.13,False,5910,567
3099,460173,2025-04-10 10:57:28,2,confirmed_fraud,6.79,2737.52,False,1632,574
3100,460278,2025-04-10 13:54:16,2,false_positive_cleared,4.27,69.29,False,1631,424
3101,460581,2025-04-10 21:10:51,2,confirmed_fraud,6.9,4560.31,True,494,220
3102,460699,2025-04-11 00:04:44,2,false_positive_cleared,2.91,2576.04,False,1038,470
3103,460809,2025-04-11 03:11:40,2,false_positive_cleared,11.19,16.0,False,4654,208
3104,460920,2025-04-11 05:32:07,2,false_positive_cleared,29.16,186.22,False,5408,158
3105,460947,2025-04-11 06:08:35,2,false_positive_cleared,13.16,746.21,False,1487,633
3109,461097,2025-04-11 09:38:09,0,false_positive_cleared,8.11,23.57,False,4597,621
3108,461232,2025-04-11 12:48:19,0,false_positive_cleared,21.81,50.49,False,5341,598
3107,461435,2025-04-11 17:34:08,2,false_positive_cleared,3.16,2422.33,False,1850,475
3106,461657,2025-04-11 22:42:44,2,false_positive_cleared,7.39,2843.36,False,1363,60
3110,461936,2025-04-12 06:06:33,2,confirmed_fraud,10.71,7.2,False,4900,126
3111,461993,2025-04-12 07:27:08,2,false_positive_cleared,9.32,468.97,False,4355,193
3112,462025,2025-04-12 08:30:54,2,false_positive_cleared,8.11,2874.06,False,3239,710
3113,462165,2025-04-12 12:05:30,2,false_positive_cleared,2.86,2760.99,False,1795,169
3114,462234,2025-04-12 13:54:43,2,false_positive_cleared,20.2,364.02,False,1769,570
3115,462261,2025-04-12 14:37:22,2,false_positive_cleared,7.62,3860.27,False,4998,640
3116,462308,2025-04-12 15:49:01,2,false_positive_cleared,26.96,1950.61,False,498,26
3117,462531,2025-04-12 21:32:49,2,false_positive_cleared,10.29,293.85,False,1229,268
3118,462568,2025-04-12 22:20:36,2,false_positive_cleared,23.04,10001.52,False,1850,263
3119,462640,2025-04-13 00:28:21,2,false_positive_cleared,24.09,2373.83,False,5839,28
3120,462659,2025-04-13 00:53:55,2,confirmed_fraud,20.69,1972.84,False,3052,68
3121,462736,2025-04-13 02:46:21,2,confirmed_fraud,4.56,11957.75,False,5148,335
3122,462778,2025-04-13 03:33:09,2,confirmed_fraud,5.51,71.67,True,2803,118
3123,462783,2025-04-13 03:40:26,2,false_positive_cleared,7.45,3344.83,False,2409,399
3124,463123,2025-04-13 11:36:48,2,false_positive_cleared,14.35,11.67,False,5549,529
3125,463477,2025-04-13 20:41:50,2,false_positive_cleared,8.13,2567.61,False,5990,339
3126,463535,2025-04-13 22:13:36,2,false_positive_cleared,21.6,5969.23,False,4202,280
3137,463901,2025-04-14 07:05:09,0,false_positive_cleared,8.38,1018.09,False,5468,57
3127,463915,2025-04-14 07:20:50,2,false_positive_cleared,20.65,1789.6,False,1358,638
3128,463945,2025-04-14 08:04:15,2,false_positive_cleared,9.68,1958.0,False,1076,216
3129,463951,2025-04-14 08:11:20,2,confirmed_fraud,33.64,4148.3,True,1634,253
3130,464166,2025-04-14 13:40:32,2,false_positive_cleared,2.38,63.12,False,71,152
3132,464208,2025-04-14 14:36:31,2,false_positive_cleared,9.69,67.89,False,2375,69
3133,464225,2025-04-14 14:56:02,2,false_positive_cleared,4.05,32.44,False,552,599
3134,464249,2025-04-14 15:25:02,2,false_positive_cleared,8.62,11533.32,False,4161,741
3131,464260,2025-04-14 15:36:40,2,false_positive_cleared,8.39,2049.48,False,1752,666
3136,464418,2025-04-14 19:06:53,2,false_positive_cleared,27.29,1640.17,False,282,414
3138,464446,2025-04-14 19:40:22,0,false_positive_cleared,14.62,5.6,False,2347,99
3135,464610,2025-04-14 23:58:37,2,false_positive_cleared,6.11,76.2,False,5762,246
3139,464651,2025-04-15 01:07:24,2,false_positive_cleared,8.82,2246.55,False,5463,227
3140,464658,2025-04-15 01:14:39,2,false_positive_cleared,15.48,3218.79,False,5613,315
3141,464844,2025-04-15 05:32:27,2,false_positive_cleared,9.83,2395.66,False,3354,175
3142,465890,2025-04-16 07:57:34,2,false_positive_cleared,21.76,326.29,False,1607,449
3143,465896,2025-04-16 08:04:34,2,false_positive_cleared,2.8,808.13,False,5038,301
3144,465936,2025-04-16 09:17:33,2,false_positive_cleared,23.55,1623.74,False,1622,332
3145,465984,2025-04-16 10:22:49,2,false_positive_cleared,16.32,7998.07,False,5167,221
3146,466063,2025-04-16 12:00:27,2,false_positive_cleared,8.45,1840.77,False,5323,88
3147,466172,2025-04-16 15:13:03,2,false_positive_cleared,4.51,1700.1,False,2354,659
3148,466358,2025-04-16 19:20:51,2,false_positive_cleared,30.16,2278.44,False,2928,383
3149,466553,2025-04-16 23:52:36,2,false_positive_cleared,30.91,4134.18,False,5835,778
3150,466703,2025-04-17 04:02:27,2,false_positive_cleared,13.35,96.34,False,1021,525
3157,466833,2025-04-17 06:44:25,0,confirmed_fraud,4.17,142.6,False,2908,69
3151,466882,2025-04-17 07:47:11,2,false_positive_cleared,12.51,2432.54,False,4202,741
3153,466971,2025-04-17 09:44:56,2,false_positive_cleared,9.96,5840.66,False,4998,622
3154,467144,2025-04-17 14:00:45,2,false_positive_cleared,9.38,369.57,False,32,353
3155,467195,2025-04-17 15:14:28,2,false_positive_cleared,22.07,8.94,False,4121,148
3159,467278,2025-04-17 17:20:31,0,false_positive_cleared,3.25,35.22,False,3059,558
3158,467281,2025-04-17 17:25:34,0,false_positive_cleared,6.76,63.76,False,2165,379
3156,467405,2025-04-17 20:43:27,2,false_positive_cleared,5.52,198.26,False,5289,95
3152,467470,2025-04-17 22:27:27,2,false_positive_cleared,18.84,7.58,False,1356,783
3160,467562,2025-04-18 00:45:33,2,false_positive_cleared,17.9,25816.13,False,2567,81
3161,467612,2025-04-18 01:58:45,2,false_positive_cleared,14.31,25613.78,False,756,709
3162,467687,2025-04-18 03:47:02,2,false_positive_cleared,6.43,1963.67,False,4161,609
3163,467804,2025-04-18 06:52:29,2,false_positive_cleared,7.74,43.5,False,3308,429
3164,467858,2025-04-18 08:29:26,2,false_positive_cleared,12.4,15.34,False,537,246
3165,467965,2025-04-18 11:03:43,2,false_positive_cleared,8.95,29.78,False,2968,349
3166,468122,2025-04-18 14:55:41,2,false_positive_cleared,4.24,4339.24,False,5016,509
3167,468306,2025-04-18 19:23:18,2,false_positive_cleared,3.97,1804.29,False,5038,527
3168,468325,2025-04-18 19:41:34,2,false_positive_cleared,32.9,998.26,False,984,571
3169,468371,2025-04-18 20:51:53,2,false_positive_cleared,15.3,9366.81,False,380,648
3170,468426,2025-04-18 22:33:24,2,false_positive_cleared,10.52,3634.59,False,1592,384
3171,468458,2025-04-18 23:19:47,2,false_positive_cleared,1.61,133.48,False,4510,516
3174,468555,2025-04-19 01:42:55,2,false_positive_cleared,5.68,505.76,False,3108,460
3175,468668,2025-04-19 04:17:54,2,false_positive_cleared,24.68,490.59,False,5738,777
3176,468928,2025-04-19 10:35:29,2,false_positive_cleared,5.53,2263.95,False,3727,66
3178,469140,2025-04-19 15:37:36,2,false_positive_cleared,4.69,9617.36,False,4212,163
3177,469279,2025-04-19 19:42:47,2,false_positive_cleared,25.45,141.23,False,1021,86
3179,469341,2025-04-19 21:02:17,2,confirmed_fraud,8.1,1515.91,True,3154,403
3173,469397,2025-04-19 22:09:05,3,false_positive_cleared,23.8,1725.93,False,2098,625
3172,469405,2025-04-19 22:19:10,3,false_positive_cleared,7.67,63.25,False,4912,527
3180,469448,2025-04-19 23:35:46,2,false_positive_cleared,1.75,118.08,False,686,671
3182,469492,2025-04-20 00:43:24,2,false_positive_cleared,12.26,210.15,False,5590,650
3188,469800,2025-04-20 07:30:03,0,false_positive_cleared,19.04,594.36,False,1148,623
3184,469981,2025-04-20 11:31:41,2,false_positive_cleared,13.18,67.08,False,2280,330
3190,470022,2025-04-20 12:24:21,0,false_positive_cleared,29.75,1045.5,False,3019,520
3189,470115,2025-04-20 14:48:07,0,false_positive_cleared,10.74,45.86,False,3032,602
3186,470125,2025-04-20 15:05:43,2,false_positive_cleared,10.59,1736.38,False,3171,592
3185,470147,2025-04-20 15:41:32,2,false_positive_cleared,14.77,5926.88,False,399,53
3183,470151,2025-04-20 15:45:50,2,false_positive_cleared,14.68,25.19,False,4667,605
3187,470161,2025-04-20 16:01:33,2,false_positive_cleared,7.02,2313.67,False,2307,546
3181,470350,2025-04-20 20:55:38,3,false_positive_cleared,3.11,2679.58,False,2247,751
3192,470567,2025-04-21 01:28:43,2,false_positive_cleared,8.79,278.3,False,2529,510
3191,470580,2025-04-21 01:46:00,3,false_positive_cleared,9.51,2701.25,False,1039,751
3193,470601,2025-04-21 02:20:23,2,false_positive_cleared,23.1,2806.75,False,1793,38
3194,470991,2025-04-21 11:53:49,2,false_positive_cleared,4.23,1627.89,False,3984,739
3195,470997,2025-04-21 12:03:04,2,false_positive_cleared,4.68,2283.81,False,5757,188
3196,471017,2025-04-21 12:38:08,2,false_positive_cleared,17.28,2425.1,False,35,235
3197,471182,2025-04-21 16:44:06,0,false_positive_cleared,17.28,15.55,False,4733,155
3198,471446,2025-04-21 22:48:04,0,false_positive_cleared,7.43,6.91,False,4546,254
3199,471513,2025-04-22 00:41:56,2,false_positive_cleared,6.43,15.89,False,1524,746
3200,471981,2025-04-22 11:48:47,2,false_positive_cleared,20.4,5786.96,False,1592,446
3201,471991,2025-04-22 11:54:24,2,false_positive_cleared,6.37,35.23,False,4404,141
3202,472014,2025-04-22 12:34:59,2,false_positive_cleared,13.35,7121.92,False,2658,272
3203,472017,2025-04-22 12:37:32,2,false_positive_cleared,4.4,45.27,False,5730,781
3204,472122,2025-04-22 15:12:39,2,false_positive_cleared,21.49,2638.65,False,2438,638
3205,472124,2025-04-22 15:22:42,0,false_positive_cleared,7.48,51.87,False,5135,44
3206,472328,2025-04-22 20:13:43,0,confirmed_fraud,3.95,110.63,False,2613,760
3207,472674,2025-04-23 05:27:59,2,false_positive_cleared,6.52,2342.41,False,2184,193
3221,472697,2025-04-23 06:02:36,0,false_positive_cleared,14.62,547.37,False,4381,265
3208,472706,2025-04-23 06:11:19,2,false_positive_cleared,30.46,166.48,False,4290,186
3209,472765,2025-04-23 07:50:02,2,false_positive_cleared,3.42,2845.9,False,1733,157
3210,472807,2025-04-23 08:33:30,2,false_negative_cleared,9.54,490.39,True,2628,367
3211,472825,2025-04-23 09:06:30,2,confirmed_fraud,9.53,8261.69,True,2586,167
3213,472919,2025-04-23 11:08:40,2,false_positive_cleared,20.35,37.07,False,4686,400
3212,472955,2025-04-23 12:03:07,2,false_positive_cleared,6.39,4002.69,False,3072,371
3214,473029,2025-04-23 13:36:14,2,false_positive_cleared,23.83,4726.11,False,1850,248
3215,473037,2025-04-23 13:51:31,2,false_positive_cleared,6.3,2768.91,False,3781,165
3217,473107,2025-04-23 15:28:43,2,false_positive_cleared,6.43,2332.29,False,3756,473
3222,473196,2025-04-23 17:39:03,0,false_positive_cleared,4.38,291.46,False,5023,362
3218,473200,2025-04-23 17:44:13,2,false_positive_cleared,1.76,58.53,False,1516,345
3219,473259,2025-04-23 19:26:38,2,false_positive_cleared,2.31,30.13,False,3255,457
3223,473286,2025-04-23 20:08:59,0,false_positive_cleared,6.88,340.92,False,1579,163
3220,473295,2025-04-23 20:14:30,2,false_positive_cleared,16.42,3783.63,False,2524,515
3216,473404,2025-04-23 22:40:50,2,false_positive_cleared,27.64,1962.1,False,2523,705
3224,473498,2025-04-24 00:43:44,2,false_positive_cleared,32.14,2124.96,False,2948,669
3231,473549,2025-04-24 02:00:44,0,false_positive_cleared,5.97,101.33,False,3304,721
3225,473703,2025-04-24 06:10:43,2,false_positive_cleared,19.05,8609.65,False,791,130
3226,473709,2025-04-24 06:18:00,2,false_positive_cleared,7.98,3984.42,False,4944,683
3227,473856,2025-04-24 09:59:21,2,false_positive_cleared,17.58,8820.43,False,1850,391
3228,473945,2025-04-24 11:42:13,2,false_positive_cleared,31.0,1740.62,False,81,39
3230,474146,2025-04-24 16:24:15,2,false_positive_cleared,4.79,257.28,False,1447,515
3229,474164,2025-04-24 16:55:42,2,false_positive_cleared,12.69,2498.11,False,1300,160
3232,474439,2025-04-24 23:42:27,0,false_positive_cleared,9.93,86.7,False,1718,773
3233,474759,2025-04-25 07:10:24,2,false_positive_cleared,14.03,76.3,False,1245,269
3234,474888,2025-04-25 10:20:47,2,false_positive_cleared,6.73,49.95,False,2011,77
3235,474966,2025-04-25 11:55:09,2,false_positive_cleared,2.55,461.58,False,1974,406
3236,475344,2025-04-25 21:36:17,2,false_positive_cleared,3.97,418.31,False,3020,368
3237,475498,2025-04-26 01:12:31,2,false_positive_cleared,9.93,1704.79,False,1076,535
3238,475534,2025-04-26 02:13:42,2,false_positive_cleared,15.49,34.93,False,195,640
3239,475576,2025-04-26 03:12:02,2,false_positive_cleared,5.58,563.6,False,1566,609
3240,475648,2025-04-26 05:00:33,2,false_positive_cleared,9.62,1919.71,False,3093,340
3241,475741,2025-04-26 07:15:14,2,false_positive_cleared,14.07,3660.54,False,1592,550
3242,475747,2025-04-26 07:19:06,2,confirmed_fraud,3.53,7338.6,True,194,92
3243,476393,2025-04-26 23:09:20,2,false_positive_cleared,3.16,37.77,False,5132,113
3244,476407,2025-04-26 23:24:00,2,false_positive_cleared,13.35,4216.14,False,3904,427
3246,476578,2025-04-27 03:29:16,2,false_positive_cleared,4.74,2729.63,False,499,583
3247,476916,2025-04-27 11:11:15,2,false_positive_cleared,7.73,5326.23,False,1726,701
3248,476944,2025-04-27 12:04:15,2,false_positive_cleared,15.73,2093.23,False,2658,33
3245,476950,2025-04-27 12:07:43,3,false_positive_cleared,14.98,4353.43,False,5263,64
3252,477021,2025-04-27 14:28:35,0,false_positive_cleared,5.78,25.38,False,1317,568
3249,477147,2025-04-27 17:15:42,2,false_positive_cleared,10.75,515.85,False,1266,296
3250,477164,2025-04-27 17:34:06,2,confirmed_fraud,17.29,5658.01,False,2994,116
3251,477330,2025-04-27 21:30:23,2,false_positive_cleared,8.6,5.04,False,4124,156
3254,477424,2025-04-28 00:08:36,2,false_positive_cleared,19.26,99.01,False,2820,372
3255,477575,2025-04-28 03:35:43,2,false_positive_cleared,7.31,1952.0,False,1318,10
3256,477688,2025-04-28 06:11:20,2,false_positive_cleared,6.79,344.15,False,4013,463
3253,477752,2025-04-28 07:52:34,3,false_positive_cleared,9.4,3068.55,False,3106,306
3260,477933,2025-04-28 12:11:02,1,false_positive_cleared,9.48,444.44,False,2080,715
3257,477957,2025-04-28 12:45:49,2,false_positive_cleared,8.34,1693.57,False,439,10
3258,477966,2025-04-28 13:03:23,2,false_positive_cleared,6.14,2994.89,False,2162,517
3259,478060,2025-04-28 15:25:55,2,confirmed_fraud,7.36,23.98,False,1512,769
3261,478468,2025-04-29 01:22:13,2,false_positive_cleared,6.44,3050.02,False,169,29
3262,478676,2025-04-29 06:40:52,2,false_positive_cleared,14.54,203.47,False,3075,269
3263,478789,2025-04-29 09:19:05,2,false_positive_cleared,8.28,36.82,False,4192,228
3264,479108,2025-04-29 16:56:42,2,confirmed_fraud,14.27,10185.4,False,2509,208
3265,479215,2025-04-29 19:26:26,2,false_positive_cleared,3.44,19.33,False,4412,563
3266,479265,2025-04-29 20:35:08,2,false_positive_cleared,4.86,512.54,False,4118,723
3267,479295,2025-04-29 21:15:55,2,false_positive_cleared,6.93,2703.6,False,2286,574
3268,479343,2025-04-29 22:19:16,2,confirmed_fraud,8.36,143.18,True,1992,686
3269,479373,2025-04-29 23:04:09,2,false_positive_cleared,20.22,129.06,False,325,139
3270,479658,2025-04-30 05:37:52,2,false_positive_cleared,9.39,1662.1,False,387,366
3271,479793,2025-04-30 08:43:49,2,false_positive_cleared,3.97,1815.21,False,4613,757
3272,480020,2025-04-30 14:13:21,2,false_positive_cleared,7.05,167.76,False,4485,259
3273,480022,2025-04-30 14:13:30,2,false_positive_cleared,8.93,1785.9,False,5082,222
3274,480042,2025-04-30 14:39:29,2,false_positive_cleared,14.6,58.15,False,3571,398
3275,480114,2025-04-30 16:48:33,2,false_positive_cleared,22.3,3556.33,False,3511,747
3276,480135,2025-04-30 17:19:44,2,false_positive_cleared,19.99,4640.96,False,4550,563
3277,480167,2025-04-30 18:03:07,2,false_positive_cleared,20.38,1895.05,False,5167,532
3278,480291,2025-04-30 20:59:28,2,false_positive_cleared,14.15,3932.48,False,5270,695
3279,480425,2025-04-30 23:41:59,2,false_positive_cleared,8.12,2333.9,False,5680,181
3280,480464,2025-05-01 00:37:46,2,false_positive_cleared,12.59,2176.89,False,3186,788
3281,481064,2025-05-01 15:49:32,2,false_positive_cleared,21.96,3712.37,False,857,630
3282,481215,2025-05-01 19:05:01,2,false_positive_cleared,7.77,54.71,False,4148,357
3283,481286,2025-05-01 20:46:48,2,false_positive_cleared,35.06,103.82,False,1417,731
3284,481411,2025-05-01 23:33:25,2,false_positive_cleared,1.61,3370.01,False,2421,83
3287,481432,2025-05-02 00:11:43,2,false_positive_cleared,25.63,2057.71,False,1592,197
3295,481487,2025-05-02 01:19:27,0,false_positive_cleared,12.45,52.36,False,2975,658
3286,481566,2025-05-02 03:16:50,2,false_positive_cleared,6.65,1830.32,False,1786,69
3289,481819,2025-05-02 09:18:29,2,false_positive_cleared,19.65,123.31,False,4410,778
3285,481951,2025-05-02 12:52:36,3,false_positive_cleared,14.04,1745.77,False,5716,489
3290,482078,2025-05-02 15:56:09,2,false_positive_cleared,18.26,80.99,False,878,22
3291,482132,2025-05-02 17:14:17,2,false_positive_cleared,0.32,669.15,False,2138,60
3288,482146,2025-05-02 17:35:45,2,false_positive_cleared,12.2,597.28,False,636,326
3293,482169,2025-05-02 18:06:48,2,false_positive_cleared,11.76,99.65,False,2541,703
3292,482366,2025-05-02 22:26:46,2,false_positive_cleared,17.34,59.02,False,5177,799
3294,482386,2025-05-02 22:58:56,2,false_positive_cleared,20.55,1858.55,False,1784,707
3296,482446,2025-05-03 00:45:10,3,false_positive_cleared,36.44,1896.26,False,4628,230
3298,482730,2025-05-03 08:15:16,2,false_positive_cleared,6.85,8933.13,False,1850,120
3299,482752,2025-05-03 08:47:16,2,false_positive_cleared,12.21,2846.49,False,4259,50
3297,482891,2025-05-03 11:45:31,3,false_positive_cleared,9.73,2344.36,False,1450,320
3301,482936,2025-05-03 12:53:54,0,false_positive_cleared,14.8,8.36,False,127,478
3300,483109,2025-05-03 16:57:18,2,false_positive_cleared,13.78,1901.83,False,3126,656
3302,483496,2025-05-04 02:23:08,2,false_positive_cleared,10.28,272.28,False,2922,431
3303,483888,2025-05-04 12:01:40,2,false_positive_cleared,1.87,4006.36,False,844,27
3305,484193,2025-05-04 20:22:43,0,false_positive_cleared,12.82,171.09,False,2136,238
3304,484274,2025-05-04 22:29:52,2,false_positive_cleared,6.65,33.1,False,5828,705
3306,484412,2025-05-05 01:19:31,2,false_positive_cleared,12.21,4917.06,False,1108,587
3307,484439,2025-05-05 02:04:01,2,false_positive_cleared,1.05,8009.18,False,4685,324
3308,484777,2025-05-05 10:35:11,2,false_positive_cleared,6.58,16097.79,False,2102,442
3309,485040,2025-05-05 17:15:42,2,false_positive_cleared,19.43,7.76,False,152,737
3310,485113,2025-05-05 19:29:24,2,confirmed_fraud,15.93,2377.48,True,4784,319
3311,485180,2025-05-05 20:58:14,2,false_positive_cleared,11.27,1816.25,False,5250,618
3312,485323,2025-05-06 00:45:13,2,false_positive_cleared,12.21,6534.12,False,5020,771
3313,485326,2025-05-06 00:49:27,2,false_positive_cleared,7.11,381.2,False,512,166
3314,485430,2025-05-06 03:20:36,2,false_positive_cleared,2.44,2421.02,False,3573,381
3315,485669,2025-05-06 08:30:07,2,false_positive_cleared,15.64,2693.11,False,1784,470
3316,485691,2025-05-06 08:57:37,2,false_positive_cleared,12.62,28.0,False,1982,84
3317,485946,2025-05-06 14:24:26,2,false_positive_cleared,10.24,2342.2,False,572,728
3318,485969,2025-05-06 14:52:21,2,false_positive_cleared,5.12,3092.78,False,1850,785
3319,486004,2025-05-06 15:40:19,2,false_positive_cleared,10.45,11.39,False,1819,302
3320,486021,2025-05-06 16:13:18,2,false_positive_cleared,3.99,2519.77,False,4731,768
3321,486204,2025-05-06 20:18:10,2,false_positive_cleared,12.66,2453.0,False,2118,482
3322,486241,2025-05-06 20:56:31,2,false_positive_cleared,7.25,5956.28,False,4684,326
3323,486307,2025-05-06 22:38:48,2,false_positive_cleared,6.85,1906.89,False,3962,621
3324,486387,2025-05-07 00:31:04,2,false_positive_cleared,18.69,270.48,False,5314,418
3325,486639,2025-05-07 06:29:24,2,false_positive_cleared,5.45,5191.22,False,2363,773
3326,486787,2025-05-07 09:39:51,2,false_positive_cleared,8.98,1691.75,False,3603,750
3327,486905,2025-05-07 12:55:22,2,false_positive_cleared,10.96,30.63,False,4846,36
3328,486985,2025-05-07 14:41:58,2,false_positive_cleared,10.76,193.45,False,3288,413
3329,487116,2025-05-07 17:49:41,0,false_positive_cleared,17.75,13.63,False,5548,521
3330,487455,2025-05-08 01:41:43,2,false_positive_cleared,1.3,45.82,False,915,413
3338,487553,2025-05-08 03:42:01,0,false_positive_cleared,23.31,95.19,False,4970,44
3331,487586,2025-05-08 04:23:15,2,false_positive_cleared,8.67,6796.99,False,5411,253
3332,487591,2025-05-08 04:30:20,2,false_positive_cleared,13.42,35.93,False,3445,520
3337,487630,2025-05-08 05:27:43,0,false_positive_cleared,10.26,31.61,False,26,667
3334,487978,2025-05-08 13:13:54,2,confirmed_fraud,11.33,2051.92,False,89,443
3333,488002,2025-05-08 13:44:50,2,false_positive_cleared,20.72,3472.09,False,3912,12
3335,488045,2025-05-08 15:00:52,2,confirmed_fraud,11.99,9320.29,True,5747,250
3336,488096,2025-05-08 16:33:10,2,false_positive_cleared,20.27,3105.58,False,4383,313
3339,488471,2025-05-09 01:23:16,2,false_positive_cleared,1.15,49.1,False,765,552
3340,488598,2025-05-09 04:50:17,2,false_positive_cleared,11.47,4832.0,False,2285,163
3341,488672,2025-05-09 06:38:30,2,false_positive_cleared,19.07,3664.59,False,4212,263
3342,488680,2025-05-09 06:47:16,2,false_positive_cleared,16.08,1860.23,False,1938,315
3343,488768,2025-05-09 09:09:47,2,false_positive_cleared,16.48,211.96,False,78,159
3344,488786,2025-05-09 09:35:49,2,false_positive_cleared,18.4,2521.69,False,1705,515
3345,488933,2025-05-09 12:57:23,2,false_positive_cleared,4.55,2657.59,False,4212,133
3346,489031,2025-05-09 15:47:15,2,confirmed_fraud,14.91,71.89,False,4076,542
3347,489053,2025-05-09 16:14:25,2,false_positive_cleared,19.94,10084.79,False,4295,751
3348,489057,2025-05-09 16:17:59,2,false_positive_cleared,10.86,1889.85,False,672,82
3349,489068,2025-05-09 16:31:20,2,confirmed_fraud,14.16,64.44,True,1058,716
3350,489091,2025-05-09 17:04:49,2,false_positive_cleared,19.88,2045.92,False,5167,757
3351,489092,2025-05-09 17:05:36,2,false_positive_cleared,7.81,367.08,False,2121,253
3352,489170,2025-05-09 19:03:04,2,false_positive_cleared,40.13,6.01,False,5255,697
3353,489198,2025-05-09 19:42:09,2,false_positive_cleared,8.02,1924.06,False,4358,627
3354,489260,2025-05-09 20:59:54,2,false_positive_cleared,0.67,13.4,False,2401,43
3355,489316,2025-05-09 22:19:48,2,false_positive_cleared,12.74,1915.84,False,3106,636
3362,489396,2025-05-10 00:10:26,0,false_positive_cleared,6.36,148.4,False,1262,654
3356,489414,2025-05-10 00:37:15,2,confirmed_fraud,30.95,1657.13,False,2438,799
3357,489536,2025-05-10 03:28:58,2,false_positive_cleared,6.46,2132.85,False,3623,159
3358,489546,2025-05-10 03:37:08,2,false_positive_cleared,14.16,3303.69,False,4695,431
3360,489721,2025-05-10 07:59:14,2,false_positive_cleared,1.61,779.09,False,4101,398
3359,490147,2025-05-10 18:12:32,2,confirmed_fraud,20.67,6743.79,False,2119,140
3361,490264,2025-05-10 21:18:46,2,false_positive_cleared,5.39,134.96,False,1345,375
3363,490490,2025-05-11 02:50:12,2,false_positive_cleared,15.95,2803.98,False,4889,382
3377,490497,2025-05-11 02:58:40,0,false_positive_cleared,4.46,246.51,False,2482,518
3378,490530,2025-05-11 03:31:12,0,false_positive_cleared,8.22,104.37,False,83,45
3365,490542,2025-05-11 03:48:27,2,confirmed_fraud,13.02,2249.21,False,305,716
3364,490611,2025-05-11 05:15:46,2,false_positive_cleared,27.41,1791.79,False,3912,282
3367,490738,2025-05-11 08:31:30,2,false_positive_cleared,32.75,74.96,False,767,148
3366,490740,2025-05-11 08:40:52,2,false_positive_cleared,13.24,22.45,False,4631,751
3376,490770,2025-05-11 09:21:13,0,false_positive_cleared,20.82,168.74,False,4697,389
3368,490791,2025-05-11 09:46:19,2,false_positive_cleared,14.17,136.29,False,4528,548
3371,490861,2025-05-11 11:14:33,2,false_positive_cleared,7.55,48015.48,False,5411,89
3370,490880,2025-05-11 11:49:58,2,false_positive_cleared,14.5,1645.21,False,2247,692
3379,490884,2025-05-11 11:56:52,0,false_positive_cleared,16.93,649.82,False,2500,643
3369,490958,2025-05-11 13:40:49,2,confirmed_fraud,4.49,1040.61,False,4525,453
3375,490975,2025-05-11 13:54:01,2,confirmed_fraud,2.06,358.41,True,850,542
3373,491171,2025-05-11 18:19:22,2,false_positive_cleared,9.53,2918.83,False,916,504
3372,491230,2025-05-11 19:47:52,2,confirmed_fraud,10.18,69.06,False,1808,717
3374,491329,2025-05-11 22:14:57,2,false_positive_cleared,17.65,1562.57,False,1576,21
3381,491427,2025-05-12 00:32:54,2,false_positive_cleared,26.47,24.89,False,193,560
3391,491524,2025-05-12 03:05:58,0,false_positive_cleared,17.57,1070.09,False,2162,456
3383,491679,2025-05-12 06:54:32,2,false_positive_cleared,8.24,64.89,False,1031,118
3382,491682,2025-05-12 06:58:02,2,false_positive_cleared,31.94,739.08,False,5883,698
3380,491805,2025-05-12 10:25:22,3,false_positive_cleared,12.11,1994.09,False,3296,287
3385,491830,2025-05-12 11:08:40,2,false_positive_cleared,21.96,65.99,False,5708,715
3386,491838,2025-05-12 11:21:52,2,false_positive_cleared,7.6,2008.73,False,2191,345
3387,491995,2025-05-12 15:05:02,2,false_positive_cleared,6.16,2439.91,False,1224,70
3384,492087,2025-05-12 17:22:42,2,false_positive_cleared,28.25,292.31,False,2054,388
3389,492095,2025-05-12 17:40:15,2,false_positive_cleared,22.03,71.07,False,5869,423
3388,492161,2025-05-12 19:08:04,2,false_positive_cleared,6.17,3174.6,False,1634,214
3390,492350,2025-05-12 23:53:25,2,false_positive_cleared,16.6,46.94,False,835,262
3402,492381,2025-05-13 00:36:42,0,false_positive_cleared,18.29,136.99,False,5456,225
3393,492613,2025-05-13 06:30:40,2,false_positive_cleared,6.41,2070.75,False,3621,463
3395,492833,2025-05-13 12:03:05,2,false_positive_cleared,8.95,2758.78,False,2132,529
3394,492836,2025-05-13 12:06:58,2,false_positive_cleared,18.54,1839.82,False,64,163
3397,492853,2025-05-13 12:32:52,2,false_negative_cleared,2.62,160.35,True,4879,453
3398,492879,2025-05-13 12:56:52,2,false_positive_cleared,2.19,46.21,False,3657,499
3392,492906,2025-05-13 13:48:47,3,false_positive_cleared,7.93,2067.56,False,1676,704
3399,492950,2025-05-13 14:43:06,2,false_positive_cleared,15.0,12.51,False,4102,309
3396,493033,2025-05-13 16:51:03,2,confirmed_fraud,8.88,696.08,False,1324,518
3401,493078,2025-05-13 17:59:00,2,false_positive_cleared,11.59,6529.48,False,2596,194
3403,493250,2025-05-13 22:16:51,0,false_positive_cleared,16.36,17.35,False,260,352
3400,493321,2025-05-13 23:47:01,2,false_positive_cleared,13.01,4393.31,False,4358,781
3414,493363,2025-05-14 00:54:46,0,false_positive_cleared,22.1,13.41,False,4782,196
3406,493373,2025-05-14 01:08:06,2,false_positive_cleared,3.49,544.51,False,1324,369
3405,493453,2025-05-14 02:45:55,2,false_positive_cleared,7.27,4308.27,False,2184,529
3408,493592,2025-05-14 06:02:57,2,false_positive_cleared,17.01,2261.13,False,1676,724
3410,493616,2025-05-14 06:44:58,2,false_positive_cleared,4.6,4089.25,False,4063,157
3409,493728,2025-05-14 09:08:33,2,false_positive_cleared,15.9,8023.05,False,5167,339
3407,493760,2025-05-14 09:59:21,2,false_positive_cleared,6.11,378.33,False,1680,383
3404,493776,2025-05-14 10:17:29,3,false_positive_cleared,5.03,3482.42,False,963,334
3412,493980,2025-05-14 14:44:34,2,false_positive_cleared,25.12,3863.23,False,2928,75
3411,494150,2025-05-14 19:12:09,2,false_positive_cleared,5.34,367.8,False,4678,31
3413,494251,2025-05-14 21:35:54,2,false_positive_cleared,15.08,2172.56,False,1005,184
3416,494387,2025-05-15 00:43:27,2,confirmed_fraud,16.09,2058.36,True,2095,786
3418,494553,2025-05-15 04:27:34,2,false_positive_cleared,3.52,605.01,False,2124,759
3417,494743,2025-05-15 08:30:39,2,false_positive_cleared,24.65,8311.36,False,3317,69
3425,494749,2025-05-15 08:43:36,0,false_positive_cleared,2.28,210.23,False,3074,512
3420,494788,2025-05-15 09:40:15,2,false_positive_cleared,27.41,2476.09,False,886,397
3415,494789,2025-05-15 09:41:15,3,confirmed_fraud,9.92,1820.18,True,4012,657
3426,494821,2025-05-15 10:21:12,0,false_positive_cleared,16.86,22.88,False,430,496
3421,494832,2025-05-15 10:32:43,2,confirmed_fraud,15.4,13.98,False,2992,302
3422,495093,2025-05-15 16:07:18,2,false_positive_cleared,13.45,336.68,False,1574,531
3424,495174,2025-05-15 18:33:28,2,false_positive_cleared,8.57,2429.81,False,5247,724
3419,495254,2025-05-15 20:27:05,2,false_positive_cleared,3.67,1917.61,False,2076,126
3423,495347,2025-05-15 22:51:11,2,false_positive_cleared,12.66,418.87,False,96,105
3427,495412,2025-05-16 00:41:14,2,false_positive_cleared,6.62,1891.17,False,4889,198
3428,495496,2025-05-16 02:31:38,2,confirmed_fraud,9.38,1649.62,True,4594,697
3429,495531,2025-05-16 03:36:30,2,false_positive_cleared,8.29,3024.79,False,4036,679
3430,495672,2025-05-16 06:32:59,2,false_positive_cleared,14.16,448.23,False,5945,430
3431,495764,2025-05-16 08:35:41,2,false_positive_cleared,31.96,6471.39,False,829,289
3432,495768,2025-05-16 08:40:52,2,false_positive_cleared,14.08,2652.47,False,3756,618
3433,495796,2025-05-16 09:33:38,2,false_positive_cleared,4.82,4760.73,False,1713,10
3434,495882,2025-05-16 11:41:38,2,false_positive_cleared,5.27,27.54,False,3916,399
3440,495930,2025-05-16 12:41:33,0,false_positive_cleared,10.48,1381.29,False,3573,182
3435,496033,2025-05-16 14:48:21,2,false_positive_cleared,4.47,1701.4,False,4294,793
3436,496068,2025-05-16 15:36:09,2,false_positive_cleared,19.94,4392.01,False,2285,650
3438,496169,2025-05-16 18:02:32,2,false_positive_cleared,9.17,1929.06,False,4521,52
3437,496209,2025-05-16 19:07:56,2,false_positive_cleared,13.61,17.52,False,3525,744
3439,496340,2025-05-16 22:33:41,2,false_positive_cleared,10.94,1623.54,False,1255,617
3445,496411,2025-05-17 00:12:30,1,false_positive_cleared,6.48,1607.32,False,4227,402
3443,496498,2025-05-17 02:28:20,2,false_positive_cleared,16.46,13.9,False,4228,104
3442,496886,2025-05-17 11:28:56,2,false_positive_cleared,4.08,2688.36,False,3756,749
3441,497090,2025-05-17 16:18:01,3,false_positive_cleared,7.58,2250.6,False,3212,194
3444,497355,2025-05-17 22:40:23,2,false_positive_cleared,25.67,211.33,False,1170,538
3453,497451,2025-05-18 00:46:10,0,false_positive_cleared,29.69,23.41,False,1596,757
3446,497788,2025-05-18 08:49:45,2,false_positive_cleared,25.86,6939.07,False,3212,206
3447,497863,2025-05-18 10:47:23,2,false_positive_cleared,28.39,394.7,False,629,782
3448,497980,2025-05-18 13:11:57,2,false_positive_cleared,11.96,1599.74,False,4784,130
3449,498105,2025-05-18 15:59:23,2,false_positive_cleared,12.7,74.68,False,1211,291
3451,498263,2025-05-18 19:41:51,2,false_positive_cleared,14.53,1679.98,False,299,437
3450,498304,2025-05-18 20:21:25,2,false_positive_cleared,9.5,304.1,False,4587,503
3452,498313,2025-05-18 20:30:37,2,false_positive_cleared,5.55,2514.31,False,55,105
3455,498607,2025-05-19 03:53:43,2,false_positive_cleared,8.49,68.52,False,4562,462
3457,498714,2025-05-19 06:08:04,2,false_positive_cleared,8.55,2139.18,False,1720,98
3456,498769,2025-05-19 07:26:47,2,false_positive_cleared,11.55,16.3,False,3144,341
3458,498789,2025-05-19 08:08:18,2,false_positive_cleared,1.98,12.04,False,1783,261
3459,498852,2025-05-19 09:44:37,2,false_positive_cleared,14.41,4348.3,False,5807,771
3454,498961,2025-05-19 12:44:42,3,false_positive_cleared,5.01,2142.94,False,4484,334
3460,499007,2025-05-19 13:56:27,2,false_positive_cleared,21.74,5985.38,False,2454,474
3461,499209,2025-05-19 18:31:21,2,false_positive_cleared,3.51,1031.69,False,1204,493
3469,499427,2025-05-20 00:00:42,2,false_positive_cleared,13.19,2325.14,False,1675,486
3468,499521,2025-05-20 02:16:04,2,false_positive_cleared,3.12,1944.42,False,2120,790
3467,499553,2025-05-20 02:46:38,2,false_positive_cleared,11.24,9504.02,False,4465,477
3473,499653,2025-05-20 05:27:30,0,false_positive_cleared,15.8,86.51,False,4922,71
3465,499824,2025-05-20 09:44:29,3,false_positive_cleared,12.01,6248.06,False,5630,16
3471,499856,2025-05-20 10:34:08,2,false_positive_cleared,2.34,9953.72,False,4628,385
3466,499902,2025-05-20 11:34:41,2,false_positive_cleared,5.69,13.53,False,4878,365
3464,499926,2025-05-20 12:07:27,3,false_positive_cleared,4.18,3089.54,False,3171,246
3462,499969,2025-05-20 13:04:27,3,false_positive_cleared,18.98,6939.2,False,2120,118
3470,499974,2025-05-20 13:12:33,2,false_positive_cleared,19.07,2526.83,False,4998,568
3463,500198,2025-05-20 19:06:45,3,confirmed_fraud,24.62,2152.39,False,868,524
3472,500283,2025-05-20 21:16:22,2,false_positive_cleared,10.93,1420.19,False,4998,58
3474,500395,2025-05-21 00:16:56,2,false_positive_cleared,5.3,3582.07,False,2727,784
3475,500447,2025-05-21 01:22:52,2,false_positive_cleared,10.67,1606.65,False,3282,795
3476,500681,2025-05-21 07:10:55,2,false_positive_cleared,29.81,1890.62,False,2445,139
3477,500774,2025-05-21 09:34:31,2,false_positive_cleared,14.39,68.57,False,1678,548
3478,500904,2025-05-21 13:08:33,2,false_positive_cleared,16.81,20.5,False,1667,118
3480,501021,2025-05-21 15:46:09,1,false_positive_cleared,7.46,1660.69,False,2586,400
3479,501024,2025-05-21 15:50:25,2,false_positive_cleared,17.95,166.76,False,3651,300
3481,501602,2025-05-22 06:06:20,2,false_positive_cleared,13.33,9.33,False,1512,109
3482,501991,2025-05-22 16:28:04,2,confirmed_fraud,4.13,4863.0,False,868,632
3483,502003,2025-05-22 16:49:34,2,false_positive_cleared,4.35,11198.09,False,3727,90
3484,502012,2025-05-22 17:01:36,2,false_positive_cleared,18.28,1617.85,False,4628,452
3485,502042,2025-05-22 17:46:04,2,false_positive_cleared,4.83,1712.6,False,55,678
3486,502071,2025-05-22 18:23:08,2,false_positive_cleared,25.0,495.55,False,3626,427
3487,502216,2025-05-22 21:59:12,2,false_positive_cleared,9.1,58.39,False,1861,320
3494,502458,2025-05-23 04:06:25,0,false_positive_cleared,20.26,385.93,False,5801,532
3488,502926,2025-05-23 15:47:41,2,false_positive_cleared,17.48,15.6,False,2661,334
3489,503049,2025-05-23 18:20:24,2,false_positive_cleared,5.9,3358.04,False,3962,606
3490,503090,2025-05-23 19:10:52,2,confirmed_fraud,2.5,28.79,True,1141,316
3492,503175,2025-05-23 21:14:34,2,confirmed_fraud,4.0,3619.86,False,3631,777
3491,503215,2025-05-23 22:03:21,2,false_positive_cleared,0.9,3822.56,False,3962,123
3493,503276,2025-05-23 23:34:38,2,confirmed_fraud,13.9,1491.34,True,1142,395
3501,503425,2025-05-24 02:49:19,0,false_positive_cleared,4.39,1096.19,False,3415,622
3496,503549,2025-05-24 05:44:28,2,confirmed_fraud,8.21,439.53,True,5598,311
3498,503693,2025-05-24 09:04:08,2,false_positive_cleared,1.88,2918.97,False,2873,13
3500,503822,2025-05-24 11:37:20,2,confirmed_fraud,7.49,337.12,False,2126,224
3499,503840,2025-05-24 12:07:33,2,false_positive_cleared,8.59,135.68,False,3886,641
3502,503890,2025-05-24 13:19:43,0,false_positive_cleared,14.85,48.18,False,87,641
3495,503999,2025-05-24 16:26:28,3,false_positive_cleared,16.41,2002.28,False,2415,44
3503,504089,2025-05-24 18:36:23,0,false_positive_cleared,13.98,259.73,False,2100,201
3497,504131,2025-05-24 19:50:28,2,false_positive_cleared,11.93,1780.28,False,5807,307
3504,504174,2025-05-24 20:57:18,0,false_positive_cleared,2.1,107.55,False,4328,346
3505,504292,2025-05-25 00:09:23,2,false_positive_cleared,11.57,1033.3,False,2154,199
3506,504723,2025-05-25 11:01:51,2,false_positive_cleared,3.59,1839.42,False,3450,528
3507,505029,2025-05-25 18:26:11,2,false_positive_cleared,14.83,4597.25,False,5599,64
3508,505056,2025-05-25 19:01:10,2,false_positive_cleared,9.28,3146.4,False,1324,642
3509,505232,2025-05-25 23:48:56,2,false_positive_cleared,3.58,101.05,False,3531,618
3510,505260,2025-05-26 00:37:59,2,false_positive_cleared,6.74,12.3,False,5186,102
3511,505266,2025-05-26 00:44:28,2,false_positive_cleared,6.99,482.17,False,726,20
3512,505418,2025-05-26 04:57:24,2,false_positive_cleared,13.39,1740.34,False,3970,514
3520,505462,2025-05-26 06:07:50,0,confirmed_fraud,11.36,787.97,False,5839,287
3513,505471,2025-05-26 06:26:51,2,false_positive_cleared,6.29,4703.19,False,3038,633
3514,505632,2025-05-26 09:47:54,2,confirmed_fraud,2.2,340.49,True,5656,18
3521,505742,2025-05-26 12:17:15,0,false_positive_cleared,5.77,59.32,False,3194,391
3516,505857,2025-05-26 14:59:34,2,confirmed_fraud,9.81,11724.29,True,2919,560
3517,505912,2025-05-26 16:36:56,2,false_positive_cleared,5.23,3538.96,False,378,285
3518,505930,2025-05-26 17:08:55,2,false_positive_cleared,9.77,4664.25,False,3038,617
3519,506034,2025-05-26 19:47:59,2,false_positive_cleared,4.7,186.63,False,3280,565
3522,506131,2025-05-26 22:02:52,0,false_positive_cleared,6.61,164.77,False,2197,183
3515,506171,2025-05-26 23:02:32,2,confirmed_fraud,24.14,2685.11,False,2168,733
3523,506441,2025-05-27 05:38:56,2,false_positive_cleared,2.06,2168.07,False,5909,578
3524,506582,2025-05-27 09:08:15,2,confirmed_fraud,2.46,374.01,True,5656,1
3528,506589,2025-05-27 09:14:14,0,false_positive_cleared,15.39,22.66,False,640,70
3525,506901,2025-05-27 16:39:27,2,false_positive_cleared,4.52,12503.87,False,2509,437
3526,506982,2025-05-27 18:33:12,2,false_positive_cleared,5.57,2114.84,False,1434,284
3527,507042,2025-05-27 20:07:12,2,false_positive_cleared,19.57,29.2,False,4230,370
3529,507529,2025-05-28 08:18:08,2,false_positive_cleared,17.61,3940.13,False,3555,207
3535,507578,2025-05-28 09:38:30,0,false_positive_cleared,32.87,104.96,False,992,43
3530,507671,2025-05-28 12:10:08,2,false_positive_cleared,7.37,1502.49,False,2207,600
3531,507699,2025-05-28 13:00:05,2,false_positive_cleared,6.6,4028.87,False,1007,425
3533,507891,2025-05-28 17:13:55,2,false_positive_cleared,15.47,4984.21,False,5630,180
3532,507992,2025-05-28 19:37:15,2,false_positive_cleared,10.46,3487.17,False,2188,318
3534,508069,2025-05-28 21:14:09,2,false_positive_cleared,5.25,382.48,False,5405,431
3536,508256,2025-05-29 01:14:56,2,false_positive_cleared,7.28,2827.11,False,4739,526
3537,508427,2025-05-29 05:11:58,2,false_positive_cleared,12.42,2006.06,False,3626,587
3538,508451,2025-05-29 06:01:35,2,false_positive_cleared,24.8,1852.88,False,93,168
3539,508623,2025-05-29 10:15:54,2,false_positive_cleared,24.22,3104.75,False,247,312
3540,508782,2025-05-29 14:21:12,2,false_positive_cleared,11.01,282.4,False,3698,1
3541,508994,2025-05-29 19:13:45,0,false_positive_cleared,5.36,71.84,False,2680,796
3542,509293,2025-05-30 01:48:08,2,false_positive_cleared,13.59,66.19,False,4981,515
3543,509642,2025-05-30 10:51:49,2,false_positive_cleared,3.12,1756.79,False,3586,583
3544,509666,2025-05-30 11:17:41,2,false_negative_cleared,1.6,2213.88,True,2413,18
3545,509784,2025-05-30 14:34:06,2,false_positive_cleared,14.46,2613.65,False,93,761
3551,509914,2025-05-30 17:34:27,0,false_positive_cleared,37.28,136.7,False,1801,322
3546,509970,2025-05-30 19:09:58,2,false_positive_cleared,41.79,2050.82,False,3171,677
3547,510051,2025-05-30 21:24:28,2,false_positive_cleared,6.0,2194.62,False,3363,144
3549,510114,2025-05-30 22:34:29,2,confirmed_fraud,9.98,1028.13,True,4051,248
3548,510137,2025-05-30 23:03:21,2,false_positive_cleared,3.56,34.31,False,4754,12
3550,510171,2025-05-30 23:46:26,2,false_positive_cleared,16.76,6243.29,False,5020,505
3552,510215,2025-05-31 00:46:49,3,false_positive_cleared,12.17,368.49,False,2663,573
3553,510218,2025-05-31 00:51:42,2,false_positive_cleared,13.74,1941.33,False,563,184
3554,510237,2025-05-31 01:15:14,2,false_positive_cleared,5.29,4093.62,False,2591,726
3562,510319,2025-05-31 03:08:47,0,false_positive_cleared,7.37,59.42,False,3237,349
3555,510349,2025-05-31 03:51:31,2,false_positive_cleared,20.23,105.69,False,5325,333
3556,510364,2025-05-31 04:23:41,2,false_positive_cleared,1.14,3706.37,False,1547,186
3557,510500,2025-05-31 07:54:51,2,false_positive_cleared,13.08,22.23,False,3948,411
3558,510755,2025-05-31 14:26:19,2,false_positive_cleared,5.34,1866.2,False,531,718
3560,510887,2025-05-31 17:54:13,2,false_positive_cleared,11.13,24.45,False,1036,13
3559,510903,2025-05-31 18:16:20,2,false_positive_cleared,8.66,1468.75,False,2640,645
3561,510929,2025-05-31 19:11:39,2,false_positive_cleared,24.43,2244.11,False,399,625
3563,511151,2025-06-01 00:08:34,2,false_positive_cleared,9.51,786.54,False,1769,495
3564,511154,2025-06-01 00:19:41,2,false_positive_cleared,26.63,32.02,False,485,55
3565,511165,2025-06-01 00:40:39,2,false_positive_cleared,11.87,15186.08,False,3038,726
3577,511313,2025-06-01 04:29:02,1,false_positive_cleared,15.42,2144.91,False,5375,650
3566,511427,2025-06-01 07:16:00,2,false_positive_cleared,8.59,6024.2,False,4294,653
3578,511455,2025-06-01 08:04:03,0,false_positive_cleared,6.52,18.05,False,4926,767
3568,511495,2025-06-01 08:57:15,2,false_positive_cleared,3.25,3979.45,False,3672,645
3567,511635,2025-06-01 12:07:06,2,false_positive_cleared,4.78,109.94,False,5046,769
3570,511655,2025-06-01 12:35:20,2,false_positive_cleared,22.04,4108.68,False,5979,212
3569,511660,2025-06-01 12:47:17,2,false_positive_cleared,12.62,13247.21,False,380,302
3573,511703,2025-06-01 13:54:52,2,false_positive_cleared,12.45,147.49,False,3948,669
3574,511708,2025-06-01 14:03:05,2,confirmed_fraud,4.13,449.77,True,3610,337
3571,511833,2025-06-01 17:18:25,2,false_positive_cleared,0.49,237.17,False,3770,481
3572,511974,2025-06-01 20:24:45,2,false_positive_cleared,8.59,2642.2,False,5763,729
3575,512010,2025-06-01 21:21:37,2,false_positive_cleared,2.32,2394.71,False,4552,648
3576,512091,2025-06-01 23:30:46,2,false_positive_cleared,7.54,2982.8,False,4731,683
3579,512121,2025-06-02 00:22:31,2,false_positive_cleared,4.15,8864.05,False,3198,73
3580,512290,2025-06-02 04:12:43,2,false_positive_cleared,7.32,3431.88,False,2951,148
3581,512318,2025-06-02 04:58:02,2,false_positive_cleared,21.23,4597.07,False,3727,478
3582,512575,2025-06-02 11:41:01,2,false_positive_cleared,10.86,53.1,False,838,18
3583,512684,2025-06-02 14:25:37,2,false_positive_cleared,21.14,4244.67,False,185,364
3584,512970,2025-06-02 21:48:26,2,false_positive_cleared,3.29,2429.62,False,4991,224
3585,513115,2025-06-03 01:28:59,2,confirmed_fraud,11.48,5331.53,True,3958,172
3586,513118,2025-06-03 01:32:13,2,false_positive_cleared,20.76,890.01,False,3786,701
3587,513126,2025-06-03 01:45:53,2,false_positive_cleared,28.85,42.7,False,4745,703
3588,513149,2025-06-03 02:20:03,2,false_positive_cleared,5.27,279.24,False,1769,574
3589,513358,2025-06-03 06:54:57,2,false_positive_cleared,7.42,69.86,False,4337,779
3593,513465,2025-06-03 09:47:00,1,false_positive_cleared,16.81,54.27,False,1263,38
3590,513505,2025-06-03 10:37:40,2,false_positive_cleared,20.55,7.42,False,4948,706
3591,513733,2025-06-03 15:42:11,2,false_positive_cleared,46.27,2243.96,False,630,136
3592,513843,2025-06-03 18:08:45,2,false_positive_cleared,12.19,4.88,False,2437,472
3594,514145,2025-06-04 01:28:09,2,false_positive_cleared,12.78,1409.55,False,5692,482
3595,514222,2025-06-04 03:16:58,2,false_positive_cleared,10.2,1725.89,False,3526,579
3596,514316,2025-06-04 05:16:41,2,false_positive_cleared,15.81,99.31,False,4939,488
3597,514320,2025-06-04 05:20:20,2,false_positive_cleared,16.58,98.2,False,1942,684
3598,514373,2025-06-04 06:41:34,2,false_positive_cleared,2.67,2797.4,False,1887,382
3599,514518,2025-06-04 10:20:42,2,confirmed_fraud,18.59,2193.3,True,4005,276
3600,514860,2025-06-04 19:30:15,2,false_positive_cleared,6.05,6273.65,False,3317,576
3602,515135,2025-06-05 02:04:38,2,false_positive_cleared,2.5,7275.39,False,2509,223
3601,515270,2025-06-05 05:22:09,4,confirmed_fraud,5.59,6921.69,True,2570,362
3603,515300,2025-06-05 06:08:05,2,false_positive_cleared,8.78,2683.55,False,5541,775
3604,515306,2025-06-05 06:11:54,2,false_positive_cleared,7.16,24.04,False,3853,799
3605,515399,2025-06-05 08:33:21,2,false_positive_cleared,4.32,44.23,False,1877,277
3606,515417,2025-06-05 08:56:42,2,false_positive_cleared,12.08,6120.9,False,5250,97
3607,515422,2025-06-05 09:06:01,2,confirmed_fraud,9.11,182.47,True,845,326
3608,515549,2025-06-05 11:57:32,2,false_positive_cleared,2.14,6976.89,False,4849,302
3609,515615,2025-06-05 13:40:37,2,false_positive_cleared,6.9,3594.7,False,2591,432
3610,515732,2025-06-05 16:46:37,2,false_negative_cleared,4.38,47.74,True,1517,438
3611,515892,2025-06-05 20:38:57,2,false_positive_cleared,19.68,3849.68,False,399,725
3612,515943,2025-06-05 21:49:50,2,false_positive_cleared,15.48,45.85,False,4535,498
3615,516044,2025-06-06 00:13:32,2,false_positive_cleared,10.19,17105.84,False,5020,323
3614,516067,2025-06-06 00:41:53,2,false_positive_cleared,7.9,1697.43,False,2383,281
3616,516319,2025-06-06 06:09:22,2,false_positive_cleared,42.14,94.0,False,3036,381
3617,516390,2025-06-06 08:13:30,2,false_positive_cleared,9.76,98.67,False,3221,758
3618,516541,2025-06-06 11:55:21,2,false_negative_cleared,25.83,139.85,True,4984,282
3613,516566,2025-06-06 12:37:43,3,false_positive_cleared,9.09,8449.96,False,4236,660
3619,516599,2025-06-06 13:21:45,2,false_positive_cleared,12.25,1651.69,False,95,198
3620,516700,2025-06-06 15:43:05,2,false_positive_cleared,20.07,27.59,False,5647,77
3621,516915,2025-06-06 21:05:18,2,false_positive_cleared,20.04,933.67,False,3673,589
3622,516934,2025-06-06 21:24:56,2,confirmed_fraud,12.37,2466.51,False,2116,509
3623,516996,2025-06-06 22:44:21,2,false_positive_cleared,21.83,190.47,False,5712,733
3624,517095,2025-06-07 01:09:19,2,false_positive_cleared,12.9,65.74,False,3793,638
3625,517132,2025-06-07 02:08:13,2,false_positive_cleared,11.0,1755.8,False,2049,464
3626,517354,2025-06-07 07:08:21,2,false_positive_cleared,1.11,95.69,False,1626,689
3632,517568,2025-06-07 11:55:17,0,false_positive_cleared,1.1,504.66,False,2071,623
3627,517582,2025-06-07 12:18:20,2,false_positive_cleared,6.09,84.2,False,3359,378
3628,517745,2025-06-07 16:08:14,2,false_positive_cleared,4.7,7165.14,False,3532,499
3629,517944,2025-06-07 21:05:01,2,false_positive_cleared,9.96,2633.09,False,3756,693
3630,517962,2025-06-07 21:27:29,1,false_positive_cleared,0.37,2555.48,False,3527,41
3631,518064,2025-06-07 23:45:35,1,confirmed_fraud,5.87,44.96,False,1330,142
3633,518382,2025-06-08 08:08:35,2,false_positive_cleared,37.93,11320.61,False,577,197
3634,518452,2025-06-08 09:46:57,2,false_positive_cleared,15.52,5705.33,False,2509,553
3635,518497,2025-06-08 10:57:07,2,false_positive_cleared,26.15,255.13,False,4942,43
3636,518621,2025-06-08 13:44:54,2,false_positive_cleared,12.89,2367.15,False,4093,518
3637,518640,2025-06-08 14:10:17,2,false_positive_cleared,4.86,193.01,False,5790,581
3638,518675,2025-06-08 14:57:03,2,false_positive_cleared,8.69,3580.73,False,2951,510
3639,518686,2025-06-08 15:22:19,2,false_positive_cleared,0.61,167.74,False,5870,690
3640,518838,2025-06-08 19:01:53,2,false_positive_cleared,16.26,3035.3,False,3756,774
3641,518860,2025-06-08 19:28:21,2,false_positive_cleared,10.65,1730.09,False,5952,692
3642,518917,2025-06-08 20:34:15,2,false_positive_cleared,14.76,1726.0,False,3976,674
3643,518951,2025-06-08 21:21:28,2,false_positive_cleared,8.9,1837.6,False,5131,664
3644,519292,2025-06-09 05:33:29,2,false_positive_cleared,10.44,2157.33,False,5952,524
3645,519355,2025-06-09 07:12:47,2,false_positive_cleared,5.87,5484.86,False,2666,773
3646,519387,2025-06-09 07:48:37,2,false_positive_cleared,10.04,3118.12,False,3962,327
3653,519394,2025-06-09 08:00:43,0,false_positive_cleared,1.34,102.44,False,4775,439
3654,519545,2025-06-09 11:57:08,0,false_positive_cleared,30.74,96.05,False,1990,480
3647,519602,2025-06-09 13:03:35,2,false_positive_cleared,11.14,2205.76,False,4294,544
3649,519636,2025-06-09 13:57:59,2,confirmed_fraud,3.57,2966.67,True,1472,517
3650,519658,2025-06-09 14:29:23,2,false_positive_cleared,4.82,867.37,False,2865,722
3652,519694,2025-06-09 15:19:37,1,false_positive_cleared,6.99,78.73,False,5664,548
3651,519766,2025-06-09 16:59:20,2,false_positive_cleared,9.2,1579.09,False,727,498
3655,519899,2025-06-09 20:16:07,0,false_positive_cleared,5.29,426.95,False,4329,445
3648,520038,2025-06-09 23:31:59,2,false_positive_cleared,4.62,1634.81,False,5692,601
3656,520067,2025-06-10 00:24:51,2,false_positive_cleared,5.71,9.0,False,5687,620
3657,520169,2025-06-10 02:46:47,2,false_positive_cleared,6.14,2377.14,False,2666,551
3658,520258,2025-06-10 04:57:05,2,false_positive_cleared,20.18,2065.72,False,2015,293
3670,520266,2025-06-10 05:03:52,0,false_positive_cleared,15.72,142.68,False,2701,87
3659,520611,2025-06-10 13:53:04,2,false_positive_cleared,24.14,18.95,False,5758,89
3660,520635,2025-06-10 14:19:23,2,confirmed_fraud,7.92,1762.05,False,35,40
3661,520691,2025-06-10 15:45:56,2,false_positive_cleared,3.6,1726.57,False,3572,342
3662,520706,2025-06-10 15:59:46,2,false_positive_cleared,25.4,5622.05,False,2978,266
3664,520708,2025-06-10 16:06:19,2,false_positive_cleared,12.82,3039.04,False,5950,32
3665,520724,2025-06-10 16:21:51,2,false_positive_cleared,8.49,2379.41,False,4739,615
3666,520828,2025-06-10 18:37:58,2,confirmed_fraud,11.6,4890.47,True,2478,177
3663,520830,2025-06-10 18:43:32,2,false_positive_cleared,5.2,1851.87,False,932,158
3668,520896,2025-06-10 20:11:31,2,false_positive_cleared,2.4,24.61,False,4134,431
3667,521006,2025-06-10 22:53:02,2,false_positive_cleared,17.47,244.64,False,1942,311
3669,521017,2025-06-10 23:10:32,2,false_positive_cleared,7.67,57.52,False,4772,787
3671,521057,2025-06-11 00:25:49,3,false_positive_cleared,2.98,3694.52,False,1022,150
3675,521293,2025-06-11 05:39:57,2,false_positive_cleared,9.35,103.76,False,1142,138
3674,521507,2025-06-11 10:44:40,2,false_positive_cleared,10.92,3931.13,False,5607,779
3676,521517,2025-06-11 10:53:29,2,false_positive_cleared,7.69,1622.03,False,5831,293
3677,521606,2025-06-11 13:04:45,2,false_positive_cleared,8.05,1621.49,False,1922,496
3681,521753,2025-06-11 16:43:51,0,false_positive_cleared,17.31,109.33,False,3975,722
3679,521816,2025-06-11 18:09:24,2,false_positive_cleared,26.99,145.89,False,1710,556
3672,521837,2025-06-11 18:35:52,3,false_positive_cleared,12.89,2097.43,False,5979,778
3678,521842,2025-06-11 18:39:12,2,false_positive_cleared,3.46,255.65,False,4540,472
3673,521851,2025-06-11 18:46:30,3,false_positive_cleared,13.42,3345.38,False,2833,106
3680,521874,2025-06-11 19:15:35,2,false_positive_cleared,14.72,7202.78,False,4684,95
3682,522102,2025-06-12 00:42:30,2,false_positive_cleared,7.41,1815.29,False,1888,372
3683,522113,2025-06-12 01:02:14,2,false_positive_cleared,14.66,2154.79,False,1313,783
3684,522204,2025-06-12 03:04:46,2,false_positive_cleared,3.86,449.8,False,1345,430
3685,522382,2025-06-12 07:33:48,2,false_positive_cleared,9.67,2554.6,False,844,413
3692,522472,2025-06-12 09:40:48,0,false_positive_cleared,23.78,18.38,False,4776,696
3686,522577,2025-06-12 12:10:50,2,false_positive_cleared,34.36,2221.32,False,5167,549
3687,522589,2025-06-12 12:32:11,2,false_positive_cleared,4.36,4124.94,False,530,769
3688,522655,2025-06-12 14:21:34,2,false_positive_cleared,15.77,301.57,False,793,231
3690,522727,2025-06-12 16:07:00,2,false_positive_cleared,9.98,3747.81,False,3464,710
3689,522910,2025-06-12 20:44:35,2,false_positive_cleared,33.0,1968.39,False,2924,748
3691,522911,2025-06-12 20:45:21,2,false_positive_cleared,12.33,373.95,False,353,595
3693,523253,2025-06-13 05:05:37,2,false_positive_cleared,11.16,3177.14,False,5634,202
3694,523423,2025-06-13 09:28:04,2,false_positive_cleared,6.55,4175.13,False,2383,200
3695,523482,2025-06-13 10:55:10,2,confirmed_fraud,4.72,3111.89,True,4093,154
3696,523739,2025-06-13 17:08:10,2,false_positive_cleared,7.38,3018.34,False,1078,211
3697,523808,2025-06-13 18:44:03,2,false_positive_cleared,15.33,2836.42,False,3333,240
3698,523857,2025-06-13 19:40:24,2,false_positive_cleared,3.48,99.36,False,5407,87
3699,523905,2025-06-13 21:22:46,2,false_positive_cleared,18.45,296.18,False,5659,532
3700,524357,2025-06-14 08:39:51,2,false_positive_cleared,15.52,11208.28,False,2906,534
3701,524523,2025-06-14 12:43:44,2,false_positive_cleared,16.07,1705.28,False,5577,9
3702,524547,2025-06-14 13:13:00,2,false_positive_cleared,8.19,98.84,False,3103,143
3708,524613,2025-06-14 14:35:35,0,false_positive_cleared,17.03,9.06,False,3176,550
3703,524651,2025-06-14 15:22:50,2,false_positive_cleared,6.15,1457.37,False,3113,12
3704,524657,2025-06-14 15:38:31,2,false_positive_cleared,16.35,40447.52,False,4780,75
3709,524682,2025-06-14 16:11:14,0,false_positive_cleared,6.5,404.76,False,82,23
3705,524836,2025-06-14 19:47:28,2,false_positive_cleared,13.12,58.11,False,4987,598
3707,524847,2025-06-14 19:59:37,2,confirmed_fraud,9.3,55.14,False,5096,74
3706,524912,2025-06-14 21:37:56,2,false_positive_cleared,10.34,221.88,False,859,350
3713,525206,2025-06-15 05:31:38,2,false_positive_cleared,8.55,28.34,False,3926,378
3710,525365,2025-06-15 08:59:40,3,false_positive_cleared,18.23,3399.38,False,2920,551
3712,525398,2025-06-15 09:45:05,2,false_positive_cleared,9.16,611.15,False,5852,34
3714,525538,2025-06-15 13:16:08,2,false_positive_cleared,13.9,26.84,False,1327,168
3715,525608,2025-06-15 15:00:15,2,false_positive_cleared,8.79,2884.34,False,3296,290
3717,525668,2025-06-15 16:06:37,2,confirmed_fraud,7.22,4525.57,False,1122,139
3716,525764,2025-06-15 18:32:38,2,false_positive_cleared,7.33,1769.7,False,239,333
3718,525771,2025-06-15 18:40:46,2,false_positive_cleared,25.52,1366.53,False,5432,606
3719,525813,2025-06-15 19:32:45,2,false_positive_cleared,7.31,133.94,False,3963,460
3720,525814,2025-06-15 19:34:19,2,false_positive_cleared,3.06,3041.86,False,2390,88
3721,525819,2025-06-15 19:43:06,2,false_positive_cleared,52.63,1625.68,False,5238,776
3711,525842,2025-06-15 20:29:35,3,false_positive_cleared,4.9,2615.45,False,4475,388
3730,526067,2025-06-16 02:15:26,0,false_positive_cleared,8.13,113.35,False,4742,123
3724,526092,2025-06-16 02:43:17,2,false_positive_cleared,9.66,257.23,False,3818,508
3731,526129,2025-06-16 03:39:51,0,false_positive_cleared,7.18,750.48,False,685,757
3728,526226,2025-06-16 05:44:02,2,false_positive_cleared,11.58,2281.51,False,4640,710
3727,526249,2025-06-16 06:14:36,2,false_positive_cleared,13.45,2506.72,False,5699,350
3722,526319,2025-06-16 07:55:06,3,false_positive_cleared,4.59,2206.95,False,5230,39
3725,526398,2025-06-16 09:57:03,2,false_positive_cleared,18.91,3020.12,False,5665,49
3732,526459,2025-06-16 11:10:41,0,false_positive_cleared,19.32,798.16,False,4692,722
3723,526507,2025-06-16 12:08:21,3,false_positive_cleared,3.85,1663.96,False,1963,92
3726,526562,2025-06-16 13:31:44,2,false_positive_cleared,11.74,718.66,False,4897,169
3729,526716,2025-06-16 17:00:16,2,false_positive_cleared,7.53,2059.2,False,4128,418
3733,527052,2025-06-17 02:02:02,2,false_positive_cleared,20.43,2050.84,False,5871,121
3734,527408,2025-06-17 11:39:43,2,false_positive_cleared,36.49,369.78,False,4726,500
3735,527525,2025-06-17 15:13:41,2,false_positive_cleared,6.86,7.92,False,4965,158
3736,527541,2025-06-17 15:35:14,2,false_positive_cleared,1.19,2959.47,False,5368,40
3737,527653,2025-06-17 18:17:45,2,false_positive_cleared,2.35,3275.09,False,4684,273
3738,527703,2025-06-17 19:11:52,2,false_positive_cleared,3.56,786.95,False,3175,404
3741,527752,2025-06-17 20:24:05,0,confirmed_fraud,28.81,871.21,False,185,571
3739,527767,2025-06-17 20:54:43,2,false_positive_cleared,10.63,1945.47,False,2662,186
3742,527774,2025-06-17 21:05:44,0,false_positive_cleared,20.5,199.6,False,3325,53
3740,527858,2025-06-17 22:54:49,2,false_positive_cleared,4.17,4009.19,False,4942,55
3749,528172,2025-06-18 06:42:52,0,false_positive_cleared,10.03,1259.09,False,4611,96
3743,528237,2025-06-18 08:23:24,2,false_positive_cleared,2.46,2175.92,False,2120,140
3744,528289,2025-06-18 09:52:16,2,false_positive_cleared,3.79,699.61,False,2990,590
3745,528485,2025-06-18 14:33:59,2,confirmed_fraud,10.71,9749.78,False,1850,616
3747,528495,2025-06-18 14:53:02,2,false_negative_cleared,8.25,186.07,True,3263,411
3746,528529,2025-06-18 15:38:49,2,false_positive_cleared,12.32,2142.83,False,5871,635
3748,528818,2025-06-18 22:36:09,2,false_positive_cleared,9.46,2470.19,False,575,168
3750,528972,2025-06-19 02:11:52,2,confirmed_fraud,2.17,226.44,True,99,139
3751,529378,2025-06-19 12:15:05,2,false_positive_cleared,12.38,1845.1,False,2612,333
3759,529421,2025-06-19 13:19:55,0,false_positive_cleared,12.77,44.41,False,3534,70
3752,529504,2025-06-19 15:45:11,2,false_positive_cleared,7.19,56.56,False,395,413
3753,529509,2025-06-19 15:50:07,2,false_positive_cleared,2.48,80.32,False,4420,162
3754,529534,2025-06-19 16:28:39,2,false_positive_cleared,20.78,86.0,False,2011,75
3755,529648,2025-06-19 19:17:51,2,false_positive_cleared,33.08,1892.15,False,2833,309
3757,529711,2025-06-19 20:54:24,2,false_positive_cleared,20.42,4886.23,False,1726,588
3756,529730,2025-06-19 21:15:29,2,false_positive_cleared,5.78,6475.03,False,5634,769
3758,529761,2025-06-19 22:11:31,2,false_positive_cleared,9.93,412.75,False,5155,671
3760,529895,2025-06-20 02:00:25,2,false_positive_cleared,7.79,235.49,False,2663,15
3761,529950,2025-06-20 03:12:22,2,false_positive_cleared,6.18,2464.34,False,3756,734
3762,529977,2025-06-20 04:04:48,2,false_positive_cleared,6.19,48.74,False,3466,483
3772,530033,2025-06-20 05:32:24,0,false_positive_cleared,21.5,17.82,False,5070,78
3771,530140,2025-06-20 07:59:14,0,false_positive_cleared,22.17,777.22,False,3052,445
3764,530200,2025-06-20 09:21:23,2,confirmed_fraud,11.43,191.55,False,2124,221
3763,530214,2025-06-20 09:49:53,2,false_positive_cleared,8.03,96.04,False,5223,702
3767,530231,2025-06-20 10:17:14,2,false_positive_cleared,12.37,2249.76,False,1726,126
3768,530325,2025-06-20 12:30:10,2,false_positive_cleared,15.83,1669.76,False,1022,371
3765,530339,2025-06-20 12:53:49,2,false_positive_cleared,11.77,6598.19,False,2509,573
3766,530563,2025-06-20 18:26:40,2,confirmed_fraud,20.57,2267.31,True,1523,294
3769,530659,2025-06-20 20:51:02,2,false_positive_cleared,1.38,1829.34,False,3038,48
3770,530707,2025-06-20 21:46:25,2,false_positive_cleared,6.67,127.11,False,1941,685
3773,530857,2025-06-21 01:13:13,2,false_positive_cleared,18.76,2506.64,False,2662,500
3774,530861,2025-06-21 01:16:24,2,false_positive_cleared,9.48,3626.99,False,1038,701
3775,530983,2025-06-21 04:21:42,2,false_positive_cleared,6.39,5840.22,False,1247,582
3776,531055,2025-06-21 06:18:57,2,false_positive_cleared,13.33,41.73,False,525,678
3777,531167,2025-06-21 09:26:23,2,false_positive_cleared,6.4,2651.3,False,2340,545
3778,531201,2025-06-21 10:19:26,2,false_positive_cleared,7.2,230.09,False,5135,202
3779,531204,2025-06-21 10:22:01,2,false_positive_cleared,4.2,1731.22,False,3701,684
3780,531230,2025-06-21 10:58:26,2,false_positive_cleared,14.33,2728.33,False,4275,440
3781,531316,2025-06-21 13:23:53,2,false_positive_cleared,11.3,21.21,False,3393,538
3782,531710,2025-06-21 23:29:24,2,false_positive_cleared,12.54,2114.16,False,2247,479
3786,532007,2025-06-22 07:22:43,0,false_positive_cleared,11.61,33.21,False,1538,408
3783,532196,2025-06-22 12:05:04,2,false_positive_cleared,11.51,3401.42,False,2040,515
3787,532498,2025-06-22 19:26:07,0,false_positive_cleared,8.71,677.22,False,4037,353
3784,532499,2025-06-22 19:27:45,2,false_positive_cleared,12.52,11527.93,False,4685,369
3785,532537,2025-06-22 20:15:02,2,false_positive_cleared,23.95,6321.98,False,1270,545
3788,532692,2025-06-22 23:57:05,0,false_positive_cleared,11.44,19.53,False,3760,58
3793,532762,2025-06-23 01:26:15,2,false_positive_cleared,2.98,8.94,False,254,26
3794,532779,2025-06-23 01:46:31,2,false_positive_cleared,23.58,2199.78,False,5082,331
3791,532873,2025-06-23 04:08:53,2,false_positive_cleared,12.67,2167.88,False,5082,613
3792,532894,2025-06-23 04:43:29,2,false_positive_cleared,7.01,8896.32,False,577,649
3796,533170,2025-06-23 11:31:38,2,false_positive_cleared,6.77,2537.44,False,1231,779
3795,533252,2025-06-23 13:01:12,2,false_positive_cleared,9.57,3784.71,False,832,603
3798,533263,2025-06-23 13:17:35,2,false_positive_cleared,2.4,4186.31,False,2285,274
3797,533307,2025-06-23 14:14:22,2,false_positive_cleared,20.2,2027.06,False,4361,56
3789,533334,2025-06-23 14:43:22,3,false_positive_cleared,9.36,3952.49,False,2422,393
3790,533435,2025-06-23 16:45:03,3,false_positive_cleared,4.56,3483.39,False,2200,551
3799,533598,2025-06-23 20:29:40,2,false_positive_cleared,6.15,5428.18,False,2285,526
3800,533614,2025-06-23 20:51:28,2,false_positive_cleared,4.11,32.0,False,163,622
3801,533620,2025-06-23 20:59:46,2,false_positive_cleared,5.83,2655.11,False,683,254
3802,533691,2025-06-23 22:26:08,2,false_positive_cleared,20.15,1434.15,False,1142,146
3803,534380,2025-06-24 16:17:02,3,false_positive_cleared,3.77,2509.67,False,591,376
3804,534445,2025-06-24 17:50:37,2,false_positive_cleared,3.1,290.82,False,534,321
3805,534446,2025-06-24 17:58:23,2,false_positive_cleared,8.78,47.01,False,616,556
3806,534685,2025-06-24 23:27:43,2,false_positive_cleared,8.25,1767.11,False,4212,302
3807,534705,2025-06-24 23:59:06,2,false_positive_cleared,4.47,1820.69,False,2668,757
3808,534720,2025-06-25 00:15:26,2,false_positive_cleared,0.72,1433.1,False,4751,188
3812,534737,2025-06-25 00:31:44,0,false_positive_cleared,7.15,18.94,False,4719,11
3811,535044,2025-06-25 07:50:56,0,false_positive_cleared,12.51,211.05,False,4156,695
3810,535202,2025-06-25 12:05:01,2,false_positive_cleared,17.07,1089.47,False,5875,174
3809,535606,2025-06-25 22:36:21,2,confirmed_fraud,28.54,1873.56,False,4909,130
3827,535691,2025-06-26 00:29:11,0,false_positive_cleared,17.39,23.14,False,2822,286
3815,535697,2025-06-26 00:41:59,2,false_positive_cleared,27.97,1092.49,False,454,71
3814,535863,2025-06-26 04:45:46,2,false_positive_cleared,39.71,1669.78,False,1465,575
3819,535914,2025-06-26 05:58:57,2,confirmed_fraud,21.44,176.96,False,5995,589
3817,536125,2025-06-26 11:23:42,2,false_positive_cleared,10.99,1877.32,False,865,293
3816,536127,2025-06-26 11:25:26,2,false_positive_cleared,14.21,51.36,False,5811,36
3818,536155,2025-06-26 12:15:36,2,false_positive_cleared,17.19,423.45,False,461,470
3821,536199,2025-06-26 13:22:33,2,false_positive_cleared,4.24,1657.11,False,1695,436
3813,536235,2025-06-26 13:59:47,3,false_positive_cleared,17.08,85.22,False,5602,518
3822,536256,2025-06-26 14:16:28,2,confirmed_fraud,3.4,1805.0,True,1904,527
3823,536295,2025-06-26 15:19:33,2,false_positive_cleared,8.41,1654.19,False,1592,408
3820,536337,2025-06-26 16:32:52,2,false_positive_cleared,7.39,3302.54,False,3415,788
3825,536375,2025-06-26 17:48:24,2,false_positive_cleared,6.65,884.5,False,5959,419
3824,536400,2025-06-26 18:22:06,2,false_positive_cleared,21.37,273.38,False,2544,763
3826,536581,2025-06-26 23:00:36,2,confirmed_fraud,14.84,264.8,True,580,419
3829,536676,2025-06-27 01:53:40,2,false_positive_cleared,22.64,3435.26,False,4751,121
3828,536724,2025-06-27 03:12:07,3,confirmed_fraud,27.67,1303.17,True,5288,152
3830,536822,2025-06-27 05:49:55,2,false_positive_cleared,8.04,1968.26,False,3967,455
3831,536827,2025-06-27 06:01:43,2,false_positive_cleared,20.2,2026.97,False,4263,544
3832,537086,2025-06-27 12:13:19,2,false_positive_cleared,3.41,991.01,False,3015,560
3833,537386,2025-06-27 18:45:25,2,false_positive_cleared,5.68,3925.58,False,5357,29
3835,537741,2025-06-28 03:41:44,2,false_negative_cleared,13.27,8736.32,True,5634,350
3834,537876,2025-06-28 06:57:07,3,false_positive_cleared,17.74,3051.08,False,354,45
3836,537885,2025-06-28 07:25:53,2,false_positive_cleared,10.35,4867.23,False,5438,75
3837,537929,2025-06-28 08:29:09,2,false_positive_cleared,16.35,6036.02,False,1836,566
3838,538019,2025-06-28 10:41:06,2,confirmed_fraud,4.05,1652.5,True,4016,213
3839,538038,2025-06-28 11:11:39,2,confirmed_fraud,7.32,575.56,False,179,371
3840,538426,2025-06-28 20:50:53,2,false_positive_cleared,5.54,2770.97,False,5702,781
3841,538515,2025-06-28 22:39:48,0,false_positive_cleared,10.61,71.16,False,3951,637
3842,538685,2025-06-29 02:49:49,2,false_positive_cleared,14.2,5980.8,False,4063,668
3843,538691,2025-06-29 02:54:19,2,false_positive_cleared,1.5,4722.66,False,409,125
3844,538784,2025-06-29 05:34:15,2,false_positive_cleared,6.88,637.6,False,5350,257
3845,538794,2025-06-29 05:52:01,2,false_positive_cleared,12.77,27.72,False,635,104
3846,538842,2025-06-29 06:52:42,2,false_positive_cleared,5.92,3474.4,False,4294,571
3854,538941,2025-06-29 09:01:18,0,false_positive_cleared,14.0,1452.55,False,4346,70
3847,538945,2025-06-29 09:06:56,2,false_positive_cleared,1.89,1598.21,False,4294,557
3848,538984,2025-06-29 09:59:58,2,false_positive_cleared,23.08,2057.27,False,4740,36
3849,539264,2025-06-29 16:52:00,2,false_positive_cleared,1.2,44.11,False,5724,520
3850,539323,2025-06-29 18:02:41,2,false_positive_cleared,12.14,3900.49,False,4212,617
3852,539352,2025-06-29 18:47:45,2,false_positive_cleared,7.95,375.02,False,4518,186
3851,539355,2025-06-29 18:54:20,2,false_positive_cleared,4.56,839.34,False,2709,377
3853,539363,2025-06-29 19:00:32,2,false_positive_cleared,14.14,2209.22,False,4739,329
3856,539580,2025-06-30 00:14:24,2,false_positive_cleared,9.62,279.32,False,5554,447
3857,539776,2025-06-30 05:17:48,2,false_positive_cleared,6.54,701.32,False,1113,547
3858,539881,2025-06-30 07:56:14,2,false_positive_cleared,7.35,1811.69,False,4041,213
3860,540049,2025-06-30 11:51:52,2,false_positive_cleared,9.55,3352.08,False,1685,454
3859,540139,2025-06-30 14:41:44,2,confirmed_fraud,17.51,6479.85,True,2591,522
3861,540193,2025-06-30 16:04:12,2,false_positive_cleared,3.36,83.83,False,1833,409
3862,540286,2025-06-30 18:33:54,2,false_positive_cleared,3.15,2540.92,False,1303,277
3855,540477,2025-06-30 23:03:28,3,false_positive_cleared,18.67,169.45,False,2682,511
3863,540507,2025-06-30 23:40:41,2,false_positive_cleared,11.23,122.83,False,2061,283
3864,540524,2025-06-30 23:59:02,2,false_positive_cleared,30.92,42.26,False,1256,595
3865,540635,2025-07-01 02:54:07,2,false_positive_cleared,15.06,3367.01,False,2792,223
3866,540722,2025-07-01 04:42:41,2,false_positive_cleared,4.66,19.35,False,4910,163
3875,540742,2025-07-01 05:26:30,0,false_positive_cleared,13.52,1366.04,False,5164,654
3867,540958,2025-07-01 10:01:25,2,false_positive_cleared,17.68,1616.03,False,4402,466
3868,541005,2025-07-01 11:09:53,2,false_positive_cleared,22.18,11315.26,False,1292,327
3870,541036,2025-07-01 11:52:21,2,false_positive_cleared,8.63,7728.99,False,3174,155
3871,541111,2025-07-01 13:53:59,2,false_positive_cleared,1.93,109.15,False,852,705
3876,541132,2025-07-01 14:26:03,0,false_positive_cleared,11.21,379.33,False,3458,644
3872,541177,2025-07-01 15:38:14,2,false_positive_cleared,28.87,29.72,False,4134,572
3874,541227,2025-07-01 16:39:16,2,false_positive_cleared,13.72,247.59,False,5859,552
3869,541403,2025-07-01 21:09:52,2,false_positive_cleared,1.88,58.51,False,3158,761
3873,541466,2025-07-01 22:37:26,2,false_positive_cleared,8.39,14138.73,False,5357,800
3877,541561,2025-07-02 01:02:39,2,confirmed_fraud,10.75,2050.07,False,5825,449
3878,541596,2025-07-02 02:00:14,2,false_positive_cleared,16.15,3889.18,False,2666,291
3879,541774,2025-07-02 06:22:08,2,false_positive_cleared,20.36,192.29,False,4420,754
3880,541780,2025-07-02 06:34:18,2,false_positive_cleared,11.72,106.37,False,5832,584
3881,541789,2025-07-02 06:55:18,2,false_positive_cleared,17.11,2283.95,False,5619,81
3885,541902,2025-07-02 09:17:24,0,false_positive_cleared,27.57,1575.23,False,480,682
3886,541954,2025-07-02 10:46:05,0,false_positive_cleared,17.91,107.36,False,4360,143
3882,541998,2025-07-02 11:35:37,2,false_negative_cleared,4.98,2115.03,True,2364,18
3884,542155,2025-07-02 15:18:43,2,false_positive_cleared,15.98,15.33,False,1855,23
3883,542287,2025-07-02 18:23:40,2,false_positive_cleared,5.27,6109.8,False,5404,209
3887,542585,2025-07-03 01:19:18,2,false_positive_cleared,3.51,1772.77,False,2528,240
3888,542930,2025-07-03 09:24:00,2,false_positive_cleared,6.96,1600.95,False,1240,477
3889,543063,2025-07-03 12:46:14,2,false_positive_cleared,3.0,11821.53,False,1363,578
3890,543139,2025-07-03 14:29:13,2,false_positive_cleared,21.75,94.92,False,1139,70
3891,543162,2025-07-03 14:52:05,2,false_positive_cleared,17.63,2834.03,False,2440,278
3896,543170,2025-07-03 15:14:36,0,false_positive_cleared,9.56,156.11,False,679,662
3895,543203,2025-07-03 15:55:09,1,false_positive_cleared,2.71,112.63,False,5241,219
3893,543247,2025-07-03 16:57:54,2,false_positive_cleared,2.53,3093.4,False,2121,386
3892,543404,2025-07-03 21:15:43,2,false_positive_cleared,37.18,3044.82,False,1262,58
3894,543433,2025-07-03 22:01:26,2,false_positive_cleared,10.06,3142.69,False,498,540
3897,543486,2025-07-03 23:16:50,0,false_positive_cleared,10.36,19.1,False,3653,574
3898,543748,2025-07-04 05:39:04,2,false_positive_cleared,6.3,6517.77,False,1850,154
3899,543896,2025-07-04 09:26:27,2,false_positive_cleared,12.08,220.45,False,4878,224
3900,543934,2025-07-04 10:18:47,2,false_positive_cleared,13.17,51.43,False,5674,113
3901,544134,2025-07-04 15:45:38,2,false_positive_cleared,13.64,19.04,False,2235,470
3902,544267,2025-07-04 19:21:21,0,false_positive_cleared,10.7,101.88,False,3865,414
3905,544496,2025-07-05 01:28:26,2,false_positive_cleared,9.15,36.62,False,208,791
3904,544509,2025-07-05 01:42:11,2,false_positive_cleared,25.43,28.8,False,1189,101
3906,544630,2025-07-05 04:17:05,2,false_positive_cleared,4.45,30.02,False,4901,469
3907,544677,2025-07-05 05:13:13,2,false_positive_cleared,2.48,3225.9,False,2207,124
3908,544778,2025-07-05 07:59:30,2,false_positive_cleared,3.28,3921.63,False,5534,543
3903,544801,2025-07-05 08:30:56,3,false_negative_cleared,19.96,1131.74,True,5536,332
3909,544847,2025-07-05 09:17:58,2,false_positive_cleared,10.9,594.62,False,2628,382
3910,544912,2025-07-05 10:56:02,2,false_positive_cleared,21.18,751.2,False,5602,674
3911,544954,2025-07-05 11:50:41,2,false_positive_cleared,1.23,2805.81,False,1303,573
3912,545115,2025-07-05 15:43:05,2,false_positive_cleared,13.54,36.98,False,1343,228
3913,545422,2025-07-05 22:55:56,2,false_positive_cleared,5.38,2110.69,False,4750,51
3916,545606,2025-07-06 02:58:48,2,false_negative_cleared,18.9,887.05,True,4342,56
3918,545642,2025-07-06 03:44:31,2,false_positive_cleared,7.47,3539.9,False,4889,764
3917,545660,2025-07-06 04:04:42,2,false_positive_cleared,14.65,3910.76,False,531,48
3920,545673,2025-07-06 04:19:29,2,false_positive_cleared,1.4,86.4,False,5512,702
3914,545823,2025-07-06 07:45:01,3,false_positive_cleared,4.45,177.51,False,949,784
3919,546046,2025-07-06 12:57:28,2,false_positive_cleared,15.53,1724.73,False,957,165
3921,546247,2025-07-06 17:38:16,2,false_positive_cleared,1.86,2055.36,False,3464,286
3922,546252,2025-07-06 17:48:58,2,false_positive_cleared,6.65,257.45,False,1881,675
3915,546255,2025-07-06 17:53:08,3,confirmed_fraud,4.08,2685.4,False,1014,115
3923,546289,2025-07-06 18:40:57,2,false_positive_cleared,14.73,2120.57,False,692,103
3924,546484,2025-07-06 23:37:46,2,false_positive_cleared,22.44,2198.09,False,1705,558
3934,546556,2025-07-07 01:27:39,0,false_positive_cleared,1.04,138.21,False,4166,202
3925,546585,2025-07-07 02:21:13,2,false_positive_cleared,11.32,3157.77,False,4161,169
3926,546642,2025-07-07 03:35:47,2,false_positive_cleared,11.3,205.07,False,5165,763
3927,546675,2025-07-07 04:24:33,2,false_positive_cleared,22.96,12825.3,False,5411,580
3935,546697,2025-07-07 05:05:26,0,false_positive_cleared,12.56,64.13,False,2516,525
3929,546837,2025-07-07 08:11:46,2,false_positive_cleared,18.6,7963.42,False,5692,449
3930,546882,2025-07-07 09:19:52,2,false_positive_cleared,28.85,14709.66,False,76,494
3931,547029,2025-07-07 12:54:39,2,false_positive_cleared,4.61,23.09,False,2546,284
3933,547064,2025-07-07 13:32:02,2,false_positive_cleared,16.47,4463.95,False,666,248
3928,547334,2025-07-07 20:13:15,2,false_positive_cleared,5.51,54.99,False,1545,419
3932,547341,2025-07-07 20:22:17,2,false_positive_cleared,8.46,234.57,False,587,466
3936,547608,2025-07-08 02:47:26,2,false_positive_cleared,9.1,7.52,False,2930,269
3937,547658,2025-07-08 03:52:35,2,confirmed_fraud,26.32,2258.15,False,4944,245
3938,547891,2025-07-08 09:36:23,2,false_positive_cleared,19.92,7771.2,False,5004,620
3939,548042,2025-07-08 13:07:34,2,false_positive_cleared,2.11,3904.45,False,3312,407
3940,548241,2025-07-08 18:15:25,2,false_positive_cleared,11.98,4837.33,False,1014,310
3941,548245,2025-07-08 18:19:20,2,false_positive_cleared,41.75,3256.12,False,5211,324
3942,548246,2025-07-08 18:19:57,2,false_positive_cleared,5.45,2004.01,False,1938,203
3943,548272,2025-07-08 18:46:27,2,false_positive_cleared,8.66,2165.79,False,3354,5
3944,548309,2025-07-08 19:33:51,2,false_positive_cleared,13.74,6458.93,False,3731,18
3945,548755,2025-07-09 05:59:20,2,confirmed_fraud,5.78,78.99,False,5593,258
3946,549280,2025-07-09 19:47:50,2,false_positive_cleared,2.59,11200.35,False,448,470
3947,549331,2025-07-09 20:53:49,2,false_positive_cleared,9.96,3812.59,False,5568,173
3948,549423,2025-07-09 23:17:18,2,false_positive_cleared,2.25,2148.05,False,3140,423
3949,549483,2025-07-10 00:45:41,2,false_positive_cleared,12.43,1658.41,False,38,697
3950,549554,2025-07-10 02:24:42,2,false_positive_cleared,13.87,298.64,False,3320,589
3951,549603,2025-07-10 03:43:17,2,false_positive_cleared,16.46,89.63,False,2497,175
3952,549653,2025-07-10 04:30:59,2,false_positive_cleared,3.34,9439.16,False,2567,68
3953,549845,2025-07-10 09:48:24,2,false_positive_cleared,5.19,250.55,False,2950,285
3954,549862,2025-07-10 10:04:28,2,false_positive_cleared,23.07,1950.27,False,918,4
3955,549937,2025-07-10 12:00:13,2,false_positive_cleared,2.91,209.45,False,3700,167
3956,550019,2025-07-10 14:44:51,2,false_positive_cleared,6.56,3881.73,False,1529,178
3957,550041,2025-07-10 15:19:20,2,false_positive_cleared,3.4,2121.06,False,1696,677
3959,550189,2025-07-10 19:12:58,0,false_positive_cleared,4.11,6.85,False,1828,740
3958,550370,2025-07-10 23:41:44,2,false_positive_cleared,15.55,398.21,False,5625,204
3965,550400,2025-07-11 00:19:48,0,false_positive_cleared,14.67,88.21,False,1851,507
3960,550440,2025-07-11 01:15:48,2,confirmed_fraud,6.06,4474.28,True,406,85
3961,550728,2025-07-11 08:27:50,2,false_positive_cleared,8.69,7274.58,False,2120,733
3963,550744,2025-07-11 08:50:39,2,false_positive_cleared,5.3,1666.87,False,4037,773
3962,551044,2025-07-11 16:31:01,2,confirmed_fraud,10.05,1636.72,True,2974,558
3964,551170,2025-07-11 19:45:32,2,false_positive_cleared,7.57,4869.22,False,1784,737
3966,551839,2025-07-12 10:34:13,2,false_positive_cleared,23.61,588.87,False,1107,193
3967,551945,2025-07-12 13:05:03,2,false_positive_cleared,7.9,7157.72,False,1145,709
3968,552003,2025-07-12 14:52:18,2,false_positive_cleared,4.58,116.64,False,2991,529
3970,552031,2025-07-12 15:20:28,0,false_positive_cleared,6.87,10.95,False,2290,415
3969,552279,2025-07-12 21:27:48,2,false_positive_cleared,4.4,17.56,False,5302,88
3972,552481,2025-07-13 02:13:33,2,false_positive_cleared,6.13,24.84,False,4709,286
3976,552639,2025-07-13 05:47:06,2,false_positive_cleared,22.89,163.07,False,2956,239
3973,552651,2025-07-13 06:07:22,2,false_positive_cleared,8.02,3086.42,False,151,658
3974,552880,2025-07-13 11:59:37,2,false_positive_cleared,12.72,3078.47,False,2726,565
3975,552959,2025-07-13 13:45:00,2,false_positive_cleared,8.44,4183.62,False,4402,272
3983,553018,2025-07-13 15:14:07,0,false_positive_cleared,15.19,38.51,False,1439,793
3978,553033,2025-07-13 15:39:26,2,false_positive_cleared,1.98,4910.27,False,2619,678
3980,553130,2025-07-13 17:55:03,2,false_positive_cleared,15.25,247.16,False,4737,346
3979,553250,2025-07-13 20:32:02,2,false_positive_cleared,5.91,3481.97,False,2500,543
3977,553262,2025-07-13 20:48:34,2,false_positive_cleared,8.52,3009.45,False,1676,351
3984,553289,2025-07-13 21:38:52,0,false_positive_cleared,5.37,120.13,False,5486,19
3982,553317,2025-07-13 22:15:19,2,confirmed_fraud,6.29,2104.46,True,1831,450
3971,553340,2025-07-13 22:44:50,3,false_positive_cleared,21.89,2525.22,False,1303,117
3981,553351,2025-07-13 23:02:25,2,false_positive_cleared,7.5,6156.95,False,5716,683
3998,553480,2025-07-14 01:57:37,1,false_positive_cleared,39.67,63.47,False,3473,511
3985,553517,2025-07-14 02:57:57,3,false_positive_cleared,7.2,1656.19,False,1547,633
3986,553574,2025-07-14 04:25:36,2,false_positive_cleared,14.36,1800.43,False,3912,534
3988,553603,2025-07-14 05:03:09,2,false_positive_cleared,7.8,4501.31,False,3038,154
3987,553621,2025-07-14 05:22:39,2,false_positive_cleared,19.47,475.34,False,4112,537
3989,553697,2025-07-14 07:24:01,2,false_positive_cleared,7.03,2742.76,False,1318,163
3990,553719,2025-07-14 07:43:49,2,false_positive_cleared,14.02,2363.75,False,3538,666
3992,553731,2025-07-14 08:00:11,2,false_positive_cleared,7.57,6269.03,False,2658,748
3993,553848,2025-07-14 10:52:17,2,false_positive_cleared,24.35,58.43,False,549,502
3994,553991,2025-07-14 14:12:09,2,false_positive_cleared,11.99,63.49,False,2074,706
3991,554060,2025-07-14 15:58:41,2,false_positive_cleared,13.62,10.62,False,5931,694
3996,554235,2025-07-14 20:25:49,2,false_positive_cleared,14.06,738.93,False,501,436
3995,554282,2025-07-14 21:53:53,2,confirmed_fraud,20.11,801.65,True,1789,339
3997,554373,2025-07-14 23:50:47,2,false_positive_cleared,9.15,772.18,False,4484,28
3999,554425,2025-07-15 01:38:34,2,false_positive_cleared,19.56,10.5,False,4733,83
4000,554537,2025-07-15 04:38:02,2,false_positive_cleared,7.05,1743.76,False,4889,485
4001,554569,2025-07-15 05:28:23,2,false_positive_cleared,6.72,1710.74,False,2144,789
4002,554586,2025-07-15 05:44:48,2,false_positive_cleared,20.46,3976.74,False,2571,83
4003,554608,2025-07-15 06:10:27,2,false_positive_cleared,11.05,5808.36,False,151,207
4004,554723,2025-07-15 09:05:16,2,false_positive_cleared,18.26,3523.1,False,5291,110
4005,554850,2025-07-15 11:37:03,2,false_positive_cleared,7.47,351.75,False,2945,778
4006,554934,2025-07-15 13:34:10,2,false_positive_cleared,6.33,1728.08,False,2714,25
4007,554983,2025-07-15 14:58:35,2,false_positive_cleared,16.28,74.77,False,1239,496
4009,555369,2025-07-16 00:25:49,2,false_positive_cleared,1.66,525.03,False,2451,664
4010,555395,2025-07-16 00:58:23,2,false_positive_cleared,31.22,2082.07,False,1665,525
4011,555526,2025-07-16 04:02:07,2,false_positive_cleared,10.14,2692.79,False,5245,152
4012,555563,2025-07-16 05:05:46,2,false_positive_cleared,4.87,7665.78,False,5033,469
4008,555666,2025-07-16 07:43:36,3,false_positive_cleared,14.81,4036.83,False,4493,14
4013,555723,2025-07-16 08:58:57,2,false_positive_cleared,16.06,39.36,False,1578,61
4014,555998,2025-07-16 16:17:55,2,false_positive_cleared,4.39,1815.61,False,4928,352
4015,556056,2025-07-16 17:28:23,2,false_positive_cleared,29.12,622.63,False,4909,470
4016,556077,2025-07-16 18:02:35,2,false_positive_cleared,14.56,96.1,False,1475,697
4017,556520,2025-07-17 04:21:48,2,false_positive_cleared,12.44,3593.91,False,5020,606
4018,556541,2025-07-17 04:47:04,2,false_positive_cleared,9.46,7.25,False,4624,73
4019,556568,2025-07-17 05:25:40,2,false_positive_cleared,15.33,634.13,False,3239,414
4020,556598,2025-07-17 06:04:57,2,false_positive_cleared,0.99,1979.89,False,55,31
4021,556612,2025-07-17 06:25:49,2,false_positive_cleared,4.59,1633.2,False,5661,235
4022,556743,2025-07-17 09:48:45,2,false_positive_cleared,7.63,2025.54,False,5425,382
4023,556825,2025-07-17 11:35:12,2,false_positive_cleared,6.91,2753.94,False,55,166
4024,556828,2025-07-17 11:49:30,2,false_positive_cleared,11.11,2458.94,False,5698,203
4025,556989,2025-07-17 15:36:12,2,false_positive_cleared,10.76,2259.67,False,702,278
4026,557007,2025-07-17 15:58:45,2,false_positive_cleared,8.45,403.56,False,4613,340
4027,557017,2025-07-17 16:12:27,2,false_positive_cleared,8.69,2348.97,False,4685,81
4028,557037,2025-07-17 16:41:00,2,false_positive_cleared,20.24,23.9,False,5177,757
4029,557058,2025-07-17 17:06:05,2,false_positive_cleared,1.08,178.78,False,1458,318
4030,557074,2025-07-17 17:19:01,2,false_positive_cleared,7.38,1719.52,False,3427,729
4031,557112,2025-07-17 18:22:56,2,confirmed_fraud,8.53,1608.56,False,1303,776
4032,557123,2025-07-17 18:38:53,2,false_positive_cleared,4.51,14093.55,False,4161,71
4033,557181,2025-07-17 19:59:47,2,false_positive_cleared,2.68,2667.89,False,2095,362
4035,557369,2025-07-18 00:21:36,2,false_positive_cleared,15.85,216.04,False,3847,723
4034,557387,2025-07-18 00:53:17,3,false_positive_cleared,37.03,2899.88,False,1676,229
4036,557409,2025-07-18 01:18:59,2,false_positive_cleared,4.82,1254.53,False,4508,504
4037,557440,2025-07-18 02:02:53,2,false_positive_cleared,14.97,612.31,False,2016,466
4038,557495,2025-07-18 03:51:36,2,false_positive_cleared,0.45,88.1,False,5243,87
4039,557520,2025-07-18 04:23:29,2,false_positive_cleared,9.73,58.61,False,5616,262
4040,557646,2025-07-18 07:27:17,2,false_positive_cleared,5.59,317.77,False,553,173
4041,557677,2025-07-18 08:02:05,2,false_positive_cleared,15.5,1873.08,False,362,464
4042,557752,2025-07-18 10:11:10,2,false_positive_cleared,21.71,400.51,False,3433,343
4043,557834,2025-07-18 12:03:25,2,false_positive_cleared,28.74,54.77,False,5439,184
4044,557903,2025-07-18 14:05:04,2,confirmed_fraud,5.54,322.35,True,4492,139
4045,557922,2025-07-18 14:27:02,2,false_positive_cleared,21.81,54.39,False,4134,415
4046,557979,2025-07-18 15:45:11,2,false_positive_cleared,40.79,6046.15,False,5808,541
4047,557993,2025-07-18 16:10:06,2,confirmed_fraud,8.91,2167.33,False,4444,570
4048,558012,2025-07-18 16:38:37,2,false_positive_cleared,14.04,454.01,False,1039,234
4049,558147,2025-07-18 19:43:43,2,false_positive_cleared,7.4,149.39,False,4472,525
4050,558156,2025-07-18 19:56:17,2,false_positive_cleared,9.32,42.19,False,1216,156
4051,558195,2025-07-18 20:45:23,2,false_positive_cleared,15.43,19676.16,False,2596,273
4052,558209,2025-07-18 21:05:18,2,false_positive_cleared,2.28,2209.54,False,4484,498
4053,558286,2025-07-18 22:52:22,2,false_positive_cleared,4.5,2397.87,False,5270,179
4054,558288,2025-07-18 22:54:27,2,false_positive_cleared,12.08,2382.47,False,1580,767
4063,558354,2025-07-19 00:17:32,0,false_positive_cleared,16.9,41.15,False,4528,745
4055,558357,2025-07-19 00:28:36,2,false_positive_cleared,15.43,6183.56,False,5367,680
4064,558363,2025-07-19 00:39:26,0,false_positive_cleared,6.47,84.93,False,1481,450
4056,558686,2025-07-19 08:36:53,2,false_positive_cleared,12.8,8753.47,False,3915,567
4058,558803,2025-07-19 11:35:37,2,false_positive_cleared,24.57,2095.0,False,2583,796
4059,559076,2025-07-19 18:19:04,2,false_positive_cleared,13.53,8766.45,False,2567,494
4060,559108,2025-07-19 19:04:29,2,false_positive_cleared,10.76,3251.85,False,3334,487
4062,559246,2025-07-19 22:17:59,2,false_positive_cleared,16.26,4070.57,False,984,770
4057,559261,2025-07-19 22:37:44,2,false_positive_cleared,2.85,2339.54,False,1217,237
4061,559276,2025-07-19 22:56:22,2,false_positive_cleared,1.08,41.1,False,1486,724
4065,559352,2025-07-20 00:36:33,2,false_positive_cleared,9.96,48.63,False,1664,348
4066,559370,2025-07-20 01:07:46,2,false_positive_cleared,5.05,1608.78,False,3646,195
4067,559502,2025-07-20 04:46:43,2,false_positive_cleared,19.99,90.48,False,2564,589
4068,559576,2025-07-20 06:09:33,2,false_positive_cleared,2.16,3663.07,False,3187,152
4069,559738,2025-07-20 09:42:00,2,false_positive_cleared,8.56,27.45,False,792,385
4070,559790,2025-07-20 11:03:18,2,false_positive_cleared,1.92,1783.94,False,3931,738
4071,559924,2025-07-20 14:21:05,2,false_positive_cleared,3.78,259.43,False,5204,34
4072,560146,2025-07-20 19:38:59,2,false_positive_cleared,22.84,4310.46,False,2662,35
4073,560234,2025-07-20 21:35:00,2,false_positive_cleared,4.42,1664.29,False,3910,629
4074,560289,2025-07-20 23:11:02,2,false_positive_cleared,1.44,2983.55,False,4525,682
4075,560508,2025-07-21 04:20:31,2,false_positive_cleared,7.34,4619.22,False,4998,209
4076,560631,2025-07-21 06:59:43,2,false_positive_cleared,3.49,855.89,False,2455,41
4077,560645,2025-07-21 07:32:05,2,false_positive_cleared,14.44,88.47,False,1338,12
4078,560680,2025-07-21 08:26:43,2,false_positive_cleared,18.78,2887.71,False,4739,710
4079,560726,2025-07-21 09:28:01,2,confirmed_fraud,9.67,32.07,False,509,246
4080,560749,2025-07-21 10:01:25,2,false_positive_cleared,10.06,1878.57,False,3371,351
4081,560829,2025-07-21 12:18:21,2,false_positive_cleared,1.52,2343.73,False,4837,45
4082,560850,2025-07-21 12:45:13,2,false_positive_cleared,2.6,3582.07,False,2119,225
4083,560990,2025-07-21 16:09:05,2,false_positive_cleared,8.88,2128.73,False,4501,698
4084,561125,2025-07-21 19:22:07,2,confirmed_fraud,5.76,1694.2,False,1795,604
4085,561126,2025-07-21 19:26:14,2,false_positive_cleared,11.69,13116.19,False,4161,500
4087,561393,2025-07-22 01:12:29,2,confirmed_fraud,28.44,416.92,True,5139,261
4086,561532,2025-07-22 04:43:50,3,false_positive_cleared,34.51,14336.97,False,2666,125
4088,561983,2025-07-22 15:45:58,2,confirmed_fraud,6.23,537.26,False,807,541
4089,561994,2025-07-22 16:10:35,2,false_positive_cleared,29.89,4776.58,False,5746,374
4090,562003,2025-07-22 16:25:43,2,false_positive_cleared,4.9,25654.97,False,4780,394
4091,562042,2025-07-22 17:25:48,2,false_positive_cleared,12.64,694.98,False,3110,640
4092,562243,2025-07-22 21:56:06,2,false_positive_cleared,25.71,3088.22,False,3775,396
4093,562263,2025-07-22 22:35:33,0,false_positive_cleared,29.48,202.78,False,609,425
4094,562325,2025-07-23 00:11:40,2,false_positive_cleared,22.5,81.44,False,5771,781
4095,562344,2025-07-23 00:40:52,2,false_positive_cleared,27.06,92.25,False,5962,125
4096,562498,2025-07-23 04:32:38,2,false_positive_cleared,2.62,2069.21,False,3626,540
4097,562533,2025-07-23 05:28:31,2,false_positive_cleared,8.87,3151.62,False,4909,477
4098,562559,2025-07-23 06:15:41,2,false_positive_cleared,14.77,166.42,False,4338,718
4099,562718,2025-07-23 09:51:20,2,false_positive_cleared,10.11,1751.59,False,3242,295
4100,562766,2025-07-23 11:11:01,2,false_positive_cleared,16.65,3083.28,False,3978,240
4101,562889,2025-07-23 14:22:28,2,false_positive_cleared,11.94,4456.98,False,5130,768
4102,562914,2025-07-23 14:58:03,2,false_positive_cleared,12.31,17.55,False,3816,141
4103,562965,2025-07-23 16:18:22,2,false_positive_cleared,9.44,2512.04,False,5257,161
4104,563008,2025-07-23 17:09:56,2,false_positive_cleared,5.76,2319.26,False,3057,34
4105,563148,2025-07-23 21:02:35,2,false_positive_cleared,28.13,57.21,False,2599,551
4106,563221,2025-07-23 22:54:30,2,false_positive_cleared,16.98,2222.84,False,3831,254
4107,563541,2025-07-24 06:55:47,2,false_positive_cleared,15.97,2235.54,False,1985,16
4108,563568,2025-07-24 07:27:03,2,false_positive_cleared,10.78,25665.82,False,756,280
4109,563623,2025-07-24 08:38:48,2,false_positive_cleared,6.58,2261.04,False,51,726
4110,563649,2025-07-24 09:16:11,2,false_positive_cleared,13.43,2298.95,False,4608,651
4111,563827,2025-07-24 13:23:24,2,false_positive_cleared,22.3,66.4,False,2673,703
4112,563930,2025-07-24 15:56:25,2,false_positive_cleared,10.54,118.09,False,764,397
4113,563966,2025-07-24 16:47:42,2,confirmed_fraud,5.88,6662.63,False,2211,308
4114,564083,2025-07-24 19:52:18,2,false_positive_cleared,8.12,1626.53,False,1794,361
4115,564219,2025-07-24 23:10:39,2,confirmed_fraud,10.14,1845.03,True,4502,740
4116,564306,2025-07-25 01:02:40,2,false_positive_cleared,12.88,229.53,False,5423,182
4117,564374,2025-07-25 02:43:11,2,confirmed_fraud,0.77,122.7,False,3664,583
4118,564405,2025-07-25 03:24:17,2,false_positive_cleared,6.34,2165.52,False,3673,632
4119,564457,2025-07-25 04:44:22,2,false_positive_cleared,4.62,1904.08,False,4355,720
4120,564537,2025-07-25 06:46:37,2,false_positive_cleared,30.33,76.53,False,1977,29
4121,564620,2025-07-25 09:07:57,2,false_positive_cleared,11.48,1707.05,False,5850,599
4122,564651,2025-07-25 09:51:37,2,false_positive_cleared,9.65,1715.53,False,2999,316
4123,564692,2025-07-25 10:48:07,2,false_positive_cleared,7.82,3242.14,False,2180,448
4124,564722,2025-07-25 11:44:50,2,false_positive_cleared,2.11,53.63,False,3605,742
4125,564845,2025-07-25 15:10:56,2,false_positive_cleared,12.57,1780.93,False,5250,119
4126,564933,2025-07-25 17:03:38,2,false_positive_cleared,11.37,2218.31,False,3116,318
4127,565084,2025-07-25 21:14:41,2,false_positive_cleared,6.18,2141.73,False,1506,118
4128,565122,2025-07-25 22:10:39,2,false_positive_cleared,4.78,125.64,False,817,335
4129,565152,2025-07-25 23:01:07,2,false_positive_cleared,18.33,83.11,False,2089,630
4130,565166,2025-07-25 23:16:25,2,false_positive_cleared,7.9,1630.6,False,2714,593
4131,565192,2025-07-25 23:52:38,2,false_positive_cleared,1.56,2299.39,False,3303,539
4132,565301,2025-07-26 02:45:40,2,false_positive_cleared,13.79,5230.66,False,3464,285
4133,565432,2025-07-26 05:55:22,2,false_positive_cleared,8.29,43.42,False,2825,273
4134,565470,2025-07-26 06:52:26,2,confirmed_fraud,20.91,1999.61,True,3705,337
4135,565531,2025-07-26 08:17:31,2,false_positive_cleared,10.0,1929.04,False,4169,507
4136,565690,2025-07-26 12:00:29,2,false_positive_cleared,6.81,2340.24,False,362,28
4137,565853,2025-07-26 15:48:21,0,false_positive_cleared,16.71,131.16,False,2420,604
4140,566263,2025-07-27 02:20:30,2,false_positive_cleared,10.13,2355.13,False,4968,796
4139,566344,2025-07-27 04:06:06,2,false_positive_cleared,7.83,2344.59,False,2406,498
4141,566372,2025-07-27 04:39:43,2,false_positive_cleared,6.48,2886.18,False,2689,201
4148,566377,2025-07-27 04:43:28,0,false_positive_cleared,18.56,5.05,False,4883,391
4142,566398,2025-07-27 05:08:31,2,false_positive_cleared,22.49,744.94,False,2891,332
4138,566544,2025-07-27 08:17:06,3,false_positive_cleared,8.84,2396.14,False,3437,536
4143,566575,2025-07-27 08:55:56,2,confirmed_fraud,13.55,1710.96,False,3383,393
4144,566888,2025-07-27 15:42:58,2,false_positive_cleared,10.0,43.9,False,955,647
4146,566901,2025-07-27 15:55:54,2,false_positive_cleared,7.71,64.15,False,2504,171
4145,566934,2025-07-27 16:40:50,2,false_positive_cleared,15.07,2566.15,False,4944,718
4147,567012,2025-07-27 18:52:40,2,false_positive_cleared,4.14,401.68,False,4291,636
4158,567351,2025-07-28 03:03:01,0,false_positive_cleared,8.17,310.06,False,2526,153
4150,567406,2025-07-28 04:15:26,2,false_positive_cleared,15.83,268.77,False,5643,533
4149,567450,2025-07-28 05:08:36,3,false_positive_cleared,1.73,2694.41,False,1224,684
4151,567452,2025-07-28 05:09:55,2,false_positive_cleared,13.49,214.83,False,1280,722
4153,567488,2025-07-28 06:02:45,2,false_positive_cleared,8.88,192.67,False,847,371
4159,567558,2025-07-28 07:31:21,0,false_positive_cleared,39.95,118.89,False,5305,783
4154,567637,2025-07-28 09:18:14,2,false_positive_cleared,19.92,8556.0,False,2470,308
4155,567756,2025-07-28 11:50:06,2,false_positive_cleared,4.21,3563.47,False,2928,96
4157,567859,2025-07-28 14:30:43,2,false_positive_cleared,2.41,3058.2,False,2586,566
4152,568140,2025-07-28 22:05:48,2,false_positive_cleared,8.74,1875.44,False,2642,506
4156,568191,2025-07-28 23:24:13,2,false_positive_cleared,8.05,96.16,False,1280,642
4160,568265,2025-07-29 01:11:50,2,false_positive_cleared,10.77,2649.94,False,3245,720
4161,568382,2025-07-29 03:40:23,2,false_positive_cleared,5.43,1940.62,False,4505,430
4162,568648,2025-07-29 10:19:47,2,false_positive_cleared,3.82,3939.67,False,5020,561
4163,568668,2025-07-29 10:46:43,2,false_positive_cleared,26.04,24.0,False,5987,6
4164,568769,2025-07-29 13:07:02,2,false_positive_cleared,7.1,1914.96,False,850,661
4165,568820,2025-07-29 14:26:28,2,false_positive_cleared,20.58,9926.22,False,4998,71
4166,569158,2025-07-29 22:21:16,2,false_positive_cleared,1.99,368.03,False,2405,329
4167,569191,2025-07-29 23:15:51,2,confirmed_fraud,10.5,2566.27,False,4685,57
4168,569297,2025-07-30 02:03:58,2,false_positive_cleared,17.0,2952.95,False,2714,456
4169,569441,2025-07-30 05:46:21,2,false_positive_cleared,19.12,4527.0,False,1980,327
4170,569573,2025-07-30 08:56:24,2,false_positive_cleared,1.69,6316.07,False,4227,624
4171,569634,2025-07-30 10:40:16,2,false_positive_cleared,3.97,3221.12,False,2119,282
4172,569642,2025-07-30 10:49:38,2,false_positive_cleared,6.51,29304.77,False,2675,70
4173,569923,2025-07-30 17:40:50,2,false_positive_cleared,10.45,13505.23,False,1105,458
4174,570065,2025-07-30 21:11:04,2,false_positive_cleared,8.24,1126.99,False,5404,799
4175,570122,2025-07-30 22:15:32,2,false_positive_cleared,22.92,2321.72,False,3910,314
4179,570223,2025-07-31 00:35:23,2,false_positive_cleared,1.16,20417.05,False,4358,47
4176,570277,2025-07-31 02:12:18,3,false_positive_cleared,9.62,2035.31,False,2095,691
4178,570359,2025-07-31 03:56:14,2,false_positive_cleared,20.85,6521.37,False,3464,464
4180,570431,2025-07-31 05:28:07,2,false_positive_cleared,11.8,1883.3,False,1794,559
4177,570545,2025-07-31 08:38:37,3,confirmed_fraud,8.5,3981.67,True,5883,295
4181,570866,2025-07-31 16:50:34,2,false_positive_cleared,1.45,8659.05,False,1303,332
4182,570871,2025-07-31 16:56:49,2,false_positive_cleared,15.71,115.86,False,1486,338
4183,570884,2025-07-31 17:10:55,2,false_positive_cleared,14.77,2297.44,False,3171,310
4184,570930,2025-07-31 18:16:48,2,false_positive_cleared,18.77,2960.58,False,3186,236
4185,570958,2025-07-31 18:56:29,2,false_positive_cleared,13.39,1634.68,False,3806,616
4186,570992,2025-07-31 19:52:46,2,false_positive_cleared,12.4,7365.89,False,1720,635
4187,571019,2025-07-31 20:37:57,2,false_positive_cleared,3.41,7266.23,False,5342,544
4188,571024,2025-07-31 20:43:45,2,false_positive_cleared,6.61,6019.98,False,1922,80
4189,571068,2025-07-31 21:57:10,2,false_positive_cleared,9.08,1934.36,False,2543,679
4190,571099,2025-07-31 22:38:29,2,false_positive_cleared,5.73,15.56,False,4960,291
4191,571104,2025-07-31 22:46:38,2,false_positive_cleared,6.27,74.15,False,1386,555
4192,571230,2025-08-01 02:06:29,2,false_positive_cleared,10.3,2637.99,False,2948,241
4193,571413,2025-08-01 05:58:25,2,false_positive_cleared,4.89,1915.29,False,3529,371
4194,571514,2025-08-01 08:09:06,2,false_positive_cleared,6.8,3187.42,False,3074,166
4195,571518,2025-08-01 08:22:02,2,false_positive_cleared,5.87,82.58,False,5590,370
4196,571615,2025-08-01 10:29:31,2,false_positive_cleared,11.37,76.23,False,4353,494
4197,571625,2025-08-01 10:40:41,2,false_positive_cleared,14.69,1305.67,False,1896,656
4198,571945,2025-08-01 18:54:10,2,false_positive_cleared,6.03,9968.29,False,4182,616
4199,572026,2025-08-01 20:34:53,2,false_positive_cleared,22.0,2284.83,False,4905,321
4200,572042,2025-08-01 20:53:50,2,confirmed_fraud,9.26,491.39,True,507,115
4201,572363,2025-08-02 04:40:52,2,false_positive_cleared,2.25,3770.4,False,1390,738
4202,572478,2025-08-02 07:11:36,2,false_positive_cleared,20.09,18.77,False,333,646
4209,572602,2025-08-02 10:12:25,0,false_positive_cleared,18.65,250.4,False,945,475
4203,572672,2025-08-02 11:57:20,2,false_positive_cleared,17.0,56.72,False,3664,246
4204,572703,2025-08-02 12:43:11,2,false_positive_cleared,24.92,2373.23,False,2391,392
4205,572921,2025-08-02 17:24:21,2,false_positive_cleared,14.7,63.11,False,3800,462
4207,572947,2025-08-02 17:42:51,2,false_positive_cleared,6.61,7314.23,False,4182,280
4206,573120,2025-08-02 22:18:01,2,false_positive_cleared,7.89,52.46,False,117,414
4208,573122,2025-08-02 22:21:12,2,false_positive_cleared,15.03,1838.77,False,2118,122
4210,573212,2025-08-03 00:36:18,2,false_positive_cleared,17.94,1989.5,False,6000,206
4211,573403,2025-08-03 06:16:12,2,false_positive_cleared,10.37,6881.4,False,4036,381
4212,573673,2025-08-03 12:28:43,2,false_positive_cleared,0.54,2560.49,False,94,89
4213,573788,2025-08-03 14:57:12,2,confirmed_fraud,9.73,2143.28,True,3922,185
4217,573869,2025-08-03 17:06:04,0,false_positive_cleared,11.68,1009.32,False,2961,341
4214,574039,2025-08-03 21:03:39,2,false_positive_cleared,16.37,2853.56,False,1882,580
4215,574070,2025-08-03 22:01:29,2,false_positive_cleared,12.16,8265.64,False,194,523
4216,574089,2025-08-03 22:35:22,2,false_positive_cleared,2.82,5581.05,False,1520,792
4218,574151,2025-08-04 00:15:56,2,false_positive_cleared,3.91,10187.95,False,1634,693
4219,574304,2025-08-04 03:48:56,2,false_positive_cleared,6.59,8.03,False,3867,394
4220,574378,2025-08-04 05:44:48,2,false_positive_cleared,2.66,2539.16,False,3317,11
4221,574429,2025-08-04 07:21:47,2,false_positive_cleared,16.32,20.02,False,3642,233
4222,574565,2025-08-04 11:01:30,2,false_positive_cleared,8.78,2599.44,False,4036,132
4223,574700,2025-08-04 14:17:27,2,false_positive_cleared,25.03,30.95,False,2447,369
4224,574705,2025-08-04 14:20:26,2,false_positive_cleared,5.9,91.04,False,5215,273
4225,574711,2025-08-04 14:34:01,2,false_positive_cleared,3.7,644.19,False,203,722
4226,574929,2025-08-04 20:11:13,2,false_positive_cleared,4.51,1937.61,False,5719,274
4227,575069,2025-08-04 23:36:53,2,false_positive_cleared,11.86,1854.62,False,3641,535
4237,575164,2025-08-05 01:43:57,1,false_positive_cleared,4.96,10316.83,False,479,309
4238,575204,2025-08-05 02:44:29,0,false_positive_cleared,11.3,171.01,False,3390,238
4232,575272,2025-08-05 04:25:28,2,false_positive_cleared,3.54,311.1,False,4339,40
4230,575279,2025-08-05 04:31:36,2,false_positive_cleared,24.32,659.0,False,3924,220
4229,575325,2025-08-05 05:58:22,2,false_positive_cleared,6.9,424.81,False,1150,370
4231,575600,2025-08-05 11:59:12,2,false_positive_cleared,15.91,6098.58,False,4493,122
4235,575722,2025-08-05 14:53:52,2,false_positive_cleared,8.59,4669.85,False,3678,654
4228,575931,2025-08-05 20:16:52,3,confirmed_fraud,8.01,5212.62,False,94,17
4239,575957,2025-08-05 20:56:12,0,false_positive_cleared,1.8,307.81,False,2197,596
4240,575979,2025-08-05 21:25:48,0,false_positive_cleared,15.24,306.92,False,2244,671
4236,576021,2025-08-05 22:20:30,2,false_positive_cleared,7.07,3475.54,False,2240,669
4234,576098,2025-08-05 23:42:12,2,false_positive_cleared,15.65,2051.81,False,5967,181
4233,576105,2025-08-05 23:56:41,2,false_positive_cleared,22.38,3573.25,False,1634,228
4241,576140,2025-08-06 00:53:06,2,false_positive_cleared,8.2,3698.08,False,4316,99
4242,576175,2025-08-06 01:36:58,2,false_positive_cleared,5.95,12075.49,False,5293,32
4243,576274,2025-08-06 04:13:55,2,false_positive_cleared,2.78,2024.58,False,1450,636
4244,576279,2025-08-06 04:21:37,2,confirmed_fraud,0.66,110.97,True,558,414
4245,576382,2025-08-06 06:41:04,2,false_positive_cleared,8.07,1666.78,False,3354,686
4246,576494,2025-08-06 09:24:13,2,false_positive_cleared,25.01,3445.71,False,1592,695
4247,576523,2025-08-06 10:01:40,2,false_positive_cleared,5.59,5215.08,False,380,265
4248,576628,2025-08-06 12:31:45,2,false_positive_cleared,7.71,1757.17,False,1784,31
4249,576644,2025-08-06 13:00:10,2,false_positive_cleared,5.55,2626.95,False,2799,328
4250,576678,2025-08-06 14:00:36,2,false_positive_cleared,32.83,2005.82,False,1224,692
4251,576908,2025-08-06 19:59:09,2,false_positive_cleared,11.61,964.96,False,4226,208
4252,576910,2025-08-06 20:00:11,2,false_positive_cleared,5.68,2960.21,False,2854,593
4253,576997,2025-08-06 22:26:56,2,false_positive_cleared,12.82,290.74,False,5003,606
4265,577136,2025-08-07 01:32:52,0,false_positive_cleared,26.73,530.7,False,4155,447
4254,577138,2025-08-07 01:34:40,2,false_positive_cleared,3.71,555.69,False,2937,508
4256,577287,2025-08-07 04:56:39,2,false_positive_cleared,6.6,1637.65,False,2015,322
4255,577318,2025-08-07 05:40:27,2,false_positive_cleared,4.46,171.43,False,3067,51
4257,577411,2025-08-07 08:03:29,2,false_positive_cleared,26.02,1760.61,False,5164,769
4258,577419,2025-08-07 08:21:02,2,false_positive_cleared,27.7,791.06,False,2628,795
4260,577565,2025-08-07 12:24:01,2,confirmed_fraud,3.38,5750.33,True,2473,267
4261,577582,2025-08-07 12:58:11,2,false_positive_cleared,5.58,3301.9,False,2699,771
4266,577594,2025-08-07 13:19:55,0,false_positive_cleared,9.69,567.21,False,1158,629
4262,577842,2025-08-07 19:27:20,2,false_positive_cleared,6.28,7928.73,False,3904,467
4264,577868,2025-08-07 20:30:23,2,false_positive_cleared,21.73,55.64,False,760,118
4259,577875,2025-08-07 20:41:54,2,false_positive_cleared,8.43,15860.55,False,4262,776
4263,577885,2025-08-07 20:49:46,2,false_positive_cleared,4.42,8307.59,False,151,508
4267,578073,2025-08-08 02:03:33,2,false_positive_cleared,21.82,50.16,False,1427,162
4268,578127,2025-08-08 03:19:03,2,false_positive_cleared,6.48,2184.86,False,1039,321
4269,578328,2025-08-08 08:00:54,2,false_positive_cleared,28.18,10072.8,False,4734,53
4270,578338,2025-08-08 08:29:55,2,false_positive_cleared,6.05,259.89,False,5930,516
4271,578405,2025-08-08 10:11:57,2,confirmed_fraud,14.4,282.21,True,5663,200
4272,578528,2025-08-08 13:01:13,2,false_positive_cleared,12.32,171.87,False,5690,775
4273,578533,2025-08-08 13:05:44,2,false_positive_cleared,12.21,2572.54,False,4493,298
4274,578631,2025-08-08 15:14:44,2,false_positive_cleared,25.26,3125.31,False,3434,280
4275,578680,2025-08-08 16:29:44,1,false_positive_cleared,9.33,33.21,False,87,254
4276,579049,2025-08-09 02:15:34,2,false_positive_cleared,5.99,45.14,False,912,228
4277,579084,2025-08-09 03:06:44,2,false_positive_cleared,2.42,4895.78,False,3834,171
4278,579085,2025-08-09 03:06:52,2,false_positive_cleared,2.91,10403.39,False,5293,512
4279,579112,2025-08-09 03:44:51,2,false_positive_cleared,7.11,413.44,False,3491,106
4280,579252,2025-08-09 07:15:44,2,false_positive_cleared,25.08,2922.83,False,186,573
4284,579483,2025-08-09 12:54:10,0,confirmed_fraud,35.84,1350.27,False,2256,94
4283,579627,2025-08-09 16:14:00,0,false_positive_cleared,4.2,41.43,False,1102,222
4282,579636,2025-08-09 16:20:25,2,false_positive_cleared,6.93,326.0,False,1319,520
4281,579902,2025-08-09 22:49:41,2,false_positive_cleared,9.05,3020.81,False,4227,508
4287,580127,2025-08-10 04:10:33,2,false_positive_cleared,4.39,5518.65,False,1450,457
4285,580137,2025-08-10 04:24:13,3,confirmed_fraud,9.89,5188.43,True,2406,47
4288,580179,2025-08-10 05:19:48,2,false_positive_cleared,4.54,1753.25,False,4188,642
4289,580196,2025-08-10 05:47:50,2,false_positive_cleared,0.07,213.4,False,2299,534
4286,580203,2025-08-10 05:58:15,3,confirmed_fraud,28.12,187.75,True,4839,97
4290,580284,2025-08-10 08:11:41,2,false_positive_cleared,7.57,12946.86,False,577,273
4291,580423,2025-08-10 11:50:59,2,false_positive_cleared,17.15,52.51,False,5090,83
4292,580496,2025-08-10 13:44:30,2,false_positive_cleared,35.52,238.05,False,3146,459
4293,580503,2025-08-10 13:52:29,2,false_positive_cleared,2.65,2973.38,False,1837,473
4294,580516,2025-08-10 14:15:55,2,false_positive_cleared,9.01,2167.08,False,77,524
4295,580520,2025-08-10 14:21:04,2,false_positive_cleared,4.98,2039.44,False,5630,259
4296,580584,2025-08-10 15:43:53,2,false_positive_cleared,11.9,1923.78,False,378,110
4297,580598,2025-08-10 16:11:31,2,false_positive_cleared,13.75,149.57,False,4604,297
4298,580631,2025-08-10 16:55:39,2,false_positive_cleared,3.87,70.05,False,1458,246
4300,581062,2025-08-11 02:58:11,2,false_positive_cleared,1.88,299.23,False,4156,434
4302,581110,2025-08-11 04:08:07,2,false_positive_cleared,15.33,10.61,False,413,42
4301,581192,2025-08-11 06:16:59,2,false_positive_cleared,16.4,70.91,False,2729,249
4303,581230,2025-08-11 07:00:35,2,confirmed_fraud,6.95,3903.37,False,4732,240
4304,581282,2025-08-11 08:13:29,2,false_positive_cleared,24.71,4611.85,False,5068,590
4306,581305,2025-08-11 08:41:14,2,false_positive_cleared,27.64,3609.54,False,1292,291
4305,581520,2025-08-11 14:25:21,2,false_positive_cleared,11.55,341.22,False,5003,83
4307,581553,2025-08-11 15:20:58,2,false_positive_cleared,11.02,92.51,False,5864,636
4308,581580,2025-08-11 15:52:50,2,confirmed_fraud,3.88,1814.39,False,1496,433
4309,581591,2025-08-11 16:09:28,2,false_positive_cleared,17.55,3042.19,False,55,288
4299,581604,2025-08-11 16:29:19,3,false_positive_cleared,17.34,2101.41,False,3921,250
4310,581704,2025-08-11 18:46:07,2,false_positive_cleared,7.38,19554.02,False,3317,393
4311,582052,2025-08-12 03:02:34,2,false_positive_cleared,8.3,2765.01,False,4640,375
4312,582061,2025-08-12 03:11:06,2,false_positive_cleared,9.56,9168.34,False,2567,434
4313,582387,2025-08-12 11:49:18,2,false_positive_cleared,19.06,90.92,False,4308,141
4314,582389,2025-08-12 11:53:01,2,false_positive_cleared,12.54,5202.93,False,2015,605
4315,582505,2025-08-12 14:40:00,2,false_positive_cleared,5.13,80.41,False,2446,349
4316,582784,2025-08-12 20:31:56,2,false_positive_cleared,24.23,1821.09,False,4263,431
4317,582792,2025-08-12 20:40:01,2,false_positive_cleared,4.36,1319.59,False,1177,252
4318,582908,2025-08-12 23:43:13,2,false_positive_cleared,11.81,5163.8,False,2567,405
4319,582967,2025-08-13 01:12:53,2,false_positive_cleared,2.85,2593.4,False,55,465
4337,583005,2025-08-13 02:09:58,0,false_positive_cleared,1.51,17.69,False,4987,168
4320,583137,2025-08-13 05:09:08,2,false_positive_cleared,13.93,3290.86,False,5747,554
4321,583148,2025-08-13 05:25:23,2,false_positive_cleared,11.02,2716.18,False,2658,59
4323,583183,2025-08-13 06:01:53,2,false_positive_cleared,19.76,674.22,False,1255,752
4324,583243,2025-08-13 07:46:03,2,false_positive_cleared,44.44,3330.03,False,1079,174
4325,583250,2025-08-13 08:05:20,2,false_positive_cleared,3.2,384.53,False,2846,358
4326,583298,2025-08-13 09:10:26,2,false_positive_cleared,17.0,1835.57,False,3484,707
4327,583315,2025-08-13 09:41:07,2,false_positive_cleared,5.87,103.56,False,3975,98
4328,583336,2025-08-13 10:09:26,2,false_positive_cleared,17.82,2169.44,False,5206,183
4329,583353,2025-08-13 10:44:13,2,false_positive_cleared,27.66,51.81,False,5181,134
4322,583452,2025-08-13 13:24:34,2,false_positive_cleared,3.64,26.32,False,1730,493
4331,583482,2025-08-13 14:02:52,2,confirmed_fraud,2.43,2533.79,False,5747,437
4332,583493,2025-08-13 14:17:49,2,false_positive_cleared,8.08,1746.31,False,797,586
4333,583511,2025-08-13 14:49:30,2,false_positive_cleared,24.19,121.53,False,5834,182
4330,583543,2025-08-13 15:23:44,2,false_positive_cleared,20.62,16652.98,False,5634,707
4335,583719,2025-08-13 19:59:12,2,false_positive_cleared,8.92,3794.17,False,3024,68
4334,583809,2025-08-13 21:59:36,2,false_positive_cleared,3.97,6125.58,False,2421,322
4336,583851,2025-08-13 23:00:17,2,false_positive_cleared,18.6,7641.18,False,4692,387
4338,583923,2025-08-14 00:42:50,2,false_positive_cleared,17.22,51.94,False,5655,276
4344,584033,2025-08-14 03:49:09,0,false_positive_cleared,16.85,963.56,False,2928,552
4339,584346,2025-08-14 11:47:12,2,false_positive_cleared,5.61,4596.28,False,106,501
4340,584463,2025-08-14 14:43:38,2,false_positive_cleared,3.91,4936.7,False,530,197
4345,584488,2025-08-14 15:06:55,0,false_positive_cleared,25.06,131.13,False,2798,786
4341,584720,2025-08-14 20:25:17,2,false_positive_cleared,22.56,452.64,False,4595,638
4343,584794,2025-08-14 22:01:30,2,false_positive_cleared,6.54,1613.7,False,2076,58
4342,584875,2025-08-14 23:42:31,2,false_positive_cleared,10.61,967.28,False,2978,10
4346,584892,2025-08-15 00:02:15,3,false_positive_cleared,11.44,9167.49,False,2470,389
4348,585020,2025-08-15 03:11:39,2,false_positive_cleared,10.24,2779.84,False,2788,478
4349,585144,2025-08-15 06:20:55,2,false_positive_cleared,3.41,1630.71,False,1715,84
4350,585211,2025-08-15 08:01:56,2,false_positive_cleared,10.73,265.36,False,5488,180
4356,585243,2025-08-15 08:56:30,0,false_positive_cleared,17.46,36.33,False,2719,755
4355,585308,2025-08-15 10:44:12,0,false_positive_cleared,30.33,432.65,False,2263,98
4352,585421,2025-08-15 13:25:56,2,false_positive_cleared,24.53,1610.17,False,1547,397
4347,585423,2025-08-15 13:27:04,3,false_positive_cleared,3.49,1880.28,False,4157,224
4351,585451,2025-08-15 14:09:14,2,false_positive_cleared,6.92,4926.19,False,4295,718
4353,585515,2025-08-15 15:38:29,2,false_positive_cleared,14.13,23.53,False,392,99
4354,585747,2025-08-15 21:10:28,2,false_positive_cleared,4.17,4514.85,False,1122,499
4366,585883,2025-08-16 00:27:23,0,false_positive_cleared,15.25,47.46,False,2333,380
4357,585996,2025-08-16 03:11:35,2,false_positive_cleared,6.07,862.57,False,3040,128
4358,586111,2025-08-16 06:07:20,2,false_positive_cleared,3.19,202.93,False,948,722
4359,586127,2025-08-16 06:24:53,2,false_positive_cleared,5.4,1478.45,False,3511,194
4361,586292,2025-08-16 10:32:00,2,false_positive_cleared,11.37,65.13,False,273,540
4362,586451,2025-08-16 14:18:28,2,confirmed_fraud,21.22,2509.85,False,1292,459
4363,586558,2025-08-16 16:37:37,2,false_positive_cleared,11.64,2869.87,False,1122,171
4360,586659,2025-08-16 18:59:00,2,false_positive_cleared,16.22,681.61,False,3033,558
4365,586661,2025-08-16 19:01:01,2,false_positive_cleared,16.5,2074.76,False,268,381
4364,586698,2025-08-16 19:56:11,2,false_positive_cleared,2.0,14269.65,False,4358,725
4367,586723,2025-08-16 20:34:25,0,false_positive_cleared,6.07,102.37,False,2564,25
4368,586887,2025-08-17 00:32:19,2,confirmed_fraud,15.1,174.16,False,4995,383
4369,587006,2025-08-17 03:23:19,2,false_positive_cleared,27.52,1638.71,False,3047,97
4370,587085,2025-08-17 05:39:46,2,confirmed_fraud,6.01,1905.6,False,1255,163
4371,587272,2025-08-17 10:09:51,2,false_positive_cleared,2.91,2283.19,False,5630,345
4372,587368,2025-08-17 12:34:34,2,false_positive_cleared,2.37,3850.6,False,3317,435
4380,587442,2025-08-17 14:34:27,0,false_positive_cleared,0.85,39.47,False,1569,616
4373,587466,2025-08-17 15:09:29,2,false_positive_cleared,9.16,3754.69,False,480,134
4375,587479,2025-08-17 15:33:45,2,false_positive_cleared,12.43,3496.09,False,197,16
4376,587576,2025-08-17 17:34:08,2,false_positive_cleared,22.47,1766.37,False,1434,577
4377,587596,2025-08-17 18:01:19,2,false_positive_cleared,25.55,3091.81,False,276,357
4374,587723,2025-08-17 21:10:15,2,false_positive_cleared,16.53,124.44,False,2381,797
4379,587743,2025-08-17 21:46:41,2,false_positive_cleared,1.49,1719.54,False,2699,638
4378,587784,2025-08-17 22:48:09,2,false_positive_cleared,10.76,380.34,False,2952,609
4381,587808,2025-08-17 23:20:11,0,false_positive_cleared,8.66,23.97,False,4683,499
4384,587887,2025-08-18 01:30:40,2,false_positive_cleared,22.99,4590.16,False,2566,380
4385,587906,2025-08-18 01:48:21,2,false_positive_cleared,9.64,1616.21,False,3701,539
4387,587966,2025-08-18 03:01:01,2,false_positive_cleared,5.78,3019.0,False,762,341
4386,588003,2025-08-18 03:54:14,2,false_positive_cleared,12.9,5616.63,False,3910,401
4383,588217,2025-08-18 09:18:24,3,false_positive_cleared,16.01,2055.99,False,3454,472
4389,588245,2025-08-18 09:54:51,2,false_positive_cleared,12.46,3078.83,False,1978,197
4388,588318,2025-08-18 11:38:07,2,false_positive_cleared,10.28,2628.09,False,439,779
4390,588406,2025-08-18 14:08:51,2,false_positive_cleared,7.77,63.82,False,4947,451
4382,588474,2025-08-18 15:42:20,3,confirmed_fraud,2.11,2690.57,True,2984,193
4391,588513,2025-08-18 16:40:40,2,false_positive_cleared,5.09,1792.67,False,4295,518
4392,588523,2025-08-18 16:57:00,2,false_positive_cleared,15.01,4754.17,False,1255,771
4393,588665,2025-08-18 20:51:25,2,confirmed_fraud,5.31,1271.42,False,4755,698
4394,588910,2025-08-19 02:17:13,2,false_positive_cleared,8.34,4292.91,False,2191,298
4395,588922,2025-08-19 02:44:29,2,false_positive_cleared,11.26,3743.51,False,2448,390
4396,588930,2025-08-19 02:54:09,2,false_negative_cleared,7.68,1048.86,True,5313,183
4397,588935,2025-08-19 03:01:51,2,false_positive_cleared,18.13,221.19,False,2333,51
4398,589027,2025-08-19 05:34:18,2,confirmed_fraud,11.13,4652.59,True,2191,691
4405,589120,2025-08-19 07:45:16,0,false_positive_cleared,1.18,23.15,False,4816,664
4399,589211,2025-08-19 09:45:49,2,false_positive_cleared,33.18,394.58,False,4221,559
4400,589248,2025-08-19 10:34:13,2,false_positive_cleared,8.87,441.9,False,3882,372
4401,589334,2025-08-19 13:07:04,2,false_positive_cleared,7.02,4866.2,False,465,570
4402,589367,2025-08-19 13:58:26,2,false_positive_cleared,26.75,47361.94,False,2567,579
4406,589376,2025-08-19 14:10:13,0,false_positive_cleared,39.17,53.85,False,1712,300
4404,589561,2025-08-19 18:49:12,2,false_positive_cleared,16.41,1616.42,False,5536,673
4403,589763,2025-08-19 23:40:38,2,false_positive_cleared,9.39,2176.67,False,4233,139
4408,589791,2025-08-20 00:21:56,2,confirmed_fraud,5.26,21506.46,True,2727,678
4409,589819,2025-08-20 00:55:35,2,false_positive_cleared,20.89,48.32,False,254,605
4411,589861,2025-08-20 02:11:24,2,false_positive_cleared,5.72,205.55,False,3315,653
4410,589866,2025-08-20 02:18:50,2,false_positive_cleared,19.13,3595.49,False,439,219
4415,590087,2025-08-20 07:08:15,2,false_positive_cleared,5.81,1253.59,False,154,569
4412,590107,2025-08-20 07:35:18,2,false_positive_cleared,3.07,3744.07,False,4063,261
4413,590123,2025-08-20 07:55:52,2,false_positive_cleared,1.89,1907.2,False,4110,397
4414,590187,2025-08-20 09:26:05,2,false_positive_cleared,4.09,250.0,False,1946,280
4416,590269,2025-08-20 11:25:40,2,false_positive_cleared,16.58,1667.46,False,2655,656
4417,590395,2025-08-20 14:01:29,2,false_positive_cleared,22.72,5656.86,False,1443,455
4407,590410,2025-08-20 14:15:15,3,confirmed_fraud,16.49,1974.48,True,2984,128
4418,590442,2025-08-20 15:07:51,2,false_positive_cleared,6.61,2547.35,False,4263,723
4419,590546,2025-08-20 17:43:20,2,false_positive_cleared,14.59,174.73,False,3217,790
4420,590613,2025-08-20 19:23:57,2,false_positive_cleared,13.75,1821.63,False,4110,40
4421,590709,2025-08-20 21:50:17,2,false_positive_cleared,13.07,6.89,False,5589,542
4422,590762,2025-08-20 23:01:37,2,false_positive_cleared,6.44,172.72,False,556,293
4423,590786,2025-08-20 23:45:54,2,false_positive_cleared,29.59,1428.83,False,927,252
4425,590911,2025-08-21 03:21:21,2,false_positive_cleared,13.63,8247.99,False,5167,479
4426,591090,2025-08-21 07:25:29,2,false_positive_cleared,4.52,2083.89,False,636,380
4424,591127,2025-08-21 08:25:09,3,false_positive_cleared,15.23,11086.71,False,2301,58
4427,591233,2025-08-21 10:44:40,2,false_positive_cleared,12.05,3428.78,False,1850,557
4428,591318,2025-08-21 12:40:35,2,false_positive_cleared,5.65,1911.42,False,4110,218
4431,591334,2025-08-21 12:55:37,0,false_positive_cleared,27.81,299.81,False,3746,471
4429,591546,2025-08-21 17:35:26,2,confirmed_fraud,11.68,627.67,True,659,425
4430,591728,2025-08-21 22:37:58,2,false_positive_cleared,4.98,2234.06,False,2207,218
4433,591803,2025-08-22 00:24:52,2,false_negative_cleared,13.35,2037.36,True,4871,274
4435,591817,2025-08-22 00:43:48,2,false_positive_cleared,7.38,1986.09,False,1915,537
4434,591834,2025-08-22 01:01:10,2,false_positive_cleared,13.55,1911.14,False,2622,166
4439,591984,2025-08-22 04:45:50,2,false_positive_cleared,23.46,2502.07,False,4122,218
4436,592086,2025-08-22 07:03:12,2,false_positive_cleared,4.92,76.22,False,1372,146
4446,592116,2025-08-22 07:38:51,0,false_positive_cleared,10.2,557.35,False,1675,651
4437,592210,2025-08-22 09:43:25,2,false_positive_cleared,14.4,3350.98,False,5742,326
4438,592337,2025-08-22 12:25:50,2,false_positive_cleared,19.17,12163.42,False,4182,21
4447,592364,2025-08-22 12:57:04,0,false_positive_cleared,26.78,217.27,False,237,386
4441,592430,2025-08-22 14:30:59,2,false_positive_cleared,0.4,1707.6,False,5124,168
4443,592453,2025-08-22 15:10:27,2,false_positive_cleared,31.47,89.02,False,4921,579
4442,592554,2025-08-22 17:22:46,2,false_positive_cleared,3.19,3511.57,False,2739,713
4445,592599,2025-08-22 18:28:39,2,false_positive_cleared,13.48,215.91,False,2697,340
4432,592604,2025-08-22 18:32:32,3,confirmed_fraud,12.95,1317.06,True,295,28
4440,592635,2025-08-22 19:22:17,2,false_positive_cleared,13.29,3180.7,False,3306,357
4444,592772,2025-08-22 22:49:38,2,false_positive_cleared,3.69,2348.5,False,3784,276
4448,592856,2025-08-23 00:36:49,2,false_positive_cleared,23.35,153.6,False,3445,301
4449,592916,2025-08-23 01:53:04,2,false_positive_cleared,0.97,13538.33,False,2346,722
4450,592922,2025-08-23 02:08:53,2,false_positive_cleared,7.97,3193.37,False,1287,669
4451,592987,2025-08-23 03:23:51,2,false_positive_cleared,6.33,5387.99,False,2438,286
4452,592990,2025-08-23 03:29:35,2,false_positive_cleared,14.54,5715.06,False,4063,76
4453,593141,2025-08-23 07:50:48,2,false_positive_cleared,14.88,8463.35,False,4182,502
4454,593209,2025-08-23 09:34:40,2,false_positive_cleared,31.23,1982.88,False,1025,561
4455,593320,2025-08-23 12:17:59,2,false_positive_cleared,7.52,5747.04,False,2567,619
4456,593364,2025-08-23 13:27:14,2,false_positive_cleared,28.59,276.21,False,5937,762
4458,593500,2025-08-23 16:38:02,0,false_positive_cleared,17.77,252.61,False,5577,407
4457,593804,2025-08-23 23:56:11,2,false_positive_cleared,3.48,3765.0,False,1520,173
4459,593879,2025-08-24 01:28:05,2,confirmed_fraud,17.12,2476.98,True,121,612
4471,593999,2025-08-24 04:28:25,0,false_positive_cleared,22.62,34.03,False,4018,431
4460,594019,2025-08-24 05:02:48,2,false_positive_cleared,5.78,2337.43,False,5291,683
4461,594022,2025-08-24 05:04:26,2,false_positive_cleared,26.91,5441.39,False,3317,378
4462,594073,2025-08-24 06:17:02,2,false_positive_cleared,21.66,5069.37,False,2768,465
4463,594079,2025-08-24 06:22:58,2,false_positive_cleared,6.42,3312.71,False,4871,251
4465,594141,2025-08-24 07:58:40,2,false_positive_cleared,32.46,1967.73,False,1435,527
4466,594344,2025-08-24 13:18:23,2,false_positive_cleared,14.14,2333.54,False,5148,509
4467,594384,2025-08-24 14:29:14,2,false_positive_cleared,6.68,8413.92,False,1850,118
4464,594389,2025-08-24 14:34:55,2,false_positive_cleared,14.71,29.84,False,5834,486
4469,594504,2025-08-24 17:19:06,2,false_positive_cleared,6.87,2972.94,False,1999,156
4468,594620,2025-08-24 20:06:00,2,confirmed_fraud,15.02,157.75,True,496,692
4470,594707,2025-08-24 22:21:45,2,false_positive_cleared,8.26,4946.19,False,5148,454
4473,594825,2025-08-25 00:50:45,2,false_positive_cleared,14.78,2316.62,False,1206,163
4474,594927,2025-08-25 03:40:05,2,false_positive_cleared,6.11,2412.25,False,4304,161
4475,594987,2025-08-25 04:58:16,2,false_positive_cleared,21.52,6622.43,False,2438,344
4472,595052,2025-08-25 06:37:23,3,false_positive_cleared,23.31,4808.13,False,3931,313
4476,595069,2025-08-25 07:04:00,2,false_positive_cleared,16.81,3636.73,False,5350,519
4477,595070,2025-08-25 07:04:55,2,confirmed_fraud,6.67,2721.96,True,2579,24
4478,595092,2025-08-25 07:37:53,2,confirmed_fraud,10.36,57.78,True,2582,99
4479,595287,2025-08-25 12:09:34,2,false_positive_cleared,13.94,68.45,False,4486,670
4480,595303,2025-08-25 12:33:09,2,false_positive_cleared,3.98,139.24,False,443,680
4481,595360,2025-08-25 14:02:14,2,false_positive_cleared,14.49,3757.71,False,5357,49
4482,595410,2025-08-25 15:13:12,2,false_positive_cleared,14.54,9008.4,False,5020,667
4483,595550,2025-08-25 19:14:31,2,false_positive_cleared,6.05,401.54,False,5237,560
4484,595677,2025-08-25 22:24:33,2,false_positive_cleared,4.91,3303.34,False,3437,498
4485,595724,2025-08-25 23:33:43,2,false_positive_cleared,3.64,3552.88,False,2615,613
4487,595805,2025-08-26 01:35:02,2,false_positive_cleared,8.41,1730.67,False,5746,13
4488,595854,2025-08-26 02:35:40,2,false_positive_cleared,2.82,1613.39,False,4361,340
4489,595927,2025-08-26 04:15:55,2,false_positive_cleared,9.48,187.24,False,408,344
4490,595967,2025-08-26 05:01:08,2,false_positive_cleared,6.86,688.81,False,1164,538
4491,596021,2025-08-26 06:19:59,2,confirmed_fraud,34.22,1615.4,False,4304,510
4486,596249,2025-08-26 12:28:37,3,false_positive_cleared,17.93,6036.33,False,1589,600
4492,596333,2025-08-26 14:02:09,2,false_positive_cleared,28.31,1341.17,False,2812,276
4493,596482,2025-08-26 17:49:04,2,false_positive_cleared,14.49,13566.81,False,1850,800
4494,596674,2025-08-26 22:42:16,2,false_positive_cleared,9.81,5114.62,False,5746,542
4495,596733,2025-08-26 23:56:09,2,false_positive_cleared,2.69,80.09,False,2637,323
4497,596883,2025-08-27 03:31:44,2,false_positive_cleared,23.71,2896.5,False,5763,699
4498,596995,2025-08-27 06:29:45,2,false_positive_cleared,6.87,1854.17,False,1853,240
4499,597003,2025-08-27 06:38:58,2,false_positive_cleared,24.8,193.04,False,934,263
4496,597004,2025-08-27 06:39:25,3,false_positive_cleared,16.11,2457.74,False,791,429
4500,597145,2025-08-27 10:15:45,2,false_positive_cleared,5.39,152.8,False,1185,518
4504,597260,2025-08-27 13:11:13,0,false_positive_cleared,26.68,249.46,False,5833,118
4501,597445,2025-08-27 18:02:46,2,false_positive_cleared,10.33,2616.77,False,3480,306
4502,597547,2025-08-27 20:16:24,2,false_positive_cleared,7.33,4001.14,False,2383,764
4503,597625,2025-08-27 21:59:12,2,false_positive_cleared,4.14,3168.75,False,2943,327
4505,597712,2025-08-28 00:11:54,2,confirmed_fraud,1.05,7288.81,False,577,781
4506,597852,2025-08-28 03:04:57,2,false_positive_cleared,10.17,1670.52,False,1474,96
4507,597867,2025-08-28 03:30:04,2,false_positive_cleared,7.77,1950.76,False,3038,426
4508,598080,2025-08-28 08:14:27,2,false_positive_cleared,20.9,4038.53,False,4751,80
4509,598096,2025-08-28 08:46:42,2,false_positive_cleared,1.85,52.33,False,4260,234
4510,598179,2025-08-28 10:52:18,2,confirmed_fraud,3.77,4666.89,False,2191,318
4511,598671,2025-08-28 23:20:17,2,false_positive_cleared,6.74,1828.7,False,340,216
4516,598779,2025-08-29 01:52:51,2,false_positive_cleared,23.41,7048.45,False,4563,340
4513,598835,2025-08-29 03:14:02,2,false_positive_cleared,24.15,18856.74,False,4445,172
4514,599101,2025-08-29 09:11:38,2,false_positive_cleared,6.32,2203.66,False,5491,601
4515,599116,2025-08-29 09:34:29,2,false_positive_cleared,5.78,1618.88,False,2180,63
4517,599211,2025-08-29 11:48:24,2,false_positive_cleared,8.64,1987.8,False,3998,764
4518,599232,2025-08-29 12:25:45,2,false_positive_cleared,12.58,236.65,False,5064,768
4524,599284,2025-08-29 13:34:12,1,false_positive_cleared,25.17,1627.61,False,2320,700
4512,599379,2025-08-29 15:56:53,3,false_positive_cleared,18.99,3004.31,False,575,3
4519,599452,2025-08-29 17:20:13,2,false_positive_cleared,16.53,1726.0,False,1199,783
4520,599469,2025-08-29 17:45:45,2,false_positive_cleared,8.47,2502.46,False,5641,202
4522,599515,2025-08-29 18:56:45,2,false_positive_cleared,16.76,3459.54,False,2906,223
4521,599516,2025-08-29 18:56:48,2,false_positive_cleared,16.08,709.51,False,3490,625
4523,599632,2025-08-29 21:52:28,2,false_positive_cleared,22.54,1981.35,False,2571,590
4537,599765,2025-08-30 01:20:41,0,false_positive_cleared,14.22,112.33,False,1844,123
4525,599877,2025-08-30 03:56:46,2,false_positive_cleared,20.24,8924.39,False,1520,772
4526,600084,2025-08-30 08:49:22,2,false_positive_cleared,4.09,1674.23,False,5902,212
4538,600115,2025-08-30 09:30:37,0,confirmed_fraud,18.41,10.07,False,3816,528
4536,600242,2025-08-30 12:35:17,0,false_positive_cleared,9.99,43.24,False,3560,564
4527,600301,2025-08-30 14:13:21,2,false_positive_cleared,16.79,2229.01,False,1385,193
4530,600339,2025-08-30 15:08:35,2,false_positive_cleared,7.15,10652.28,False,4444,583
4529,600416,2025-08-30 17:13:04,2,false_positive_cleared,9.55,1919.66,False,2865,507
4528,600468,2025-08-30 18:29:46,2,false_positive_cleared,17.94,15516.57,False,185,645
4534,600484,2025-08-30 18:46:25,2,false_positive_cleared,5.16,5204.77,False,2550,448
4531,600584,2025-08-30 20:53:48,2,false_positive_cleared,16.24,3955.39,False,5491,715
4532,600617,2025-08-30 21:34:07,2,false_positive_cleared,12.7,935.43,False,857,404
4533,600647,2025-08-30 22:25:21,2,false_positive_cleared,13.77,1991.62,False,733,652
4535,600703,2025-08-30 23:54:57,2,false_positive_cleared,1.45,2037.27,False,5933,110
4539,600796,2025-08-31 02:12:05,2,false_positive_cleared,5.72,2417.6,False,2932,766
4540,600973,2025-08-31 06:22:30,2,false_positive_cleared,6.32,3208.73,False,5357,465
4541,601029,2025-08-31 07:33:33,2,false_positive_cleared,13.15,2047.66,False,4889,455
4542,601059,2025-08-31 08:14:20,2,false_positive_cleared,14.44,5379.42,False,3033,402
4543,601180,2025-08-31 11:21:00,2,confirmed_fraud,4.45,12368.82,False,5831,768
4544,601310,2025-08-31 14:23:17,2,false_positive_cleared,21.93,2224.14,False,2666,165
4545,601327,2025-08-31 14:55:17,2,false_positive_cleared,17.68,14.1,False,1817,754
4546,601412,2025-08-31 16:44:01,2,false_positive_cleared,6.62,166.53,False,5525,367
4547,601473,2025-08-31 18:15:17,2,false_positive_cleared,5.85,2007.2,False,3456,379
4548,601482,2025-08-31 18:20:56,2,false_positive_cleared,19.1,2330.35,False,1122,49
4549,601631,2025-08-31 21:58:06,0,confirmed_fraud,10.71,991.62,False,1879,772
4550,601632,2025-08-31 22:04:34,0,false_positive_cleared,38.18,437.33,False,3063,383
4561,601744,2025-09-01 00:28:46,0,false_positive_cleared,12.88,14.72,False,344,783
4551,601860,2025-09-01 03:21:15,2,false_positive_cleared,6.27,2764.62,False,5468,246
4553,601881,2025-09-01 03:50:20,2,false_positive_cleared,13.6,3077.75,False,2057,698
4560,601924,2025-09-01 04:43:11,0,false_positive_cleared,13.3,81.26,False,2323,466
4552,602213,2025-09-01 11:53:47,2,false_positive_cleared,4.03,652.85,False,1066,570
4555,602352,2025-09-01 15:40:48,2,false_positive_cleared,1.24,3110.07,False,2669,233
4563,602362,2025-09-01 15:53:38,0,false_positive_cleared,3.37,127.24,False,414,471
4554,602413,2025-09-01 17:04:21,2,confirmed_fraud,1.42,2667.96,True,4906,337
4562,602435,2025-09-01 17:37:41,0,false_positive_cleared,4.32,210.54,False,3558,670
4559,602503,2025-09-01 19:21:57,2,false_positive_cleared,11.5,4312.51,False,4202,750
4558,602564,2025-09-01 20:45:04,2,false_positive_cleared,12.0,2455.98,False,3038,135
4556,602626,2025-09-01 22:11:48,2,false_positive_cleared,26.15,151.13,False,5111,188
4557,602686,2025-09-01 23:27:29,2,false_positive_cleared,5.83,3511.45,False,2943,71
4564,602841,2025-09-02 02:56:25,2,false_positive_cleared,9.6,4292.75,False,497,56
4565,603120,2025-09-02 09:50:35,2,false_positive_cleared,10.76,106.47,False,5320,420
4566,603170,2025-09-02 10:56:39,2,false_positive_cleared,13.97,2758.84,False,1617,726
4567,603471,2025-09-02 19:04:53,2,false_positive_cleared,11.82,145.81,False,749,395
4568,603487,2025-09-02 19:39:33,2,false_positive_cleared,7.49,209.39,False,580,346
4569,603502,2025-09-02 19:50:08,2,false_positive_cleared,3.36,11.42,False,1817,80
4572,603677,2025-09-03 00:13:52,2,false_positive_cleared,18.12,4134.8,False,5375,172
4571,603763,2025-09-03 02:10:37,2,confirmed_fraud,13.98,1914.86,False,5563,4
4573,603788,2025-09-03 02:58:51,2,false_positive_cleared,9.7,1775.73,False,4012,488
4574,603856,2025-09-03 04:43:07,2,false_positive_cleared,12.42,28.82,False,3328,502
4576,603860,2025-09-03 04:53:32,2,false_positive_cleared,9.09,17867.76,False,1850,379
4575,604041,2025-09-03 09:02:41,2,false_positive_cleared,3.38,3939.38,False,380,764
4577,604106,2025-09-03 10:37:35,2,false_positive_cleared,2.45,2551.76,False,2528,747
4578,604153,2025-09-03 11:47:52,2,false_positive_cleared,8.43,87.93,False,1442,630
4579,604357,2025-09-03 16:20:27,2,false_positive_cleared,2.56,4581.69,False,4751,428
4570,604518,2025-09-03 20:30:51,3,false_positive_cleared,22.74,48.82,False,341,767
4580,604568,2025-09-03 21:29:20,2,false_positive_cleared,3.58,2835.17,False,282,319
4581,604771,2025-09-04 03:11:31,3,false_positive_cleared,1.76,38.89,False,681,621
4592,604858,2025-09-04 05:09:19,0,false_positive_cleared,5.04,232.91,False,57,575
4582,604864,2025-09-04 05:20:54,2,false_positive_cleared,8.13,2468.0,False,4072,737
4591,604886,2025-09-04 05:58:36,0,false_positive_cleared,13.14,63.59,False,4707,88
4584,604897,2025-09-04 06:11:23,2,false_positive_cleared,16.48,2466.18,False,5167,553
4583,604908,2025-09-04 06:23:27,2,false_positive_cleared,9.41,2517.29,False,5535,304
4587,604935,2025-09-04 06:48:25,2,false_positive_cleared,29.96,2299.2,False,4722,195
4588,605012,2025-09-04 08:58:45,2,false_positive_cleared,12.87,5321.32,False,4358,651
4585,605249,2025-09-04 14:58:56,2,false_positive_cleared,13.04,4162.68,False,2119,663
4586,605310,2025-09-04 16:30:46,2,false_positive_cleared,10.86,4835.76,False,2669,397
4589,605332,2025-09-04 16:51:01,2,false_positive_cleared,13.77,1744.47,False,290,19
4590,605333,2025-09-04 16:52:56,2,false_positive_cleared,11.97,227.37,False,2722,141
4593,605652,2025-09-05 00:22:32,2,false_positive_cleared,14.8,2.42,False,2066,132
4594,605685,2025-09-05 01:11:03,2,false_positive_cleared,18.63,4132.56,False,2509,668
4595,605751,2025-09-05 02:37:44,2,false_positive_cleared,14.78,1964.25,False,2978,466
4596,605791,2025-09-05 03:37:03,2,false_positive_cleared,5.08,193.37,False,5703,643
4597,605868,2025-09-05 05:34:57,2,false_positive_cleared,2.89,105.3,False,1062,638
4598,605930,2025-09-05 07:22:51,2,false_positive_cleared,9.06,5488.15,False,2168,788
4599,606081,2025-09-05 11:00:15,2,false_positive_cleared,13.15,286.69,False,1263,352
4600,606450,2025-09-05 20:34:55,2,false_positive_cleared,3.33,165.72,False,1688,697
4601,606477,2025-09-05 21:15:51,2,false_positive_cleared,4.75,18232.05,False,3106,240
4602,606524,2025-09-05 22:39:31,0,false_positive_cleared,6.23,190.7,False,3160,258
4604,606581,2025-09-06 00:01:17,2,false_positive_cleared,22.06,1800.2,False,2876,767
4608,606635,2025-09-06 01:01:52,2,false_positive_cleared,9.56,2332.36,False,5375,773
4605,606675,2025-09-06 01:51:58,2,false_positive_cleared,13.49,2215.89,False,4355,516
4606,606811,2025-09-06 05:43:28,2,false_positive_cleared,17.23,307.61,False,2755,95
4607,607053,2025-09-06 11:42:45,2,false_positive_cleared,5.28,1919.84,False,5228,416
4609,607115,2025-09-06 13:27:53,2,false_positive_cleared,3.13,4757.21,False,2119,116
4610,607121,2025-09-06 13:38:04,2,false_positive_cleared,14.24,6131.02,False,96,47
4612,607182,2025-09-06 15:22:16,2,false_positive_cleared,6.65,3146.07,False,3019,550
4611,607272,2025-09-06 17:15:04,2,false_positive_cleared,8.12,2270.91,False,733,361
4615,607281,2025-09-06 17:25:44,0,false_positive_cleared,1.68,63.04,False,1651,744
4614,607301,2025-09-06 17:51:02,2,false_positive_cleared,19.78,5426.51,False,4504,370
4603,607404,2025-09-06 20:13:37,3,false_positive_cleared,2.91,2844.04,False,4374,588
4613,607450,2025-09-06 21:34:37,2,false_positive_cleared,1.28,12557.78,False,399,724
4616,607493,2025-09-06 22:36:47,0,false_positive_cleared,21.05,113.82,False,5462,310
4618,607626,2025-09-07 01:49:47,2,false_positive_cleared,5.1,5372.0,False,5461,456
4619,607638,2025-09-07 02:10:35,2,false_positive_cleared,10.85,17957.74,False,5461,172
4620,607820,2025-09-07 07:30:05,2,false_positive_cleared,20.06,645.0,False,5064,629
4621,608152,2025-09-07 15:23:05,2,false_positive_cleared,16.25,102.06,False,4476,159
4617,608511,2025-09-07 23:32:59,3,false_positive_cleared,7.05,5281.5,False,832,515
4624,608690,2025-09-08 04:03:44,2,false_positive_cleared,5.23,706.2,False,3462,185
4623,608700,2025-09-08 04:16:35,2,false_positive_cleared,5.27,96.23,False,4173,346
4628,608797,2025-09-08 06:16:54,2,false_positive_cleared,12.07,5087.11,False,2383,121
4625,608948,2025-09-08 09:49:30,2,false_positive_cleared,2.03,1943.74,False,1789,385
4626,609075,2025-09-08 13:14:30,2,false_positive_cleared,16.53,7857.23,False,1292,92
4627,609081,2025-09-08 13:20:09,2,false_positive_cleared,21.63,339.24,False,47,392
4629,609096,2025-09-08 13:48:37,2,false_positive_cleared,56.43,1914.69,False,4263,580
4622,609134,2025-09-08 14:39:49,3,false_positive_cleared,7.98,3369.46,False,2207,691
4630,609175,2025-09-08 15:32:27,2,false_positive_cleared,26.01,2535.97,False,2255,38
4631,609223,2025-09-08 16:42:01,2,false_positive_cleared,19.73,183.89,False,267,8
4632,609262,2025-09-08 17:47:29,2,false_positive_cleared,4.17,1689.54,False,3507,66
4633,609304,2025-09-08 18:35:26,2,false_positive_cleared,15.88,445.99,False,4959,333
4634,609355,2025-09-08 19:45:13,2,false_positive_cleared,34.1,186.41,False,1510,442
4636,609442,2025-09-08 21:53:34,0,confirmed_fraud,6.44,662.82,False,2901,763
4635,609485,2025-09-08 23:02:34,2,false_positive_cleared,10.63,32.51,False,819,746
4637,609626,2025-09-09 01:54:04,2,false_positive_cleared,12.28,9504.81,False,5033,107
4638,609654,2025-09-09 02:28:36,2,false_positive_cleared,9.12,2397.31,False,4136,610
4639,609744,2025-09-09 04:20:00,2,false_positive_cleared,14.89,7635.95,False,2438,772
4640,609791,2025-09-09 05:17:24,2,false_positive_cleared,17.97,7247.86,False,55,348
4641,610145,2025-09-09 13:06:02,2,false_positive_cleared,8.88,13.94,False,5086,143
4642,610416,2025-09-09 20:09:38,2,false_positive_cleared,6.07,4927.43,False,4722,464
4643,610461,2025-09-09 21:28:51,2,false_positive_cleared,16.56,4280.57,False,5020,51
4644,610549,2025-09-10 00:07:42,2,false_positive_cleared,9.36,33.42,False,5009,115
4645,610618,2025-09-10 01:42:24,2,false_positive_cleared,11.9,3123.98,False,3057,509
4646,610759,2025-09-10 05:27:10,2,false_positive_cleared,9.67,40.9,False,2325,711
4647,610886,2025-09-10 08:18:54,2,false_positive_cleared,20.56,1902.74,False,2800,31
4648,610936,2025-09-10 09:26:52,2,false_positive_cleared,12.36,8833.34,False,2509,124
4649,610946,2025-09-10 09:42:48,2,false_positive_cleared,7.68,2022.64,False,4484,655
4650,610958,2025-09-10 10:00:27,2,false_positive_cleared,16.86,1769.86,False,4151,721
4651,611052,2025-09-10 12:28:26,2,false_positive_cleared,0.97,12405.58,False,4227,354
4652,611109,2025-09-10 14:15:19,2,false_positive_cleared,6.46,3305.05,False,2200,111
4653,611114,2025-09-10 14:21:25,2,false_positive_cleared,5.18,14849.07,False,2906,231
4654,611313,2025-09-10 18:48:26,2,false_positive_cleared,31.39,14061.97,False,2509,88
4655,611410,2025-09-10 21:08:28,2,false_positive_cleared,16.2,161.73,False,4155,595
4656,611685,2025-09-11 04:10:30,2,false_positive_cleared,7.11,5549.04,False,1292,27
4657,611774,2025-09-11 06:12:24,2,false_positive_cleared,23.78,2902.06,False,736,742
4658,611845,2025-09-11 07:48:08,2,confirmed_fraud,7.21,4020.89,False,2741,631
4659,611938,2025-09-11 10:11:39,2,false_positive_cleared,11.71,6226.71,False,4944,621
4660,612023,2025-09-11 12:17:00,2,confirmed_fraud,5.83,15.85,False,3574,273
4661,612050,2025-09-11 12:58:11,2,false_positive_cleared,20.68,2349.58,False,2438,47
4662,612129,2025-09-11 14:46:31,2,false_positive_cleared,23.27,2666.64,False,5167,765
4665,612169,2025-09-11 15:38:43,0,false_positive_cleared,13.45,83.93,False,5092,446
4663,612398,2025-09-11 20:56:14,2,false_positive_cleared,13.49,1790.32,False,1389,708
4664,612453,2025-09-11 22:11:32,2,false_positive_cleared,3.36,2165.93,False,5527,527
4666,612634,2025-09-12 02:12:45,2,false_positive_cleared,25.93,3109.85,False,1794,721
4667,612745,2025-09-12 04:38:39,2,false_positive_cleared,19.58,450.07,False,1945,292
4668,612801,2025-09-12 05:50:42,2,false_positive_cleared,2.33,364.2,False,4741,634
4669,612838,2025-09-12 06:49:29,2,false_positive_cleared,2.5,1654.3,False,1748,93
4670,613197,2025-09-12 15:59:16,2,false_positive_cleared,9.38,2447.49,False,4491,477
4672,613227,2025-09-12 16:49:25,0,false_positive_cleared,2.78,291.88,False,2499,435
4671,613471,2025-09-12 22:44:42,2,false_positive_cleared,8.93,1023.22,False,3075,591
4673,613578,2025-09-13 01:00:43,2,false_positive_cleared,4.95,4586.2,False,4879,552
4674,613691,2025-09-13 03:45:06,2,false_positive_cleared,2.75,2604.98,False,4573,572
4675,613700,2025-09-13 03:55:58,2,false_positive_cleared,7.51,3894.52,False,2207,584
4676,613828,2025-09-13 07:15:43,2,false_positive_cleared,10.5,3743.27,False,4602,153
4677,613899,2025-09-13 09:06:20,2,false_positive_cleared,26.53,2248.59,False,2256,671
4678,613997,2025-09-13 11:25:46,2,false_positive_cleared,11.53,5563.46,False,1915,86
4679,614013,2025-09-13 11:45:36,2,false_positive_cleared,1.94,62.03,False,187,212
4680,614026,2025-09-13 11:56:35,2,false_positive_cleared,13.12,111.36,False,4173,82
4681,614180,2025-09-13 15:21:39,2,false_positive_cleared,4.63,1853.19,False,5527,614
4682,614185,2025-09-13 15:31:53,2,false_positive_cleared,18.94,1729.07,False,3155,92
4683,614231,2025-09-13 16:42:32,2,false_positive_cleared,9.04,12030.04,False,1932,640
4684,614357,2025-09-13 19:51:44,2,false_positive_cleared,2.37,2706.54,False,1224,752
4689,614727,2025-09-14 05:21:40,2,confirmed_fraud,8.6,26.83,True,2780,407
4688,614800,2025-09-14 07:22:41,2,false_positive_cleared,12.9,2417.82,False,1049,474
4687,614807,2025-09-14 07:30:03,2,false_positive_cleared,5.99,60.52,False,1542,434
4691,614842,2025-09-14 08:26:15,2,false_positive_cleared,5.17,2299.73,False,3893,144
4690,614871,2025-09-14 08:53:21,2,false_positive_cleared,20.43,2869.93,False,5256,676
4693,614893,2025-09-14 09:22:41,2,false_positive_cleared,4.67,300.72,False,4141,643
4692,615098,2025-09-14 14:00:04,2,false_positive_cleared,1.03,233.82,False,1577,206
4686,615102,2025-09-14 14:05:27,3,confirmed_fraud,29.36,1745.68,True,3676,344
4685,615162,2025-09-14 15:31:32,3,false_positive_cleared,10.37,3926.95,False,431,749
4694,615194,2025-09-14 16:24:37,2,false_positive_cleared,11.08,1837.58,False,3600,623
4695,615221,2025-09-14 17:04:09,2,false_positive_cleared,6.97,33.1,False,1432,365
4696,615264,2025-09-14 18:25:39,2,false_positive_cleared,5.54,3720.73,False,3756,345
4697,615427,2025-09-14 22:39:49,1,false_positive_cleared,7.35,209.17,False,5982,670
4698,615516,2025-09-15 00:47:06,2,false_positive_cleared,5.95,2071.11,False,2928,620
4699,615759,2025-09-15 07:02:45,2,false_positive_cleared,16.81,156.37,False,3728,285
4700,615816,2025-09-15 08:09:38,2,false_positive_cleared,8.39,2179.06,False,1795,29
4701,615869,2025-09-15 09:39:02,2,false_positive_cleared,3.26,2591.93,False,497,375
4702,615948,2025-09-15 11:33:26,2,false_positive_cleared,34.53,32.21,False,4672,370
4703,616206,2025-09-15 17:50:23,2,false_positive_cleared,11.17,1886.48,False,2454,157
4705,616859,2025-09-16 11:05:06,2,false_positive_cleared,12.48,180.77,False,1956,172
4706,616897,2025-09-16 12:05:22,2,false_positive_cleared,5.17,2236.35,False,4287,274
4708,616986,2025-09-16 14:00:55,2,false_positive_cleared,15.41,1999.7,False,2454,431
4707,617015,2025-09-16 14:39:03,2,false_positive_cleared,23.92,1904.95,False,4909,451
4709,617173,2025-09-16 18:23:41,2,false_positive_cleared,6.08,39.65,False,5669,655
4710,617206,2025-09-16 19:00:01,2,false_positive_cleared,9.1,423.38,False,995,104
4711,617230,2025-09-16 19:36:39,2,false_positive_cleared,18.84,2373.94,False,1774,269
4704,617273,2025-09-16 20:30:44,3,false_positive_cleared,2.86,7996.18,False,4849,152
4712,617365,2025-09-16 22:41:18,2,false_positive_cleared,14.24,1887.89,False,3209,43
4713,617467,2025-09-17 01:12:17,3,false_negative_cleared,6.79,3688.1,True,886,207
4718,617490,2025-09-17 01:38:44,2,false_positive_cleared,28.69,2804.22,False,1434,463
4726,617575,2025-09-17 03:35:52,0,false_positive_cleared,9.74,415.75,False,1223,283
4715,617631,2025-09-17 04:44:09,2,false_positive_cleared,2.62,46.61,False,112,45
4716,617642,2025-09-17 04:59:55,2,false_positive_cleared,28.71,2539.72,False,3893,362
4717,617649,2025-09-17 05:10:28,2,false_positive_cleared,18.35,3337.19,False,3904,287
4720,617678,2025-09-17 05:55:39,2,false_positive_cleared,5.22,37.12,False,3246,586
4721,617684,2025-09-17 06:03:12,2,false_positive_cleared,2.41,2004.8,False,3025,97
4714,617848,2025-09-17 10:04:24,3,confirmed_fraud,21.16,2439.05,True,4606,100
4722,617988,2025-09-17 13:48:06,2,false_positive_cleared,20.28,64.41,False,145,55
4719,618001,2025-09-17 14:06:31,2,false_positive_cleared,12.75,2469.62,False,4821,373
4724,618004,2025-09-17 14:11:35,2,false_positive_cleared,5.12,3252.75,False,1576,223
4723,618046,2025-09-17 15:23:26,2,false_positive_cleared,29.53,285.8,False,3501,214
4725,618200,2025-09-17 18:52:32,2,false_positive_cleared,15.96,5367.14,False,4078,602
4728,618545,2025-09-18 03:26:35,2,false_positive_cleared,2.97,2463.46,False,128,748
4730,618550,2025-09-18 03:39:25,2,confirmed_fraud,10.43,792.91,False,5491,93
4729,618559,2025-09-18 03:57:35,2,confirmed_fraud,12.96,1663.36,False,55,337
4734,618597,2025-09-18 04:46:39,2,false_positive_cleared,21.07,6442.39,False,3718,447
4731,618667,2025-09-18 06:05:39,2,false_positive_cleared,34.75,8102.3,False,1007,107
4732,618679,2025-09-18 06:21:09,2,false_positive_cleared,9.02,102.38,False,5544,679
4733,618681,2025-09-18 06:22:06,2,false_positive_cleared,28.21,3230.18,False,5404,650
4735,618808,2025-09-18 09:55:31,2,false_positive_cleared,0.55,2259.53,False,2470,263
4736,618824,2025-09-18 10:19:55,2,false_positive_cleared,9.8,2440.89,False,4448,37
4737,618836,2025-09-18 10:36:37,2,false_positive_cleared,14.81,11909.38,False,247,363
4738,618874,2025-09-18 11:37:12,2,false_positive_cleared,6.16,4293.15,False,286,204
4727,618895,2025-09-18 12:13:50,3,false_positive_cleared,6.74,14668.3,False,2509,650
4739,618916,2025-09-18 12:52:49,2,false_positive_cleared,6.01,2101.1,False,5770,653
4740,618919,2025-09-18 12:58:59,2,false_positive_cleared,25.66,3079.01,False,3912,683
4741,619093,2025-09-18 16:40:18,2,false_positive_cleared,29.96,1784.99,False,5952,655
4742,619123,2025-09-18 17:11:41,2,false_positive_cleared,7.8,228.44,False,1637,300
4743,619486,2025-09-19 02:09:57,2,false_positive_cleared,4.75,2416.97,False,5793,608
4744,619726,2025-09-19 07:36:51,2,false_positive_cleared,17.06,90.72,False,1462,398
4745,619835,2025-09-19 09:52:19,2,false_positive_cleared,45.49,385.68,False,209,247
4746,619875,2025-09-19 10:46:45,2,false_positive_cleared,33.66,1875.93,False,1547,350
4747,619948,2025-09-19 13:09:34,2,false_positive_cleared,13.97,1874.43,False,2052,33
4748,619998,2025-09-19 14:24:23,2,false_positive_cleared,10.04,2304.91,False,5952,343
4749,620189,2025-09-19 19:19:07,2,false_positive_cleared,20.26,618.48,False,1577,796
4750,620196,2025-09-19 19:29:11,2,false_positive_cleared,2.97,3489.28,False,4821,662
4752,620491,2025-09-20 02:46:08,2,false_positive_cleared,10.73,2776.73,False,4110,415
4753,620604,2025-09-20 05:19:25,2,false_positive_cleared,20.66,971.22,False,2739,321
4754,620645,2025-09-20 06:16:13,2,false_positive_cleared,14.25,2242.3,False,2865,553
4751,620675,2025-09-20 06:40:39,3,false_positive_cleared,28.83,1743.37,False,2628,652
4755,620766,2025-09-20 09:17:27,2,false_positive_cleared,38.33,2303.21,False,1203,512
4756,620884,2025-09-20 12:34:33,2,false_positive_cleared,25.48,83.34,False,2226,237
4757,621001,2025-09-20 15:17:27,2,false_positive_cleared,14.06,1850.18,False,5406,790
4764,621026,2025-09-20 15:48:38,0,false_positive_cleared,7.45,105.15,False,3035,274
4758,621204,2025-09-20 19:30:02,2,false_positive_cleared,20.2,2321.76,False,3467,578
4763,621216,2025-09-20 19:52:23,0,false_positive_cleared,6.61,74.76,False,365,772
4760,621290,2025-09-20 21:47:38,2,false_positive_cleared,7.47,1664.29,False,2672,406
4759,621317,2025-09-20 22:30:09,2,false_positive_cleared,19.2,512.23,False,2628,700
4761,621323,2025-09-20 22:40:54,2,false_positive_cleared,10.11,2245.36,False,4889,288
4762,621327,2025-09-20 22:48:52,2,false_positive_cleared,11.5,3534.27,False,5839,726
4778,621392,2025-09-21 00:30:01,1,false_positive_cleared,14.25,2720.59,False,816,565
4765,621428,2025-09-21 01:28:13,3,false_positive_cleared,7.22,5528.05,False,1720,232
4766,621452,2025-09-21 02:09:35,2,false_positive_cleared,1.03,1845.29,False,1158,683
4767,621476,2025-09-21 02:35:18,2,false_positive_cleared,9.99,69.1,False,5700,783
4769,621536,2025-09-21 04:05:43,2,false_positive_cleared,12.03,162.32,False,4461,436
4768,621548,2025-09-21 04:27:25,2,false_positive_cleared,0.48,76.77,False,5708,660
4770,621553,2025-09-21 04:29:31,2,false_positive_cleared,13.01,464.52,False,2198,131
4771,621626,2025-09-21 06:20:50,2,false_positive_cleared,4.48,21304.8,False,5634,102
4773,621659,2025-09-21 06:55:56,2,false_positive_cleared,21.03,115.55,False,2992,437
4774,621688,2025-09-21 07:35:25,2,false_positive_cleared,11.05,7784.88,False,1592,794
4775,621785,2025-09-21 09:37:43,2,false_positive_cleared,18.11,187.47,False,5584,376
4779,621981,2025-09-21 14:31:46,0,false_positive_cleared,13.29,19.86,False,1597,102
4772,622211,2025-09-21 20:37:46,2,false_positive_cleared,18.53,29425.39,False,1850,117
4777,622233,2025-09-21 21:04:38,2,false_positive_cleared,4.68,2099.11,False,2391,509
4776,622331,2025-09-21 23:35:11,2,false_positive_cleared,31.74,1949.88,False,5620,650
4780,622393,2025-09-22 01:00:39,2,false_positive_cleared,13.89,11460.31,False,2119,236
4781,622591,2025-09-22 05:56:22,2,false_positive_cleared,1.65,1652.93,False,4101,115
4782,622680,2025-09-22 08:03:05,2,false_positive_cleared,4.29,4337.48,False,3306,388
4783,622831,2025-09-22 11:12:56,2,false_positive_cleared,10.75,2990.3,False,497,98
4788,622934,2025-09-22 13:41:39,0,false_positive_cleared,9.93,16.37,False,3519,638
4784,623042,2025-09-22 16:04:59,2,false_positive_cleared,18.04,2076.8,False,3834,435
4786,623114,2025-09-22 18:09:59,2,false_positive_cleared,5.05,4752.01,False,5552,275
4785,623154,2025-09-22 19:12:23,2,false_positive_cleared,1.56,15570.02,False,3731,651
4787,623156,2025-09-22 19:14:16,2,false_positive_cleared,12.14,173.93,False,4513,243
4789,623381,2025-09-23 00:25:41,2,false_positive_cleared,5.55,30141.95,False,1414,505
4790,623402,2025-09-23 00:51:59,2,false_positive_cleared,6.89,941.22,False,1532,424
4791,623489,2025-09-23 03:11:46,2,false_positive_cleared,12.69,2208.39,False,4909,166
4792,623535,2025-09-23 04:02:22,2,false_positive_cleared,22.64,353.66,False,3412,214
4793,623678,2025-09-23 07:04:23,2,false_positive_cleared,6.34,2353.71,False,202,238
4794,623749,2025-09-23 08:33:29,2,false_positive_cleared,14.67,1617.73,False,4502,505
4795,623772,2025-09-23 09:04:10,2,false_positive_cleared,14.09,2857.16,False,4744,352
4796,623959,2025-09-23 13:40:44,2,false_positive_cleared,2.54,32.32,False,491,54
4797,623963,2025-09-23 13:50:11,2,false_positive_cleared,5.85,47.23,False,574,79
4798,624101,2025-09-23 16:27:30,2,false_positive_cleared,7.98,566.7,False,548,533
4799,624142,2025-09-23 17:36:52,2,false_positive_cleared,18.22,1672.38,False,2768,280
4800,624166,2025-09-23 18:01:59,2,false_positive_cleared,15.18,9.35,False,1855,214
4801,624305,2025-09-23 21:24:27,2,false_positive_cleared,3.44,2261.59,False,5742,254
4802,624430,2025-09-24 00:25:56,2,false_positive_cleared,19.54,2975.74,False,188,416
4803,624502,2025-09-24 01:58:37,2,false_positive_cleared,10.03,3055.99,False,5296,482
4804,624543,2025-09-24 02:48:30,2,false_positive_cleared,9.05,339.64,False,2294,400
4805,624861,2025-09-24 11:09:41,2,false_positive_cleared,1.37,217.23,False,2089,488
4806,624901,2025-09-24 12:10:57,2,false_positive_cleared,8.83,825.57,False,968,655
4807,625004,2025-09-24 14:31:21,2,false_positive_cleared,14.76,1900.6,False,5807,393
4808,625074,2025-09-24 16:20:58,2,false_positive_cleared,10.61,2562.88,False,4744,597
4809,625147,2025-09-24 18:23:56,2,false_positive_cleared,3.58,2773.5,False,1794,636
4810,625257,2025-09-24 21:05:17,0,false_positive_cleared,24.46,1257.85,False,2144,275
4811,625504,2025-09-25 03:12:30,2,confirmed_fraud,8.38,1943.12,False,1325,470
4812,625606,2025-09-25 05:37:42,2,confirmed_fraud,11.74,1859.0,True,464,233
4813,625650,2025-09-25 06:38:13,2,false_positive_cleared,14.97,743.64,False,3805,92
4814,625655,2025-09-25 06:45:17,2,false_positive_cleared,10.06,386.38,False,1272,480
4815,625697,2025-09-25 07:38:02,2,false_positive_cleared,22.88,1935.77,False,3433,135
4816,625720,2025-09-25 08:16:36,2,false_positive_cleared,6.03,17496.51,False,2285,758
4817,625737,2025-09-25 08:33:57,2,false_positive_cleared,32.83,4686.41,False,2120,78
4818,625783,2025-09-25 09:44:00,2,false_positive_cleared,5.13,724.91,False,943,352
4822,625806,2025-09-25 10:23:03,0,false_positive_cleared,2.54,26.59,False,677,257
4819,625808,2025-09-25 10:26:03,2,false_positive_cleared,20.63,493.34,False,4284,778
4820,626293,2025-09-25 22:29:02,2,false_positive_cleared,2.85,9420.42,False,2714,569
4821,626323,2025-09-25 23:14:51,2,false_positive_cleared,5.29,13.08,False,3607,2
4823,626419,2025-09-26 01:22:15,2,confirmed_fraud,2.36,2418.33,False,4909,551
4824,626504,2025-09-26 03:24:04,2,false_positive_cleared,2.73,2677.21,False,1177,41
4825,626610,2025-09-26 06:32:21,2,false_positive_cleared,5.9,8469.76,False,2182,528
4826,626648,2025-09-26 07:28:59,2,false_positive_cleared,5.19,1984.59,False,5038,682
4827,626651,2025-09-26 07:33:06,2,false_positive_cleared,5.24,25.24,False,2209,718
4828,626742,2025-09-26 09:51:40,2,false_positive_cleared,2.57,2437.1,False,3956,783
4829,626798,2025-09-26 11:09:12,2,false_positive_cleared,15.22,5732.29,False,3450,369
4830,626915,2025-09-26 13:37:57,2,false_positive_cleared,17.68,1732.06,False,1319,166
4831,626925,2025-09-26 13:47:00,2,false_positive_cleared,16.24,2043.92,False,4407,39
4832,626938,2025-09-26 14:04:39,2,false_positive_cleared,4.96,845.31,False,5488,555
4833,626956,2025-09-26 14:26:53,2,false_positive_cleared,9.53,2357.69,False,1314,666
4834,627020,2025-09-26 15:55:28,2,false_positive_cleared,5.87,2012.48,False,1477,352
4835,627055,2025-09-26 16:43:59,2,false_positive_cleared,12.97,1785.58,False,2756,265
4836,627119,2025-09-26 18:16:29,2,false_positive_cleared,17.76,2246.03,False,4615,434
4837,627159,2025-09-26 19:53:30,2,false_positive_cleared,4.15,231.12,False,5370,555
4838,627213,2025-09-26 21:05:52,2,false_positive_cleared,0.36,1763.36,False,3614,610
4839,627274,2025-09-26 22:31:51,2,false_positive_cleared,5.65,2926.41,False,1720,163
4840,627279,2025-09-26 22:40:49,2,false_positive_cleared,6.36,1957.03,False,4909,777
4841,627296,2025-09-26 22:59:26,2,false_positive_cleared,31.89,1773.27,False,3069,585
4842,627423,2025-09-27 01:49:22,2,false_positive_cleared,19.54,2472.39,False,2470,394
4843,627447,2025-09-27 02:18:07,2,false_positive_cleared,7.28,2313.45,False,3479,548
4844,627585,2025-09-27 05:53:33,2,false_positive_cleared,11.21,13889.85,False,2841,472
4845,627588,2025-09-27 06:00:38,2,false_positive_cleared,6.89,6229.69,False,733,680
4846,627619,2025-09-27 06:59:36,2,false_positive_cleared,28.57,13298.43,False,3778,278
4847,627667,2025-09-27 07:59:47,2,false_positive_cleared,19.75,156.47,False,4917,325
4848,627720,2025-09-27 09:13:19,2,false_positive_cleared,1.9,3003.98,False,4407,413
4849,627838,2025-09-27 11:58:39,2,false_positive_cleared,16.29,1714.32,False,1320,595
4850,627855,2025-09-27 12:30:28,2,false_positive_cleared,55.48,394.51,False,1549,374
4851,627992,2025-09-27 15:48:00,2,confirmed_fraud,3.21,13352.8,True,3962,600
4853,628199,2025-09-27 20:59:17,0,false_positive_cleared,6.57,109.25,False,1326,568
4852,628208,2025-09-27 21:11:12,2,false_positive_cleared,3.09,18607.05,False,2473,519
4854,628326,2025-09-28 00:12:06,2,false_positive_cleared,1.05,304.53,False,1112,321
4855,628355,2025-09-28 00:43:29,2,false_positive_cleared,13.72,11680.42,False,3469,464
4856,628445,2025-09-28 03:06:57,2,false_positive_cleared,17.47,126.08,False,384,718
4857,628505,2025-09-28 04:35:01,2,false_positive_cleared,6.6,42.55,False,2701,133
4858,628510,2025-09-28 04:35:39,2,false_positive_cleared,11.14,2561.43,False,3475,548
4859,628546,2025-09-28 05:28:51,2,confirmed_fraud,24.68,4417.44,False,4622,561
4860,628582,2025-09-28 06:21:53,2,false_positive_cleared,4.03,1664.76,False,5556,250
4861,628604,2025-09-28 07:03:01,2,false_positive_cleared,30.33,107.14,False,2190,161
4862,628866,2025-09-28 13:18:13,2,false_positive_cleared,11.43,2322.65,False,2021,743
4863,628867,2025-09-28 13:18:14,2,false_positive_cleared,33.09,636.6,False,2990,676
4864,629012,2025-09-28 16:28:46,2,confirmed_fraud,3.41,28.03,False,5953,156
4865,629081,2025-09-28 18:14:03,2,false_positive_cleared,1.88,648.69,False,1826,346
4866,629114,2025-09-28 19:21:54,0,false_positive_cleared,3.72,902.92,False,5658,403
4868,629384,2025-09-29 01:45:03,2,false_positive_cleared,32.58,1698.03,False,1852,80
4872,629422,2025-09-29 02:41:13,2,false_positive_cleared,2.74,5765.43,False,4226,371
4869,629590,2025-09-29 06:41:22,2,false_positive_cleared,4.8,240.37,False,5451,651
4870,629626,2025-09-29 07:26:51,2,false_positive_cleared,8.12,584.47,False,2314,464
4871,629691,2025-09-29 09:01:22,2,false_negative_cleared,14.44,2775.51,True,3273,405
4873,629709,2025-09-29 09:33:35,2,false_positive_cleared,8.25,4655.62,False,1074,461
4874,629961,2025-09-29 16:16:33,2,false_positive_cleared,5.97,468.29,False,4953,243
4876,630008,2025-09-29 17:09:22,2,false_positive_cleared,6.26,1702.72,False,2182,632
4875,630021,2025-09-29 17:24:48,2,false_positive_cleared,13.82,1631.48,False,3912,274
4877,630023,2025-09-29 17:26:47,2,false_positive_cleared,1.15,1985.22,False,2993,691
4878,630062,2025-09-29 18:28:53,2,false_positive_cleared,23.3,22467.0,False,3089,162
4879,630084,2025-09-29 18:59:01,2,false_positive_cleared,7.21,49557.42,False,4182,342
4867,630090,2025-09-29 19:03:58,3,false_positive_cleared,3.12,3072.2,False,4151,55
4880,630230,2025-09-29 22:36:04,2,false_positive_cleared,6.22,2733.95,False,2119,741
4881,630343,2025-09-30 01:25:17,2,false_positive_cleared,17.33,2335.6,False,2904,555
4882,630377,2025-09-30 02:12:01,2,false_positive_cleared,18.2,410.84,False,473,223
4883,630463,2025-09-30 04:39:14,2,false_positive_cleared,9.99,156.64,False,1183,439
4884,630514,2025-09-30 05:44:04,2,false_positive_cleared,13.84,2042.7,False,2566,194
4885,630596,2025-09-30 07:41:37,2,false_positive_cleared,16.98,3081.88,False,5357,62
4886,630634,2025-09-30 08:27:11,2,false_positive_cleared,7.3,9768.49,False,5357,658
4887,630843,2025-09-30 13:31:34,2,false_positive_cleared,16.37,2058.28,False,1547,286
4888,630863,2025-09-30 13:57:05,2,false_positive_cleared,2.6,14242.45,False,2951,49
4889,630942,2025-09-30 15:54:02,2,false_positive_cleared,9.89,4804.53,False,2596,749
4890,630958,2025-09-30 16:06:16,2,false_positive_cleared,2.66,91.01,False,5834,345
4891,631018,2025-09-30 17:22:43,2,false_positive_cleared,5.3,10140.66,False,1225,750
4892,631222,2025-09-30 22:12:44,2,false_positive_cleared,4.67,2779.33,False,2301,179
4893,631309,2025-10-01 00:11:38,2,false_positive_cleared,8.86,196.77,False,4479,730
4894,631385,2025-10-01 02:08:11,2,false_positive_cleared,11.74,678.08,False,386,55
4895,631414,2025-10-01 02:49:07,2,false_positive_cleared,5.31,1707.55,False,5420,123
4896,631778,2025-10-01 11:35:03,2,false_positive_cleared,26.67,1686.66,False,5052,732
4897,631786,2025-10-01 11:45:19,2,false_positive_cleared,15.24,4205.52,False,3478,262
4898,631796,2025-10-01 11:56:28,2,false_positive_cleared,8.67,8460.94,False,2346,644
4899,631800,2025-10-01 11:57:50,2,false_positive_cleared,24.27,18.79,False,4753,772
4900,631801,2025-10-01 12:02:28,2,false_positive_cleared,11.3,4598.94,False,3756,502
4901,631943,2025-10-01 15:13:28,2,confirmed_fraud,0.65,9905.2,True,4041,95
4902,632109,2025-10-01 19:15:31,2,false_positive_cleared,2.13,2363.37,False,5747,237
4903,632151,2025-10-01 19:54:38,2,false_positive_cleared,33.42,355.01,False,3514,56
4904,632230,2025-10-01 21:47:02,2,false_positive_cleared,14.68,7175.65,False,5167,465
4905,632265,2025-10-01 22:27:04,2,false_positive_cleared,17.73,681.05,False,203,276
4907,632440,2025-10-02 02:58:30,2,false_positive_cleared,17.3,309.05,False,2693,387
4911,632444,2025-10-02 03:02:34,2,false_positive_cleared,11.23,2349.58,False,5109,560
4908,632502,2025-10-02 04:34:39,2,false_positive_cleared,3.36,2320.6,False,462,675
4909,632597,2025-10-02 07:14:21,2,false_positive_cleared,15.0,33.16,False,2836,159
4919,632604,2025-10-02 07:23:00,0,false_positive_cleared,12.74,178.0,False,67,90
4910,632764,2025-10-02 11:35:54,2,false_positive_cleared,1.57,4462.32,False,88,735
4913,632796,2025-10-02 12:23:54,2,false_positive_cleared,3.58,353.42,False,4502,432
4915,632801,2025-10-02 12:33:31,2,false_positive_cleared,14.32,2883.85,False,4221,284
4914,632829,2025-10-02 13:18:41,2,false_positive_cleared,11.4,44501.73,False,544,232
4912,632891,2025-10-02 15:04:44,2,false_positive_cleared,3.14,3002.08,False,5751,192
4917,632906,2025-10-02 15:25:47,2,false_positive_cleared,12.77,4735.35,False,794,668
4906,632983,2025-10-02 17:13:09,3,false_positive_cleared,4.81,4862.3,False,4731,326
4916,633126,2025-10-02 20:56:25,2,false_positive_cleared,25.97,1661.19,False,2740,615
4918,633235,2025-10-02 23:38:00,2,false_positive_cleared,11.08,1705.21,False,962,482
4920,633491,2025-10-03 05:53:26,2,false_positive_cleared,21.1,9352.85,False,436,84
4921,633530,2025-10-03 06:36:16,2,false_positive_cleared,16.63,3831.77,False,4731,260
4922,633626,2025-10-03 09:00:54,2,false_positive_cleared,18.87,720.01,False,1513,562
4923,633706,2025-10-03 10:48:14,2,false_positive_cleared,1.52,1701.47,False,4048,128
4924,633722,2025-10-03 11:06:41,2,false_positive_cleared,8.88,2007.67,False,94,282
4925,633794,2025-10-03 12:59:58,2,confirmed_fraud,14.46,71.73,True,2736,231
4926,633844,2025-10-03 14:21:53,2,confirmed_fraud,17.37,2482.83,True,1530,160
4927,634080,2025-10-03 19:57:28,2,false_positive_cleared,3.08,12225.57,False,2285,649
4928,634082,2025-10-03 20:01:36,2,false_positive_cleared,3.12,3179.38,False,2168,402
4929,634096,2025-10-03 20:26:17,2,false_positive_cleared,25.11,4838.41,False,1720,163
4931,634107,2025-10-03 20:42:24,1,false_positive_cleared,23.53,93.35,False,3494,35
4930,634236,2025-10-03 23:45:22,2,false_positive_cleared,3.14,2998.36,False,3626,6
4932,634270,2025-10-04 00:41:15,2,false_positive_cleared,17.94,2260.04,False,3478,92
4933,634396,2025-10-04 04:17:20,2,false_positive_cleared,8.36,5723.98,False,3469,751
4934,634499,2025-10-04 06:49:23,2,false_positive_cleared,5.1,2858.43,False,4309,382
4935,634503,2025-10-04 06:52:56,2,false_positive_cleared,14.98,71.0,False,1431,694
4936,634556,2025-10-04 08:10:21,2,false_positive_cleared,16.19,7018.33,False,3823,15
4937,634571,2025-10-04 08:30:31,2,false_positive_cleared,8.81,46494.69,False,544,544
4938,634591,2025-10-04 09:07:21,2,false_positive_cleared,5.18,1723.97,False,5254,139
4939,634636,2025-10-04 10:14:43,2,false_positive_cleared,7.88,8084.84,False,2182,68
4940,635015,2025-10-04 19:01:45,2,false_positive_cleared,20.44,1385.52,False,4915,328
4942,635383,2025-10-05 04:12:11,2,false_positive_cleared,13.91,1184.3,False,4995,458
4943,635520,2025-10-05 07:39:19,2,false_positive_cleared,11.96,3723.41,False,1260,430
4944,635806,2025-10-05 15:39:34,2,false_positive_cleared,13.21,3274.37,False,4294,788
4946,635820,2025-10-05 16:05:30,2,false_positive_cleared,9.04,268.53,False,3146,743
4945,635911,2025-10-05 18:21:05,2,false_positive_cleared,34.18,4.83,False,2401,584
4947,635975,2025-10-05 19:51:08,2,false_positive_cleared,25.44,572.31,False,2198,50
4948,635993,2025-10-05 20:21:19,2,false_positive_cleared,10.0,1662.27,False,3464,446
4949,635996,2025-10-05 20:26:29,2,false_positive_cleared,4.03,1605.16,False,4304,42
4950,636083,2025-10-05 22:44:48,2,false_positive_cleared,32.07,2139.67,False,4909,97
4941,636087,2025-10-05 22:47:19,3,false_negative_cleared,2.63,1392.68,True,3577,48
4951,636148,2025-10-06 00:20:02,2,false_positive_cleared,6.85,1918.1,False,105,156
4952,636157,2025-10-06 00:31:30,2,false_positive_cleared,9.49,8640.33,False,1292,257
4964,636274,2025-10-06 03:07:37,0,false_positive_cleared,3.23,88.08,False,4572,22
4953,636336,2025-10-06 04:30:55,2,false_positive_cleared,28.91,2096.95,False,5901,626
4954,636394,2025-10-06 05:50:53,2,false_positive_cleared,8.36,1931.89,False,290,31
4955,636423,2025-10-06 06:34:35,2,false_positive_cleared,9.19,641.37,False,456,203
4956,636611,2025-10-06 11:09:13,2,false_positive_cleared,2.32,1653.63,False,3906,252
4958,636630,2025-10-06 11:42:52,2,false_positive_cleared,11.31,292.57,False,3798,101
4959,636633,2025-10-06 11:46:49,2,false_positive_cleared,8.03,131.52,False,2987,218
4960,636756,2025-10-06 14:34:18,2,false_positive_cleared,13.1,11338.14,False,1589,19
4957,636770,2025-10-06 14:58:47,2,false_positive_cleared,11.32,5488.41,False,3795,503
4962,636771,2025-10-06 14:59:07,2,false_positive_cleared,16.67,2081.11,False,1618,311
4961,636905,2025-10-06 18:03:51,2,false_positive_cleared,1.41,1844.96,False,712,661
4963,637152,2025-10-06 23:55:38,2,false_positive_cleared,2.2,417.11,False,5802,189
4965,637206,2025-10-07 01:04:21,2,false_positive_cleared,14.15,18569.6,False,1363,215
4966,637291,2025-10-07 03:23:44,2,false_positive_cleared,4.68,3137.14,False,3932,635
4967,637537,2025-10-07 09:08:40,2,false_positive_cleared,15.22,1204.13,False,1221,592
4968,637542,2025-10-07 09:22:21,2,false_positive_cleared,4.61,3201.32,False,3057,96
4969,637586,2025-10-07 10:27:36,2,false_positive_cleared,5.54,1736.37,False,4915,669
4970,637663,2025-10-07 12:34:30,2,false_positive_cleared,18.82,327.72,False,2335,414
4971,637673,2025-10-07 12:56:55,2,false_positive_cleared,15.82,2004.5,False,3461,459
4972,637917,2025-10-07 19:16:24,2,false_positive_cleared,4.64,1971.97,False,2078,378
4973,638118,2025-10-08 00:35:54,2,false_positive_cleared,24.36,4791.42,False,2714,406
4974,638168,2025-10-08 01:40:50,2,false_positive_cleared,37.55,2105.58,False,5004,221
4975,638269,2025-10-08 04:17:04,2,false_positive_cleared,5.18,2964.21,False,4355,746
4976,638329,2025-10-08 05:25:20,2,false_positive_cleared,18.04,82.81,False,2790,750
4977,638466,2025-10-08 08:55:12,2,false_positive_cleared,10.57,27.3,False,1360,134
4978,638501,2025-10-08 09:47:33,2,false_positive_cleared,1.21,1809.15,False,2660,652
4979,638509,2025-10-08 09:53:33,2,false_positive_cleared,3.67,2355.21,False,3020,708
4980,638601,2025-10-08 11:55:22,2,false_positive_cleared,7.38,1815.19,False,4119,201
4981,638678,2025-10-08 13:57:03,2,false_positive_cleared,11.13,2336.42,False,55,712
4982,638715,2025-10-08 14:51:59,2,false_positive_cleared,8.99,2062.56,False,4756,88
4983,638779,2025-10-08 16:17:33,2,false_positive_cleared,16.5,49.32,False,1601,614
4984,638960,2025-10-08 21:15:39,2,false_positive_cleared,23.84,1538.8,False,5004,659
4985,639198,2025-10-09 02:33:57,2,false_positive_cleared,6.53,516.86,False,1831,252
4997,639263,2025-10-09 04:01:31,0,false_positive_cleared,6.8,242.39,False,554,286
4986,639277,2025-10-09 04:27:03,2,confirmed_fraud,23.97,12300.88,True,5403,127
4996,639494,2025-10-09 09:26:18,0,confirmed_fraud,6.3,342.25,False,4829,437
4987,639508,2025-10-09 09:41:45,2,false_positive_cleared,15.91,205.7,False,1413,345
4989,639726,2025-10-09 15:08:04,2,false_positive_cleared,10.15,1939.71,False,5038,748
4988,639826,2025-10-09 17:23:46,2,false_positive_cleared,7.74,142.29,False,3658,203
4992,639827,2025-10-09 17:25:32,2,false_positive_cleared,13.8,2357.26,False,794,15
4993,639966,2025-10-09 20:27:09,2,false_positive_cleared,17.45,490.72,False,4229,552
4990,639995,2025-10-09 21:34:09,2,false_positive_cleared,21.65,3063.27,False,1868,356
4991,640016,2025-10-09 22:02:48,2,false_positive_cleared,11.54,5137.97,False,2121,409
4994,640031,2025-10-09 22:41:10,2,false_positive_cleared,8.73,1635.83,False,733,333
4995,640051,2025-10-09 23:23:20,2,false_positive_cleared,26.22,881.15,False,2207,552
4998,640082,2025-10-10 00:22:26,2,false_positive_cleared,8.58,10180.83,False,3317,496
4999,640145,2025-10-10 02:08:57,2,false_positive_cleared,1.9,2422.58,False,95,310
5000,640306,2025-10-10 05:51:34,2,false_positive_cleared,13.71,10375.32,False,1292,37
5001,640324,2025-10-10 06:13:50,2,false_positive_cleared,26.56,2903.35,False,3756,716
5002,640434,2025-10-10 09:19:08,2,false_positive_cleared,9.35,6501.25,False,4110,685
5003,640478,2025-10-10 10:35:22,2,false_positive_cleared,6.98,3833.67,False,2256,329
5007,640511,2025-10-10 11:20:13,0,false_positive_cleared,9.35,119.59,False,2479,310
5004,640628,2025-10-10 13:49:07,2,false_positive_cleared,9.98,1956.02,False,5278,51
5005,640787,2025-10-10 17:14:57,2,false_positive_cleared,15.35,4517.1,False,5831,419
5006,640874,2025-10-10 19:33:59,2,false_positive_cleared,34.44,1924.52,False,3033,452
5008,641185,2025-10-11 03:07:32,2,false_positive_cleared,11.14,2190.73,False,1795,7
5009,641217,2025-10-11 03:51:57,2,false_positive_cleared,8.75,1972.17,False,1186,479
5010,641265,2025-10-11 05:03:31,2,false_positive_cleared,1.82,1684.69,False,3211,645
5011,641820,2025-10-11 18:22:25,2,false_positive_cleared,23.83,8001.53,False,2896,517
5012,641859,2025-10-11 19:12:28,2,false_positive_cleared,20.81,486.97,False,3848,345
5013,641876,2025-10-11 19:33:44,2,false_positive_cleared,14.49,2894.98,False,5193,131
5014,642103,2025-10-11 23:53:54,2,false_positive_cleared,6.39,5924.9,False,2658,355
5026,642164,2025-10-12 01:41:38,0,false_positive_cleared,4.67,406.77,False,5671,193
5015,642383,2025-10-12 07:50:05,2,false_positive_cleared,11.88,2090.31,False,569,450
5016,642435,2025-10-12 09:17:50,2,false_positive_cleared,6.31,2959.29,False,1907,141
5017,642465,2025-10-12 09:48:52,2,confirmed_fraud,3.61,3048.75,False,672,114
5018,642576,2025-10-12 12:36:30,2,false_positive_cleared,11.85,1699.9,False,1519,102
5020,642588,2025-10-12 12:51:43,2,false_positive_cleared,15.93,249.27,False,1047,259
5021,642746,2025-10-12 16:17:01,2,false_positive_cleared,12.47,1721.98,False,2207,793
5022,642781,2025-10-12 17:19:23,2,false_positive_cleared,19.79,4135.8,False,2118,178
5019,642859,2025-10-12 18:49:46,2,false_positive_cleared,1.91,2488.49,False,265,515
5024,642888,2025-10-12 19:25:37,2,false_positive_cleared,7.4,654.71,False,5528,508
5023,642919,2025-10-12 20:21:36,2,false_positive_cleared,9.81,2334.89,False,1606,421
5025,642977,2025-10-12 21:42:32,2,false_positive_cleared,10.85,1603.41,False,55,468
5028,643094,2025-10-13 01:09:37,2,false_positive_cleared,18.88,176.16,False,192,130
5030,643130,2025-10-13 02:00:17,2,false_positive_cleared,12.51,2001.05,False,666,259
5029,643241,2025-10-13 05:07:10,2,false_positive_cleared,6.1,455.61,False,1787,430
5031,643408,2025-10-13 09:22:53,2,false_positive_cleared,11.79,67.16,False,1002,326
5032,643436,2025-10-13 09:59:24,2,confirmed_fraud,4.63,25.45,False,2900,102
5034,643499,2025-10-13 11:07:28,2,false_positive_cleared,6.25,2218.8,False,1520,25
5033,643528,2025-10-13 11:43:34,2,confirmed_fraud,1.93,3546.62,True,2612,119
5035,643569,2025-10-13 12:41:41,2,false_positive_cleared,1.41,3128.21,False,5263,694
5038,643777,2025-10-13 17:49:33,0,false_positive_cleared,13.71,144.36,False,1071,709
5037,643807,2025-10-13 18:31:02,0,false_positive_cleared,3.25,216.03,False,5786,699
5027,643967,2025-10-13 22:04:55,3,false_positive_cleared,8.31,2686.38,False,286,159
5036,643992,2025-10-13 22:52:48,2,confirmed_fraud,6.25,2721.63,True,2650,180
5040,644092,2025-10-14 01:08:50,2,false_positive_cleared,6.9,1440.8,False,2241,680
5041,644145,2025-10-14 02:30:39,2,false_positive_cleared,8.52,2335.05,False,2800,598
5042,644190,2025-10-14 03:43:23,2,false_positive_cleared,0.74,5815.72,False,293,514
5039,644194,2025-10-14 03:46:14,3,false_positive_cleared,10.54,3717.46,False,1874,17
5043,644226,2025-10-14 04:46:25,2,false_positive_cleared,10.78,3409.57,False,4264,680
5044,644354,2025-10-14 08:04:45,2,false_positive_cleared,3.42,2044.8,False,4576,692
5045,644397,2025-10-14 09:05:03,2,false_positive_cleared,8.43,4248.17,False,4257,387
5046,644491,2025-10-14 11:09:59,2,false_positive_cleared,6.48,8520.8,False,3317,51
5052,644536,2025-10-14 12:21:28,1,false_positive_cleared,9.33,4450.58,False,2144,32
5047,644545,2025-10-14 12:36:19,2,false_positive_cleared,16.57,4687.85,False,380,762
5048,644650,2025-10-14 14:58:39,2,false_positive_cleared,8.47,14046.91,False,1606,281
5050,644895,2025-10-14 21:19:35,2,false_positive_cleared,10.78,5472.34,False,5961,356
5049,644905,2025-10-14 21:37:00,2,false_positive_cleared,9.69,2710.6,False,3038,150
5051,644998,2025-10-14 23:53:55,2,false_positive_cleared,9.74,2260.27,False,1932,143
5055,645102,2025-10-15 02:06:01,2,false_positive_cleared,21.8,154.1,False,807,26
5056,645226,2025-10-15 04:45:46,2,false_positive_cleared,7.39,8997.49,False,106,450
5058,645289,2025-10-15 06:09:13,2,false_positive_cleared,11.62,1716.84,False,5979,323
5057,645307,2025-10-15 06:35:01,2,false_positive_cleared,2.78,2268.52,False,286,165
5054,645313,2025-10-15 06:38:16,3,false_positive_cleared,6.18,1878.01,False,2922,505
5053,645422,2025-10-15 09:14:53,3,false_positive_cleared,2.34,2556.97,False,1758,405
5059,645615,2025-10-15 13:43:46,2,false_positive_cleared,17.7,5698.96,False,3089,534
5060,645777,2025-10-15 18:04:56,2,false_positive_cleared,10.5,2708.68,False,5263,724
5061,645785,2025-10-15 18:14:53,2,false_positive_cleared,30.56,1547.52,False,1220,278
5062,645841,2025-10-15 19:23:50,2,false_positive_cleared,22.74,2380.64,False,4141,135
5063,645919,2025-10-15 21:58:40,2,false_positive_cleared,13.75,149.05,False,211,534
5064,645995,2025-10-15 23:38:38,2,confirmed_fraud,12.39,34.91,True,1502,158
5065,646067,2025-10-16 01:24:59,3,false_positive_cleared,11.48,10507.24,False,791,247
5066,646097,2025-10-16 02:09:47,2,false_positive_cleared,6.01,2730.64,False,2792,52
5067,646188,2025-10-16 04:00:28,2,false_positive_cleared,9.72,2358.39,False,5357,658
5068,646224,2025-10-16 04:48:59,2,false_positive_cleared,3.46,69.16,False,403,17
5069,646225,2025-10-16 04:49:59,2,false_positive_cleared,14.07,2878.89,False,4236,452
5070,646238,2025-10-16 05:05:41,2,false_positive_cleared,27.36,81.93,False,246,571
5071,646402,2025-10-16 09:15:56,2,false_positive_cleared,29.52,924.02,False,1813,53
5072,646513,2025-10-16 12:25:48,2,false_positive_cleared,13.54,2770.85,False,1592,327
5073,646521,2025-10-16 12:32:48,2,false_positive_cleared,16.93,1702.21,False,1567,300
5074,646677,2025-10-16 16:00:33,2,false_positive_cleared,12.84,563.4,False,2321,69
5075,646991,2025-10-16 22:58:03,2,false_positive_cleared,10.61,3965.16,False,3014,11
5076,647024,2025-10-16 23:46:54,2,false_positive_cleared,12.19,1871.7,False,4550,78
5078,647103,2025-10-17 01:37:48,2,confirmed_fraud,4.92,1814.59,False,1220,736
5079,647111,2025-10-17 01:46:04,2,false_positive_cleared,8.86,9441.65,False,3198,34
5080,647163,2025-10-17 03:14:33,2,false_positive_cleared,16.34,37.07,False,2350,12
5077,647186,2025-10-17 03:33:49,3,false_positive_cleared,4.05,1850.28,False,612,308
5081,647254,2025-10-17 05:05:38,2,false_positive_cleared,10.71,7189.29,False,2438,296
5082,647281,2025-10-17 05:47:50,2,false_positive_cleared,22.75,9210.08,False,3089,194
5083,647415,2025-10-17 09:25:00,2,false_positive_cleared,16.8,8738.65,False,1589,215
5084,647551,2025-10-17 12:38:07,2,false_positive_cleared,10.56,3013.21,False,1922,57
5085,647707,2025-10-17 16:31:39,2,false_positive_cleared,4.34,1913.94,False,2154,217
5086,647720,2025-10-17 16:50:57,2,false_positive_cleared,17.79,106.6,False,5276,719
5087,647778,2025-10-17 18:14:49,2,false_positive_cleared,8.95,167.76,False,1674,19
5088,647824,2025-10-17 19:12:25,2,false_positive_cleared,17.83,2644.72,False,2103,645
5094,648171,2025-10-18 03:27:12,2,false_positive_cleared,12.71,1670.26,False,335,214
5093,648327,2025-10-18 07:07:20,2,false_positive_cleared,6.8,3190.4,False,1243,172
5092,648334,2025-10-18 07:16:18,2,false_positive_cleared,3.86,1860.63,False,3363,163
5090,648364,2025-10-18 08:00:08,3,false_positive_cleared,20.25,1854.68,False,347,328
5095,648381,2025-10-18 08:29:44,2,false_positive_cleared,0.28,16112.66,False,4227,752
5097,648406,2025-10-18 09:06:11,2,false_positive_cleared,11.37,2390.22,False,175,617
5096,648410,2025-10-18 09:09:48,2,false_positive_cleared,11.38,5866.97,False,2421,385
5099,648689,2025-10-18 17:03:02,2,false_positive_cleared,14.76,3682.91,False,2422,673
5098,648763,2025-10-18 19:08:16,2,false_positive_cleared,4.95,62.51,False,4422,579
5091,648791,2025-10-18 19:57:46,3,false_positive_cleared,13.18,1969.85,False,1992,56
5089,648880,2025-10-18 22:15:51,4,false_positive_cleared,4.07,1648.92,False,3363,364
5100,649008,2025-10-19 01:43:30,3,false_positive_cleared,17.2,2754.74,False,1014,211
5101,649015,2025-10-19 01:48:14,2,false_positive_cleared,22.53,2048.97,False,5339,130
5102,649023,2025-10-19 02:07:29,2,false_positive_cleared,11.54,476.78,False,4495,617
5103,649042,2025-10-19 02:30:10,2,false_positive_cleared,7.81,2401.75,False,5463,274
5104,649046,2025-10-19 02:39:24,2,false_positive_cleared,7.61,7256.87,False,2285,227
5105,649060,2025-10-19 02:52:31,2,false_positive_cleared,7.17,2286.16,False,4797,595
5106,649104,2025-10-19 03:52:14,2,false_positive_cleared,19.01,5503.8,False,2168,82
5120,649242,2025-10-19 07:17:02,0,false_positive_cleared,15.18,234.76,False,5753,688
5107,649255,2025-10-19 07:33:10,2,false_positive_cleared,5.12,10096.53,False,3228,29
5119,649257,2025-10-19 07:38:21,0,false_positive_cleared,4.53,440.54,False,3354,707
5108,649270,2025-10-19 07:53:04,2,false_positive_cleared,11.81,11253.21,False,2509,726
5110,649492,2025-10-19 13:19:08,2,false_positive_cleared,8.99,1625.81,False,5248,678
5109,649522,2025-10-19 14:15:40,2,false_positive_cleared,12.24,3394.92,False,4149,579
5112,649569,2025-10-19 15:24:10,2,false_positive_cleared,5.96,1400.67,False,867,465
5111,649641,2025-10-19 17:30:31,2,false_positive_cleared,21.04,964.85,False,4407,22
5115,649791,2025-10-19 21:22:56,2,false_positive_cleared,10.97,31.77,False,1755,391
5116,649799,2025-10-19 21:34:38,2,false_positive_cleared,8.73,4513.91,False,4829,552
5113,649825,2025-10-19 22:12:37,2,false_positive_cleared,11.77,6824.46,False,2438,37
5114,649844,2025-10-19 22:55:06,2,confirmed_fraud,13.06,3189.67,True,957,556
5117,649851,2025-10-19 23:09:01,2,false_positive_cleared,16.5,2573.08,False,867,138
5118,649871,2025-10-19 23:31:48,2,false_positive_cleared,15.62,3773.06,False,4849,652
5121,649938,2025-10-20 01:14:47,2,false_positive_cleared,9.85,16062.03,False,4524,72
5122,650075,2025-10-20 04:45:17,2,confirmed_fraud,16.24,868.69,False,2908,637
5135,650127,2025-10-20 05:54:49,0,false_positive_cleared,19.98,193.42,False,1837,466
5123,650177,2025-10-20 07:10:07,2,false_positive_cleared,0.88,14641.06,False,4207,172
5134,650197,2025-10-20 07:38:09,1,false_positive_cleared,17.31,2568.84,False,151,607
5124,650357,2025-10-20 11:21:48,2,false_positive_cleared,9.93,98.52,False,1234,64
5126,650366,2025-10-20 11:32:22,2,false_positive_cleared,8.6,2039.98,False,4575,54
5125,650435,2025-10-20 13:16:44,2,false_positive_cleared,4.12,243.91,False,1502,735
5128,650442,2025-10-20 13:29:47,2,false_positive_cleared,4.21,979.0,False,1268,356
5127,650443,2025-10-20 13:31:36,2,false_positive_cleared,28.71,27.21,False,75,85
5131,650469,2025-10-20 14:06:57,2,false_positive_cleared,21.21,165.8,False,4876,291
5132,650503,2025-10-20 15:01:27,2,false_positive_cleared,26.85,4238.39,False,3038,305
5129,650572,2025-10-20 16:42:53,2,false_positive_cleared,2.38,1243.65,False,2143,735
5136,650586,2025-10-20 17:06:02,0,false_positive_cleared,16.14,876.49,False,5273,553
5130,650774,2025-10-20 21:24:03,2,false_positive_cleared,4.02,2313.05,False,1014,366
5133,650861,2025-10-20 23:32:39,2,false_positive_cleared,14.72,31209.58,False,4202,405
5141,650888,2025-10-21 00:25:34,2,false_positive_cleared,12.02,15249.27,False,5301,535
5140,650890,2025-10-21 00:30:37,2,confirmed_fraud,4.37,1252.05,True,2948,264
5139,650935,2025-10-21 01:22:22,2,confirmed_fraud,17.08,1455.77,False,5630,427
5143,650942,2025-10-21 01:30:42,2,false_positive_cleared,7.14,3376.5,False,1788,456
5142,650948,2025-10-21 01:41:26,2,false_positive_cleared,1.25,165.38,False,193,296
5145,651112,2025-10-21 05:01:09,2,false_positive_cleared,2.92,768.22,False,3396,641
5137,651303,2025-10-21 10:14:50,3,false_positive_cleared,14.41,2074.12,False,630,391
5144,651433,2025-10-21 13:31:06,2,false_positive_cleared,10.82,1800.58,False,1831,146
5146,651582,2025-10-21 16:59:55,2,false_positive_cleared,4.98,178.71,False,5988,10
5147,651599,2025-10-21 17:28:41,2,false_positive_cleared,4.25,1860.41,False,2167,381
5148,651684,2025-10-21 19:36:04,2,false_positive_cleared,20.51,2180.1,False,3468,476
5138,651723,2025-10-21 20:36:38,3,false_positive_cleared,3.72,5090.64,False,2354,65
5149,651791,2025-10-21 22:14:01,2,false_positive_cleared,7.12,2679.81,False,959,453
5150,651925,2025-10-22 01:20:36,2,false_positive_cleared,31.48,55.98,False,2518,605
5151,651931,2025-10-22 01:24:37,2,false_positive_cleared,32.0,245.88,False,556,54
5152,651994,2025-10-22 02:46:32,2,false_positive_cleared,3.42,3946.83,False,2180,137
5153,652127,2025-10-22 06:02:27,2,false_positive_cleared,20.85,1801.07,False,3844,165
5154,652467,2025-10-22 14:12:41,2,false_positive_cleared,14.01,4610.29,False,1592,483
5155,652490,2025-10-22 14:41:55,2,false_positive_cleared,15.23,1637.81,False,1592,419
5156,652511,2025-10-22 15:17:04,2,false_positive_cleared,8.86,22077.79,False,2285,383
5157,652561,2025-10-22 16:38:15,2,confirmed_fraud,20.18,6035.47,True,2961,69
5158,652592,2025-10-22 17:17:38,2,false_positive_cleared,2.68,4261.05,False,1434,409
5159,652613,2025-10-22 17:45:50,2,confirmed_fraud,7.92,2536.89,False,794,271
5160,652661,2025-10-22 18:54:47,2,false_positive_cleared,17.91,3866.62,False,4402,103
5161,652693,2025-10-22 19:34:34,2,false_positive_cleared,15.53,2557.42,False,4849,422
5162,652694,2025-10-22 19:34:48,2,confirmed_fraud,10.65,1985.14,False,3756,392
5163,652728,2025-10-22 20:47:48,2,false_positive_cleared,10.59,4044.97,False,3511,430
5165,652961,2025-10-23 02:17:36,2,false_positive_cleared,5.01,1816.88,False,3303,679
5164,653006,2025-10-23 03:38:39,3,false_negative_cleared,4.01,3769.38,True,5227,165
5166,653171,2025-10-23 08:03:25,2,false_positive_cleared,9.22,1270.89,False,2949,356
5167,653260,2025-10-23 10:38:15,2,false_positive_cleared,22.72,133.9,False,5080,292
5168,653323,2025-10-23 12:21:18,2,false_positive_cleared,4.46,3114.27,False,643,144
5169,653343,2025-10-23 12:47:02,2,false_positive_cleared,7.97,2256.94,False,461,120
5170,653360,2025-10-23 13:09:30,2,false_positive_cleared,17.74,3135.06,False,2662,485
5171,653377,2025-10-23 13:20:52,2,false_positive_cleared,14.77,2561.21,False,3244,125
5172,653385,2025-10-23 13:27:35,2,false_positive_cleared,7.03,47.07,False,1070,307
5173,653438,2025-10-23 14:55:32,2,false_positive_cleared,22.55,2307.63,False,2107,765
5174,653468,2025-10-23 15:39:13,2,false_positive_cleared,17.45,126.67,False,4065,606
5175,653513,2025-10-23 16:45:09,2,false_positive_cleared,7.44,2240.88,False,3271,702
5176,653534,2025-10-23 17:15:52,2,confirmed_fraud,7.46,3091.06,True,3646,447
5177,653558,2025-10-23 17:40:37,2,confirmed_fraud,6.26,370.96,True,5080,397
5181,653573,2025-10-23 17:51:08,1,false_positive_cleared,5.84,1759.0,False,5193,91
5178,653580,2025-10-23 18:01:02,2,false_positive_cleared,1.01,2870.41,False,4592,326
5179,653722,2025-10-23 21:24:17,2,false_positive_cleared,7.65,5207.37,False,657,588
5180,653778,2025-10-23 22:40:41,2,false_positive_cleared,26.25,1702.39,False,5046,701
5183,653849,2025-10-24 00:16:00,2,false_positive_cleared,12.51,235.67,False,5316,68
5185,653872,2025-10-24 00:43:55,2,false_positive_cleared,8.14,157.99,False,5743,220
5184,653873,2025-10-24 00:45:29,2,confirmed_fraud,4.92,2189.48,False,947,403
5189,653914,2025-10-24 01:58:05,2,false_positive_cleared,15.98,9.07,False,5591,583
5186,653999,2025-10-24 03:46:54,2,false_positive_cleared,11.72,490.41,False,1607,93
5187,654038,2025-10-24 04:35:03,2,false_positive_cleared,2.82,5824.76,False,4998,504
5188,654069,2025-10-24 05:16:39,2,false_positive_cleared,5.21,4443.56,False,4998,647
5190,654156,2025-10-24 07:25:21,2,false_positive_cleared,7.43,4887.18,False,3332,178
5182,654194,2025-10-24 08:19:02,3,false_positive_cleared,6.14,95.86,False,5420,52
5191,654352,2025-10-24 12:12:26,2,false_positive_cleared,15.36,2480.65,False,3171,578
5192,654358,2025-10-24 12:19:53,2,false_positive_cleared,2.53,3065.78,False,4072,196
5197,654392,2025-10-24 13:22:59,0,false_positive_cleared,8.28,56.3,False,3869,509
5193,654445,2025-10-24 14:35:31,2,false_positive_cleared,7.39,1682.19,False,1148,2
5195,654482,2025-10-24 15:33:27,2,false_positive_cleared,17.21,100.45,False,2446,273
5194,654510,2025-10-24 16:27:47,2,false_positive_cleared,4.11,251.53,False,5203,475
5196,654515,2025-10-24 16:39:07,2,false_positive_cleared,1.61,2465.47,False,368,483
5199,654818,2025-10-25 00:16:20,2,false_positive_cleared,18.37,9352.61,False,5798,144
5201,655118,2025-10-25 08:28:26,2,false_positive_cleared,10.78,322.67,False,4715,405
5200,655120,2025-10-25 08:31:51,2,false_positive_cleared,7.95,5409.1,False,1592,57
5202,655175,2025-10-25 09:42:03,2,false_positive_cleared,21.67,142.04,False,784,154
5209,655263,2025-10-25 11:48:48,0,false_positive_cleared,15.23,78.89,False,5650,403
5203,655285,2025-10-25 12:14:19,2,false_positive_cleared,8.41,1837.26,False,5339,8
5208,655289,2025-10-25 12:18:19,0,false_positive_cleared,30.33,29.84,False,2397,707
5205,655417,2025-10-25 15:53:41,2,false_positive_cleared,49.01,38.14,False,5600,602
5198,655460,2025-10-25 16:59:36,3,false_positive_cleared,14.11,2082.38,False,2354,388
5204,655499,2025-10-25 17:49:21,2,confirmed_fraud,15.97,98.92,True,752,534
5206,655632,2025-10-25 20:56:39,2,false_positive_cleared,3.74,1770.86,False,5630,523
5207,655740,2025-10-25 23:40:57,2,false_positive_cleared,15.78,3900.95,False,791,420
5210,655921,2025-10-26 04:06:07,2,false_positive_cleared,10.54,3635.23,False,3672,438
5211,655982,2025-10-26 05:49:50,2,false_positive_cleared,5.95,142.45,False,4302,12
5212,655993,2025-10-26 06:08:59,2,false_positive_cleared,11.41,2715.53,False,2422,746
5213,656183,2025-10-26 10:31:14,2,false_positive_cleared,21.69,3287.04,False,5519,572
5214,656244,2025-10-26 11:48:49,2,false_positive_cleared,0.73,1891.62,False,1039,348
5215,656265,2025-10-26 12:20:23,2,false_positive_cleared,33.38,7120.3,False,4699,472
5216,656304,2025-10-26 13:14:36,2,false_positive_cleared,5.78,2590.77,False,3242,125
5217,656305,2025-10-26 13:14:42,2,false_positive_cleared,31.12,2532.54,False,1268,258
5218,656440,2025-10-26 16:53:58,2,false_positive_cleared,12.63,3394.67,False,3756,316
5219,656487,2025-10-26 18:12:13,2,false_positive_cleared,1.59,109.71,False,314,213
5220,656523,2025-10-26 18:59:54,2,false_positive_cleared,7.95,102.58,False,1415,583
5221,656825,2025-10-27 02:24:04,2,confirmed_fraud,45.82,33.36,False,533,196
5222,656969,2025-10-27 06:08:37,2,false_positive_cleared,10.04,2234.46,False,57,169
5223,657013,2025-10-27 07:12:52,2,false_positive_cleared,12.29,2302.02,False,1472,272
5224,657083,2025-10-27 08:39:43,2,false_positive_cleared,12.82,2870.16,False,4036,111
5225,657190,2025-10-27 11:15:27,2,false_positive_cleared,17.04,1719.4,False,3244,708
5226,657208,2025-10-27 11:38:42,2,false_positive_cleared,13.2,19.61,False,895,763
5227,657378,2025-10-27 15:34:32,2,false_positive_cleared,17.29,353.7,False,2176,568
5228,657491,2025-10-27 18:13:12,2,false_positive_cleared,2.17,2034.5,False,94,82
5229,657649,2025-10-27 22:30:02,2,false_positive_cleared,16.74,2371.14,False,2236,499
5230,657696,2025-10-27 23:48:20,2,false_positive_cleared,19.77,16.06,False,5351,491
5231,657774,2025-10-28 01:00:15,2,false_positive_cleared,2.53,238.74,False,3658,389
5232,657842,2025-10-28 02:41:20,2,false_positive_cleared,7.84,5150.92,False,4036,396
5233,657949,2025-10-28 05:24:24,2,confirmed_fraud,10.83,2882.24,False,1434,732
5241,657965,2025-10-28 06:00:43,0,false_positive_cleared,19.45,98.91,False,5673,757
5234,658047,2025-10-28 08:02:02,2,false_positive_cleared,22.68,32.75,False,650,185
5235,658057,2025-10-28 08:16:11,2,false_positive_cleared,4.66,2175.34,False,4749,398
5237,658135,2025-10-28 09:50:55,2,false_positive_cleared,1.47,2256.93,False,3767,539
5243,658214,2025-10-28 11:56:49,0,false_positive_cleared,11.89,40.01,False,1061,414
5242,658350,2025-10-28 15:44:15,0,false_positive_cleared,5.4,1492.1,False,4650,56
5239,658478,2025-10-28 18:52:29,2,false_positive_cleared,26.11,6597.39,False,4614,23
5238,658610,2025-10-28 21:32:59,2,confirmed_fraud,7.0,790.59,False,1142,160
5236,658613,2025-10-28 21:36:05,2,false_positive_cleared,0.66,177.51,False,266,630
5240,658691,2025-10-28 23:33:16,2,false_positive_cleared,8.6,6354.02,False,3202,482
5244,658717,2025-10-29 00:03:27,2,false_positive_cleared,9.09,2681.6,False,3171,671
5245,658781,2025-10-29 01:50:52,2,false_positive_cleared,15.34,3591.5,False,4924,758
5246,658830,2025-10-29 02:56:39,2,confirmed_fraud,14.04,2372.04,False,4036,180
5250,659378,2025-10-29 15:30:52,0,false_positive_cleared,6.68,310.53,False,5696,636
5247,659419,2025-10-29 16:37:12,2,false_negative_cleared,7.67,1655.68,True,2558,666
5248,659501,2025-10-29 18:59:29,2,false_positive_cleared,22.77,2378.93,False,2470,59
5249,659633,2025-10-29 22:18:23,2,false_positive_cleared,24.57,4062.99,False,3038,738
5251,659727,2025-10-30 00:41:30,2,false_positive_cleared,17.16,2582.53,False,3482,106
5252,659808,2025-10-30 02:24:45,2,false_positive_cleared,7.03,1787.64,False,4928,41
5253,660188,2025-10-30 11:14:21,2,false_positive_cleared,11.54,2371.45,False,4236,604
5254,660212,2025-10-30 11:34:23,2,false_positive_cleared,1.58,59.61,False,4876,138
5255,660274,2025-10-30 13:00:34,2,false_positive_cleared,16.47,613.65,False,1549,697
5256,660295,2025-10-30 13:29:32,2,false_positive_cleared,8.55,1668.52,False,2109,79
5257,660373,2025-10-30 15:24:32,2,false_positive_cleared,14.89,4716.25,False,1852,40
5258,660440,2025-10-30 16:51:57,2,false_positive_cleared,5.75,1623.18,False,987,524
5259,660540,2025-10-30 18:56:21,2,confirmed_fraud,12.72,24.86,False,786,147
5262,660856,2025-10-31 02:51:42,2,false_positive_cleared,8.93,83.99,False,3283,626
5269,660889,2025-10-31 03:37:55,0,confirmed_fraud,10.83,20.07,False,5873,294
5261,660911,2025-10-31 04:12:02,2,false_positive_cleared,13.61,1907.87,False,2571,366
5260,661068,2025-10-31 07:52:32,3,false_positive_cleared,11.73,3208.4,False,5348,52
5264,661229,2025-10-31 11:20:51,2,false_positive_cleared,5.7,262.05,False,2074,787
5265,661289,2025-10-31 12:57:54,2,false_positive_cleared,18.09,476.91,False,4296,36
5266,661378,2025-10-31 14:59:04,2,false_positive_cleared,15.3,7936.39,False,2191,302
5263,661402,2025-10-31 15:50:01,2,false_positive_cleared,3.52,150.31,False,5097,183
5270,661406,2025-10-31 16:01:41,0,false_positive_cleared,9.16,77.2,False,3284,109
5268,661670,2025-10-31 22:36:05,2,false_positive_cleared,13.17,11459.61,False,3910,449
5267,661711,2025-10-31 23:39:16,2,false_positive_cleared,11.44,1179.75,False,2500,649
5271,661771,2025-11-01 01:19:02,2,false_positive_cleared,20.66,1645.8,False,2383,585
5272,661836,2025-11-01 02:46:44,2,false_positive_cleared,36.53,30524.45,False,5411,665
5283,662062,2025-11-01 08:07:32,0,false_positive_cleared,23.4,1265.82,False,4690,470
5273,662078,2025-11-01 08:25:27,2,false_positive_cleared,12.86,3260.51,False,5838,339
5274,662090,2025-11-01 08:42:09,2,confirmed_fraud,16.85,715.48,False,478,741
5275,662153,2025-11-01 10:01:36,2,false_positive_cleared,8.1,100.53,False,1215,449
5277,662154,2025-11-01 10:04:39,2,false_positive_cleared,6.7,3314.3,False,5553,678
5278,662211,2025-11-01 11:27:10,2,false_positive_cleared,23.79,50.83,False,719,390
5279,662371,2025-11-01 15:29:11,2,false_positive_cleared,9.3,273.74,False,298,39
5276,662506,2025-11-01 18:35:12,2,false_positive_cleared,5.2,2740.64,False,3614,96
5281,662613,2025-11-01 21:01:05,2,false_positive_cleared,9.08,2022.88,False,4180,20
5280,662690,2025-11-01 23:01:10,2,false_positive_cleared,4.37,48.7,False,2763,490
5282,662727,2025-11-01 23:49:23,2,false_negative_cleared,4.28,72.69,True,4198,428
5284,662848,2025-11-02 02:42:39,2,false_positive_cleared,11.94,1642.37,False,1741,456
5285,662867,2025-11-02 03:07:54,2,false_positive_cleared,9.08,2693.59,False,454,155
5286,662872,2025-11-02 03:18:02,2,false_positive_cleared,8.95,156.83,False,1503,213
5287,662903,2025-11-02 03:57:36,2,false_positive_cleared,2.39,17.24,False,1330,28
5288,662910,2025-11-02 04:03:47,2,false_positive_cleared,6.81,13.68,False,4363,249
5289,663146,2025-11-02 10:19:51,2,false_positive_cleared,14.95,1990.0,False,399,435
5290,663260,2025-11-02 12:36:00,2,false_positive_cleared,3.91,18696.59,False,1363,24
5291,663265,2025-11-02 12:47:54,2,confirmed_fraud,19.75,24.79,True,1610,356
5292,663321,2025-11-02 13:49:43,2,false_positive_cleared,3.9,1648.78,False,5091,532
5293,663382,2025-11-02 15:22:53,2,false_positive_cleared,5.86,1689.33,False,399,448
5294,663452,2025-11-02 17:10:59,2,false_positive_cleared,2.08,1601.44,False,530,283
5295,663742,2025-11-03 00:55:17,2,false_positive_cleared,22.37,1971.65,False,3641,428
5305,663924,2025-11-03 05:32:19,0,confirmed_fraud,10.14,25.62,False,404,242
5296,664008,2025-11-03 07:38:51,2,false_positive_cleared,5.79,3745.97,False,1030,747
5297,664146,2025-11-03 11:01:35,2,false_positive_cleared,18.76,282.74,False,15,462
5298,664296,2025-11-03 14:52:51,2,false_positive_cleared,9.46,5402.83,False,5053,466
5300,664309,2025-11-03 15:03:41,2,false_positive_cleared,19.01,1803.02,False,1831,250
5301,664358,2025-11-03 16:31:52,2,false_positive_cleared,11.29,117.63,False,658,657
5302,664433,2025-11-03 18:20:47,2,false_positive_cleared,28.36,3482.64,False,373,187
5299,664441,2025-11-03 18:33:46,2,false_positive_cleared,10.93,4188.55,False,2022,8
5304,664572,2025-11-03 21:41:42,2,false_positive_cleared,17.86,2652.6,False,5593,138
5303,664617,2025-11-03 22:40:16,2,false_positive_cleared,5.73,771.7,False,2077,111
5306,664680,2025-11-03 23:57:25,0,false_positive_cleared,5.68,63.95,False,3971,12
5307,664685,2025-11-04 00:10:30,2,false_positive_cleared,7.22,3528.64,False,3964,334
5308,664687,2025-11-04 00:16:13,2,false_positive_cleared,9.43,207.83,False,3331,104
5309,664699,2025-11-04 00:33:00,2,false_positive_cleared,3.06,2151.02,False,3795,113
5310,664711,2025-11-04 00:46:57,2,false_positive_cleared,9.98,1722.15,False,4211,157
5311,664841,2025-11-04 04:27:22,2,false_positive_cleared,4.01,2055.12,False,1074,74
5312,664866,2025-11-04 04:58:10,2,false_positive_cleared,16.56,5767.08,False,2080,191
5313,664988,2025-11-04 08:08:50,2,false_positive_cleared,10.24,2160.48,False,4655,285
5314,664997,2025-11-04 08:18:24,2,false_positive_cleared,16.25,1808.56,False,1142,769
5315,665045,2025-11-04 09:34:45,2,false_positive_cleared,13.03,11.37,False,5758,370
5316,665099,2025-11-04 11:03:25,2,false_positive_cleared,6.32,1760.57,False,5263,499
5317,665108,2025-11-04 11:13:37,2,false_positive_cleared,10.35,70.46,False,4865,743
5318,665150,2025-11-04 12:22:03,2,false_positive_cleared,5.56,118.18,False,4809,567
5319,665215,2025-11-04 13:59:21,2,false_positive_cleared,13.38,2396.26,False,4738,710
5322,665380,2025-11-04 17:39:16,0,false_positive_cleared,14.91,288.56,False,2324,176
5320,665506,2025-11-04 20:24:38,2,false_positive_cleared,7.29,6913.87,False,3202,45
5321,665541,2025-11-04 21:18:01,2,false_positive_cleared,12.25,1721.24,False,2901,480
5323,665739,2025-11-05 02:37:32,2,false_positive_cleared,12.91,1620.9,False,5823,277
5324,665754,2025-11-05 03:09:38,2,false_positive_cleared,15.64,6628.67,False,2658,10
5325,665792,2025-11-05 04:14:34,2,confirmed_fraud,36.82,5.74,False,3230,502
5326,666118,2025-11-05 11:57:39,2,false_positive_cleared,6.52,29558.41,False,3448,43
5327,666153,2025-11-05 12:42:04,2,false_positive_cleared,3.97,2715.03,False,2342,533
5328,666207,2025-11-05 14:18:32,2,false_positive_cleared,4.86,42804.99,False,577,277
5329,666222,2025-11-05 14:38:08,2,false_positive_cleared,10.0,174.04,False,1641,409
5330,666223,2025-11-05 14:39:01,2,confirmed_fraud,9.14,12846.19,False,4050,226
5331,666258,2025-11-05 15:23:55,2,false_positive_cleared,5.63,391.59,False,2233,719
5332,666267,2025-11-05 15:42:24,2,false_positive_cleared,23.82,5072.65,False,380,722
5333,666279,2025-11-05 16:12:44,2,false_positive_cleared,11.13,58.9,False,519,558
5334,666287,2025-11-05 16:27:26,2,false_positive_cleared,10.38,14766.89,False,5033,638
5335,666466,2025-11-05 21:08:17,2,false_positive_cleared,8.07,1614.77,False,2655,88
5337,666595,2025-11-06 00:39:41,2,false_positive_cleared,6.05,12.83,False,3445,34
5341,666599,2025-11-06 00:43:07,2,false_positive_cleared,14.24,4573.16,False,55,51
5338,666675,2025-11-06 02:35:56,2,false_negative_cleared,12.96,366.98,True,2047,484
5339,666772,2025-11-06 04:55:54,2,false_positive_cleared,29.75,33.66,False,719,574
5340,666799,2025-11-06 05:40:31,2,false_positive_cleared,13.97,4199.16,False,3317,372
5342,666812,2025-11-06 06:00:23,2,confirmed_fraud,5.91,287.47,True,4430,98
5343,666905,2025-11-06 08:27:37,2,false_positive_cleared,8.4,102.95,False,4404,321
5344,666911,2025-11-06 08:32:24,2,false_positive_cleared,9.34,2274.74,False,459,33
5345,666936,2025-11-06 09:12:09,2,false_positive_cleared,16.58,2085.14,False,2714,191
5336,667123,2025-11-06 13:40:13,3,false_positive_cleared,1.97,2390.44,False,2256,729
5349,667175,2025-11-06 14:53:31,0,false_positive_cleared,25.37,28.0,False,1841,73
5346,667434,2025-11-06 21:10:40,2,false_positive_cleared,11.04,3966.55,False,4424,785
5347,667516,2025-11-06 23:13:14,2,false_positive_cleared,6.13,1602.53,False,3397,712
5348,667534,2025-11-06 23:42:05,2,false_positive_cleared,0.83,5741.75,False,1533,588
5351,667581,2025-11-07 00:46:10,2,false_positive_cleared,20.38,241.59,False,1627,627
5352,667628,2025-11-07 01:43:08,2,false_positive_cleared,9.28,2410.97,False,3850,339
5353,667750,2025-11-07 04:11:24,2,false_positive_cleared,17.38,15.99,False,2742,179
5350,667799,2025-11-07 05:27:20,3,false_positive_cleared,7.58,34.95,False,998,85
5354,667805,2025-11-07 05:30:41,2,false_positive_cleared,7.48,11355.47,False,51,451
5355,667899,2025-11-07 07:30:58,2,confirmed_fraud,2.92,5669.53,False,3245,202
5356,667967,2025-11-07 09:07:26,2,false_positive_cleared,21.7,3304.26,False,2795,513
5357,667975,2025-11-07 09:16:16,2,false_positive_cleared,9.48,124.44,False,3608,669
5358,668082,2025-11-07 12:27:20,2,confirmed_fraud,1.29,268.0,False,883,765
5362,668177,2025-11-07 14:27:27,0,false_positive_cleared,10.77,84.97,False,2554,221
5359,668358,2025-11-07 18:47:54,2,false_positive_cleared,3.15,1860.25,False,2630,489
5360,668469,2025-11-07 21:47:45,2,confirmed_fraud,6.62,1579.04,True,905,786
5361,668499,2025-11-07 22:32:46,2,false_positive_cleared,10.15,92.11,False,3642,350
5363,668616,2025-11-08 01:07:51,2,false_positive_cleared,17.54,4085.16,False,1014,33
5364,668622,2025-11-08 01:12:13,2,confirmed_fraud,10.16,4568.54,True,683,215
5365,668654,2025-11-08 01:57:09,2,false_positive_cleared,19.04,2057.2,False,2078,555
5366,668744,2025-11-08 03:54:11,2,false_positive_cleared,1.25,3578.06,False,55,151
5367,668747,2025-11-08 04:01:39,2,false_positive_cleared,1.74,8931.93,False,4684,278
5368,668772,2025-11-08 04:49:59,2,false_positive_cleared,4.33,2846.12,False,5348,343
5369,668910,2025-11-08 08:20:37,2,false_positive_cleared,19.05,393.38,False,2829,61
5370,668926,2025-11-08 08:44:55,2,false_positive_cleared,11.22,713.91,False,1682,637
5378,668929,2025-11-08 08:50:03,1,false_positive_cleared,4.78,14.29,False,903,352
5371,668936,2025-11-08 08:59:04,2,false_positive_cleared,3.62,1812.89,False,2663,392
5373,668962,2025-11-08 09:37:40,2,confirmed_fraud,0.35,68.35,True,5163,795
5374,669035,2025-11-08 11:19:32,2,false_positive_cleared,7.91,4963.01,False,3756,520
5375,669246,2025-11-08 16:38:52,2,false_positive_cleared,50.62,2401.69,False,478,633
5372,669364,2025-11-08 19:27:31,2,false_positive_cleared,8.93,6429.82,False,2792,622
5377,669395,2025-11-08 20:08:21,2,false_positive_cleared,31.08,42.3,False,1610,774
5376,669432,2025-11-08 21:10:20,2,confirmed_fraud,5.14,9531.56,False,5491,224
5379,669488,2025-11-08 22:37:51,1,false_positive_cleared,6.85,340.38,False,5326,415
5381,669592,2025-11-09 01:29:09,2,false_positive_cleared,5.87,63.58,False,2819,333
5380,669780,2025-11-09 06:30:00,3,false_positive_cleared,11.67,2322.72,False,4736,371
5382,669860,2025-11-09 08:22:39,2,false_positive_cleared,34.37,3266.22,False,3186,776
5383,669903,2025-11-09 09:33:09,2,false_positive_cleared,10.36,1915.59,False,2339,238
5384,669913,2025-11-09 09:45:53,2,false_positive_cleared,7.06,240.8,False,5781,192
5385,669999,2025-11-09 11:35:07,2,false_positive_cleared,11.39,5439.22,False,4670,358
5386,670225,2025-11-09 16:46:48,2,false_positive_cleared,11.24,2309.48,False,1255,112
5387,670251,2025-11-09 17:26:09,2,false_positive_cleared,17.82,1880.73,False,1922,342
5388,670262,2025-11-09 17:40:51,2,confirmed_fraud,0.59,145.76,True,2023,610
5389,670306,2025-11-09 18:46:48,2,false_positive_cleared,4.55,1656.28,False,2296,317
5390,670406,2025-11-09 21:11:28,2,false_positive_cleared,8.57,2029.36,False,5554,487
5391,670467,2025-11-09 22:38:10,2,confirmed_fraud,3.24,390.96,True,1399,661
5392,670651,2025-11-10 03:08:45,2,confirmed_fraud,2.27,2515.16,False,4036,85
5393,670723,2025-11-10 04:50:09,2,false_positive_cleared,12.29,3489.36,False,840,362
5394,670731,2025-11-10 05:03:39,2,false_positive_cleared,19.96,4756.38,False,2675,418
5395,670994,2025-11-10 11:23:28,2,false_positive_cleared,19.4,1673.69,False,987,371
5403,671167,2025-11-10 15:30:48,0,false_positive_cleared,7.57,248.35,False,1311,465
5396,671200,2025-11-10 16:22:39,2,false_positive_cleared,17.9,5619.59,False,876,677
5397,671307,2025-11-10 19:00:11,2,false_positive_cleared,14.48,7542.31,False,2675,187
5398,671367,2025-11-10 20:48:35,2,false_positive_cleared,6.8,2509.54,False,1176,190
5399,671398,2025-11-10 21:28:34,2,false_positive_cleared,2.11,1038.12,False,3509,485
5401,671414,2025-11-10 21:52:45,2,false_positive_cleared,28.31,6191.83,False,3957,217
5400,671466,2025-11-10 22:59:35,2,false_positive_cleared,5.1,765.43,False,146,633
5402,671471,2025-11-10 23:05:01,2,false_positive_cleared,6.7,1895.93,False,3155,68
5404,671566,2025-11-11 01:16:44,2,false_positive_cleared,15.76,39.52,False,567,716
5405,671568,2025-11-11 01:20:09,2,false_positive_cleared,9.44,350.38,False,3020,614
5406,671633,2025-11-11 02:57:16,2,false_positive_cleared,19.73,3687.58,False,5060,781
5407,671695,2025-11-11 04:28:42,2,false_positive_cleared,11.57,163.77,False,3814,394
5408,671803,2025-11-11 07:00:21,2,false_positive_cleared,4.13,34.11,False,3035,463
5409,671807,2025-11-11 07:06:29,2,false_positive_cleared,14.6,2052.15,False,2132,581
5410,671835,2025-11-11 07:35:44,2,false_positive_cleared,22.77,1696.73,False,1852,484
5411,671906,2025-11-11 09:03:47,2,false_positive_cleared,28.26,2535.7,False,5731,564
5412,672068,2025-11-11 12:50:24,2,false_positive_cleared,14.8,699.66,False,5211,790
5413,672206,2025-11-11 15:46:04,2,false_positive_cleared,36.82,1623.56,False,55,734
5414,672418,2025-11-11 20:35:40,2,false_positive_cleared,18.38,49.89,False,4812,340
5415,672872,2025-11-12 07:56:05,2,false_positive_cleared,2.17,344.44,False,3689,1
5416,672878,2025-11-12 08:05:08,2,false_positive_cleared,11.57,3255.11,False,3175,603
5417,672914,2025-11-12 09:06:10,2,false_positive_cleared,4.77,4893.0,False,2299,358
5418,672927,2025-11-12 09:25:56,2,false_positive_cleared,11.0,1099.56,False,1606,269
5419,672943,2025-11-12 09:51:31,2,false_positive_cleared,14.1,6382.35,False,2928,765
5420,673047,2025-11-12 12:10:11,2,false_positive_cleared,11.23,1793.02,False,5757,86
5421,673061,2025-11-12 12:28:33,2,false_positive_cleared,21.13,29.57,False,2862,12
5422,673084,2025-11-12 12:56:33,2,false_positive_cleared,10.66,145.16,False,3441,704
5423,673255,2025-11-12 17:21:20,2,confirmed_fraud,7.24,11340.1,False,1962,748
5424,673404,2025-11-12 21:01:41,2,false_positive_cleared,3.18,20.43,False,1609,715
5425,673560,2025-11-13 00:24:11,2,false_positive_cleared,11.89,5389.06,False,1359,513
5426,673585,2025-11-13 00:52:54,2,false_positive_cleared,10.6,6211.3,False,4998,639
5427,673657,2025-11-13 02:47:14,2,false_positive_cleared,12.44,31.92,False,3275,183
5428,673865,2025-11-13 07:50:53,2,false_positive_cleared,5.54,2204.37,False,2500,789
5429,674115,2025-11-13 13:40:31,2,false_positive_cleared,12.56,103.77,False,4341,589
5430,674189,2025-11-13 15:12:32,2,false_positive_cleared,2.23,399.66,False,4618,104
5431,674226,2025-11-13 16:02:51,2,confirmed_fraud,9.87,234.32,True,2680,282
5432,674314,2025-11-13 18:19:34,2,false_positive_cleared,6.68,985.2,False,5382,593
5433,674327,2025-11-13 18:39:08,2,false_positive_cleared,11.94,2030.67,False,2105,409
5436,674339,2025-11-13 18:48:15,0,false_positive_cleared,27.28,60.77,False,2729,260
5434,674480,2025-11-13 22:22:45,2,false_positive_cleared,3.57,1026.71,False,1490,688
5437,674514,2025-11-13 23:17:37,0,false_positive_cleared,18.44,320.38,False,5147,394
5435,674531,2025-11-13 23:30:45,2,false_positive_cleared,9.88,8268.3,False,4567,271
5438,674575,2025-11-14 00:51:56,2,false_positive_cleared,33.8,4586.39,False,791,266
5443,674645,2025-11-14 02:15:52,0,false_positive_cleared,7.03,266.46,False,3148,5
5439,675118,2025-11-14 12:56:39,2,false_positive_cleared,10.56,179.09,False,774,458
5440,675288,2025-11-14 16:49:20,2,false_positive_cleared,2.17,26.05,False,3119,83
5444,675326,2025-11-14 17:47:21,0,false_positive_cleared,20.62,95.67,False,680,500
5442,675431,2025-11-14 19:54:01,2,false_positive_cleared,10.97,15.35,False,4273,264
5441,675588,2025-11-14 23:40:19,2,false_positive_cleared,5.58,136.72,False,1627,265
5445,675694,2025-11-15 02:48:10,2,false_positive_cleared,10.57,2481.24,False,60,513
5446,675760,2025-11-15 04:38:17,2,false_positive_cleared,9.08,3507.88,False,5211,275
5447,675889,2025-11-15 07:25:52,2,false_positive_cleared,7.25,79.3,False,1627,96
5448,675980,2025-11-15 09:44:54,2,false_positive_cleared,40.34,2195.12,False,2246,514
5449,676051,2025-11-15 11:21:10,2,false_positive_cleared,15.48,2242.66,False,2928,366
5450,676126,2025-11-15 12:48:15,2,false_positive_cleared,5.59,12691.87,False,3910,469
5451,676226,2025-11-15 15:23:39,2,false_positive_cleared,16.6,5397.82,False,4998,762
5452,676306,2025-11-15 17:18:45,2,false_positive_cleared,41.71,4569.01,False,2391,127
5453,676541,2025-11-15 22:34:47,2,false_positive_cleared,14.96,486.22,False,29,4
5454,676572,2025-11-15 23:06:15,2,false_positive_cleared,5.43,2.38,False,5150,481
5455,676656,2025-11-16 01:24:06,2,confirmed_fraud,8.3,5169.66,False,2285,510
5456,676658,2025-11-16 01:26:15,2,false_positive_cleared,5.51,3316.17,False,5586,30
5466,676720,2025-11-16 03:16:56,0,false_positive_cleared,2.38,376.42,False,249,588
5457,676790,2025-11-16 05:22:22,2,false_positive_cleared,5.14,1943.76,False,4156,365
5458,676810,2025-11-16 05:51:02,2,false_positive_cleared,11.08,2265.62,False,2240,427
5459,676876,2025-11-16 07:27:34,2,confirmed_fraud,9.59,5164.45,True,4521,751
5461,676928,2025-11-16 08:42:14,2,false_positive_cleared,2.48,69.81,False,3494,19
5467,676952,2025-11-16 09:11:55,0,false_positive_cleared,15.96,760.76,False,5134,166
5462,677122,2025-11-16 13:03:48,2,false_positive_cleared,4.59,3218.63,False,2566,253
5463,677242,2025-11-16 15:43:38,2,false_positive_cleared,10.21,1754.87,False,1816,335
5465,677443,2025-11-16 20:31:26,2,false_positive_cleared,52.98,4121.83,False,876,65
5460,677486,2025-11-16 21:39:02,2,false_positive_cleared,15.86,4066.35,False,5245,24
5464,677557,2025-11-16 23:20:37,2,false_positive_cleared,5.1,3168.77,False,2137,51
5470,677638,2025-11-17 01:13:32,2,false_positive_cleared,8.44,3163.9,False,1720,674
5469,677730,2025-11-17 03:29:53,2,false_positive_cleared,6.93,109.14,False,5135,563
5481,677842,2025-11-17 06:12:42,0,false_positive_cleared,14.91,7.35,False,2028,478
5472,677894,2025-11-17 07:28:16,2,false_positive_cleared,18.46,6721.72,False,3684,289
5471,677904,2025-11-17 07:41:49,2,false_positive_cleared,31.71,2856.09,False,1523,776
5468,677931,2025-11-17 08:25:15,3,false_negative_cleared,18.9,1829.16,True,3695,318
5473,678033,2025-11-17 10:36:27,2,false_positive_cleared,0.21,4171.76,False,4407,11
5474,678057,2025-11-17 11:07:16,2,false_positive_cleared,19.24,3465.14,False,190,522
5476,678242,2025-11-17 15:09:36,2,false_positive_cleared,18.13,1601.17,False,74,30
5477,678277,2025-11-17 16:03:30,2,false_positive_cleared,20.65,3119.96,False,1863,215
5478,678326,2025-11-17 17:22:34,2,false_positive_cleared,8.48,31.27,False,747,33
5482,678360,2025-11-17 18:01:22,0,false_positive_cleared,1.69,127.35,False,3994,635
5475,678437,2025-11-17 19:59:50,2,confirmed_fraud,8.44,1807.16,False,1720,17
5480,678491,2025-11-17 21:19:20,2,false_positive_cleared,10.32,49.69,False,432,697
5479,678578,2025-11-17 23:53:18,2,false_positive_cleared,13.45,1764.32,False,2358,639
5483,678678,2025-11-18 02:17:26,2,confirmed_fraud,21.92,11931.44,True,2833,716
5484,678685,2025-11-18 02:25:46,2,false_positive_cleared,12.92,4497.57,False,2359,350
5485,678700,2025-11-18 02:46:45,2,false_positive_cleared,1.57,2663.04,False,5807,728
5486,678791,2025-11-18 05:16:23,2,confirmed_fraud,6.07,31219.96,True,2509,274
5487,678852,2025-11-18 06:50:42,2,false_positive_cleared,21.29,2293.23,False,2444,247
5488,678877,2025-11-18 07:22:24,2,confirmed_fraud,20.49,11832.99,True,5835,74
5489,678943,2025-11-18 09:06:27,2,false_positive_cleared,9.8,14.02,False,3143,103
5490,679104,2025-11-18 12:42:27,2,false_positive_cleared,7.18,245.31,False,3027,177
5491,679408,2025-11-18 20:15:52,2,false_positive_cleared,12.07,3848.12,False,2009,696
5492,679520,2025-11-18 22:49:06,2,false_positive_cleared,3.9,292.21,False,5294,712
5493,679534,2025-11-18 23:11:26,2,false_positive_cleared,4.94,5331.03,False,4780,337
5494,679633,2025-11-19 02:04:41,2,false_positive_cleared,10.58,176.79,False,5980,367
5495,679809,2025-11-19 05:58:55,2,false_positive_cleared,30.29,2210.14,False,726,468
5496,679867,2025-11-19 07:29:53,2,false_positive_cleared,8.15,7151.22,False,5350,603
5497,679909,2025-11-19 08:39:35,2,false_positive_cleared,14.23,4295.74,False,2040,235
5498,680021,2025-11-19 11:40:01,2,false_positive_cleared,3.69,306.16,False,1142,71
5499,680081,2025-11-19 13:07:40,2,false_positive_cleared,2.69,6721.94,False,5357,246
5500,680113,2025-11-19 13:54:51,2,false_positive_cleared,24.31,3284.93,False,4928,10
5501,680216,2025-11-19 16:08:13,2,false_positive_cleared,7.29,2736.34,False,1231,287
5502,680254,2025-11-19 17:01:41,2,false_positive_cleared,8.25,388.04,False,19,88
5503,680360,2025-11-19 19:48:30,2,confirmed_fraud,9.07,1836.47,False,689,300
5506,680410,2025-11-19 21:16:40,0,false_positive_cleared,7.9,47.09,False,5615,481
5504,680466,2025-11-19 22:30:00,2,false_positive_cleared,8.24,7561.37,False,1924,60
5505,680512,2025-11-19 23:32:11,2,false_positive_cleared,16.2,4521.9,False,4692,141
5507,680589,2025-11-20 01:34:20,3,false_positive_cleared,5.53,10051.21,False,55,62
5509,680591,2025-11-20 01:34:43,2,false_positive_cleared,9.99,232.51,False,2599,731
5510,680664,2025-11-20 03:29:03,2,false_positive_cleared,37.05,4724.61,False,4998,395
5511,680707,2025-11-20 04:37:32,2,confirmed_fraud,22.31,2243.4,False,4519,689
5525,680740,2025-11-20 05:33:56,0,false_positive_cleared,16.8,117.21,False,3130,573
5513,680753,2025-11-20 06:08:44,2,false_positive_cleared,0.8,4823.35,False,791,80
5512,680759,2025-11-20 06:12:37,2,false_positive_cleared,45.18,2872.21,False,3245,240
5517,680838,2025-11-20 08:14:55,2,false_positive_cleared,6.59,3768.58,False,4780,726
5515,680941,2025-11-20 10:54:14,2,false_positive_cleared,10.24,7760.31,False,2285,656
5514,681033,2025-11-20 12:54:33,2,false_positive_cleared,1.66,353.6,False,4755,764
5516,681049,2025-11-20 13:29:07,2,false_positive_cleared,20.59,6321.78,False,3450,513
5508,681054,2025-11-20 13:39:01,3,false_positive_cleared,12.56,2511.17,False,2471,57
5519,681113,2025-11-20 15:11:50,2,false_positive_cleared,4.64,163.17,False,2046,233
5520,681123,2025-11-20 15:28:04,2,false_positive_cleared,1.81,2130.09,False,794,519
5521,681198,2025-11-20 17:21:49,2,false_positive_cleared,21.47,7378.8,False,2354,77
5518,681237,2025-11-20 18:11:16,2,false_positive_cleared,26.38,2427.64,False,2601,26
5523,681322,2025-11-20 20:30:23,2,false_positive_cleared,15.27,46.5,False,3054,247
5522,681346,2025-11-20 20:59:17,2,false_positive_cleared,9.83,34.14,False,67,287
5524,681375,2025-11-20 21:39:37,2,false_positive_cleared,12.34,2978.51,False,5175,266
5526,681478,2025-11-21 00:29:30,2,false_positive_cleared,6.25,2486.7,False,2928,630
5527,681521,2025-11-21 01:49:58,2,false_positive_cleared,2.97,185.26,False,1306,136
5528,681628,2025-11-21 04:42:53,2,false_positive_cleared,9.7,2683.06,False,3684,80
5529,681939,2025-11-21 12:38:16,2,false_positive_cleared,9.74,2556.62,False,5131,693
5534,682497,2025-11-22 01:55:05,2,false_positive_cleared,8.83,3425.94,False,4944,567
5531,682654,2025-11-22 05:00:05,2,false_positive_cleared,40.09,781.51,False,4519,472
5532,682753,2025-11-22 07:27:02,2,false_positive_cleared,5.82,1779.16,False,1749,760
5533,682766,2025-11-22 07:42:48,2,false_positive_cleared,10.13,5571.18,False,4258,36
5535,682954,2025-11-22 12:17:04,2,false_positive_cleared,8.18,1810.54,False,643,264
5536,682970,2025-11-22 12:42:29,2,confirmed_fraud,24.69,1844.06,False,315,314
5542,683096,2025-11-22 15:51:52,1,false_positive_cleared,5.71,2424.89,False,4553,753
5538,683126,2025-11-22 16:30:28,2,false_positive_cleared,5.52,3206.26,False,5167,746
5537,683160,2025-11-22 17:22:38,2,false_positive_cleared,10.45,3288.75,False,3626,655
5540,683229,2025-11-22 18:59:29,2,false_positive_cleared,18.13,2025.58,False,5020,316
5539,683335,2025-11-22 21:32:03,2,false_positive_cleared,11.16,170.68,False,4635,79
5530,683351,2025-11-22 22:06:07,3,false_positive_cleared,30.44,5035.75,False,5447,388
5541,683413,2025-11-22 23:48:55,2,false_positive_cleared,15.13,6.57,False,5594,127
5545,683423,2025-11-23 00:03:39,2,false_positive_cleared,5.24,2261.24,False,4871,270
5547,683478,2025-11-23 01:17:36,2,false_positive_cleared,11.43,1827.39,False,3695,508
5546,683533,2025-11-23 02:48:04,2,false_positive_cleared,13.58,3021.78,False,5634,170
5543,683553,2025-11-23 03:13:36,3,confirmed_fraud,18.17,1765.21,False,5326,587
5549,683589,2025-11-23 03:58:12,2,false_positive_cleared,4.67,229.93,False,1796,583
5548,683594,2025-11-23 04:09:44,2,false_positive_cleared,8.15,8388.23,False,4968,603
5553,683639,2025-11-23 05:22:21,2,confirmed_fraud,7.98,14.44,False,1445,9
5550,683651,2025-11-23 05:41:28,2,confirmed_fraud,15.95,2466.07,False,2382,458
5551,683841,2025-11-23 10:13:32,2,false_positive_cleared,41.67,7415.99,False,465,668
5552,683848,2025-11-23 10:22:18,2,false_positive_cleared,12.48,4726.29,False,2353,706
5554,683875,2025-11-23 11:03:37,2,false_positive_cleared,13.59,114.47,False,3128,217
5561,683920,2025-11-23 12:05:23,0,confirmed_fraud,9.41,983.0,False,865,536
5555,683993,2025-11-23 13:23:07,2,false_positive_cleared,9.13,494.81,False,1927,702
5544,684002,2025-11-23 13:28:33,3,false_positive_cleared,0.34,2928.46,False,4398,784
5556,684053,2025-11-23 14:42:35,2,false_positive_cleared,13.24,1828.43,False,4195,718
5557,684095,2025-11-23 15:43:20,2,false_negative_cleared,12.6,487.1,True,2023,329
5559,684243,2025-11-23 19:13:11,2,false_positive_cleared,3.82,5772.11,False,4264,469
5558,684286,2025-11-23 20:05:26,2,false_positive_cleared,2.61,1614.33,False,4909,247
5560,684300,2025-11-23 20:19:32,2,confirmed_fraud,10.14,31.5,True,1084,493
5564,684542,2025-11-24 02:30:56,2,false_positive_cleared,3.62,3953.69,False,3674,426
5566,684547,2025-11-24 02:42:26,2,confirmed_fraud,12.58,2482.51,True,1096,659
5562,684658,2025-11-24 05:09:42,3,false_positive_cleared,7.87,2075.99,False,5338,583
5565,684694,2025-11-24 06:12:49,2,false_positive_cleared,18.61,772.15,False,3480,382
5570,684841,2025-11-24 09:57:07,2,false_positive_cleared,6.73,141.54,False,3534,133
5578,684849,2025-11-24 10:02:30,0,false_positive_cleared,27.05,254.26,False,5069,189
5567,684876,2025-11-24 10:41:59,2,false_positive_cleared,6.69,1141.67,False,2743,85
5577,684908,2025-11-24 11:27:02,0,false_positive_cleared,19.71,404.08,False,2006,713
5568,684945,2025-11-24 12:15:51,2,false_positive_cleared,22.7,34.83,False,1817,559
5569,684991,2025-11-24 13:30:11,2,false_positive_cleared,41.9,1967.86,False,3057,642
5574,685223,2025-11-24 18:49:43,2,false_positive_cleared,21.66,255.2,False,154,384
5573,685225,2025-11-24 18:53:23,2,false_positive_cleared,3.45,2956.3,False,2922,716
5571,685244,2025-11-24 19:30:06,2,false_positive_cleared,21.37,1905.25,False,5417,724
5572,685305,2025-11-24 21:13:58,2,false_positive_cleared,9.75,1802.43,False,1811,724
5575,685346,2025-11-24 22:27:10,2,false_positive_cleared,17.54,3187.57,False,1076,691
5576,685350,2025-11-24 22:36:36,2,false_positive_cleared,12.72,3091.6,False,3038,462
5563,685351,2025-11-24 22:39:59,3,false_positive_cleared,10.64,3135.94,False,5952,774
5580,685470,2025-11-25 01:16:11,2,false_positive_cleared,18.79,108.62,False,5084,80
5579,685540,2025-11-25 03:15:30,3,false_positive_cleared,13.76,62.43,False,359,477
5581,685814,2025-11-25 09:30:49,2,false_positive_cleared,11.63,5250.67,False,2956,198
5582,686011,2025-11-25 14:31:19,2,false_positive_cleared,14.08,2998.11,False,1521,388
5583,686094,2025-11-25 17:05:58,2,false_positive_cleared,6.28,2323.71,False,1521,441
5584,686097,2025-11-25 17:19:12,2,false_positive_cleared,10.35,4488.49,False,2247,544
5585,686156,2025-11-25 18:57:48,2,false_positive_cleared,4.05,165.28,False,4635,701
5586,686190,2025-11-25 19:43:53,2,false_positive_cleared,2.5,7877.01,False,4402,39
5587,686237,2025-11-25 20:47:01,2,false_positive_cleared,2.92,3184.19,False,2669,254
5588,686290,2025-11-25 22:06:20,2,false_positive_cleared,4.74,55.53,False,2192,744
5589,686358,2025-11-25 23:35:50,2,false_positive_cleared,14.18,1465.27,False,4941,737
5590,686380,2025-11-26 00:11:58,2,false_positive_cleared,12.73,4393.8,False,963,390
5598,686392,2025-11-26 00:34:35,0,false_positive_cleared,2.19,126.86,False,1903,245
5591,686411,2025-11-26 00:58:01,2,false_positive_cleared,16.38,2262.77,False,5952,553
5593,686527,2025-11-26 03:41:30,2,false_positive_cleared,9.69,4750.54,False,268,638
5594,686599,2025-11-26 04:53:48,2,false_positive_cleared,5.53,4676.97,False,361,199
5595,686652,2025-11-26 06:14:46,2,false_positive_cleared,17.69,1695.46,False,5738,89
5592,686974,2025-11-26 14:17:54,2,false_positive_cleared,30.59,90.34,False,948,34
5597,686992,2025-11-26 14:49:36,2,false_positive_cleared,0.93,1658.83,False,1388,517
5599,687047,2025-11-26 16:26:32,0,false_positive_cleared,6.29,26.09,False,1846,247
5596,687073,2025-11-26 17:06:32,2,false_positive_cleared,10.11,1763.51,False,1646,9
5602,687381,2025-11-27 01:13:28,2,false_positive_cleared,8.12,2222.53,False,2566,798
5603,687425,2025-11-27 02:29:00,2,false_positive_cleared,29.79,9482.26,False,2948,770
5600,687444,2025-11-27 02:59:43,3,confirmed_fraud,5.31,2379.31,False,2356,768
5604,687465,2025-11-27 03:33:02,2,false_positive_cleared,2.28,1936.67,False,5620,494
5606,687525,2025-11-27 04:48:10,2,false_positive_cleared,2.92,7461.71,False,3317,171
5616,687715,2025-11-27 08:51:49,0,false_positive_cleared,8.17,218.56,False,884,695
5605,687758,2025-11-27 09:56:40,2,false_positive_cleared,15.11,9595.96,False,55,154
5610,687823,2025-11-27 11:47:11,2,false_positive_cleared,8.96,6489.39,False,4849,790
5608,687855,2025-11-27 12:27:39,2,false_positive_cleared,18.43,2285.72,False,2296,392
5607,687995,2025-11-27 15:37:45,2,confirmed_fraud,24.15,7773.83,True,1074,544
5609,688012,2025-11-27 16:01:48,2,false_positive_cleared,21.78,4644.32,False,4731,268
5612,688071,2025-11-27 17:29:54,2,false_positive_cleared,4.96,1809.67,False,1076,267
5601,688089,2025-11-27 17:52:47,3,false_positive_cleared,7.5,14809.74,False,5751,223
5613,688097,2025-11-27 18:02:54,2,false_positive_cleared,9.23,29195.29,False,5033,31
5617,688156,2025-11-27 19:13:49,0,confirmed_fraud,10.11,65.96,False,4535,149
5614,688224,2025-11-27 20:41:31,2,false_positive_cleared,16.53,3035.78,False,5066,441
5615,688297,2025-11-27 22:25:59,2,false_positive_cleared,11.16,16.61,False,1747,6
5611,688300,2025-11-27 22:30:49,2,confirmed_fraud,3.26,1853.21,True,3545,295
5618,688320,2025-11-27 23:00:12,0,false_positive_cleared,13.65,401.06,False,4865,243
5621,688568,2025-11-28 04:59:18,2,false_positive_cleared,19.25,26531.34,False,2833,681
5620,688616,2025-11-28 06:07:21,2,false_positive_cleared,10.19,2420.58,False,3756,159
5622,688617,2025-11-28 06:07:51,2,false_positive_cleared,12.95,250.81,False,5408,569
5623,688637,2025-11-28 06:43:12,2,false_positive_cleared,7.02,155.69,False,5146,483
5619,688895,2025-11-28 12:56:33,3,false_positive_cleared,14.93,982.3,False,4111,74
5624,688901,2025-11-28 13:01:14,2,false_positive_cleared,6.45,1899.98,False,4849,786
5625,688930,2025-11-28 14:06:22,2,false_positive_cleared,10.3,3199.75,False,643,530
5633,688945,2025-11-28 14:20:37,1,confirmed_fraud,7.24,12035.91,False,4628,80
5626,689007,2025-11-28 15:43:06,2,false_positive_cleared,17.82,3763.89,False,857,573
5627,689141,2025-11-28 19:11:50,2,false_positive_cleared,10.43,1805.29,False,2799,611
5628,689143,2025-11-28 19:14:37,2,false_positive_cleared,23.66,2633.56,False,588,171
5629,689165,2025-11-28 19:45:01,2,false_positive_cleared,26.47,29.39,False,4926,173
5631,689167,2025-11-28 19:46:10,2,false_positive_cleared,10.53,2830.25,False,4670,413
5630,689272,2025-11-28 22:28:36,2,false_positive_cleared,3.29,67.01,False,4612,233
5632,689316,2025-11-28 23:23:16,2,false_positive_cleared,14.44,1640.8,False,2046,416
5635,689345,2025-11-29 00:10:02,2,false_positive_cleared,14.82,1638.85,False,2709,622
5634,689376,2025-11-29 00:53:40,3,false_positive_cleared,14.47,4142.53,False,3363,92
5636,689578,2025-11-29 05:33:02,2,false_positive_cleared,7.9,2452.56,False,4639,394
5642,689739,2025-11-29 09:30:10,0,false_positive_cleared,9.31,35.53,False,2453,782
5637,689740,2025-11-29 09:31:44,2,false_positive_cleared,12.14,5496.22,False,293,301
5638,689830,2025-11-29 11:51:42,2,false_positive_cleared,20.6,1986.06,False,2743,420
5640,690080,2025-11-29 18:28:21,2,false_positive_cleared,24.2,3312.27,False,844,550
5639,690085,2025-11-29 18:33:50,2,false_positive_cleared,15.31,1693.83,False,883,31
5641,690291,2025-11-29 23:45:27,2,false_positive_cleared,13.49,4812.56,False,5167,466
5644,690325,2025-11-30 00:33:28,2,false_positive_cleared,14.9,188.95,False,4290,12
5648,690445,2025-11-30 03:30:01,2,false_positive_cleared,3.23,4358.07,False,3912,449
5645,690464,2025-11-30 03:59:10,2,false_positive_cleared,10.95,2783.33,False,1606,132
5646,690585,2025-11-30 07:07:48,2,confirmed_fraud,6.5,5803.7,False,340,748
5647,690601,2025-11-30 07:34:38,2,false_positive_cleared,7.01,3230.5,False,2740,160
5649,690659,2025-11-30 09:08:02,2,false_positive_cleared,6.29,11741.06,False,5293,737
5650,690687,2025-11-30 09:45:51,2,false_positive_cleared,11.12,8589.12,False,2744,48
5652,690734,2025-11-30 10:39:33,2,false_positive_cleared,15.19,2157.75,False,1076,221
5651,690866,2025-11-30 13:29:00,2,false_positive_cleared,9.98,878.64,False,3015,393
5653,690998,2025-11-30 16:45:32,2,false_positive_cleared,3.74,108.42,False,3097,747
5654,691028,2025-11-30 17:25:25,2,false_positive_cleared,7.74,2303.27,False,399,249
5655,691067,2025-11-30 18:16:20,2,false_positive_cleared,8.64,6917.0,False,5535,187
5656,691077,2025-11-30 18:23:45,2,false_positive_cleared,5.64,13783.07,False,4149,369
5643,691201,2025-11-30 21:04:24,3,confirmed_fraud,19.81,6158.28,True,794,348
5657,691626,2025-12-01 07:14:59,2,false_positive_cleared,8.79,1668.02,False,1027,667
5658,691638,2025-12-01 07:29:57,2,false_positive_cleared,8.11,3774.89,False,35,700
5659,691678,2025-12-01 08:14:51,2,false_positive_cleared,12.67,1270.77,False,3558,558
5660,691723,2025-12-01 09:27:35,2,false_positive_cleared,8.61,3535.41,False,3784,668
5661,691739,2025-12-01 09:40:15,2,false_positive_cleared,4.91,1341.35,False,3038,510
5662,691775,2025-12-01 10:31:56,2,false_positive_cleared,8.37,2149.17,False,5124,606
5672,691831,2025-12-01 11:43:48,0,false_positive_cleared,6.09,22.06,False,394,748
5663,691877,2025-12-01 12:58:46,2,confirmed_fraud,26.31,1642.62,False,3278,228
5664,691934,2025-12-01 14:21:21,2,false_positive_cleared,20.57,47.6,False,3787,645
5666,691980,2025-12-01 15:17:06,2,false_positive_cleared,28.08,1703.79,False,285,624
5667,691996,2025-12-01 15:36:42,2,false_positive_cleared,6.94,2980.14,False,5751,551
5668,692015,2025-12-01 15:50:47,2,false_positive_cleared,3.38,667.71,False,1881,157
5665,692057,2025-12-01 16:42:29,2,false_positive_cleared,10.73,1679.33,False,1795,521
5670,692154,2025-12-01 19:12:44,2,false_positive_cleared,57.86,1136.86,False,3586,714
5669,692194,2025-12-01 20:24:30,2,false_positive_cleared,5.53,19.72,False,4415,696
5671,692195,2025-12-01 20:24:32,2,false_positive_cleared,28.73,5638.09,False,1850,526
5676,692385,2025-12-02 01:15:36,2,false_positive_cleared,8.34,393.52,False,139,387
5675,692460,2025-12-02 03:08:40,2,false_positive_cleared,3.41,88.23,False,2266,343
5678,692570,2025-12-02 05:47:30,2,false_positive_cleared,6.41,1649.4,False,5372,426
5677,692576,2025-12-02 05:57:41,2,false_positive_cleared,18.1,3841.49,False,3069,725
5682,692620,2025-12-02 06:43:00,2,false_positive_cleared,4.0,97.12,False,5156,558
5674,692679,2025-12-02 08:02:06,3,false_negative_cleared,2.11,387.02,True,1386,551
5679,692696,2025-12-02 08:25:29,2,false_positive_cleared,8.26,2219.66,False,1795,600
5680,692749,2025-12-02 09:28:32,2,false_positive_cleared,20.74,2565.33,False,1592,568
5681,692768,2025-12-02 09:53:17,2,false_positive_cleared,6.78,2108.83,False,5066,509
5683,692854,2025-12-02 11:49:29,2,false_positive_cleared,4.51,623.65,False,2871,555
5684,692911,2025-12-02 13:01:53,2,false_positive_cleared,31.01,4784.48,False,4692,634
5685,693093,2025-12-02 17:55:10,2,false_positive_cleared,8.45,2291.24,False,1589,494
5686,693135,2025-12-02 18:44:42,2,false_positive_cleared,4.54,4253.43,False,5094,126
5673,693148,2025-12-02 19:04:04,3,false_positive_cleared,10.79,2198.23,False,859,145
5687,693155,2025-12-02 19:15:57,2,false_positive_cleared,41.98,2300.24,False,5826,560
5688,693195,2025-12-02 20:00:29,2,false_positive_cleared,4.79,2243.38,False,3260,358
5690,693222,2025-12-02 20:45:01,0,false_positive_cleared,4.98,477.75,False,758,10
5689,693287,2025-12-02 22:12:18,2,false_positive_cleared,6.96,1910.34,False,1299,433
5691,693429,2025-12-03 01:27:00,2,false_positive_cleared,8.07,23859.11,False,5692,444
5692,693458,2025-12-03 02:19:15,2,false_positive_cleared,12.0,1732.29,False,1434,571
5693,693459,2025-12-03 02:20:18,2,false_positive_cleared,3.36,787.64,False,1892,170
5694,693585,2025-12-03 05:28:04,2,false_positive_cleared,10.34,46.51,False,2059,521
5695,693747,2025-12-03 09:22:51,2,false_positive_cleared,2.07,3367.58,False,4508,395
5696,693804,2025-12-03 10:50:24,2,false_positive_cleared,15.46,1623.71,False,5109,779
5702,693818,2025-12-03 11:10:22,1,false_positive_cleared,26.86,103.99,False,5589,775
5697,693973,2025-12-03 15:00:11,2,false_positive_cleared,14.78,1753.36,False,348,673
5703,694012,2025-12-03 15:58:51,0,false_positive_cleared,14.94,71.62,False,5304,42
5699,694018,2025-12-03 16:07:54,2,false_positive_cleared,10.57,67.29,False,1966,131
5698,694172,2025-12-03 20:33:17,2,false_positive_cleared,3.91,2289.77,False,777,95
5700,694253,2025-12-03 22:38:08,2,false_positive_cleared,16.92,5476.65,False,1592,616
5701,694312,2025-12-03 23:52:06,2,false_positive_cleared,23.12,6.37,False,2774,480
5705,694408,2025-12-04 02:25:43,2,false_positive_cleared,1.27,273.46,False,5998,610
5715,694409,2025-12-04 02:26:46,0,false_positive_cleared,30.8,48.8,False,4174,550
5707,694413,2025-12-04 02:28:38,2,false_positive_cleared,22.98,2901.07,False,3756,400
5706,694417,2025-12-04 02:32:29,2,false_positive_cleared,9.38,117.91,False,4404,552
5709,694457,2025-12-04 03:24:15,2,false_positive_cleared,4.06,1635.49,False,2627,783
5710,694769,2025-12-04 11:02:13,2,false_positive_cleared,21.29,2355.41,False,5364,689
5704,694776,2025-12-04 11:09:03,3,false_positive_cleared,7.4,1622.78,False,3978,448
5711,694811,2025-12-04 11:50:10,2,false_positive_cleared,10.64,3037.03,False,1029,320
5708,695010,2025-12-04 16:58:47,2,false_positive_cleared,10.34,2218.9,False,4915,124
5713,695077,2025-12-04 18:37:06,2,false_positive_cleared,12.54,77.82,False,4282,300
5712,695198,2025-12-04 21:03:21,2,false_positive_cleared,3.83,1714.99,False,5383,663
5714,695203,2025-12-04 21:17:05,2,false_positive_cleared,18.06,79.29,False,5507,761
5716,695399,2025-12-05 01:39:16,2,false_positive_cleared,4.64,16741.05,False,2301,673
5717,695437,2025-12-05 02:38:05,2,false_positive_cleared,29.52,1923.77,False,3108,35
5724,695480,2025-12-05 03:55:08,0,false_positive_cleared,12.93,102.3,False,1364,113
5725,695943,2025-12-05 15:10:04,0,false_positive_cleared,9.34,77.06,False,4758,173
5719,695951,2025-12-05 15:24:17,2,false_positive_cleared,7.8,342.72,False,1386,560
5718,695957,2025-12-05 15:29:59,2,false_positive_cleared,6.83,6722.22,False,2383,615
5721,696134,2025-12-05 19:30:08,2,false_positive_cleared,15.91,5242.85,False,399,520
5720,696142,2025-12-05 19:41:38,2,false_positive_cleared,21.57,4402.8,False,4151,562
5722,696153,2025-12-05 19:58:51,2,confirmed_fraud,3.51,2934.7,True,2800,128
5723,696267,2025-12-05 22:26:48,2,false_positive_cleared,5.94,4359.99,False,5712,86
5727,696463,2025-12-06 02:58:31,2,false_positive_cleared,10.98,3066.44,False,531,283
5728,696496,2025-12-06 03:57:55,2,false_positive_cleared,18.95,24410.56,False,3781,742
5730,696573,2025-12-06 05:56:27,2,false_positive_cleared,11.0,219.8,False,2451,203
5729,696583,2025-12-06 06:10:36,2,confirmed_fraud,39.22,3250.98,False,1496,168
5734,696634,2025-12-06 07:20:39,2,false_positive_cleared,3.01,674.61,False,3520,740
5731,696637,2025-12-06 07:24:20,2,confirmed_fraud,10.37,219.76,True,61,177
5732,696653,2025-12-06 07:44:43,2,false_positive_cleared,12.01,697.17,False,2030,590
5733,696661,2025-12-06 08:02:58,2,false_positive_cleared,1.41,1598.46,False,3250,765
5735,696680,2025-12-06 08:41:34,2,false_positive_cleared,10.36,3252.87,False,5020,461
5736,696727,2025-12-06 09:46:19,2,false_positive_cleared,14.66,9560.45,False,5293,60
5738,696740,2025-12-06 10:04:47,2,false_positive_cleared,15.1,4811.46,False,5026,451
5737,696770,2025-12-06 10:46:35,2,false_positive_cleared,11.26,2394.66,False,3603,373
5739,696812,2025-12-06 11:51:53,2,false_positive_cleared,13.9,8149.08,False,5026,353
5740,697168,2025-12-06 20:10:37,2,false_positive_cleared,26.99,1746.39,False,5757,359
5741,697280,2025-12-06 22:55:28,2,false_positive_cleared,3.67,2249.17,False,857,609
5726,697284,2025-12-06 23:02:22,3,false_positive_cleared,1.21,35346.85,False,544,590
5742,697295,2025-12-06 23:19:27,2,false_positive_cleared,12.64,127.31,False,1754,424
5743,697458,2025-12-07 03:37:00,2,false_positive_cleared,1.43,725.05,False,82,181
5753,697554,2025-12-07 05:34:53,0,false_positive_cleared,1.57,196.45,False,5213,412
5744,697602,2025-12-07 06:38:17,2,false_positive_cleared,6.46,1972.19,False,3931,276
5745,697875,2025-12-07 12:23:32,2,false_positive_cleared,8.47,6653.18,False,4304,39
5746,697935,2025-12-07 13:50:39,2,false_positive_cleared,16.72,3415.7,False,1963,21
5754,697974,2025-12-07 14:42:56,0,false_positive_cleared,7.59,389.6,False,5600,184
5748,698088,2025-12-07 17:31:16,2,false_positive_cleared,18.52,336.62,False,4573,639
5749,698090,2025-12-07 17:32:07,2,false_positive_cleared,27.26,730.72,False,1107,193
5750,698112,2025-12-07 18:29:46,2,false_positive_cleared,9.25,4629.52,False,1038,306
5752,698114,2025-12-07 18:33:01,2,false_positive_cleared,2.79,1209.8,False,2571,11
5747,698179,2025-12-07 20:05:55,2,false_positive_cleared,5.15,357.47,False,4953,500
5751,698278,2025-12-07 22:55:00,2,false_positive_cleared,42.7,44.74,False,5987,453
5755,698385,2025-12-08 00:52:38,2,false_positive_cleared,13.76,4680.57,False,5599,377
5766,698470,2025-12-08 02:43:14,0,false_positive_cleared,27.09,1401.99,False,3600,624
5756,698614,2025-12-08 06:19:11,2,false_positive_cleared,17.31,1809.06,False,326,283
5758,698705,2025-12-08 08:38:07,2,false_positive_cleared,3.76,326.35,False,2879,396
5757,698730,2025-12-08 09:09:30,2,false_positive_cleared,13.38,2403.45,False,777,347
5759,698750,2025-12-08 09:42:46,2,false_positive_cleared,8.46,2271.28,False,5752,35
5760,698812,2025-12-08 10:58:42,2,false_positive_cleared,16.17,489.9,False,3970,151
5768,698824,2025-12-08 11:12:32,0,false_positive_cleared,3.36,50.11,False,5435,357
5762,698875,2025-12-08 12:19:36,2,false_positive_cleared,6.39,2681.06,False,2365,577
5767,698952,2025-12-08 14:04:49,0,false_positive_cleared,1.23,25.89,False,432,482
5764,699005,2025-12-08 15:29:42,2,false_positive_cleared,39.24,2535.07,False,4715,329
5763,699132,2025-12-08 18:02:03,2,false_positive_cleared,18.57,5857.13,False,1262,60
5761,699205,2025-12-08 19:54:01,2,false_positive_cleared,20.74,4436.37,False,35,667
5765,699227,2025-12-08 20:21:05,2,false_positive_cleared,6.79,6466.72,False,1793,589
5771,699425,2025-12-09 01:13:30,2,false_positive_cleared,4.74,5259.49,False,2346,26
5770,699463,2025-12-09 02:06:43,2,false_positive_cleared,8.19,2782.64,False,2162,331
5772,699475,2025-12-09 02:26:03,2,false_positive_cleared,11.58,371.79,False,2907,595
5773,699523,2025-12-09 03:25:12,2,false_positive_cleared,32.24,4113.65,False,4072,468
5774,699541,2025-12-09 03:56:44,2,false_positive_cleared,5.34,1902.07,False,2792,657
5775,699649,2025-12-09 06:21:55,2,false_positive_cleared,25.3,2048.09,False,3098,571
5769,699726,2025-12-09 08:21:44,3,false_negative_cleared,19.34,1665.02,True,5273,707
5776,699873,2025-12-09 12:48:01,2,false_positive_cleared,4.25,3097.67,False,2390,599
5777,699890,2025-12-09 13:11:05,2,confirmed_fraud,22.12,534.43,False,5111,459
5778,699922,2025-12-09 14:02:39,2,false_positive_cleared,37.81,1841.7,False,590,607
5779,699957,2025-12-09 14:51:49,2,false_positive_cleared,2.73,182.25,False,2573,51
5780,700264,2025-12-09 21:50:53,2,false_positive_cleared,20.66,3272.68,False,3015,56
5781,700274,2025-12-09 22:00:29,2,false_positive_cleared,11.11,1885.97,False,3038,169
5782,700285,2025-12-09 22:09:30,2,false_positive_cleared,5.14,6927.14,False,35,490
5783,700320,2025-12-09 22:57:51,2,false_positive_cleared,29.5,1955.48,False,832,619
5785,700367,2025-12-10 00:04:52,2,false_positive_cleared,8.24,7410.73,False,1850,520
5787,700392,2025-12-10 00:41:07,2,false_positive_cleared,28.53,16743.47,False,3317,435
5795,700419,2025-12-10 01:09:45,0,false_positive_cleared,7.89,180.15,False,1937,330
5786,700457,2025-12-10 01:56:51,2,false_positive_cleared,3.72,132.85,False,2516,440
5789,700676,2025-12-10 07:28:22,2,confirmed_fraud,21.64,1890.7,False,2460,55
5791,700687,2025-12-10 07:47:11,2,false_positive_cleared,11.42,3868.3,False,55,463
5790,700929,2025-12-10 13:43:39,2,false_positive_cleared,4.36,153.82,False,5479,244
5788,700952,2025-12-10 14:09:09,2,false_positive_cleared,0.95,2935.1,False,3081,589
5793,701086,2025-12-10 17:02:06,2,false_positive_cleared,1.88,520.5,False,1481,299
5792,701186,2025-12-10 19:11:41,2,false_positive_cleared,15.14,2851.45,False,4563,594
5784,701266,2025-12-10 21:13:23,3,false_positive_cleared,18.74,3584.16,False,5971,517
5794,701287,2025-12-10 21:52:37,2,false_positive_cleared,29.15,71.61,False,2283,121
5796,701396,2025-12-11 00:30:47,2,false_positive_cleared,26.14,3074.3,False,3038,375
5797,701421,2025-12-11 01:00:54,2,false_positive_cleared,3.7,4459.08,False,3646,485
5798,701650,2025-12-11 06:59:03,2,false_positive_cleared,4.86,8.68,False,3760,572
5799,701820,2025-12-11 10:42:02,2,false_positive_cleared,6.45,1835.35,False,1514,486
5800,701880,2025-12-11 12:10:45,2,false_positive_cleared,5.9,41.65,False,1558,551
5801,701927,2025-12-11 13:09:14,2,false_positive_cleared,7.43,82.84,False,5741,390
5802,701945,2025-12-11 13:45:27,2,false_positive_cleared,17.07,11971.75,False,409,125
5803,702020,2025-12-11 16:03:43,2,false_positive_cleared,7.35,3215.53,False,3912,504
5804,702037,2025-12-11 16:31:45,2,false_positive_cleared,16.6,29128.01,False,2342,545
5805,702054,2025-12-11 17:01:06,2,false_positive_cleared,17.86,4073.5,False,2626,628
5806,702067,2025-12-11 17:34:58,2,false_positive_cleared,17.59,7621.57,False,1167,90
5807,702089,2025-12-11 18:09:18,2,false_positive_cleared,5.73,1946.9,False,2924,312
5808,702135,2025-12-11 19:10:37,2,false_positive_cleared,16.74,20.94,False,5861,5
5809,702296,2025-12-11 23:24:42,2,false_positive_cleared,13.06,80.7,False,5018,688
5811,702361,2025-12-12 00:54:51,2,false_positive_cleared,5.11,1944.87,False,3263,608
5812,702435,2025-12-12 02:32:23,2,false_positive_cleared,30.63,8703.21,False,5293,748
5814,702483,2025-12-12 03:47:07,2,false_positive_cleared,9.34,50.12,False,2106,697
5813,702622,2025-12-12 06:51:27,2,false_positive_cleared,2.39,3923.72,False,832,501
5815,702624,2025-12-12 06:53:39,2,false_positive_cleared,10.94,995.52,False,3091,297
5810,702714,2025-12-12 08:43:52,3,false_positive_cleared,2.06,7022.83,False,5752,561
5816,702734,2025-12-12 09:19:47,2,false_positive_cleared,15.82,1648.27,False,295,254
5817,703034,2025-12-12 16:06:39,2,false_positive_cleared,10.19,1946.05,False,5971,85
5818,703050,2025-12-12 16:37:42,2,false_negative_cleared,6.48,4548.78,True,202,578
5821,703602,2025-12-13 05:08:22,2,false_positive_cleared,6.33,175.13,False,4298,23
5820,703635,2025-12-13 05:59:20,2,false_positive_cleared,13.59,436.95,False,5243,114
5822,703654,2025-12-13 06:15:24,2,false_positive_cleared,6.58,41.25,False,488,493
5823,703660,2025-12-13 06:23:55,2,false_positive_cleared,5.05,11550.73,False,194,512
5824,703797,2025-12-13 09:25:45,2,false_positive_cleared,9.17,7210.63,False,55,663
5832,703807,2025-12-13 09:35:25,0,false_positive_cleared,3.6,490.72,False,2979,681
5819,703817,2025-12-13 09:47:29,3,false_positive_cleared,5.12,3917.76,False,81,51
5825,703870,2025-12-13 10:59:28,2,false_positive_cleared,8.25,26.56,False,3605,252
5827,703878,2025-12-13 11:05:35,2,false_positive_cleared,14.22,3207.82,False,3850,488
5828,703922,2025-12-13 12:12:13,2,false_positive_cleared,16.62,1403.69,False,1574,444
5829,704008,2025-12-13 14:00:27,2,false_positive_cleared,22.28,23484.1,False,2509,194
5833,704047,2025-12-13 14:48:42,0,false_positive_cleared,41.8,88.44,False,314,40
5826,704163,2025-12-13 18:02:42,2,false_positive_cleared,2.01,2505.39,False,2951,654
5831,704224,2025-12-13 19:39:34,2,false_positive_cleared,14.69,208.12,False,1394,790
5830,704316,2025-12-13 22:15:43,2,false_positive_cleared,9.48,15014.43,False,2509,117
5836,704444,2025-12-14 01:15:21,2,confirmed_fraud,3.57,3057.19,True,1142,442
5837,704470,2025-12-14 02:11:37,2,false_positive_cleared,13.14,94.44,False,579,520
5839,704539,2025-12-14 04:05:57,2,false_positive_cleared,7.53,8176.97,False,399,46
5838,704693,2025-12-14 08:00:14,2,false_positive_cleared,26.08,12831.7,False,5293,334
5840,704712,2025-12-14 08:24:43,2,false_positive_cleared,15.4,169.15,False,1077,42
5835,704720,2025-12-14 08:32:34,3,false_positive_cleared,3.05,1666.98,False,47,270
5834,704924,2025-12-14 13:42:54,3,false_positive_cleared,1.41,4702.96,False,4450,791
5845,704986,2025-12-14 15:07:42,0,false_positive_cleared,7.11,565.9,False,358,698
5841,705072,2025-12-14 17:22:32,2,false_positive_cleared,6.58,3425.26,False,590,226
5843,705103,2025-12-14 18:14:03,2,confirmed_fraud,11.54,59.99,False,3169,262
5842,705105,2025-12-14 18:16:25,2,false_positive_cleared,2.53,4963.07,False,2200,221
5844,705231,2025-12-14 21:20:07,2,false_positive_cleared,31.47,5110.85,False,3912,383
5859,705378,2025-12-15 00:46:10,1,false_positive_cleared,5.77,970.62,False,4935,344
5846,705417,2025-12-15 01:46:43,3,false_positive_cleared,8.52,2979.68,False,2655,615
5847,705566,2025-12-15 05:51:07,2,false_positive_cleared,10.74,1839.14,False,3614,123
5848,705585,2025-12-15 06:22:02,2,false_positive_cleared,21.6,3247.67,False,5338,7
5850,705597,2025-12-15 06:39:33,2,false_positive_cleared,31.06,144.51,False,3099,436
5849,705702,2025-12-15 09:07:21,2,false_positive_cleared,1.12,95.49,False,5161,363
5851,705703,2025-12-15 09:10:23,2,false_positive_cleared,6.67,3438.08,False,1007,430
5852,705911,2025-12-15 14:46:13,2,false_positive_cleared,11.55,2262.11,False,1498,699
5854,705928,2025-12-15 15:13:46,2,false_positive_cleared,19.11,3734.8,False,5630,89
5855,706085,2025-12-15 18:59:18,2,false_positive_cleared,0.82,7612.89,False,5871,542
5856,706087,2025-12-15 19:05:49,2,false_positive_cleared,8.15,283.36,False,780,339
5860,706092,2025-12-15 19:11:58,0,false_positive_cleared,9.03,193.07,False,652,766
5853,706122,2025-12-15 19:55:01,2,false_positive_cleared,17.23,7663.51,False,257,68
5858,706123,2025-12-15 19:55:04,2,false_positive_cleared,7.02,1802.83,False,2583,800
5857,706273,2025-12-15 23:25:38,2,false_positive_cleared,6.08,84.5,False,204,720
5861,706314,2025-12-16 00:18:30,2,false_positive_cleared,9.84,177.36,False,2053,481
5862,706389,2025-12-16 02:09:23,2,false_positive_cleared,15.16,4262.39,False,3978,482
5863,706652,2025-12-16 08:34:53,2,false_positive_cleared,2.36,43.29,False,3194,681
5864,706741,2025-12-16 10:35:54,2,false_positive_cleared,7.91,324.63,False,593,188
5865,706760,2025-12-16 11:01:42,2,false_positive_cleared,17.29,8.23,False,1445,694
5866,706778,2025-12-16 11:27:45,2,false_positive_cleared,11.9,1908.48,False,3227,286
5867,706823,2025-12-16 12:40:33,2,false_positive_cleared,27.7,1091.03,False,258,170
5868,706884,2025-12-16 14:10:26,2,false_positive_cleared,7.4,65.41,False,978,508
5869,706903,2025-12-16 14:46:05,2,false_positive_cleared,21.33,986.45,False,1652,220
5870,706950,2025-12-16 16:05:23,2,false_positive_cleared,19.66,1801.62,False,2045,204
5876,706981,2025-12-16 17:13:41,0,confirmed_fraud,7.51,144.37,False,2849,733
5871,707069,2025-12-16 19:10:17,2,false_positive_cleared,2.83,3810.48,False,3931,33
5872,707081,2025-12-16 19:37:41,2,false_positive_cleared,6.94,3251.78,False,1589,84
5874,707169,2025-12-16 22:02:27,2,false_positive_cleared,15.7,2007.93,False,3012,752
5873,707181,2025-12-16 22:18:44,2,false_positive_cleared,14.29,1821.05,False,35,674
5875,707231,2025-12-16 23:32:53,2,false_positive_cleared,5.49,18.88,False,4292,767
5878,707266,2025-12-17 00:09:55,2,false_positive_cleared,4.57,8.14,False,830,443
5880,707345,2025-12-17 02:09:51,2,false_positive_cleared,21.0,2226.86,False,35,133
5879,707351,2025-12-17 02:15:37,2,false_positive_cleared,6.58,1797.0,False,1695,255
5881,707425,2025-12-17 04:31:20,2,false_positive_cleared,2.49,122.51,False,4661,478
5882,707448,2025-12-17 04:54:55,2,false_positive_cleared,4.38,911.76,False,3591,551
5877,707613,2025-12-17 08:36:20,3,false_positive_cleared,12.73,1828.08,False,4445,23
5883,707682,2025-12-17 10:20:22,2,false_positive_cleared,13.06,12352.93,False,591,674
5884,707837,2025-12-17 14:25:47,2,false_positive_cleared,7.1,33064.98,False,544,523
5888,707848,2025-12-17 14:44:20,0,false_positive_cleared,20.08,241.75,False,1626,271
5885,708043,2025-12-17 19:35:23,2,false_positive_cleared,17.22,1858.27,False,2064,577
5886,708069,2025-12-17 20:10:21,2,false_positive_cleared,15.82,4779.59,False,3164,409
5887,708097,2025-12-17 20:39:22,2,false_positive_cleared,6.34,1766.45,False,1390,560
5889,708312,2025-12-18 02:02:11,2,false_positive_cleared,12.99,10034.66,False,2662,775
5890,708498,2025-12-18 06:20:44,2,false_positive_cleared,10.87,33015.02,False,2509,780
5891,708517,2025-12-18 06:53:03,2,false_positive_cleared,8.1,3256.54,False,2920,24
5892,708724,2025-12-18 11:58:03,2,false_negative_cleared,3.6,10408.06,True,1532,531
5893,708834,2025-12-18 14:32:31,2,false_positive_cleared,8.46,1097.49,False,3613,490
5894,708932,2025-12-18 17:13:44,2,false_positive_cleared,19.77,3352.96,False,1079,51
5895,709018,2025-12-18 19:16:11,2,false_positive_cleared,3.15,6267.74,False,197,148
5898,709454,2025-12-19 05:35:02,2,false_positive_cleared,4.41,598.55,False,3303,616
5897,709576,2025-12-19 08:55:12,2,false_positive_cleared,12.16,29974.16,False,3464,497
5902,709658,2025-12-19 10:28:50,2,false_positive_cleared,4.47,7146.34,False,5020,112
5899,709683,2025-12-19 11:03:51,2,false_positive_cleared,20.21,2277.45,False,5979,528
5900,709709,2025-12-19 11:42:49,2,false_positive_cleared,6.6,1685.37,False,69,451
5901,709718,2025-12-19 11:56:00,2,confirmed_fraud,44.05,3721.46,False,5029,663
5903,709783,2025-12-19 13:42:13,2,false_positive_cleared,20.3,386.06,False,5386,479
5904,709891,2025-12-19 16:14:26,2,false_positive_cleared,12.12,152.39,False,3940,343
5906,709907,2025-12-19 16:44:09,2,false_positive_cleared,7.84,2725.07,False,287,176
5905,709917,2025-12-19 17:02:42,2,false_positive_cleared,1.98,7986.59,False,1292,551
5907,709941,2025-12-19 17:33:24,2,false_positive_cleared,16.75,1798.68,False,590,447
5908,709953,2025-12-19 17:45:34,2,false_positive_cleared,26.92,904.13,False,2821,190
5909,710047,2025-12-19 19:58:39,2,false_positive_cleared,12.06,1866.11,False,1498,191
5910,710126,2025-12-19 21:47:28,2,false_positive_cleared,1.45,3433.52,False,5020,451
5896,710223,2025-12-19 23:47:00,3,false_positive_cleared,19.04,1632.83,False,2571,156
5912,710239,2025-12-20 00:18:38,2,false_positive_cleared,7.49,2151.59,False,4505,322
5916,710247,2025-12-20 00:31:12,2,false_positive_cleared,9.24,2171.02,False,5099,136
5913,710356,2025-12-20 03:16:43,2,confirmed_fraud,6.81,3144.39,True,329,321
5914,710399,2025-12-20 04:09:13,2,false_positive_cleared,8.69,9111.4,False,4262,603
5915,710537,2025-12-20 07:44:24,2,false_positive_cleared,29.8,202.69,False,2624,247
5917,710603,2025-12-20 09:18:58,2,false_positive_cleared,5.77,131.87,False,3195,369
5924,710662,2025-12-20 10:30:02,1,false_positive_cleared,12.12,2487.08,False,5742,718
5918,710700,2025-12-20 11:24:55,2,false_positive_cleared,5.57,2914.77,False,1589,383
5920,710732,2025-12-20 12:06:34,2,confirmed_fraud,6.11,55.1,False,2281,283
5919,710813,2025-12-20 14:10:31,2,false_positive_cleared,27.77,12109.42,False,2596,699
5922,711082,2025-12-20 21:18:52,2,false_positive_cleared,30.0,302.6,False,5557,141
5921,711103,2025-12-20 21:41:05,2,false_positive_cleared,6.95,2368.06,False,4445,187
5923,711119,2025-12-20 21:55:54,2,false_positive_cleared,8.28,8405.14,False,4262,458
5911,711120,2025-12-20 22:00:20,3,confirmed_fraud,27.78,329.19,True,4051,504
5925,711207,2025-12-21 00:21:10,2,false_positive_cleared,3.02,2833.07,False,4740,689
5926,711302,2025-12-21 02:36:35,2,false_positive_cleared,45.65,1513.92,False,2354,187
5927,711326,2025-12-21 03:24:16,2,false_positive_cleared,1.12,3965.78,False,1758,327
5928,711503,2025-12-21 07:31:48,2,false_positive_cleared,7.85,3152.08,False,5680,56
5929,711598,2025-12-21 09:43:44,2,false_positive_cleared,2.17,2194.31,False,746,548
5930,711687,2025-12-21 11:42:11,2,false_positive_cleared,5.2,9156.56,False,4272,46
5931,711720,2025-12-21 12:34:31,2,false_positive_cleared,14.31,48.65,False,922,769
5938,711730,2025-12-21 12:51:09,0,false_positive_cleared,6.94,372.21,False,3185,686
5932,711748,2025-12-21 13:15:13,2,false_positive_cleared,3.34,1262.62,False,4568,353
5933,711828,2025-12-21 14:54:28,2,false_positive_cleared,10.76,1578.34,False,5903,737
5934,711879,2025-12-21 16:21:07,2,false_positive_cleared,17.02,9097.0,False,35,456
5936,711925,2025-12-21 17:37:37,2,false_positive_cleared,4.71,701.2,False,884,484
5935,711974,2025-12-21 19:07:58,2,false_positive_cleared,15.1,83.27,False,3287,325
5937,712018,2025-12-21 20:14:34,2,false_positive_cleared,8.95,1820.27,False,5599,182
5942,712169,2025-12-22 00:14:25,2,false_positive_cleared,4.06,39.39,False,5262,614
5941,712198,2025-12-22 00:52:22,2,confirmed_fraud,9.31,14891.68,True,5692,112
5944,712370,2025-12-22 04:47:18,2,false_positive_cleared,10.76,2214.97,False,417,560
5943,712441,2025-12-22 06:32:56,2,false_positive_cleared,21.26,2628.15,False,2956,493
5948,712447,2025-12-22 06:38:29,2,false_positive_cleared,13.12,2111.9,False,4157,260
5940,712481,2025-12-22 07:26:01,3,false_positive_cleared,3.24,6332.4,False,1007,271
5945,712485,2025-12-22 07:28:51,2,false_positive_cleared,12.69,9334.0,False,1292,2
5946,712503,2025-12-22 07:54:55,2,false_positive_cleared,9.7,1810.35,False,3836,48
5947,712533,2025-12-22 08:50:01,2,false_positive_cleared,4.86,2672.14,False,5945,695
5949,712561,2025-12-22 09:30:10,2,false_positive_cleared,8.66,4056.46,False,1529,409
5939,712584,2025-12-22 10:05:38,3,false_positive_cleared,4.41,2516.25,False,137,117
5950,712591,2025-12-22 10:17:42,2,false_positive_cleared,3.98,4190.31,False,1634,627
5951,712879,2025-12-22 17:33:42,2,false_positive_cleared,9.64,2472.0,False,2022,396
5952,712921,2025-12-22 18:53:29,2,false_positive_cleared,4.74,2966.99,False,4036,663
5953,712987,2025-12-22 20:18:54,2,false_positive_cleared,9.71,2219.86,False,4078,142
5954,713013,2025-12-22 20:53:36,2,false_positive_cleared,26.88,56.7,False,4158,709
5955,713030,2025-12-22 21:30:30,2,false_positive_cleared,25.03,1620.26,False,5317,43
5956,713055,2025-12-22 22:03:01,2,false_positive_cleared,0.9,3149.64,False,4005,488
5957,713369,2025-12-23 05:05:01,2,confirmed_fraud,10.95,2452.95,False,4236,110
5958,713480,2025-12-23 07:35:54,2,false_positive_cleared,12.86,2977.24,False,2220,228
5959,713490,2025-12-23 07:47:54,2,false_positive_cleared,20.84,2737.88,False,2434,404
5960,713565,2025-12-23 09:29:10,2,false_positive_cleared,10.06,7197.77,False,2374,291
5961,713593,2025-12-23 10:14:47,2,confirmed_fraud,14.78,17661.31,True,4465,197
5962,713691,2025-12-23 12:37:22,2,false_positive_cleared,11.3,1737.07,False,2241,341
5963,713755,2025-12-23 14:08:20,2,false_positive_cleared,11.34,2020.84,False,4407,674
5964,713881,2025-12-23 17:35:42,2,false_positive_cleared,8.61,2613.3,False,2628,263
5965,713959,2025-12-23 19:20:47,2,false_positive_cleared,2.24,6837.85,False,4093,499
5966,713970,2025-12-23 19:35:56,2,false_positive_cleared,6.53,2475.9,False,3012,351
5967,713980,2025-12-23 19:53:34,2,false_positive_cleared,8.88,31.78,False,3574,375
5968,714118,2025-12-23 23:29:49,2,false_positive_cleared,8.18,3465.27,False,2320,233
5969,714119,2025-12-23 23:29:59,2,false_positive_cleared,10.98,3759.69,False,4099,642
5971,714154,2025-12-24 00:11:29,2,false_positive_cleared,0.63,2463.95,False,3417,150
5970,714163,2025-12-24 00:35:54,3,confirmed_fraud,9.73,248.83,True,1458,301
5972,714188,2025-12-24 01:10:00,2,false_positive_cleared,7.42,9423.54,False,666,171
5973,714368,2025-12-24 04:57:02,2,confirmed_fraud,16.55,19.76,False,2347,637
5974,714473,2025-12-24 07:27:38,2,false_positive_cleared,7.14,102.06,False,4689,187
5983,714475,2025-12-24 07:28:08,0,false_positive_cleared,6.16,538.25,False,349,718
5975,714481,2025-12-24 07:40:30,2,false_positive_cleared,11.29,4581.99,False,4906,592
5977,714539,2025-12-24 09:04:56,2,false_positive_cleared,4.12,1719.13,False,5201,139
5978,714554,2025-12-24 09:41:58,2,false_positive_cleared,2.15,338.87,False,5738,362
5979,714757,2025-12-24 15:14:35,2,false_positive_cleared,7.77,2622.24,False,1390,32
5976,714868,2025-12-24 17:26:29,2,false_positive_cleared,27.67,8890.1,False,5871,588
5981,714880,2025-12-24 17:45:36,2,false_positive_cleared,12.51,7425.12,False,1007,301
5980,714986,2025-12-24 20:35:41,2,false_positive_cleared,15.85,1678.0,False,840,226
5982,715011,2025-12-24 21:24:00,2,false_positive_cleared,11.41,59.34,False,4266,356
5984,715163,2025-12-25 01:35:16,2,confirmed_fraud,6.02,150.26,True,5812,236
5985,715365,2025-12-25 06:04:08,2,false_positive_cleared,12.45,1795.21,False,399,441
5986,715442,2025-12-25 07:58:42,2,false_positive_cleared,9.8,4489.05,False,1474,314
5995,715529,2025-12-25 10:06:42,0,false_positive_cleared,33.28,254.0,False,2367,99
5987,715548,2025-12-25 10:45:28,2,false_positive_cleared,1.79,5121.55,False,4568,753
5988,715608,2025-12-25 12:21:42,2,false_positive_cleared,16.26,1123.26,False,3967,718
5990,715695,2025-12-25 14:52:40,2,false_positive_cleared,22.69,7107.86,False,35,244
5991,715701,2025-12-25 15:03:53,2,false_positive_cleared,7.32,2491.09,False,3831,413
5992,715724,2025-12-25 15:30:03,2,confirmed_fraud,2.98,20267.91,False,4731,728
5989,715730,2025-12-25 15:33:37,2,false_positive_cleared,4.35,5948.2,False,2374,143
5996,715946,2025-12-25 21:43:32,0,false_positive_cleared,21.16,247.6,False,3134,414
5994,715955,2025-12-25 21:53:15,2,false_positive_cleared,11.67,2431.09,False,4602,227
5993,715988,2025-12-25 22:40:52,2,false_positive_cleared,9.01,394.39,False,4111,505
5997,716080,2025-12-26 00:58:10,2,false_positive_cleared,5.78,9.79,False,1512,656
5998,716097,2025-12-26 01:20:15,2,false_positive_cleared,8.51,2399.27,False,140,57
5999,716122,2025-12-26 01:59:30,2,false_positive_cleared,6.05,7439.21,False,5117,607
6000,716246,2025-12-26 05:31:47,2,false_positive_cleared,16.99,49.25,False,5311,509
6001,716272,2025-12-26 06:27:07,2,false_positive_cleared,20.97,9104.4,False,3171,393
6002,716361,2025-12-26 08:18:51,2,false_positive_cleared,52.8,2883.36,False,3491,787
6003,716677,2025-12-26 15:43:35,2,false_positive_cleared,20.07,2798.29,False,5392,225
6004,716839,2025-12-26 19:33:58,2,confirmed_fraud,8.56,2795.98,True,4439,78
6005,716873,2025-12-26 20:15:25,2,false_positive_cleared,13.11,3535.12,False,2415,473
6006,716893,2025-12-26 20:44:15,2,false_positive_cleared,3.78,2161.2,False,5176,397
6007,716904,2025-12-26 20:55:23,2,false_positive_cleared,11.34,131.8,False,4946,692
6008,716965,2025-12-26 22:18:55,2,false_positive_cleared,10.06,1734.75,False,3357,185
6009,716966,2025-12-26 22:20:06,2,false_positive_cleared,7.38,4996.5,False,448,484
6010,716976,2025-12-26 22:43:25,0,false_positive_cleared,9.11,20.15,False,1119,333
6013,717041,2025-12-27 00:13:07,2,false_positive_cleared,9.06,182.78,False,688,224
6012,717153,2025-12-27 03:06:50,2,false_negative_cleared,10.47,305.06,True,235,691
6014,717250,2025-12-27 05:41:43,2,false_positive_cleared,22.9,348.86,False,5902,474
6015,717531,2025-12-27 12:55:50,2,false_positive_cleared,15.25,198.3,False,3790,432
6016,717539,2025-12-27 13:09:47,2,false_positive_cleared,13.27,2154.62,False,2426,478
6017,717549,2025-12-27 13:23:57,2,false_positive_cleared,10.81,791.41,False,3795,126
6011,717565,2025-12-27 13:46:52,3,false_positive_cleared,2.82,144.98,False,4111,619
6021,717758,2025-12-27 18:12:24,0,false_positive_cleared,9.56,608.5,False,3549,574
6018,717762,2025-12-27 18:15:56,2,false_positive_cleared,6.15,66.43,False,5311,146
6019,717872,2025-12-27 20:33:05,2,false_positive_cleared,13.6,1603.89,False,1886,328
6020,717993,2025-12-27 23:26:49,2,false_positive_cleared,26.89,3805.68,False,2257,736
6023,718031,2025-12-28 00:21:26,2,false_positive_cleared,25.43,3091.16,False,1793,372
6025,718396,2025-12-28 10:00:56,2,confirmed_fraud,2.34,4687.45,True,4695,282
6024,718514,2025-12-28 13:02:00,2,confirmed_fraud,6.19,6098.18,True,3164,709
6026,718567,2025-12-28 14:26:30,2,false_positive_cleared,1.06,3268.47,False,58,504
6027,718600,2025-12-28 15:24:05,2,false_positive_cleared,1.77,1802.71,False,1898,171
6029,718747,2025-12-28 18:19:48,2,false_positive_cleared,9.36,1772.56,False,3490,652
6028,718778,2025-12-28 19:10:21,2,false_positive_cleared,5.03,186.67,False,1603,495
6030,718805,2025-12-28 19:42:30,2,false_positive_cleared,29.75,3311.54,False,5274,223
6031,718843,2025-12-28 20:36:25,2,false_positive_cleared,12.58,41.39,False,2243,179
6022,718958,2025-12-28 22:50:45,3,confirmed_fraud,7.58,969.41,True,5441,128
6032,718961,2025-12-28 22:54:18,2,false_positive_cleared,6.27,93.53,False,1865,501
6033,719002,2025-12-28 23:39:51,2,false_positive_cleared,17.83,1794.04,False,2881,654
6034,719039,2025-12-29 00:43:38,2,false_positive_cleared,1.5,6997.64,False,2509,599
6035,719121,2025-12-29 02:43:42,2,false_positive_cleared,18.18,13995.01,False,1292,503
6036,719158,2025-12-29 03:30:33,2,false_positive_cleared,6.31,2728.42,False,2928,452
6045,719226,2025-12-29 05:06:29,0,false_positive_cleared,4.45,696.1,False,4336,734
6037,719405,2025-12-29 09:24:29,2,false_positive_cleared,10.29,1473.48,False,1869,641
6039,719452,2025-12-29 10:40:29,2,false_positive_cleared,18.1,22123.64,False,3910,117
6040,719561,2025-12-29 13:36:53,2,false_positive_cleared,5.81,2184.22,False,3970,528
6041,719586,2025-12-29 14:11:44,2,false_positive_cleared,5.38,2765.67,False,2590,276
6038,719587,2025-12-29 14:13:22,2,false_positive_cleared,1.46,17025.58,False,5348,380
6043,719703,2025-12-29 17:02:28,2,false_positive_cleared,18.68,1850.97,False,2207,622
6042,719950,2025-12-29 23:19:58,2,false_positive_cleared,13.07,53.97,False,4412,15
6044,719968,2025-12-29 23:49:33,2,confirmed_fraud,8.66,390.77,True,3744,702
6047,720092,2025-12-30 02:49:14,2,false_positive_cleared,22.64,3340.2,False,4304,775
6048,720189,2025-12-30 05:01:32,2,false_positive_cleared,10.0,2819.94,False,1879,281
6062,720196,2025-12-30 05:09:33,0,false_positive_cleared,10.81,276.76,False,2829,621
6046,720442,2025-12-30 11:07:15,3,false_positive_cleared,3.34,2843.43,False,106,495
6049,720525,2025-12-30 13:32:34,2,false_positive_cleared,15.31,4482.66,False,1101,753
6050,720573,2025-12-30 14:33:11,2,false_positive_cleared,8.8,2206.78,False,146,27
6052,720605,2025-12-30 15:19:15,2,false_positive_cleared,0.87,826.46,False,2124,689
6051,720613,2025-12-30 15:33:49,2,false_positive_cleared,15.02,2601.84,False,5247,38
6053,720654,2025-12-30 16:25:47,2,false_positive_cleared,1.69,282.59,False,5588,255
6054,720710,2025-12-30 17:31:58,2,false_positive_cleared,13.89,305.1,False,167,527
6056,720719,2025-12-30 17:48:30,2,false_positive_cleared,14.59,1915.26,False,2383,187
6057,720757,2025-12-30 18:50:52,2,false_positive_cleared,7.32,2735.19,False,169,500
6058,720792,2025-12-30 19:46:38,2,confirmed_fraud,1.73,1780.77,True,2343,560
6055,720858,2025-12-30 21:15:22,2,false_positive_cleared,6.8,2174.37,False,5033,233
6060,720942,2025-12-30 23:16:02,2,false_positive_cleared,7.44,8531.42,False,5250,442
6059,720947,2025-12-30 23:22:17,2,false_positive_cleared,17.76,2113.98,False,3831,274
6061,720951,2025-12-30 23:27:24,2,false_positive_cleared,10.14,45401.36,False,3448,728
