transaction_id,customer_id,merchant_id,timestamp,amount,txn_country,is_fraud,score_logreg,score_rf,score_xgb,anomaly_score,device_accounts_count
612825,387,622,2025-09-12 06:40:35,322.72,US,False,0.4346872477356651,0.4019833331040789,0.4175261,0.3498686893344853,1
612826,3839,340,2025-09-12 06:41:12,31.6,US,False,0.3329003874593857,0.3119415174225956,0.26040542,0.529218383449513,2
612827,308,421,2025-09-12 06:42:37,817.79,AU,False,0.4338789919367081,0.3303543660575544,0.19981317,0.4052918237692544,1
612828,838,496,2025-09-12 06:43:14,70.46,US,False,0.6491203724480069,0.4207917605457354,0.42089894,0.3873819097108947,1
612829,1000,790,2025-09-12 06:43:29,1369.02,US,False,0.5453586336213305,0.4196058567911579,0.34309468,0.4072192249760887,1
612830,3221,534,2025-09-12 06:43:33,215.71,US,False,0.6266108073336243,0.4980251239400809,0.5759569,0.3795786087250571,1
612831,4070,596,2025-09-12 06:44:11,53.61,CA,False,0.3922716533571483,0.3699124352366841,0.36433345,0.352339006517648,1
612832,169,440,2025-09-12 06:44:19,3289.54,CA,False,0.4646892698496755,0.2575124653920318,0.18573016,0.5551407866343074,2
612833,5784,45,2025-09-12 06:44:46,18.94,US,False,0.5554513283314796,0.4702500490765048,0.44604108,0.4330911210290665,1
612834,3658,680,2025-09-12 06:45:10,72.21,US,False,0.5473109290164061,0.3853412567465821,0.34883156,0.371949730842569,1
612835,3689,49,2025-09-12 06:46:21,531.15,US,False,0.535193846476494,0.335661627711444,0.36491355,0.3706028093468628,1
612836,2823,143,2025-09-12 06:48:27,172.88,US,False,0.3596762249197694,0.3416724211603796,0.30018303,0.3671215790507026,1
612837,2494,292,2025-09-12 06:49:17,1469.12,US,False,0.6347985198894054,0.6366957310122698,0.5499652,0.5228457218376541,1
612838,1748,93,2025-09-12 06:49:29,1654.3,US,False,0.9030441506128856,0.7349277212452556,0.86780834,0.5980047378903097,1
612839,1491,764,2025-09-12 06:51:37,14.02,US,False,0.4935093473985636,0.4423257249031546,0.40738776,0.3816483239843133,1
612840,2074,230,2025-09-12 06:51:40,130.04,CA,False,0.3351206173340144,0.3373274572532162,0.234935,0.3458197155665402,1
612841,2856,554,2025-09-12 06:52:37,55.83,US,False,0.3009565602667431,0.2961715110767298,0.22544262,0.3497149714765669,1
612842,5068,594,2025-09-12 06:53:00,4582.08,US,False,0.527208984710027,0.3218523257917179,0.21078502,0.4702135004078533,1
612843,5792,296,2025-09-12 06:56:55,408.78,US,False,0.543257610944534,0.4331904572100784,0.49720553,0.3820423627353336,1
612844,5761,161,2025-09-12 06:58:51,248.29,US,False,0.5902221947234055,0.4868618682070466,0.5363862,0.3727266954125587,1
612845,5712,629,2025-09-12 06:59:09,869.54,US,False,0.7225052778144004,0.3849017913546922,0.47017783,0.4572885315427307,1
612846,2958,348,2025-09-12 07:01:43,3.54,US,False,0.4943304646945851,0.4348192144737457,0.25742313,0.4759780685872658,1
612847,232,152,2025-09-12 07:02:38,37.32,US,False,0.5216092457566482,0.2842959421275884,0.12943819,0.4787001897494783,1
612848,3722,505,2025-09-12 07:03:34,637.69,US,False,0.4052616579624272,0.3165819460842431,0.28126866,0.3695504030752988,1
612849,2355,193,2025-09-12 07:06:35,329.83,US,False,0.3799921424371421,0.2934287096072491,0.2656129,0.4897650664974804,2
612850,1577,799,2025-09-12 07:10:32,82.07,US,False,0.5060685393962038,0.4423092206783987,0.48451334,0.3989224863530402,1
612851,2400,281,2025-09-12 07:10:55,17.57,US,False,0.3251219937988337,0.3536713797263565,0.48147655,0.3831293592826857,1
612852,4123,7,2025-09-12 07:14:03,14.91,US,False,0.4244825805655967,0.4327145203324306,0.4105732,0.3725344603085742,1
612853,3746,56,2025-09-12 07:17:27,382.0,US,False,0.3619055943500939,0.3190537494591044,0.17941047,0.3512988577502753,1
612854,2679,328,2025-09-12 07:17:52,43.18,US,False,0.4593927534394798,0.4235324714168121,0.33464086,0.3544793967171064,1
612855,5039,672,2025-09-12 07:19:28,51.32,US,False,0.3788281898114229,0.2932080264394724,0.13810176,0.3521144034349587,1
612856,3427,714,2025-09-12 07:21:23,1570.76,US,False,0.3910828316395947,0.3462023293831781,0.40959632,0.4010973369020789,1
612857,4232,412,2025-09-12 07:23:05,60.66,US,False,0.5009665411421492,0.479330027446433,0.45619744,0.3655294896241042,1
612858,5421,470,2025-09-12 07:26:46,1996.15,US,False,0.3628767961830983,0.3105788399592562,0.1446037,0.3964315025906267,1
612859,417,517,2025-09-12 07:28:02,644.1,US,False,0.4038529098882146,0.3428907369144361,0.39041856,0.3586543206619907,1
612860,3836,575,2025-09-12 07:28:36,264.12,US,False,0.3739979174984237,0.2825022871502732,0.15171666,0.3906610880934469,1
612861,5312,78,2025-09-12 07:28:52,260.95,US,False,0.3438672691109551,0.2424014526659016,0.13988121,0.3499340915762801,1
612862,1481,27,2025-09-12 07:28:56,89.85,US,False,0.4608320597957745,0.3845219825411964,0.29832473,0.3871445571928029,1
612863,3070,327,2025-09-12 07:29:02,84.74,US,False,0.4648556467761652,0.4580939199904472,0.4257035,0.3565701707782535,1
612864,5043,745,2025-09-12 07:34:40,32.37,US,False,0.4849975838915467,0.4429623691182502,0.34831095,0.361180927887348,1
612865,4870,141,2025-09-12 07:35:55,64.03,US,False,0.5464588779406278,0.49974754883353,0.5222203,0.3772928223804438,1
612866,2436,147,2025-09-12 07:38:04,49.6,US,False,0.3920022203674822,0.3850494708615455,0.30350462,0.3595542021328551,1
612867,2329,724,2025-09-12 07:41:09,66.87,US,False,0.7856527708145346,0.4276711161822578,0.5043019,0.4331763474469592,1
612868,2572,214,2025-09-12 07:41:42,49.23,US,False,0.4250707629990036,0.4162158028424816,0.33392724,0.3561775255270362,1
612869,5283,86,2025-09-12 07:41:43,261.95,US,False,0.6468205984582953,0.491752739711869,0.53720033,0.4169515400650684,1
612870,4236,778,2025-09-12 07:41:54,3855.45,US,False,0.6133805312996744,0.3307044115768975,0.17368738,0.4816275681688269,1
612871,3375,329,2025-09-12 07:43:30,56.58,US,False,0.3828762714777973,0.3657752522172047,0.34336644,0.3479663990566835,1
612872,1508,223,2025-09-12 07:48:18,22.16,US,False,0.4963694370052642,0.3638771630435031,0.37629732,0.3667492270186333,1
612873,3607,404,2025-09-12 07:49:33,26.26,US,False,0.4317860820278084,0.4020864829018619,0.3834119,0.4973353572488512,2
612874,5612,539,2025-09-12 07:50:58,17.82,US,False,0.3685017087970568,0.3644740718092218,0.42838174,0.3681320530487665,1
612875,3832,246,2025-09-12 07:51:53,227.53,AU,False,0.4762039443991823,0.4471737693989455,0.49922633,0.3651578129286603,1
612876,754,747,2025-09-12 07:54:56,784.18,DE,False,0.5704126980907634,0.3752229751712967,0.40721476,0.3972145941805268,1
612877,2632,772,2025-09-12 08:06:23,15.26,US,False,0.4889584490382283,0.497717249043259,0.5847633,0.4062103035477445,1
612878,4855,558,2025-09-12 08:07:18,24.6,GB,False,0.3256845638405947,0.328746831798538,0.26060963,0.3613418745794463,1
612879,881,566,2025-09-12 08:08:36,29.86,US,False,0.3024542376986499,0.3368068271527638,0.28889984,0.4865805051679247,2
612880,4897,199,2025-09-12 08:11:35,156.72,US,False,0.5396110863144759,0.4782952029927756,0.50796163,0.4394613042978966,1
612881,5607,787,2025-09-12 08:16:20,937.42,GB,False,0.5686401501731218,0.4515865834962987,0.56111914,0.4254506528728157,1
612882,3536,196,2025-09-12 08:16:48,28.78,US,False,0.3815199191448588,0.3535558645699544,0.2678641,0.379347273569427,1
612883,578,518,2025-09-12 08:17:19,97.63,US,False,0.416158471500771,0.3023390738876135,0.2883918,0.3802254635110446,1
612884,796,268,2025-09-12 08:18:04,152.86,CA,False,0.6393421623683115,0.4678772451758831,0.39750886,0.3796089571787202,1
612885,5348,622,2025-09-12 08:19:30,3276.39,US,False,0.3940505172453056,0.3843449688409042,0.3854795,0.4173625390669951,1
612886,4466,414,2025-09-12 08:20:03,152.26,US,False,0.4297266289203315,0.4462114473736403,0.465084,0.3610394997764908,1
612887,4493,760,2025-09-12 08:23:15,1077.41,GB,False,0.2998975758746885,0.3398973131593131,0.1713986,0.3764316228312812,1
612888,4131,217,2025-09-12 08:23:22,4.43,US,False,0.4321181404807583,0.4249812655040959,0.23983528,0.4120286736224122,1
612889,3571,132,2025-09-12 08:26:03,22.24,US,False,0.4866720013700161,0.4547160557552508,0.44140458,0.3666937170029121,1
612890,3558,767,2025-09-12 08:26:05,266.32,US,False,0.4176209914156097,0.3531489917856297,0.40187198,0.4665359116360036,1
612891,3987,79,2025-09-12 08:27:15,39.19,US,False,0.376305743755839,0.4077910602229627,0.23278534,0.3801525636731298,1
612892,3303,218,2025-09-12 08:29:01,651.04,US,False,0.418014417388267,0.3615580075458904,0.28772837,0.355379467406975,1
612893,4184,170,2025-09-12 08:30:20,543.31,US,False,0.3765191193083127,0.3258685840805515,0.33845508,0.3531501865780511,1
612894,3614,742,2025-09-12 08:31:42,679.35,US,False,0.5409794105264948,0.4112612228486615,0.2907202,0.4211742591285525,1
612895,715,124,2025-09-12 08:32:24,739.86,US,False,0.6465539264855927,0.7384295696821229,0.6455383,0.4221503050203206,1
612896,2647,499,2025-09-12 08:42:36,25.58,US,True,0.4364608761674137,0.431307455530954,0.4529474,0.4005309637506222,1
612897,54,740,2025-09-12 08:44:42,400.2,US,False,0.3888034579606166,0.3793812986224061,0.39153764,0.355405177027393,1
612898,3910,455,2025-09-12 08:46:36,25667.41,GB,False,0.7833114726783089,0.6196068573243058,0.6320912,0.6129983403064001,1
612899,4039,567,2025-09-12 08:48:53,439.03,US,False,0.6067361552242153,0.3849790869784524,0.49102154,0.3727919883867924,1
612900,3797,173,2025-09-12 08:48:55,130.26,US,False,0.439959206506068,0.4429513799753054,0.36562514,0.3476081301881865,1
612901,5606,399,2025-09-12 08:49:48,1186.7,US,False,0.6307142711425763,0.3451072406562692,0.33856583,0.4343399786619619,1
612902,395,234,2025-09-12 08:52:51,152.36,RU,False,0.6445966961092621,0.4379139277028162,0.48414403,0.5563197973405098,1
612903,337,767,2025-09-12 08:52:55,50.26,CA,False,0.3503093573152281,0.3557692762893479,0.3982626,0.3534339965211386,1
612904,5371,465,2025-09-12 08:53:42,16.88,US,False,0.4725448261544756,0.3428819506486619,0.37744805,0.4337393318580731,1
612905,1699,755,2025-09-12 08:54:17,3394.61,US,False,0.5799456992940614,0.3980508285777195,0.4475653,0.5844948026050949,2
612906,4933,583,2025-09-12 08:56:25,58.17,GB,False,0.4856302091240063,0.2752710406123828,0.26596937,0.5305417907812777,1
612907,2111,744,2025-09-12 08:57:01,118.79,US,False,0.5002282195711232,0.3556772579288371,0.3460821,0.362368433573746,1
612908,3831,705,2025-09-12 09:00:08,323.63,US,False,0.3240336440781016,0.374078918431921,0.4023707,0.3486353643835012,1
612909,1811,686,2025-09-12 09:00:09,199.1,US,False,0.3625607475890207,0.3148832060745087,0.23466386,0.3820878286962587,1
612910,3325,737,2025-09-12 09:00:25,253.25,US,False,0.6880541110794168,0.4969699461336528,0.4734018,0.4029453585723551,1
612911,3420,477,2025-09-12 09:02:03,47.26,US,False,0.3536780600465398,0.3336536474376994,0.26065,0.3541010973614283,1
612912,2954,305,2025-09-12 09:02:20,392.57,US,False,0.4017140445040891,0.3839706546218882,0.47452074,0.3580827999820362,1
612913,5636,147,2025-09-12 09:04:13,44.23,US,False,0.411187715003439,0.389944761088921,0.3217078,0.351874683667138,1
612914,4574,44,2025-09-12 09:05:44,38.24,AU,False,0.3729777417953999,0.3601595771278099,0.32476,0.3618674393919595,1
612915,3177,693,2025-09-12 09:05:59,97.3,US,False,0.383497817803704,0.3244708074282478,0.37693742,0.3543107652889575,1
612916,3760,391,2025-09-12 09:06:48,36.6,US,False,0.4581912682401935,0.3481612622159648,0.34337413,0.3987070276060345,1
612917,5300,435,2025-09-12 09:07:03,670.13,US,False,0.5197244812741568,0.3295178082788175,0.26820958,0.3731940576806833,1
612918,3889,745,2025-09-12 09:08:09,222.25,US,False,0.5063400239853704,0.4522791754592217,0.5113853,0.3523839944835853,1
612919,685,22,2025-09-12 09:09:59,334.53,US,False,0.4313734173881675,0.4272771001020876,0.40376866,0.349124234387336,1
612920,2125,357,2025-09-12 09:11:33,128.83,AU,False,0.3925549102318666,0.4536729976874767,0.30073616,0.4761920962242265,2
612921,198,590,2025-09-12 09:13:16,318.24,US,False,0.5637566604646836,0.6252727973456306,0.45272034,0.39583361359474,1
612922,2075,375,2025-09-12 09:15:23,649.13,GB,False,0.8742022026581568,0.9131163170535684,0.93096673,0.5219795383656922,1
612923,114,235,2025-09-12 09:16:09,632.76,US,True,0.8884669068113694,0.7686006206425797,0.6129514,0.4951691733198486,1
612924,1606,512,2025-09-12 09:16:31,1281.67,US,False,0.4035167496514469,0.3020370384505976,0.223595,0.411970355284964,1
612925,3949,574,2025-09-12 09:17:11,59.83,US,False,0.3976371545817259,0.335354744545075,0.35659695,0.3787075535163365,1
612926,3701,782,2025-09-12 09:19:11,179.55,US,False,0.35003936779998,0.3490891594743452,0.18251628,0.4629223240751088,1
612927,1809,375,2025-09-12 09:19:26,49.26,US,False,0.3113219950549546,0.3234003517004785,0.34405163,0.3550616683699748,1
612928,4702,714,2025-09-12 09:21:41,15.04,US,False,0.3712056081498693,0.3191175046311159,0.27273008,0.3613036056922495,1
612929,5461,784,2025-09-12 09:23:44,5712.03,US,False,0.5093385159887853,0.3350846871397271,0.29597172,0.4872324213501249,1
612930,5126,413,2025-09-12 09:24:23,280.83,US,False,0.3958883733455876,0.399968027665749,0.3525889,0.3510014154499983,1
612931,4030,273,2025-09-12 09:25:54,161.72,AU,False,0.4005426894894955,0.3689386425376815,0.32691452,0.3487978625202071,1
612932,4576,603,2025-09-12 09:27:13,1002.39,GB,False,0.3525972861213999,0.3656093583921342,0.3935539,0.3818538634930047,1
612933,4076,421,2025-09-12 09:27:15,55.83,US,False,0.4045889131214342,0.381855255054686,0.43083644,0.3587438791362862,1
612934,813,358,2025-09-12 09:28:07,1015.59,US,False,0.4917648734367456,0.3068098811769262,0.23668092,0.3855028500580144,1
612935,3532,520,2025-09-12 09:30:07,1686.77,US,False,0.3703389506907202,0.3470777375691822,0.3106828,0.3844532460178875,1
612936,3610,189,2025-09-12 09:31:07,281.46,US,False,0.5817540558833069,0.4073087152085262,0.43491784,0.3950498142282321,1
612937,2608,200,2025-09-12 09:34:00,22.18,US,False,0.4556034168174999,0.3527349070904221,0.2542086,0.360186577811592,1
612938,2144,482,2025-09-12 09:36:31,1675.13,CA,False,0.507575122512106,0.3942383866132145,0.45410573,0.3911970215261131,1
612939,406,357,2025-09-12 09:40:05,1315.96,US,False,0.4511849076462825,0.3795684429575489,0.26559952,0.5252363835008496,2
612940,261,24,2025-09-12 09:40:54,136.06,US,False,0.6161961679149695,0.3638658517960012,0.30681938,0.375454648090859,1
612941,1772,647,2025-09-12 09:46:59,2123.6,CA,False,0.4013663831911967,0.3380958847010076,0.36197972,0.5183085037232403,2
612942,4042,176,2025-09-12 09:47:45,176.91,US,False,0.4453384038219965,0.3531636560859122,0.33986968,0.3524563461854951,1
612943,2719,31,2025-09-12 09:50:40,65.34,CA,False,0.3553156028789626,0.3072124023818489,0.20030323,0.3457274827829688,1
612944,4300,304,2025-09-12 09:52:12,9.09,US,False,0.4433434316786491,0.4122467945148582,0.41392037,0.3777357602866982,1
612945,4634,337,2025-09-12 09:55:27,223.68,US,False,0.4767901461589421,0.4249090207153025,0.44376853,0.3816819574675956,1
612946,3099,44,2025-09-12 09:56:36,805.08,US,False,0.5379773746212458,0.4198015407598285,0.33983743,0.388171497937014,1
612947,3184,600,2025-09-12 09:57:48,4.93,US,False,0.402733330143307,0.4288275281630146,0.23314537,0.5256000178744803,2
612948,673,164,2025-09-12 09:59:57,1515.18,US,False,0.5972970551228878,0.6072451698492067,0.47915277,0.4318718140153157,1
612949,1818,14,2025-09-12 10:02:30,100.57,US,False,0.4156973646597257,0.3363719889447299,0.28683543,0.3621606855131257,1
612950,4624,633,2025-09-12 10:07:18,3.89,US,False,0.5010359821445618,0.3628250401438475,0.37758043,0.4003926133560184,1
612951,2516,690,2025-09-12 10:09:39,366.56,US,False,0.526244432151754,0.3458873186367551,0.38904968,0.3708178899554,1
612952,1891,108,2025-09-12 10:10:18,221.05,US,False,0.4931630310211665,0.4375887122357834,0.39825463,0.3488743378187491,1
612953,5177,420,2025-09-12 10:10:38,182.97,DE,False,0.4569149670875087,0.3285098160406816,0.32351738,0.3607438040377971,1
612954,1050,724,2025-09-12 10:11:54,15.68,US,False,0.7289944665749268,0.4673583262238449,0.4616843,0.431858869780264,1
612955,1134,27,2025-09-12 10:12:21,205.09,US,False,0.4835408527750426,0.3995206837317485,0.49252415,0.3608229014479246,1
612956,2235,467,2025-09-12 10:13:51,57.54,US,False,0.3419216848804056,0.3715305430033332,0.39699075,0.3552928084802338,1
612957,693,653,2025-09-12 10:14:12,55.84,US,False,0.3661338834441515,0.2938327949590177,0.14473528,0.3547775608605167,1
612958,525,31,2025-09-12 10:14:17,51.76,US,False,0.3221188722386305,0.3168595459963867,0.21781346,0.3495482068844954,1
612959,2998,75,2025-09-12 10:14:20,38.61,US,False,0.4876616972522792,0.3427084100735263,0.2956855,0.3932417601959425,1
612960,4875,55,2025-09-12 10:14:30,1061.83,US,False,0.5878158889118141,0.4209502161235465,0.38141555,0.4261577669464201,1
612961,5859,436,2025-09-12 10:16:11,34.1,US,False,0.5454269586795839,0.494416939406245,0.44447416,0.3970283877572059,1
612962,5900,384,2025-09-12 10:16:36,43.09,US,False,0.3455501619805415,0.316213890669503,0.26163965,0.3502781317385351,1
612963,3535,750,2025-09-12 10:18:50,145.39,US,False,0.5043489365807413,0.3644296406495512,0.309859,0.369470298582857,1
612964,3687,64,2025-09-12 10:19:53,195.11,US,False,0.3204679183741218,0.3686935417461946,0.36884865,0.3504755780528049,1
612965,1773,638,2025-09-12 10:20:16,205.83,US,False,0.3691763113110305,0.3277979719935869,0.32148775,0.3498840612748767,1
612966,1022,584,2025-09-12 10:20:34,1771.08,US,False,0.4657452579713465,0.3830405627826657,0.30344385,0.4034621650240108,1
612967,2252,747,2025-09-12 10:21:09,428.82,US,False,0.5329277107227266,0.4237475880773693,0.4506452,0.3919509264035773,1
612968,855,189,2025-09-12 10:22:41,57.56,US,False,0.6154325133618146,0.4268294045776025,0.29124016,0.3711021899213877,1
612969,3457,544,2025-09-12 10:22:55,53.34,US,False,0.4750168688874792,0.4221136184187707,0.39480513,0.3528832523710937,1
612970,627,515,2025-09-12 10:24:16,281.04,GB,False,0.632223114916849,0.5082021242009419,0.60517186,0.4030265013036166,1
612971,5399,470,2025-09-12 10:24:31,138.84,US,False,0.4132429039478251,0.3012743807845431,0.32221237,0.3463150471723132,1
612972,2461,235,2025-09-12 10:29:04,152.63,US,False,0.3494639372611205,0.2824852554107194,0.1673524,0.3866475672089252,1
612973,1963,378,2025-09-12 10:30:55,570.84,US,False,0.6066994362312343,0.36258697779059,0.21001464,0.42012533765971,1
612974,2133,343,2025-09-12 10:31:21,201.58,US,False,0.7605201254823519,0.6837019599713217,0.6506124,0.4856261315210584,1
612975,421,185,2025-09-12 10:32:54,111.44,US,False,0.5035586516410827,0.478850376897065,0.52761143,0.3510220130890848,1
612976,681,344,2025-09-12 10:35:51,19.81,US,False,0.6355538351071445,0.3694868084092861,0.36689436,0.5076064703534522,1
612977,488,546,2025-09-12 10:35:54,14.52,US,False,0.4853784733528932,0.4193323208159768,0.39204562,0.3985155860720765,1
612978,2819,85,2025-09-12 10:36:02,58.22,BR,False,0.4707187310001361,0.2892559754858481,0.30698988,0.5406776294409704,1
612979,446,151,2025-09-12 10:36:51,496.28,US,False,0.4934403469679378,0.3900941343313334,0.38132086,0.3687888462681659,1
612980,3544,515,2025-09-12 10:37:53,158.77,US,False,0.5782618174950602,0.4802208132257657,0.59397066,0.4072480241361771,1
612981,3442,389,2025-09-12 10:42:48,88.35,US,False,0.4325446801063756,0.3341518414440521,0.13714811,0.3493673493214691,1
612982,3824,733,2025-09-12 10:42:54,38.96,US,False,0.4507771550374885,0.3271646729240457,0.30897912,0.36662227194686,1
612983,2697,537,2025-09-12 10:44:36,72.8,US,False,0.3081143055287972,0.2967117583084995,0.21256416,0.4249615616239743,1
612984,299,781,2025-09-12 10:45:47,760.81,US,False,0.3736554145824702,0.31574315812914,0.3901456,0.3729435545174526,1
612985,402,674,2025-09-12 10:48:02,165.01,US,False,0.4668170780620618,0.4480780369828186,0.39547622,0.3460297116225552,1
612986,5753,191,2025-09-12 10:50:59,790.59,CA,False,0.7844607508627086,0.4464983334017551,0.6036852,0.4755355721147389,1
612987,5768,270,2025-09-12 10:51:14,66.55,GB,False,0.5701120808533899,0.3397597335947972,0.3322211,0.3597874716215651,1
612988,794,611,2025-09-12 10:52:19,397.17,US,False,0.2777407456449809,0.2864590942320422,0.16551416,0.400335506113936,1
612989,4104,146,2025-09-12 10:58:36,1443.93,US,False,0.4810075062005168,0.3551193281325139,0.16103967,0.3871291796813422,1
612990,606,92,2025-09-12 10:58:38,233.66,US,False,0.5905025748865708,0.7177036665693822,0.6729748,0.4000013584215688,1
612991,2233,220,2025-09-12 11:03:15,131.49,US,False,0.3601843142787377,0.3260331861955324,0.20497838,0.4626297275565135,2
612992,8,321,2025-09-12 11:05:06,464.34,US,False,0.652515924445379,0.739203904826825,0.7239291,0.4034745603828397,1
612993,4160,182,2025-09-12 11:07:45,143.5,DE,False,0.5226413079019263,0.4143145572443925,0.48363945,0.5359294913547723,1
612994,1695,412,2025-09-12 11:09:12,1416.92,US,False,0.6009335785607397,0.3827266807312515,0.283746,0.3963375366844421,1
612995,2125,789,2025-09-12 11:14:31,78.01,AU,False,0.2821184910809178,0.3304170094667404,0.3499726,0.5015211192030294,2
612996,2631,530,2025-09-12 11:14:32,192.42,US,False,0.3271916435541733,0.3141627239125975,0.31410307,0.3471014006265022,1
612997,4520,419,2025-09-12 11:19:04,133.63,US,False,0.3833348036338242,0.3465579126930534,0.23952112,0.3440306076921751,1
612998,447,737,2025-09-12 11:20:02,51.99,US,False,0.5662151101797845,0.5136427371358552,0.67760736,0.4255895397135891,1
612999,4673,765,2025-09-12 11:20:07,638.93,US,False,0.6267686734904655,0.4429234911622031,0.5181152,0.3999344283967456,1
613000,5512,465,2025-09-12 11:21:02,122.6,US,False,0.4147253098824322,0.3168414775403775,0.23786786,0.3524838404486238,1
613001,1681,384,2025-09-12 11:23:00,167.55,US,False,0.3169348392930554,0.2689115316378481,0.18298021,0.3438089702481948,1
613002,4894,369,2025-09-12 11:23:28,1609.28,US,False,0.4192593189017186,0.3652713697942419,0.28633618,0.4160349208812591,1
613003,2311,768,2025-09-12 11:23:55,40.32,US,False,0.3299013206731426,0.3317527743085584,0.28232732,0.382406339085872,1
613004,2733,96,2025-09-12 11:25:03,5.89,CA,False,0.5652929144919988,0.4510324845085351,0.44876793,0.4143332357163543,1
613005,3123,6,2025-09-12 11:27:04,68.51,GB,False,0.4051292997865701,0.4262784243509677,0.4333723,0.3490121530841938,1
613006,1029,734,2025-09-12 11:28:45,878.97,US,False,0.4788542157946593,0.4309553985429567,0.36285406,0.3820995874732655,1
613007,422,707,2025-09-12 11:30:25,191.05,GB,False,0.4453043428704929,0.3081153683874106,0.24416147,0.3607041286061692,1
613008,4976,542,2025-09-12 11:30:34,16.88,CA,False,0.6397987404743474,0.4417904354025263,0.41740873,0.5063535272360331,1
613009,3193,63,2025-09-12 11:31:02,107.3,GB,False,0.3843804271185241,0.2713995191540682,0.23980738,0.5250388668100414,1
613010,1886,459,2025-09-12 11:31:36,298.44,US,False,0.4446211797242076,0.4407970499332054,0.41327402,0.3973215473096717,1
613011,5848,452,2025-09-12 11:33:01,219.49,US,False,0.2926582642018154,0.2907052357963495,0.24786147,0.3544293081337925,1
613012,5838,694,2025-09-12 11:37:49,2580.35,DE,False,0.6297380582611515,0.3808427659435462,0.50391966,0.4386853231632784,1
613013,5812,628,2025-09-12 11:38:04,145.35,US,False,0.3511801628996186,0.3098861416408552,0.26397204,0.3470308541372773,1
613014,3776,556,2025-09-12 11:39:33,614.9,US,False,0.4995467825457269,0.429556201827124,0.51592124,0.3724014548079699,1
613015,4754,444,2025-09-12 11:40:36,113.63,CA,False,0.4867521052949021,0.3614137241606137,0.31555608,0.3471930571594516,1
613016,4300,528,2025-09-12 11:40:38,5.75,US,False,0.5368527613648386,0.404683528386177,0.2774192,0.4378156689915528,1
613017,145,124,2025-09-12 11:44:21,237.82,US,False,0.6501178002447926,0.6627683666798339,0.5807406,0.4115838817302622,1
613018,4699,334,2025-09-12 11:44:23,15691.02,US,False,0.4704889246956065,0.2703199787468266,0.1732656,0.55255298208432,1
613019,3521,582,2025-09-12 11:46:36,304.57,US,True,0.4858201049152906,0.4832164271714382,0.51077664,0.360639482226362,1
613020,2687,412,2025-09-12 11:46:52,450.45,DE,False,0.5915441939212446,0.4194085657845627,0.56603396,0.4054518717267593,1
613021,4757,433,2025-09-12 11:50:04,22.32,US,False,0.3547729069643309,0.3231689608743999,0.26002958,0.3595118447586469,1
613022,2129,484,2025-09-12 11:51:21,419.78,US,False,0.4622854136100232,0.3696167249431558,0.31907734,0.3586758400584944,1
613023,5412,163,2025-09-12 11:51:26,56.29,US,False,0.3858856396461643,0.3817940512445928,0.4081476,0.3556078486682197,1
613024,5214,636,2025-09-12 11:51:29,21.03,US,False,0.4880536579530182,0.4430041676538548,0.36673912,0.387707975090891,1
613025,213,226,2025-09-12 11:52:13,147.27,US,False,0.3796580987707441,0.3653689248276785,0.20904104,0.5577697436612377,2
613026,3585,619,2025-09-12 11:53:09,170.36,AU,False,0.5409026700215384,0.473312606743695,0.3980968,0.3592742524941507,1
613027,4261,538,2025-09-12 11:54:00,47.33,GB,False,0.4710893405042752,0.4643037014327409,0.35268885,0.3662333657683447,1
613028,5569,678,2025-09-12 11:54:14,51.01,US,False,0.5649846345603184,0.4812069392896494,0.54048526,0.3985176392748986,1
613029,2805,291,2025-09-12 11:54:57,487.99,US,False,0.4019791619952937,0.3108681409972845,0.27279562,0.3684030138128429,1
613030,1030,83,2025-09-12 11:57:56,253.66,US,False,0.3963484570130391,0.4143929388370919,0.38973218,0.3570663622813562,1
613031,5199,453,2025-09-12 12:01:58,103.25,US,False,0.6928579996362143,0.5074413587825094,0.5430169,0.4549172437967294,1
613032,5218,298,2025-09-12 12:02:46,13.05,US,False,0.3188652507320333,0.3369557083362196,0.27905658,0.4249931831585635,1
613033,3671,629,2025-09-12 12:03:06,40.58,US,False,0.5765852213718763,0.4991390683594671,0.51178044,0.424980316602384,1
613034,2294,479,2025-09-12 12:04:08,456.71,US,False,0.5554489596121727,0.4404334577709792,0.40702912,0.3703241367875075,1
613035,1100,663,2025-09-12 12:07:17,22.76,US,False,0.2965879354193664,0.3275432179858697,0.20486799,0.363590271700643,1
613036,782,490,2025-09-12 12:07:31,111.16,US,False,0.4410880561309052,0.4261613114869186,0.30891997,0.366291028352865,1
613037,1565,210,2025-09-12 12:08:17,19.55,US,False,0.332881913600806,0.3037865075256324,0.15911946,0.4387517919812856,1
613038,2917,382,2025-09-12 12:08:46,128.28,GB,False,0.5755554902132025,0.4602626361019813,0.48531368,0.4591723783712405,1
613039,2499,488,2025-09-12 12:10:35,149.15,US,False,0.3400412094498106,0.3473099361272652,0.43638074,0.357620634354337,1
613040,1835,218,2025-09-12 12:11:36,52.83,US,False,0.3729202468313027,0.3547544368823018,0.2747534,0.3483899690009664,1
613041,3080,546,2025-09-12 12:11:47,147.97,AU,False,0.5011248533293334,0.4297171594252917,0.33297914,0.3790191984038376,1
613042,1606,792,2025-09-12 12:13:06,2201.1,US,False,0.4441561481334781,0.2571467292715796,0.18440877,0.5042890107715008,1
613043,74,692,2025-09-12 12:13:47,1056.16,CA,False,0.5015948534939088,0.3853095675774002,0.2683117,0.3736345347267335,1
613044,3603,22,2025-09-12 12:14:59,323.44,US,False,0.4037169930563818,0.4374292746866602,0.40613246,0.3499962203504554,1
613045,5696,780,2025-09-12 12:16:52,94.1,US,False,0.3814147848657219,0.3639464581508607,0.39880133,0.3803502472921056,1
613046,1968,176,2025-09-12 12:17:35,616.15,US,False,0.3174422012287949,0.362876184666935,0.43158752,0.3622634529150396,1
613047,1417,15,2025-09-12 12:19:55,422.61,US,False,0.4256581174043251,0.3024248126131609,0.29116893,0.3862148795890002,1
613048,2490,436,2025-09-12 12:20:02,344.13,US,False,0.6148938882078813,0.4658202916641077,0.48970583,0.3883205946189281,1
613049,4732,367,2025-09-12 12:20:38,294.57,GB,False,0.487855561779735,0.4616947986678168,0.50101084,0.3855298404206664,1
613050,2894,428,2025-09-12 12:21:34,233.19,US,False,0.5821332666183654,0.4812196374896941,0.57987493,0.4114220115396893,1
613051,1578,65,2025-09-12 12:24:08,65.49,US,False,0.5625574531327585,0.4720697545415637,0.5186678,0.3746455736013798,1
613052,3303,359,2025-09-12 12:25:54,326.78,US,False,0.3491595557908864,0.3413512596866541,0.3443047,0.3904214444213894,1
613053,3796,386,2025-09-12 12:26:25,20.69,US,False,0.4655988512898809,0.402908978495559,0.32049832,0.3727575171174013,1
613054,904,158,2025-09-12 12:28:45,253.09,US,False,0.2705055822172039,0.2921689492760628,0.15936863,0.4641250870586955,2
613055,4594,267,2025-09-12 12:29:51,547.04,US,False,0.484367616682302,0.4315737046614909,0.3566884,0.3592451636673306,1
613056,5046,312,2025-09-12 12:29:52,469.92,CA,False,0.3961093652364135,0.369124419681995,0.29017463,0.3688448856677081,1
613057,1595,23,2025-09-12 12:30:57,104.11,US,False,0.5665398441317183,0.481760350062375,0.48100683,0.4607306834410512,1
613058,2310,574,2025-09-12 12:31:11,30.76,US,False,0.4017105329134074,0.3408170648829436,0.27785766,0.3920972872592341,1
613059,3249,350,2025-09-12 12:33:24,892.39,DE,False,0.3515399005549673,0.3285851626638916,0.18232338,0.3598870427567222,1
613060,3312,742,2025-09-12 12:33:25,419.71,US,False,0.3957706529936193,0.3775647302037031,0.20015647,0.4496037686331973,1
613061,5521,165,2025-09-12 12:33:43,40.73,US,False,0.4432367380056318,0.3553658318875751,0.20065318,0.3525182083930251,1
613062,847,292,2025-09-12 12:34:47,132.71,US,False,0.3195982893442218,0.3338495268053433,0.36298323,0.3433282186775553,1
613063,2698,60,2025-09-12 12:36:03,345.79,US,False,0.812758317180839,0.7381290784077188,0.74376124,0.4822195444225844,1
613064,3615,546,2025-09-12 12:36:43,70.47,US,False,0.4174518045314095,0.4445166481163676,0.4057782,0.3539993003531229,1
613065,1109,539,2025-09-12 12:36:55,282.2,US,False,0.4221150159967501,0.3667142450672441,0.33684552,0.3503074776179881,1
613066,3147,787,2025-09-12 12:38:51,1384.36,US,False,0.6366900419374609,0.4374788227458491,0.42837495,0.4025215093589154,1
613067,1340,41,2025-09-12 12:41:01,39.45,CA,False,0.385826081756409,0.3504372860153182,0.26688534,0.3779345513991346,1
613068,4081,730,2025-09-12 12:41:23,22.46,US,False,0.4264735585128743,0.347168694478623,0.2513023,0.3955455747521894,1
613069,2847,682,2025-09-12 12:41:43,63.15,US,False,0.3908847658242578,0.3284492318138915,0.28320643,0.3553142118724172,1
613070,710,441,2025-09-12 12:42:20,21.29,US,False,0.4908371561626233,0.4539198206713766,0.2657733,0.3713062483129025,1
613071,1512,92,2025-09-12 12:42:46,17.36,US,False,0.4405751788671512,0.3788545109792332,0.35269082,0.3978293262584553,1
613072,697,406,2025-09-12 12:44:21,52.77,AU,False,0.4177369727247182,0.4209157748925933,0.35590044,0.3531036086513846,1
613073,1881,705,2025-09-12 12:45:46,220.5,US,False,0.3037575948751106,0.3504713044692994,0.30785716,0.4645022046249634,2
613074,197,626,2025-09-12 12:46:03,454.17,US,False,0.3060450814066788,0.2957418103775671,0.18482931,0.3560264264806005,1
613075,753,440,2025-09-12 12:49:09,186.89,US,False,0.3212617182316145,0.302105889795783,0.18750873,0.3449682828966098,1
613076,160,549,2025-09-12 12:52:23,21.77,US,False,0.358284751279809,0.2792271837317712,0.1976234,0.3813171366298483,1
613077,2070,234,2025-09-12 12:55:54,504.89,DE,False,0.6260020235003605,0.4258968384948114,0.2448985,0.3818017218980565,1
613078,4102,502,2025-09-12 12:56:23,9.5,US,False,0.4154759090219564,0.4201883277726993,0.2533741,0.3819540553006276,1
613079,5467,155,2025-09-12 12:56:46,336.98,US,False,0.4194833502647474,0.3898099171790491,0.3965519,0.354611666475476,1
613080,2334,185,2025-09-12 12:56:59,1926.04,CA,False,0.5610522468992409,0.4445915434491768,0.49030095,0.4358480097690493,1
613081,3188,256,2025-09-12 12:58:04,46.91,US,False,0.3300426212380783,0.2840303308763742,0.19501272,0.3595304729176449,1
613082,4928,189,2025-09-12 13:00:28,863.0,US,False,0.4939791604547784,0.3954782009361531,0.44508246,0.367104404156286,1
613083,1014,328,2025-09-12 13:01:24,538.53,US,False,0.409791175491186,0.4004850671827852,0.42879033,0.373759592642223,1
613084,361,73,2025-09-12 13:01:49,422.35,US,False,0.5574200785657376,0.4618347318140736,0.35846213,0.375541488691599,1
613085,1854,314,2025-09-12 13:02:05,137.71,US,False,0.5516138996549064,0.4519962413170759,0.34981254,0.3603149688045091,1
613086,1952,565,2025-09-12 13:03:38,45.77,US,False,0.394591828311556,0.3235804501362577,0.28566283,0.3855357886588638,1
613087,4715,357,2025-09-12 13:05:10,1881.96,US,False,0.6868442460516723,0.7170936277347975,0.7702011,0.4617960063169067,1
613088,1042,98,2025-09-12 13:07:30,223.42,GB,False,0.428745757671595,0.3607579333128941,0.31854358,0.3543225937777117,1
613089,2971,125,2025-09-12 13:08:09,78.78,CA,False,0.5137498995131746,0.4331046466339335,0.46769232,0.352772409019306,1
613090,57,377,2025-09-12 13:08:14,570.1,GB,False,0.6922038899484958,0.4059211831593625,0.33849764,0.4374156668270427,1
613091,1002,744,2025-09-12 13:08:52,248.46,US,False,0.9735905437564216,0.9018812716947326,0.9225716,0.5612615609687749,1
613092,2132,757,2025-09-12 13:09:35,3725.06,GB,False,0.3576400764444952,0.3688348467875925,0.4545637,0.427703363010873,1
613093,546,711,2025-09-12 13:14:51,116.3,GB,False,0.5268897771355059,0.3216595717685793,0.16999349,0.3926905938673515,1
613094,1789,587,2025-09-12 13:20:24,126.33,US,False,0.4302627369936618,0.4646805789103698,0.34847388,0.3887355406010529,1
613095,2101,798,2025-09-12 13:23:38,100.16,US,False,0.4357770898496537,0.4160267976259098,0.29130083,0.3477834272297828,1
613096,4228,630,2025-09-12 13:24:17,74.76,US,False,0.3276894292012054,0.3206687675478581,0.3048871,0.3451342251360452,1
613097,5796,287,2025-09-12 13:25:33,420.38,US,False,0.3862394895577079,0.3038267550542334,0.16311976,0.3548242656711529,1
613098,650,358,2025-09-12 13:29:02,36.75,US,False,0.3865908457997823,0.3538982932617215,0.38001102,0.387306555607438,1
613099,2238,573,2025-09-12 13:29:20,144.12,US,False,0.5131242617959103,0.313300722964084,0.27347097,0.3904273103250229,1
613100,5120,117,2025-09-12 13:29:33,12.48,US,False,0.3727714085962065,0.362780079661585,0.36532453,0.3669003755751289,1
613101,321,226,2025-09-12 13:29:38,96.3,US,False,0.4357626899928901,0.4178665125944435,0.37198934,0.3542114962266537,1
613102,5994,639,2025-09-12 13:30:43,804.5,US,False,0.5326932591009569,0.5611007452796336,0.58895415,0.3984877643479061,1
613103,1885,531,2025-09-12 13:34:32,98.62,US,False,0.5348317761170928,0.4848763033791942,0.60673136,0.355796504123198,1
613104,510,604,2025-09-12 13:35:32,89.24,US,False,0.4168731384178555,0.4268254488390259,0.43757835,0.3521107444063164,1
613105,2495,731,2025-09-12 13:40:12,138.72,US,False,0.3574181587570702,0.3145384285917791,0.30581498,0.343439622648263,1
613106,1855,644,2025-09-12 13:40:17,6.8,US,False,0.445144620541222,0.3704069471812035,0.34748185,0.4666081944387065,1
613107,4560,379,2025-09-12 13:41:11,96.76,US,False,0.5311282356164477,0.2986027389747118,0.3049297,0.4717991437835859,1
613108,3739,174,2025-09-12 13:41:12,24.44,US,False,0.3560763862204383,0.323936739961025,0.35455436,0.3910556954179366,1
613109,4552,300,2025-09-12 13:41:42,748.36,US,False,0.403270845351514,0.3322147440890127,0.4165498,0.3606144316734916,1
613110,5153,577,2025-09-12 13:42:24,260.73,US,False,0.5122701225529225,0.4225121456192214,0.40056148,0.3588485728407393,1
613111,5397,176,2025-09-12 13:43:02,468.5,US,False,0.5242684829185484,0.3479002521956054,0.20774831,0.4140888692996264,1
613112,1051,182,2025-09-12 13:43:47,117.24,GB,False,0.4119482361375975,0.4469182497354071,0.3601375,0.4739510122444382,2
613113,2545,103,2025-09-12 13:44:09,355.72,US,False,0.4639036687140341,0.3975096452984424,0.32982868,0.3517098191057242,1
613114,1580,483,2025-09-12 13:44:28,735.06,GB,False,0.4526990414708379,0.2741087767668259,0.22020823,0.536547377520726,1
613115,1773,480,2025-09-12 13:46:07,342.59,US,False,0.4591527266987218,0.3055814343654442,0.24820206,0.4030487739919288,1
613116,3414,777,2025-09-12 13:46:14,133.37,DE,False,0.3014019673350814,0.2647920731106808,0.09887093,0.3483101549232042,1
613117,2621,454,2025-09-12 13:49:55,204.94,US,False,0.3641892173173332,0.2872882062394354,0.20928988,0.3531524560680131,1
613118,698,237,2025-09-12 13:52:54,14.56,US,False,0.443287834793763,0.3992952050146094,0.33024365,0.3647374926353144,1
613119,1846,680,2025-09-12 13:54:37,37.23,US,False,0.4688366137833852,0.386698098523534,0.4776975,0.3865289688354116,1
613120,2508,82,2025-09-12 13:55:27,340.22,US,False,0.3991678295713277,0.3222856671599153,0.34294695,0.3521846820219563,1
613121,2570,574,2025-09-12 13:57:11,2682.48,US,False,0.5150571434602458,0.3235759527194609,0.21468617,0.4303210923760775,1
613122,2101,472,2025-09-12 13:58:00,148.19,US,False,0.3067800998586771,0.3183725723140765,0.15129961,0.4892394516992923,1
613123,5847,569,2025-09-12 13:59:41,85.97,AU,False,0.3232153077778915,0.2875751802761785,0.1561958,0.3609711015521502,1
613124,1603,194,2025-09-12 14:00:56,401.55,US,True,0.3351806600920812,0.2527250248586312,0.13636042,0.3511366012299063,1
613125,2290,325,2025-09-12 14:03:37,33.23,US,False,0.5216956686993452,0.4405208566361004,0.4423913,0.3674820507738698,1
613126,4696,163,2025-09-12 14:04:51,2766.54,US,False,0.5456962996143027,0.3111191452312017,0.22330159,0.4367239254084664,1
613127,2456,71,2025-09-12 14:05:01,88.15,US,False,0.3717532846823499,0.3418493458619205,0.27079225,0.3456318569831856,1
613128,2272,92,2025-09-12 14:05:16,110.92,US,False,0.3248562787428774,0.3562276068967087,0.3426514,0.3547112144401806,1
613129,2727,422,2025-09-12 14:06:46,2989.13,US,False,0.4420389529580167,0.4187793933101911,0.3928774,0.4122509735959128,1
613130,5024,539,2025-09-12 14:07:05,36.24,DE,False,0.3382774218110759,0.3674901602137863,0.38391146,0.3700220152993905,1
613131,4468,603,2025-09-12 14:11:24,97.36,US,False,0.7346262160972032,0.6986257221359266,0.69883615,0.4493429942975965,1
613132,5583,5,2025-09-12 14:12:16,18.45,DE,False,0.4258964436366869,0.4176360460798918,0.3985125,0.3663716039806141,1
613133,840,115,2025-09-12 14:12:20,1278.7,AU,False,0.6391750097464093,0.3964637376794343,0.4370557,0.5102372281736187,1
613134,2726,281,2025-09-12 14:13:15,269.86,US,False,0.2920051840308245,0.3650270506849829,0.37523028,0.3655751520214644,1
613135,1301,40,2025-09-12 14:14:09,11.64,US,False,0.4979255490170197,0.4816718113235925,0.42366797,0.3964827320392126,1
613136,2431,318,2025-09-12 14:19:31,188.95,US,False,0.34384129631538,0.3587586301532731,0.3443268,0.3670677882639319,1
613137,265,734,2025-09-12 14:19:52,1169.97,US,False,0.713303298749614,0.6570674848579547,0.5589215,0.440850690017648,1
613138,2125,319,2025-09-12 14:24:03,1100.31,AU,False,0.8724685402115254,0.5647401393315913,0.6946031,0.6610406824705015,2
613139,3112,493,2025-09-12 14:26:03,57.25,GB,False,0.6694468620638692,0.4898754366968444,0.5225467,0.4387910151580058,1
613140,2550,387,2025-09-12 14:26:50,1233.24,US,False,0.4953043523743639,0.4260426344474288,0.46290398,0.4030414204355274,1
613141,1862,724,2025-09-12 14:27:07,26.78,US,False,0.6250882893255187,0.5105169689845032,0.5989281,0.4291172164014508,1
613142,2951,298,2025-09-12 14:27:10,1572.0,CA,False,0.361049414412833,0.3040627685323211,0.22855787,0.3862602024852672,1
613143,1196,497,2025-09-12 14:27:27,39.38,US,False,0.2863473417492256,0.3243110982771833,0.30257684,0.366824301370913,1
613144,3993,413,2025-09-12 14:27:30,97.05,US,False,0.4296434279853225,0.3864459645862831,0.30214345,0.3445994477491763,1
613145,5946,463,2025-09-12 14:30:40,210.22,GB,False,0.518512507122733,0.4537988913007022,0.50336707,0.3564068515678967,1
613146,395,189,2025-09-12 14:31:15,118.48,US,False,0.556265590546714,0.4255016280613669,0.44925597,0.4731938398774002,1
613147,4693,470,2025-09-12 14:31:49,1279.65,US,False,0.345886499596276,0.3147819210691143,0.2768104,0.3777369505300361,1
613148,4296,495,2025-09-12 14:32:23,490.32,US,False,0.5624049218671956,0.4233163207159147,0.4727242,0.3914176194286449,1
613149,1874,211,2025-09-12 14:32:51,739.95,US,False,0.5445224063317349,0.3672034501733299,0.3144821,0.4055214854337354,1
613150,177,242,2025-09-12 14:33:46,262.83,US,False,0.5528274646984845,0.4938579308723279,0.5004055,0.417142630597658,1
613151,3664,755,2025-09-12 14:37:16,578.95,US,False,0.9242953259293832,0.6875131197129766,0.7425831,0.5829012638186352,1
613152,2160,112,2025-09-12 14:37:17,71.61,US,False,0.845675036368705,0.6994756208571725,0.6604319,0.5225929550836542,1
613153,4695,69,2025-09-12 14:37:18,257.34,US,False,0.3619057985219213,0.3659830532120098,0.3899353,0.3723779499291604,1
613154,3651,758,2025-09-12 14:38:19,136.58,US,False,0.4628469446355092,0.4446625947589788,0.48821604,0.3745172550936573,1
613155,2637,92,2025-09-12 14:40:16,108.76,US,False,0.4087863356224328,0.3366129220024837,0.2617225,0.3718819412204945,1
613156,4964,594,2025-09-12 14:42:52,52.67,US,False,0.478171442378187,0.4591591103624886,0.42485958,0.3569712682877285,1
613157,1594,709,2025-09-12 14:43:38,61.7,US,False,0.515266729262738,0.4243913890712398,0.2507804,0.3550510007622867,1
613158,1757,763,2025-09-12 14:44:32,15.47,US,False,0.4833994854096911,0.4391442530231972,0.3353976,0.3712188035870267,1
613159,2693,485,2025-09-12 14:46:07,27.08,AU,False,0.3731654383771269,0.2146255843219623,0.06803254,0.606620162417276,1
613160,1983,390,2025-09-12 14:57:12,266.37,US,False,0.4812098772436551,0.4637351415672069,0.53906864,0.3607670713773031,1
613161,1487,394,2025-09-12 14:59:14,674.76,DE,False,0.5032231285113412,0.3586335474621129,0.37067997,0.3865558208363455,1
613162,3681,181,2025-09-12 14:59:49,84.84,US,False,0.4019486646332873,0.3197921536219062,0.29196802,0.3595424149093106,1
613163,1317,468,2025-09-12 15:00:06,42.6,US,False,0.3560903317100032,0.3279152964817389,0.42461824,0.360752673213797,1
613164,3608,716,2025-09-12 15:00:36,76.87,US,False,0.3631737942973603,0.3654028865510447,0.35443956,0.3471458351119999,1
613165,3545,243,2025-09-12 15:02:02,104.16,US,False,0.3334977055688112,0.368925795568594,0.440056,0.3629615147444013,1
613166,2132,49,2025-09-12 15:02:18,2437.92,GB,False,0.402705174853182,0.3381470311646449,0.49251327,0.4522166383173391,1
613167,678,783,2025-09-12 15:07:34,227.95,US,False,0.6025205460660978,0.4915403379035416,0.53067553,0.3906458997345869,1
613168,2838,234,2025-09-12 15:08:08,55.02,US,False,0.5286311086459095,0.4501912714671802,0.46718335,0.3585752284160266,1
613169,2113,309,2025-09-12 15:14:01,15.42,US,False,0.3257592188923043,0.3400217774818568,0.28734848,0.4190950170361342,1
613170,977,773,2025-09-12 15:17:02,51.26,US,False,0.4467405176720196,0.3471808874639551,0.35344586,0.3552714261785543,1
613171,1859,485,2025-09-12 15:18:21,132.69,US,False,0.2751017711201506,0.2968900513472424,0.19877818,0.3557449731926642,1
613172,1783,73,2025-09-12 15:20:59,13.08,US,False,0.52237765081119,0.4988375063991839,0.64094913,0.3988950288634423,1
613173,4899,405,2025-09-12 15:25:24,395.5,US,False,0.4197646364885776,0.3089551652482679,0.24794921,0.374011532886588,1
613174,5751,477,2025-09-12 15:26:15,1303.01,US,False,0.3609673960346764,0.3148501047722539,0.29697138,0.4431658774823641,1
613175,4651,619,2025-09-12 15:26:49,32.31,US,False,0.4829721439376269,0.4413095166759504,0.329201,0.3755594449838698,1
613176,2589,670,2025-09-12 15:32:55,140.99,US,False,0.454594874308265,0.4653708160714614,0.43570837,0.4865335041474722,2
613177,4845,504,2025-09-12 15:40:00,1059.17,US,False,0.4341042457591549,0.3106677989469878,0.3010965,0.3856698807503129,1
613178,783,122,2025-09-12 15:40:26,26.66,US,False,0.3430645803355273,0.3371758082101963,0.35785055,0.3802502202329823,1
613179,3680,676,2025-09-12 15:40:48,156.81,US,False,0.4223060481880844,0.3451562434268456,0.30456275,0.3861768199817765,1
613180,3621,714,2025-09-12 15:43:38,660.05,US,False,0.3609123016562834,0.3429686464058284,0.17739369,0.3772090044894164,1
613181,3381,799,2025-09-12 15:44:40,88.54,US,False,0.469358727101435,0.4803534493558056,0.4740281,0.3585579059063877,1
613182,792,104,2025-09-12 15:45:07,23.41,US,False,0.3333097847264951,0.3300541412445026,0.32902947,0.3653306715546073,1
613183,5307,542,2025-09-12 15:45:44,44.22,US,False,0.6595579811440432,0.503683306499515,0.5033612,0.4350131360512309,1
613184,2240,301,2025-09-12 15:46:29,3168.71,US,False,0.7518972568580761,0.4196715002967074,0.56020534,0.4750203843061261,1
613185,3562,181,2025-09-12 15:46:35,60.47,US,False,0.3031457640114021,0.3310107196888267,0.2187287,0.354577238601961,1
613186,5110,472,2025-09-12 15:48:15,148.92,US,False,0.4435324739647933,0.3629735005459576,0.39249894,0.3526374427891565,1
613187,3887,331,2025-09-12 15:49:40,281.21,US,False,0.577159227521409,0.4283910539795069,0.23857315,0.4311821704635276,1
613188,4493,119,2025-09-12 15:49:54,2840.76,GB,False,0.6141089979327996,0.3766974795811188,0.15802415,0.4669273111331536,1
613189,3693,226,2025-09-12 15:51:35,73.0,US,False,0.5220683360097044,0.4061165191505627,0.38912213,0.3647617875983857,1
613190,446,372,2025-09-12 15:52:44,243.38,US,False,0.3320912660198393,0.2758866087609721,0.27155337,0.3929267420257484,1
613191,973,163,2025-09-12 15:53:26,252.06,AU,False,0.3955506157355342,0.3571123201835095,0.27405414,0.353923621263897,1
613192,4413,218,2025-09-12 15:55:10,19.36,US,False,0.3699894132343775,0.358352539946157,0.23264025,0.3631254551289133,1
613193,375,126,2025-09-12 15:55:14,7.33,US,False,0.2934200727380861,0.3015494253893986,0.16206533,0.4883482984999464,2
613194,4455,361,2025-09-12 15:56:12,169.72,US,False,0.3795789035105314,0.3417494737567682,0.32055306,0.3495368340579777,1
613195,4831,73,2025-09-12 15:58:05,59.4,US,False,0.5316032249834532,0.4920093641854353,0.43703777,0.4215330083930543,1
613196,4535,114,2025-09-12 15:58:47,64.47,US,False,0.4113285536086619,0.3274821393988661,0.12946479,0.3833534728416671,1
613197,4491,477,2025-09-12 15:59:16,2447.49,US,False,0.9930693846824448,0.8182374136282117,0.90822846,0.647633351086723,1
613198,3671,574,2025-09-12 16:02:01,221.48,US,False,0.5866950302650321,0.3033354908226757,0.30547643,0.4880506791644272,1
613199,991,647,2025-09-12 16:02:25,40.62,US,False,0.3984498222266987,0.409100591262734,0.4943703,0.3683804998958365,1
613200,2517,251,2025-09-12 16:02:54,70.34,US,False,0.3201908323979622,0.3571100981476387,0.43927196,0.3490609167035665,1
613201,1650,449,2025-09-12 16:04:35,176.3,US,False,0.4591621200330449,0.3849327093551392,0.29122317,0.3458256921362171,1
613202,3064,472,2025-09-12 16:04:39,69.51,US,False,0.3163219277688224,0.3440265845560326,0.27034488,0.4716059894953658,2
613203,3873,26,2025-09-12 16:05:04,135.46,AU,False,0.6492990278718612,0.5045429980217164,0.57166535,0.3960405069771326,1
613204,4280,94,2025-09-12 16:08:11,29.67,US,False,0.5013601566762492,0.4717871080879148,0.3348601,0.3804666010061093,1
613205,1022,603,2025-09-12 16:10:53,2818.76,US,False,0.436932798837575,0.3223994500215529,0.22751647,0.4468782538527386,1
613206,5311,175,2025-09-12 16:10:55,122.82,US,False,0.6096677279234208,0.5799811572930852,0.5818089,0.4013001061131289,1
613207,1381,133,2025-09-12 16:11:54,499.42,US,False,0.667074464899606,0.5719340771021051,0.61577696,0.5010260276945028,1
613208,5401,27,2025-09-12 16:14:54,126.88,DE,False,0.471128875085924,0.3541675499802817,0.2902961,0.3486323044961508,1
613209,3299,18,2025-09-12 16:17:03,329.49,US,False,0.3055739324358104,0.3394931778180218,0.23743229,0.3951297667185524,1
613210,5298,386,2025-09-12 16:18:47,25.22,US,False,0.4286870213396089,0.4210818120259528,0.395058,0.3629443272850859,1
613211,3874,702,2025-09-12 16:21:37,35.56,US,False,0.3698417179089892,0.3607784963891479,0.32470432,0.3844959677241765,1
613212,5509,210,2025-09-12 16:22:10,26.65,US,False,0.4459540540372573,0.3124007388940533,0.16302645,0.3728690707576398,1
613213,5108,745,2025-09-12 16:25:28,34.75,US,False,0.4723628161737575,0.4253325243789193,0.42074254,0.3605798351611933,1
613214,4451,625,2025-09-12 16:26:41,371.54,US,False,0.5709874747427651,0.4309775445862392,0.38382524,0.3955364099980207,1
613215,5896,233,2025-09-12 16:30:10,38.54,US,False,0.5074107185392213,0.50089569109653,0.47342873,0.4048061330624729,1
613216,4943,386,2025-09-12 16:33:18,22.98,US,False,0.4389695320510334,0.4323929239629948,0.37700796,0.37144247053917,1
613217,1375,398,2025-09-12 16:34:44,42.79,US,False,0.4765146287556052,0.5018294980513474,0.455448,0.3681705307114242,1
613218,2746,760,2025-09-12 16:35:01,52.2,US,False,0.3153167644123759,0.3172250265018664,0.28534982,0.3546683654133915,1
613219,946,173,2025-09-12 16:36:37,103.04,US,False,0.4834379734147312,0.4579960161992626,0.43505538,0.3499870940308812,1
613220,4668,448,2025-09-12 16:41:12,6208.75,US,False,0.5322776504113705,0.397008354695624,0.30999154,0.4950226784417115,1
613221,767,547,2025-09-12 16:41:40,31.75,US,False,0.4203965391852527,0.3529565206487829,0.2673573,0.3946201415321069,1
613222,3808,646,2025-09-12 16:46:16,7.56,US,False,0.4331386748224148,0.4282339664884092,0.48056224,0.3974862697313555,1
613223,1365,257,2025-09-12 16:46:26,49.21,GB,False,0.3547227369267304,0.3628386854090922,0.33946276,0.3643215088848438,1
613224,2322,148,2025-09-12 16:46:48,61.04,US,False,0.6921244130226415,0.4539286994528475,0.42124826,0.4414802877527895,1
613225,1216,81,2025-09-12 16:47:17,107.97,US,False,0.5100902619846732,0.4721278592733072,0.5561369,0.3625935958189476,1
613226,3446,690,2025-09-12 16:47:17,567.49,US,False,0.2975122366851077,0.342150830248466,0.35393113,0.3697058642840798,1
613227,2499,435,2025-09-12 16:49:25,291.88,US,False,0.4292488606657478,0.3670307846594319,0.41771105,0.3888587199983892,1
613228,606,315,2025-09-12 16:49:57,59.48,US,False,0.3694807558975352,0.335834923522708,0.17728901,0.3851568291648626,1
613229,3568,662,2025-09-12 16:51:15,414.5,US,False,0.4408710939619298,0.4011673940351091,0.32192224,0.3870104163897043,1
613230,642,427,2025-09-12 16:52:13,150.23,US,False,0.444896562459414,0.2964525309018573,0.27330953,0.3700363904420022,1
613231,1865,735,2025-09-12 16:53:06,64.57,US,False,0.4519493742581512,0.3541798608941932,0.2807555,0.3611457891299385,1
613232,2684,753,2025-09-12 16:53:09,45.22,AU,False,0.3243014397302969,0.3503850170047558,0.3360901,0.3635548866008307,1
613233,801,300,2025-09-12 16:54:27,563.8,US,False,0.3740669377221099,0.3642643540267426,0.3328443,0.3547583372977509,1
613234,3218,544,2025-09-12 16:55:43,60.46,GB,False,0.4243860918631456,0.4410091965429194,0.41530833,0.3863964162355998,1
613235,5371,618,2025-09-12 16:55:53,22.09,US,False,0.6710886054194641,0.4363190490250639,0.3823427,0.4999234065839556,1
613236,4625,540,2025-09-12 16:58:06,121.38,AU,False,0.4477176716011226,0.2924456361018502,0.20289367,0.408396905316637,1
613237,649,671,2025-09-12 16:59:01,23.87,AU,False,0.5048239645093129,0.4441232993151298,0.36032733,0.4009239260426331,1
613238,3821,603,2025-09-12 17:00:51,169.97,US,False,0.4042850880527314,0.3346873879731485,0.27471524,0.347679165381878,1
613239,2636,474,2025-09-12 17:02:49,111.02,US,False,0.4635863487412396,0.4093447359390866,0.43197834,0.35397691200662,1
613240,1644,650,2025-09-12 17:04:21,92.89,GB,False,0.3481146820412963,0.3580201170689357,0.41330734,0.3480641613682578,1
613241,3454,635,2025-09-12 17:04:51,468.32,US,False,0.5296007583028265,0.4285294777579456,0.44192713,0.4034119938365366,1
613242,579,171,2025-09-12 17:05:38,32.2,US,False,0.2923197749939994,0.3256329942243469,0.33064973,0.3696979282180838,1
613243,1315,544,2025-09-12 17:05:55,184.1,US,False,0.3894439393067045,0.4140097912389709,0.48110023,0.3512535146356005,1
613244,4837,797,2025-09-12 17:07:24,1302.38,US,False,0.4102691179445972,0.2984535111364313,0.41354105,0.3984001861357888,1
613245,3172,12,2025-09-12 17:10:56,304.41,US,False,0.5716655397246722,0.4027637712984376,0.3948803,0.3694484941036248,1
613246,1423,4,2025-09-12 17:12:06,390.1,US,False,0.5333195222062879,0.4753989837422491,0.49014178,0.3628435299749676,1
613247,1852,683,2025-09-12 17:12:46,2229.25,AU,False,0.3036751108030087,0.2676254335082053,0.17039908,0.4051072919364932,1
613248,5482,655,2025-09-12 17:14:48,141.57,US,False,0.4508521124339318,0.4269895390043163,0.36082104,0.3836446556737304,1
613249,1196,384,2025-09-12 17:15:38,86.07,US,False,0.3744204326517769,0.3333703557233402,0.2871754,0.3846636338391421,1
613250,1978,253,2025-09-12 17:15:57,554.6,US,False,0.4627512989672471,0.4369304204468867,0.43575078,0.3687527255614428,1
613251,4328,569,2025-09-12 17:16:45,178.8,GB,False,0.4127416980202311,0.3346182183448184,0.28187692,0.3551223643952365,1
613252,5014,85,2025-09-12 17:17:52,58.72,US,False,0.3883846225248717,0.343219446797169,0.20413207,0.3489333409641884,1
613253,4666,112,2025-09-12 17:18:33,26.57,US,False,0.3792181314880855,0.3089640144525641,0.09215398,0.3750159876175905,1
613254,2431,223,2025-09-12 17:18:50,382.44,US,False,0.4688137493417359,0.3369703206398254,0.3268427,0.5124199120303629,1
613255,952,705,2025-09-12 17:20:40,18.48,AU,False,0.3301522792037644,0.3573938268993251,0.31112888,0.3699726882296016,1
613256,4558,328,2025-09-12 17:20:43,25.81,US,False,0.4416986505744004,0.4276172156820983,0.48000854,0.3675495573695978,1
613257,5628,33,2025-09-12 17:23:05,353.31,DE,False,0.3836211390682486,0.3581872276996721,0.38007423,0.3641903718545433,1
613258,445,498,2025-09-12 17:23:28,57.38,US,False,0.4430559680738888,0.3123283875895724,0.11672797,0.383889853963121,1
613259,4209,463,2025-09-12 17:25:19,16.89,CA,False,0.5275444918271738,0.4533732070402019,0.40070552,0.4140401209351053,1
613260,1407,324,2025-09-12 17:27:54,59.8,US,False,0.3960315070794088,0.3149186628651584,0.313824,0.3710285544070739,1
613261,1559,307,2025-09-12 17:32:14,59.42,US,False,0.637788396415346,0.5678867350357455,0.48640633,0.4020116437651375,1
613262,5891,740,2025-09-12 17:36:56,765.81,US,False,0.5735908722182906,0.3401842759462675,0.2572974,0.3949638905664997,1
613263,239,376,2025-09-12 17:37:22,608.7,US,False,0.4661902839345856,0.428506683516614,0.33372933,0.3641850858906463,1
613264,1673,385,2025-09-12 17:38:09,245.81,US,False,0.6230747601565566,0.4755662863343509,0.42659542,0.3864648291857849,1
613265,18,526,2025-09-12 17:39:54,612.29,US,False,0.4550476633076691,0.3172216112762129,0.26506102,0.3637606843092233,1
613266,2398,791,2025-09-12 17:42:02,350.63,US,False,0.4581424855544354,0.4510983662970235,0.43645567,0.3667068108381242,1
613267,443,42,2025-09-12 17:43:21,131.86,CA,False,0.4726584089215495,0.3440236478836758,0.23036781,0.4454493867595687,1
613268,4710,320,2025-09-12 17:43:27,321.52,US,False,0.4922205412841206,0.4636723103245499,0.49627826,0.3645232618154164,1
613269,485,127,2025-09-12 17:43:56,21.46,US,False,0.6287054614269982,0.444650255590611,0.38364056,0.4602106272712045,1
613270,2983,351,2025-09-12 17:44:29,31.97,US,False,0.3823415796842568,0.3576432247366273,0.29664147,0.3587417678113606,1
613271,619,702,2025-09-12 17:47:36,41.33,AU,False,0.5509410874646312,0.3049530234489856,0.3475517,0.5922994793974627,1
613272,204,604,2025-09-12 17:50:51,170.85,US,False,0.5155902432585984,0.3813234231535659,0.24945563,0.4352670922779449,1
613273,3598,182,2025-09-12 17:52:51,27.12,GB,False,0.4284511110120402,0.443033073128008,0.26732445,0.3722711137616323,1
613274,4001,328,2025-09-12 17:53:06,333.29,US,False,0.4460620853475465,0.4289468299305943,0.267819,0.3507147238176054,1
613275,3275,334,2025-09-12 17:53:20,8.95,US,False,0.3276350490618959,0.3352576575388007,0.26593626,0.3807633494571169,1
613276,2974,138,2025-09-12 17:53:51,843.91,US,False,0.3938040969534111,0.2789985212283572,0.17152832,0.3722733527892639,1
613277,195,528,2025-09-12 17:55:37,252.3,US,False,0.616090890906693,0.4617093310885971,0.43732604,0.3707973306993642,1
613278,2289,498,2025-09-12 17:55:46,348.67,US,False,0.3430476924497359,0.3133963884067082,0.16801938,0.3899297965484407,1
613279,3993,322,2025-09-12 17:57:33,73.67,US,False,0.4262715944331472,0.3777709675238007,0.33211267,0.389980024238884,1
613280,4673,316,2025-09-12 17:57:58,290.38,US,False,0.4810548877152868,0.4347226268417881,0.4266515,0.3915416122078931,1
613281,3342,463,2025-09-12 18:02:36,29.85,US,False,0.4941466635586231,0.4333176627047016,0.40475273,0.380391831678828,1
613282,3649,280,2025-09-12 18:02:43,26.02,US,False,0.3918720123730532,0.3128356977825356,0.2454293,0.3759909581173278,1
613283,205,307,2025-09-12 18:02:45,199.69,US,False,0.3292153590742863,0.3272491464150875,0.20789331,0.5146919968995869,2
613284,5199,22,2025-09-12 18:04:20,76.27,US,False,0.5506856707439509,0.446797815746749,0.3746362,0.4626127567185278,1
613285,5671,604,2025-09-12 18:05:52,957.51,US,False,0.3843912977945253,0.386926559503591,0.33341846,0.4926394491822089,2
613286,3250,281,2025-09-12 18:06:14,887.8,US,False,0.4669951785787457,0.3760333794760293,0.45513767,0.387710433932186,1
613287,4610,333,2025-09-12 18:06:23,16.8,US,False,0.3146046612122332,0.3290420091267568,0.32028398,0.3799255674142087,1
613288,2713,562,2025-09-12 18:06:44,9.84,US,False,0.3153755082920879,0.3211468358599934,0.2666978,0.3826111525409565,1
613289,3431,524,2025-09-12 18:07:24,70.23,US,False,0.3487783462652079,0.3162917141138273,0.30560985,0.3892742689241056,1
613290,3712,748,2025-09-12 18:07:59,95.32,US,False,0.5232512950741708,0.4190790301526659,0.3449762,0.4609098194978693,1
613291,4288,188,2025-09-12 18:10:56,18.97,US,False,0.5093855519068257,0.490023381711608,0.46153626,0.3834862136786527,1
613292,5103,82,2025-09-12 18:10:57,62.36,US,False,0.3876357817721347,0.3271053179920556,0.30096847,0.3539482480237649,1
613293,1510,628,2025-09-12 18:12:59,42.62,US,False,0.3188806165483175,0.3045581403333693,0.24602433,0.4500268649370368,1
613294,1778,412,2025-09-12 18:16:29,33.66,US,False,0.4728830441492314,0.4783399672153141,0.35283497,0.3838523377373406,1
613295,1990,731,2025-09-12 18:16:57,257.46,US,False,0.5479622156123342,0.3395158582113929,0.40411624,0.3763152221837743,1
613296,178,388,2025-09-12 18:18:12,172.53,US,False,0.3034653959835625,0.2696613429974844,0.18825379,0.3480139917165809,1
613297,5752,604,2025-09-12 18:19:26,464.31,US,False,0.3872017061100875,0.3922801274065773,0.3209586,0.3712809738297458,1
613298,2657,141,2025-09-12 18:19:37,250.93,US,False,0.7257703015063266,0.4551583112108397,0.4788355,0.4177277186408232,1
613299,920,126,2025-09-12 18:20:32,166.59,AU,False,0.2993978005348496,0.2829913992167833,0.21080951,0.4654355544502493,2
613300,142,58,2025-09-12 18:21:04,147.07,US,False,0.4831212693558799,0.4151976207240184,0.20687552,0.4830485060416683,2
613301,5601,643,2025-09-12 18:22:32,29.97,US,False,0.404209995175971,0.4087931153900542,0.3930566,0.3646447639823123,1
613302,3465,71,2025-09-12 18:22:48,78.53,US,False,0.5147743478151542,0.3515694151131125,0.34254232,0.3832791572633421,1
613303,1263,215,2025-09-12 18:23:34,126.98,US,False,0.4658211880831386,0.2945591737443838,0.18781218,0.4329690290647277,1
613304,5991,243,2025-09-12 18:25:03,87.94,US,False,0.3367396356073525,0.3607306927881168,0.4882581,0.4088683839561381,1
613305,3732,602,2025-09-12 18:25:38,191.92,US,False,0.4082238615736969,0.3554044271647306,0.34875292,0.3622374070078036,1
613306,2062,78,2025-09-12 18:25:47,140.75,US,False,0.366572963158469,0.300649722275728,0.2512478,0.3830689071333586,1
613307,3715,257,2025-09-12 18:26:05,19.0,US,False,0.4192934015574799,0.3384550164411072,0.29712808,0.3798479164830646,1
613308,1544,537,2025-09-12 18:26:06,23.25,US,False,0.3223163538134954,0.3035029517309746,0.27533245,0.3662004954538141,1
613309,583,114,2025-09-12 18:29:23,70.73,US,False,0.3620855951204226,0.2911078006952841,0.18045722,0.3500464017476445,1
613310,4252,86,2025-09-12 18:29:25,787.24,US,False,0.6989206999398089,0.7919653920095379,0.71823585,0.4367353900467377,1
613311,4324,86,2025-09-12 18:30:58,385.16,US,False,0.4997931751267099,0.4238808331058974,0.34609243,0.3822028021797376,1
613312,4561,677,2025-09-12 18:31:20,51.61,GB,False,0.5711597937545029,0.3509344089052749,0.22103299,0.5574418356640037,1
613313,882,135,2025-09-12 18:32:16,72.02,US,False,0.4363838691507062,0.3440016059335338,0.38035735,0.3900203825883169,1
613314,4193,416,2025-09-12 18:32:54,17.74,US,False,0.3004640862853593,0.3107350235541217,0.2519472,0.4919411071377434,2
613315,3801,233,2025-09-12 18:35:25,270.11,GB,False,0.4885815684262371,0.4116896472143958,0.47787237,0.3610009176852483,1
613316,2362,702,2025-09-12 18:35:28,168.25,CA,False,0.4075599958965105,0.3746523629564922,0.40631294,0.3498077811946167,1
613317,2293,776,2025-09-12 18:35:42,421.41,US,False,0.5155803681317941,0.3662906593887216,0.3296421,0.3824888858702545,1
613318,4053,760,2025-09-12 18:36:26,178.89,US,False,0.324736689123579,0.3125226505519514,0.31717628,0.3542418002840342,1
613319,4422,280,2025-09-12 18:38:24,30.24,US,False,0.3488390447504436,0.3240810434906764,0.17045584,0.4416361414096209,1
613320,1390,72,2025-09-12 18:38:28,2286.78,US,False,0.5015988657741626,0.3172060694676539,0.25021914,0.4138381423511765,1
613321,364,639,2025-09-12 18:41:41,35.88,US,False,0.3023994246391475,0.3317151137261465,0.22998749,0.3774008316300061,1
613322,4045,643,2025-09-12 18:41:51,19.48,US,False,0.430391010765834,0.3997280477894225,0.27357006,0.3702807888480475,1
613323,127,678,2025-09-12 18:42:01,5.97,US,False,0.5289620771728605,0.4644868021429848,0.3732887,0.431263736770987,1
613324,5663,405,2025-09-12 18:42:19,101.41,GB,False,0.4025386902090013,0.3333078612845364,0.33399165,0.3864033375992858,1
613325,4776,107,2025-09-12 18:43:13,12.09,US,False,0.2842547924645857,0.3129366469829996,0.35508865,0.3812708130074215,1
613326,4868,106,2025-09-12 18:45:06,487.77,US,False,0.5623377127356254,0.3746197968623442,0.31029296,0.4053023492418786,1
613327,4246,700,2025-09-12 18:45:21,273.49,US,False,0.296605539643068,0.2846264908290787,0.22895348,0.4058975158889794,1
613328,3370,695,2025-09-12 18:46:47,62.05,US,False,0.5423629018299221,0.4619556557005198,0.4679431,0.3661578295612775,1
613329,346,714,2025-09-12 18:49:41,106.21,US,False,0.4259448779480951,0.3160368337164681,0.33905712,0.375249979921539,1
613330,4153,428,2025-09-12 18:51:11,85.78,CA,False,0.5257219367144405,0.5145978119820476,0.60644114,0.3759640145356962,1
613331,806,682,2025-09-12 18:51:29,32.65,US,False,0.327741873794329,0.3243381453657182,0.21467118,0.3636214919497531,1
613332,3958,390,2025-09-12 18:54:17,1946.13,US,False,0.5496590093569765,0.4126511809625363,0.48108748,0.4170523070621158,1
613333,2944,794,2025-09-12 18:54:27,188.53,US,False,0.4258110824632204,0.4454135228167469,0.36737937,0.3597750024967768,1
613334,3331,46,2025-09-12 18:55:40,35.61,AU,False,0.332726320150996,0.2797704257818185,0.14803389,0.371062444138545,1
613335,1203,97,2025-09-12 18:56:41,244.03,US,False,0.3327312786018641,0.3141139297445256,0.2927912,0.3532072350468571,1
613336,4110,203,2025-09-12 18:57:08,1826.39,US,False,0.4108375870061644,0.2808124034315802,0.2133381,0.4088301317303117,1
613337,210,574,2025-09-12 18:58:58,239.1,US,False,0.330858598401844,0.3323017610338546,0.354182,0.3555820072494777,1
613338,4169,246,2025-09-12 18:59:23,535.48,US,False,0.4816308429023618,0.4277150753105445,0.32671383,0.3681034819998802,1
613339,4013,584,2025-09-12 19:01:22,999.38,US,False,0.8045816919576313,0.6273928767559989,0.45440614,0.4676765531907162,1
613340,5981,279,2025-09-12 19:03:07,189.52,US,False,0.2866513885462482,0.306011131975597,0.25247383,0.3507205063462946,1
613341,3026,415,2025-09-12 19:04:27,12.92,US,False,0.4897333133778953,0.4672876663048722,0.4493088,0.3858100664121769,1
613342,3023,403,2025-09-12 19:08:23,482.32,US,False,0.3953201106828407,0.3906045087114081,0.3097802,0.3661233271582227,1
613343,1047,319,2025-09-12 19:08:43,32.44,US,False,0.5052072784582473,0.4943118570860159,0.40130386,0.3912912783283923,1
613344,1018,90,2025-09-12 19:09:22,330.37,US,False,0.35186804272703,0.3589690395120902,0.21854146,0.3582574368419651,1
613345,1935,373,2025-09-12 19:09:41,41.58,US,False,0.5282940360951321,0.5022450421766022,0.5065316,0.4087307144070115,1
613346,1507,534,2025-09-12 19:10:22,53.97,US,False,0.6149894522888274,0.4058680043768065,0.36971748,0.4046743054209357,1
613347,33,9,2025-09-12 19:10:26,41.15,US,False,0.5908893736843784,0.4221450008632241,0.40611205,0.382489042565009,1
613348,5126,773,2025-09-12 19:10:32,549.21,US,False,0.5281910206556221,0.3607487151872267,0.4922579,0.4079043083284932,1
613349,167,479,2025-09-12 19:11:30,384.87,CA,False,0.5258120763029736,0.4257522291544412,0.39341047,0.3715077473019393,1
613350,4711,397,2025-09-12 19:12:56,273.96,US,False,0.4823406871506402,0.3728378088220077,0.44602776,0.4185173469777882,1
613351,4694,585,2025-09-12 19:13:32,311.18,US,False,0.5258346814590459,0.7080426116760222,0.659491,0.3987003348192387,1
613352,3044,569,2025-09-12 19:14:15,370.0,US,False,0.3741075181648114,0.3471973702808963,0.32126123,0.3623074805382897,1
613353,1505,578,2025-09-12 19:14:15,50.41,US,False,0.3851696866602173,0.3552971520010707,0.31624764,0.3560433489550608,1
613354,230,469,2025-09-12 19:14:33,80.2,US,False,0.3932998050820763,0.4474617675347139,0.40141898,0.3539415358985914,1
613355,1550,294,2025-09-12 19:16:03,195.34,US,False,0.448460187662585,0.332483438716281,0.13952939,0.3646825979484724,1
613356,1811,214,2025-09-12 19:22:45,559.12,US,False,0.6229503565398382,0.3372148395775231,0.31477094,0.4344459903274006,1
613357,205,759,2025-09-12 19:23:05,458.49,US,False,0.2947642836690908,0.2151601438093474,0.12292243,0.5070010048363828,2
613358,926,676,2025-09-12 19:23:05,46.86,US,False,0.3432403639225911,0.3675818951339832,0.46435913,0.3588926407239102,1
613359,5170,222,2025-09-12 19:23:46,217.39,CA,False,0.3902672225970357,0.3046478210356788,0.1310468,0.3627819798081135,1
613360,4455,700,2025-09-12 19:24:01,222.46,US,False,0.4518703949638147,0.3019929325519337,0.2734898,0.4041313528631934,1
613361,1182,736,2025-09-12 19:27:51,35.96,US,False,0.317059821779015,0.3231291476861554,0.31104365,0.3689794730454201,1
613362,3523,252,2025-09-12 19:29:49,22.11,AU,False,0.4874276196544653,0.4095524260004774,0.3356051,0.36836636905357,1
613363,2148,603,2025-09-12 19:29:50,53.14,US,False,0.3849461329774498,0.3407760886523616,0.2870423,0.3539823435021451,1
613364,1270,326,2025-09-12 19:32:24,3556.47,US,False,0.4848402793887808,0.287885861604468,0.21722141,0.4491062470856096,1
613365,1659,127,2025-09-12 19:32:30,165.89,US,False,0.6256521171597558,0.424432742568106,0.2780917,0.5325814777329332,2
613366,4789,785,2025-09-12 19:33:00,60.03,US,False,0.3750537035454255,0.4300760076525464,0.41592965,0.3613504269391478,1
613367,4644,536,2025-09-12 19:34:04,21.39,US,False,0.3719543968193128,0.296476150993986,0.088031374,0.3676974542000126,1
613368,1337,684,2025-09-12 19:34:42,698.83,US,False,0.8569553040149115,0.7973612752504725,0.8373115,0.5100427195215986,1
613369,1676,252,2025-09-12 19:38:36,3982.23,US,False,0.5263864743809042,0.3482709701876517,0.17389874,0.4830235734281927,1
613370,2336,700,2025-09-12 19:44:04,100.6,US,False,0.2862266259949331,0.3138597286069111,0.26370758,0.3542592889739037,1
613371,1597,5,2025-09-12 19:45:20,44.07,GB,False,0.445774862629739,0.4081633803190063,0.3990978,0.3578417377420497,1
613372,5157,413,2025-09-12 19:45:26,32.96,US,False,0.419465559665389,0.3636117245350814,0.34967452,0.3610404617464655,1
613373,5105,558,2025-09-12 19:45:56,19.0,US,False,0.3546390856456524,0.3113601254242383,0.24874315,0.3714498304900508,1
613374,2722,766,2025-09-12 19:46:07,157.83,US,False,0.3302917296928675,0.2945731768729965,0.26694503,0.3521459647226234,1
613375,5206,128,2025-09-12 19:46:51,358.41,US,False,0.3427931783305372,0.3597508377898613,0.37964532,0.3543702800103033,1
613376,3632,645,2025-09-12 19:48:13,240.67,US,False,0.3884227976687655,0.3398261609416275,0.35083893,0.3574338564129739,1
613377,1517,82,2025-09-12 19:55:41,56.64,CA,False,0.3991930033259593,0.3319964352294716,0.3171188,0.3949140486260168,1
613378,1479,387,2025-09-12 19:57:48,21.95,US,False,0.4960278031714534,0.4830193663461147,0.418814,0.3876715026518993,1
613379,5249,723,2025-09-12 19:59:33,215.3,US,False,0.4839386118790145,0.4503496293222321,0.4452879,0.3604745887284807,1
613380,4892,745,2025-09-12 20:01:15,55.03,US,False,0.5132569590098274,0.4610589449183182,0.44527164,0.3958875032549042,1
613381,2674,24,2025-09-12 20:01:39,195.97,US,False,0.4230467018467001,0.376934243414989,0.2931162,0.3541841824042346,1
613382,2773,19,2025-09-12 20:03:46,611.16,US,False,0.4214185961342483,0.3264469933125072,0.28261092,0.3646114908007153,1
613383,2019,798,2025-09-12 20:04:48,47.89,US,False,0.4429565522740186,0.3920285911677076,0.23123698,0.4379336308178839,1
613384,5556,232,2025-09-12 20:05:28,117.5,US,False,0.4173320642151717,0.3988465312830846,0.28933915,0.3907163196731043,1
613385,3582,512,2025-09-12 20:05:43,132.78,GB,False,0.3812965888116799,0.3705625645010729,0.39299095,0.3948187236549802,1
613386,158,346,2025-09-12 20:07:17,24.61,US,False,0.5433047091592669,0.4091080294600382,0.35051426,0.3928840220328284,1
613387,969,21,2025-09-12 20:08:08,14.36,US,False,0.3757128464845995,0.3516390201068741,0.30682814,0.376987950562464,1
613388,4612,90,2025-09-12 20:10:54,20.41,US,False,0.4852413551684692,0.3392025721696536,0.28799808,0.4489627554577315,1
613389,5338,718,2025-09-12 20:12:36,172.23,US,False,0.4374217787343006,0.4363893608245931,0.43199703,0.3725280379058197,1
613390,3215,700,2025-09-12 20:12:50,12.09,AU,False,0.2844384958169896,0.3178622856836973,0.34899932,0.4009182968781876,1
613391,5044,481,2025-09-12 20:18:01,37.75,US,False,0.4225671498099784,0.3617310363866495,0.32482395,0.3669190878406635,1
613392,1114,325,2025-09-12 20:21:03,158.67,US,False,0.6682464527762595,0.4332933304809361,0.3956972,0.4608539601145673,1
613393,5733,614,2025-09-12 20:22:06,101.57,US,False,0.4611718605617991,0.318849473817171,0.3361897,0.3894174724944495,1
613394,1047,779,2025-09-12 20:22:24,31.02,US,False,0.3475576404445414,0.3260453856091126,0.23862551,0.4134099234226738,1
613395,1003,598,2025-09-12 20:22:47,56.15,US,False,0.3246362823459859,0.3244231296009888,0.23306677,0.3567867461258998,1
613396,4782,689,2025-09-12 20:24:17,36.1,US,False,0.6482604808237862,0.4982905369766902,0.5275086,0.4161119145664926,1
613397,5755,743,2025-09-12 20:25:07,142.9,US,False,0.4227136518329105,0.4179964345218243,0.26926634,0.3774838404055321,1
613398,3162,3,2025-09-12 20:28:03,157.91,US,False,0.3069414200933574,0.2675006858271414,0.22736844,0.3545316024788645,1
613399,500,167,2025-09-12 20:28:07,233.42,US,False,0.5016926486431895,0.4551858813021893,0.41415375,0.3627456297897157,1
613400,5919,335,2025-09-12 20:29:59,183.56,US,False,0.313131704789988,0.2920051140201745,0.24511941,0.3600227470475839,1
613401,5271,119,2025-09-12 20:30:33,161.36,US,False,0.4824564172800044,0.4569147035405363,0.42023253,0.368569491843595,1
613402,4267,146,2025-09-12 20:30:38,10.83,US,False,0.4079240841644532,0.4097979695153114,0.4091244,0.3870888606785409,1
613403,5311,245,2025-09-12 20:30:58,39.97,US,False,0.3679924566638922,0.3237760952497326,0.37959146,0.4018166368434889,1
613404,4072,574,2025-09-12 20:38:19,502.35,GB,False,0.3781092747636516,0.3134269202662448,0.24750921,0.4762528693803144,1
613405,2484,162,2025-09-12 20:38:43,289.52,US,False,0.3162361591382625,0.283052819643468,0.12056303,0.3598982921992529,1
613406,5123,660,2025-09-12 20:40:26,373.74,US,False,0.2903667573888963,0.2491439684773006,0.20878293,0.365571196247884,1
613407,2107,127,2025-09-12 20:40:44,413.17,US,False,0.6241908861516553,0.4549924782920848,0.47043538,0.4438496674593611,1
613408,1190,441,2025-09-12 20:43:00,40.23,US,False,0.4258405604549469,0.4212135919012029,0.34411895,0.3828054108032303,1
613409,432,102,2025-09-12 20:43:48,15.99,US,False,0.4072712277778723,0.3903809234351563,0.4054735,0.3792758736753092,1
613410,20,25,2025-09-12 20:46:41,8.68,US,False,0.3744760597644829,0.3484347248794697,0.27928537,0.5135697940172826,2
613411,4376,733,2025-09-12 20:50:30,23.33,US,False,0.3864261246953717,0.3052179432133577,0.19311947,0.3781986509982381,1
613412,5716,737,2025-09-12 20:53:59,7077.25,US,False,0.919908475565362,0.7412815559480201,0.7378367,0.6192731763021525,1
613413,3979,89,2025-09-12 20:56:13,384.9,US,False,0.2764707635351909,0.3194355333741185,0.2524027,0.3689688995338638,1
613414,5407,88,2025-09-12 20:58:02,295.59,AU,False,0.4926202611414695,0.3079328958014931,0.29059017,0.3610161285604168,1
613415,4493,588,2025-09-12 20:58:14,2048.47,GB,False,0.4711926888349317,0.3105920244091115,0.18489909,0.5147170140254856,1
613416,1898,631,2025-09-12 20:58:19,63.4,US,False,0.4012395507997959,0.4233468816302101,0.40064844,0.3636747332494637,1
613417,1034,427,2025-09-12 20:59:53,27.47,CA,False,0.3677144833331319,0.3099818858956042,0.20375057,0.3768256461627754,1
613418,4677,788,2025-09-12 21:01:16,249.41,US,False,0.280098271027564,0.3147034943451086,0.19140244,0.3844838345327712,1
613419,1168,254,2025-09-12 21:06:51,204.37,US,False,0.3071841544602048,0.2623229666904733,0.08548119,0.3652397353008891,1
613420,210,339,2025-09-12 21:07:07,393.4,US,False,0.5721737751385394,0.4074937936053519,0.40365803,0.4218300551612069,1
613421,189,23,2025-09-12 21:09:03,44.65,US,False,0.5997377993850094,0.5009588863932664,0.49292555,0.4147187379968835,1
613422,5315,323,2025-09-12 21:12:18,109.61,US,False,0.4905801702573604,0.4637843292846215,0.49440783,0.3817721438746675,1
613423,1528,516,2025-09-12 21:13:36,58.97,US,False,0.4653161473825525,0.3581887233490696,0.26700875,0.3692952127591933,1
613424,2372,205,2025-09-12 21:17:31,30.39,US,False,0.2897046878130485,0.2904346535988241,0.19744608,0.3782226441466119,1
613425,2710,121,2025-09-12 21:17:43,212.54,US,False,0.3685098459253467,0.2971922608896351,0.2141545,0.3664520587900012,1
613426,4464,407,2025-09-12 21:19:54,20.32,DE,False,0.4635202295145713,0.4625738947730746,0.41215876,0.396174041575834,1
613427,4766,564,2025-09-12 21:20:32,45.31,US,False,0.5218044922144288,0.4862239294447856,0.44462112,0.3776105368861471,1
613428,4485,638,2025-09-12 21:21:55,32.9,US,False,0.2964466002361192,0.3095128869127496,0.2609331,0.3836775037307853,1
613429,5389,90,2025-09-12 21:23:28,323.88,US,False,0.3800151736989897,0.3629766399356044,0.30060232,0.4370449389289185,1
613430,1773,708,2025-09-12 21:25:13,73.49,US,False,0.4172137196565309,0.3576983656953644,0.4047344,0.4720469051103664,1
613431,4667,191,2025-09-12 21:25:15,212.58,AU,False,0.5345223178806907,0.4834138268536012,0.47829548,0.3833382895297423,1
613432,5252,280,2025-09-12 21:25:34,145.92,US,False,0.3369070046058675,0.3005164086618568,0.18240139,0.4286080817202757,1
613433,3578,100,2025-09-12 21:31:18,146.74,US,False,0.3972093215600597,0.3340878745083646,0.2567677,0.3576713682826957,1
613434,97,231,2025-09-12 21:31:20,322.26,US,False,0.6148152548050578,0.4070648153626521,0.3901597,0.3945729033884889,1
613435,3634,379,2025-09-12 21:33:20,243.6,US,False,0.3901439021780341,0.3478049094505859,0.25995034,0.3629043264683318,1
613436,1225,679,2025-09-12 21:35:44,1059.27,CA,False,0.3421497813064647,0.3677348504167301,0.32752362,0.3896943320940989,1
613437,734,107,2025-09-12 21:37:13,50.78,US,False,0.2818445398218238,0.3223765552105149,0.2946217,0.3825305914843223,1
613438,2197,463,2025-09-12 21:40:21,71.61,AU,False,0.4567230258668293,0.4721445346133484,0.48641178,0.3765378356721729,1
613439,2788,762,2025-09-12 21:41:52,1195.93,US,False,0.386944874825289,0.2335250799250288,0.24531083,0.5162323081361463,2
613440,2302,93,2025-09-12 21:45:59,140.43,US,False,0.3189697010249815,0.2696958859392055,0.18979232,0.357741294228624,1
613441,2140,749,2025-09-12 21:49:21,245.83,NG,False,0.4302019965957532,0.2533797158945211,0.17263664,0.5697429612949936,1
613442,2860,656,2025-09-12 21:50:06,191.55,US,False,0.3463330734226896,0.2879743019122993,0.18340433,0.3590632303297448,1
613443,2066,380,2025-09-12 21:50:54,15.03,US,False,0.3439143571226812,0.2686149767219494,0.2251043,0.3821946198983381,1
613444,5680,13,2025-09-12 21:55:38,333.48,US,False,0.4377750773103648,0.4487383681805542,0.39300057,0.3696436132881119,1
613445,3570,482,2025-09-12 21:58:08,45.28,DE,False,0.5709503934941029,0.4457707971635974,0.43653426,0.4117979406166855,1
613446,4553,547,2025-09-12 21:58:55,1791.5,US,False,0.4906580472524013,0.3526485739561784,0.2777864,0.4382486587368233,1
613447,755,104,2025-09-12 22:02:19,225.28,US,False,0.33869611984185,0.3692357838428356,0.41835666,0.3646551229912985,1
613448,883,242,2025-09-12 22:03:44,66.33,US,False,0.4838992266055311,0.4835318856569887,0.49366394,0.4075183330287997,1
613449,1492,696,2025-09-12 22:03:58,100.3,US,False,0.4589160175920549,0.3372292575509197,0.36601615,0.3860393569613532,1
613450,1761,320,2025-09-12 22:05:32,67.78,GB,False,0.5707880694789098,0.4594717861734597,0.49142855,0.3981045335614234,1
613451,5502,426,2025-09-12 22:07:45,9.79,CA,False,0.3342890477123767,0.3158157963744429,0.33973327,0.4399773805177335,1
613452,3672,542,2025-09-12 22:08:21,2952.93,US,False,0.8201361923366292,0.3627941221930813,0.19911712,0.5505137457416951,1
613453,3984,746,2025-09-12 22:08:36,1934.0,US,False,0.5893885226340685,0.3406672520948096,0.23911022,0.4774457203293184,1
613454,2221,444,2025-09-12 22:13:50,204.46,US,False,0.397625275139899,0.3769039572431072,0.31692842,0.4094720618929646,1
613455,3046,112,2025-09-12 22:14:29,132.66,US,False,0.3216656041025557,0.3024831463825334,0.1475401,0.3665687916193261,1
613456,3588,68,2025-09-12 22:14:49,51.48,AU,False,0.3869624637895632,0.4531222026859255,0.50295275,0.3838873182569096,1
613457,3551,526,2025-09-12 22:15:28,118.0,US,False,0.411756069232473,0.3333177673210087,0.15200604,0.3633324905376044,1
613458,619,264,2025-09-12 22:19:14,31.3,GB,False,0.535341471380235,0.3932172757432098,0.48638928,0.5370762310230185,1
613459,1703,766,2025-09-12 22:19:19,167.02,US,False,0.3069664622894605,0.2855201274371311,0.24125095,0.3797440956214996,1
613460,5961,734,2025-09-12 22:21:37,868.85,US,False,0.4702387526229368,0.4691166780182984,0.42101926,0.3997090524809059,1
613461,5051,721,2025-09-12 22:22:13,145.84,US,False,0.3705258280858574,0.3060486887224974,0.22289807,0.3971694109106984,1
613462,1984,702,2025-09-12 22:23:30,363.59,US,False,0.4173245118800289,0.3230602769106621,0.19082348,0.3719064808878738,1
613463,2546,105,2025-09-12 22:24:19,32.16,US,False,0.6643745370220825,0.4271171267978382,0.39560142,0.4050404499321178,1
613464,3665,243,2025-09-12 22:27:26,40.46,US,False,0.4563918466962457,0.35519016084028,0.29444063,0.3853488707909806,1
613465,5657,398,2025-09-12 22:34:50,239.82,GB,False,0.454866168462173,0.4764970115750885,0.49593437,0.3852589925571168,1
613466,3243,362,2025-09-12 22:38:11,147.44,US,False,0.5729134739322795,0.4197868102437523,0.2737592,0.4655935276387196,1
613467,1186,378,2025-09-12 22:38:51,167.4,GB,False,0.4323658914393241,0.4426660002248421,0.4427706,0.3842996594122913,1
613468,2938,749,2025-09-12 22:40:54,18.91,US,False,0.3301826125798762,0.3239548192729276,0.3005363,0.3875084572370549,1
613469,5108,184,2025-09-12 22:41:49,104.7,US,False,0.6152778034710772,0.4277272074169398,0.40893158,0.4317006637792498,1
613470,3826,66,2025-09-12 22:43:15,225.32,US,False,0.4046698762713462,0.2920979488916333,0.21258518,0.4032965175001016,1
613471,3075,591,2025-09-12 22:44:42,1023.22,NG,False,0.9695813852168456,0.3647881605635749,0.11097098,0.6793344696685455,1
613472,2567,619,2025-09-12 22:44:51,9922.57,US,False,0.4956679378937956,0.3971116345735362,0.3828375,0.5561427880250585,1
613473,5926,758,2025-09-12 22:44:58,393.84,US,False,0.4737679447396872,0.4378598449893975,0.42710888,0.3727998306102916,1
613474,5142,176,2025-09-12 22:45:08,1073.94,US,False,0.3315791022555167,0.3390200292589852,0.19399486,0.3896451173740762,1
613475,817,363,2025-09-12 22:49:13,77.52,US,False,0.478502734311894,0.3165867929980437,0.1721666,0.5311490877496213,2
613476,1230,482,2025-09-12 22:50:07,129.4,US,False,0.603021801766267,0.4343832866539318,0.40922683,0.3955625423459452,1
613477,5496,303,2025-09-12 22:53:05,344.29,US,False,0.4319141388194555,0.3585452408585534,0.25731078,0.3694018029450082,1
613478,3734,383,2025-09-12 22:55:59,543.23,US,False,0.5085137335121106,0.3114606457951125,0.10932736,0.408177001488066,1
613479,2951,731,2025-09-12 22:58:26,2699.57,CA,False,0.4713914514729801,0.2953981957544415,0.22984175,0.479945971332449,1
613480,1973,243,2025-09-12 22:58:49,17.13,US,False,0.3538971982513142,0.3616774424892479,0.39986417,0.389255240504689,1
613481,949,740,2025-09-12 23:00:56,79.1,GB,False,0.3597627387193994,0.3550298761501391,0.44265202,0.3909828522238084,1
613482,3845,658,2025-09-12 23:01:53,2190.56,US,False,0.4058426236852183,0.3280591336957932,0.23893134,0.4670102837232334,1
613483,3450,507,2025-09-12 23:03:05,876.05,DE,False,0.3141334792239189,0.32009293897203,0.25215927,0.4010115277938534,1
613484,887,693,2025-09-12 23:03:38,528.84,US,False,0.3810798128589844,0.2562651036026084,0.088479795,0.3962395892023412,1
613485,2195,518,2025-09-12 23:04:09,357.82,AU,False,0.4812369951910326,0.2612085683062684,0.19800124,0.6143346961067724,1
613486,527,572,2025-09-12 23:05:08,99.52,US,False,0.5378158958551965,0.4718230043805818,0.47877756,0.4283981801411851,1
613487,2200,531,2025-09-12 23:06:52,2363.31,US,False,0.5379895714881081,0.4035039582709334,0.19111215,0.4441649199159613,1
613488,875,198,2025-09-12 23:10:31,139.22,US,False,0.437071043721604,0.4538053329988599,0.34353358,0.3797422293994105,1
613489,5156,446,2025-09-12 23:11:57,331.27,US,False,0.478481711178044,0.3315980404918122,0.17976938,0.3888950008740394,1
613490,1713,267,2025-09-12 23:18:10,1214.28,GB,False,0.4683793135374718,0.406540700397187,0.23467588,0.4104264117061721,1
613491,3953,41,2025-09-12 23:18:10,27.99,US,False,0.3538144451149143,0.3402446248757311,0.24052987,0.3834697161176966,1
613492,2996,159,2025-09-12 23:18:46,549.89,US,False,0.4758742720464798,0.4387816935953496,0.5622888,0.3939929458978154,1
613493,3234,529,2025-09-12 23:19:21,6.32,US,False,0.3199085114545998,0.339333131208286,0.22142425,0.4141429469401983,1
613494,5305,312,2025-09-12 23:19:47,315.43,GB,False,0.5408012918563653,0.367587151391074,0.34635028,0.4009960191112392,1
613495,962,680,2025-09-12 23:20:17,89.75,AU,False,0.3537512826883068,0.352692369220878,0.29586035,0.3878792507399021,1
613496,2394,344,2025-09-12 23:32:09,12.2,US,False,0.5127837218128852,0.4818727438994497,0.3820096,0.4078151650012857,1
613497,360,116,2025-09-12 23:33:33,71.42,US,False,0.3245404239585999,0.3393446187883668,0.30367208,0.3775659897243182,1
613498,973,239,2025-09-12 23:36:28,150.76,AU,False,0.4017869361555344,0.3550989949059426,0.382833,0.4204264881731432,1
613499,871,685,2025-09-12 23:37:20,54.19,US,False,0.3625209002597127,0.3490553616672644,0.34307882,0.3996908495413753,1
613500,2886,702,2025-09-12 23:39:34,135.86,DE,False,0.4259166325588254,0.3574102859986303,0.21805756,0.3694814831103709,1
613501,638,169,2025-09-12 23:40:14,9.97,US,False,0.3386504863024488,0.3279374097445292,0.19513206,0.4334897431035798,1
613502,2054,588,2025-09-12 23:41:09,505.49,GB,False,0.3796175084333928,0.3130546386958517,0.14221485,0.3819151518941316,1
613503,5989,492,2025-09-12 23:41:12,40.57,US,False,0.6191036288525925,0.5064425526894144,0.57709605,0.4335115519093896,1
613504,2818,458,2025-09-12 23:42:20,144.74,US,False,0.3488716454952763,0.3409541227091374,0.27366,0.3738158641139514,1
613505,445,182,2025-09-12 23:42:47,100.88,US,False,0.7336775000050046,0.6890070551362063,0.6591055,0.4788624056173766,1
613506,5071,135,2025-09-12 23:43:52,9.19,US,False,0.3408159563444469,0.3325675297373178,0.3359451,0.4005064832289042,1
613507,4545,779,2025-09-12 23:45:05,77.74,US,False,0.3415005448465548,0.2993206948448353,0.087517865,0.3783239112659146,1
613508,1326,562,2025-09-12 23:45:20,25.55,US,False,0.2844318995191638,0.3278181237199964,0.27962992,0.3996288709509561,1
613509,2813,549,2025-09-12 23:45:40,167.97,US,False,0.3029495164658742,0.2701068567160873,0.1412413,0.3716490951897356,1
613510,3330,490,2025-09-12 23:46:40,1047.98,US,False,0.572382159203254,0.3675022388929901,0.43561706,0.4759079722407913,1
613511,3228,256,2025-09-12 23:46:54,935.92,US,False,0.2781076975112982,0.2638900766083459,0.20246364,0.4078118487193476,1
613512,4046,695,2025-09-12 23:47:12,34.74,AU,False,0.4389241507643716,0.3861166621879212,0.27053562,0.4414331925732623,1
613513,5386,430,2025-09-12 23:49:47,296.45,US,False,0.3113328957296503,0.2876069931664201,0.258137,0.3812617548980807,1
613514,4666,572,2025-09-12 23:50:08,45.18,US,False,0.6623076309459256,0.4438159848550579,0.4493554,0.4629986120820693,1
613515,2576,759,2025-09-12 23:50:28,105.77,CA,False,0.3541739722990507,0.296732380657918,0.17062171,0.3754662134378206,1
613516,3777,215,2025-09-12 23:51:51,15.57,US,False,0.3292375272509651,0.3305290606343784,0.21635991,0.3956386265491772,1
613517,3415,417,2025-09-12 23:52:07,1419.62,US,False,0.4148774943241437,0.3459780738178188,0.27254578,0.4481305656418108,1
613518,1962,681,2025-09-12 23:54:09,3369.51,US,False,0.531356073343349,0.3687515437677399,0.27947506,0.5744523994753816,2
613519,5100,52,2025-09-12 23:55:04,119.72,DE,False,0.6556672002692375,0.3764326981510151,0.27082682,0.5771328691226962,1
613520,5973,225,2025-09-12 23:55:57,225.64,US,False,0.4486109280444069,0.3626328635261447,0.31148288,0.3911599545445466,1
613521,5361,406,2025-09-12 23:56:05,209.79,GB,False,0.48781929863468,0.4162300159935018,0.44118938,0.3757402730186719,1
613522,5352,110,2025-09-12 23:56:08,175.28,US,False,0.302525166701274,0.2351016504780882,0.098307446,0.37380537332255,1
613523,2925,41,2025-09-12 23:57:52,3205.21,US,False,0.9976636260418856,0.5295864089861898,0.57790345,0.6223160143984733,1
613524,5520,646,2025-09-12 23:59:06,375.32,US,False,0.4535522052347766,0.3829742031888695,0.09166404,0.4431607866661339,1
613525,1917,396,2025-09-13 00:01:10,472.08,US,False,0.3576547295682672,0.3218424323920085,0.2521203,0.3831318461682563,1
613526,5763,514,2025-09-13 00:04:11,490.07,US,False,0.3225759042771562,0.2763201270062594,0.14455834,0.3946284902372854,1
613527,1700,671,2025-09-13 00:04:17,49.92,US,False,0.4520341263877152,0.4109931451769595,0.30705667,0.3854903740778513,1
613528,2447,488,2025-09-13 00:05:55,54.68,US,False,0.4650294451118158,0.3714864142967571,0.47449327,0.3798281127689376,1
613529,340,786,2025-09-13 00:05:57,476.97,US,False,0.4914371132220668,0.4159338566225807,0.49128333,0.4289857677699338,1
613530,1926,1,2025-09-13 00:06:06,143.04,US,False,0.5848545499455543,0.4732020792110635,0.54089105,0.3915248610122879,1
613531,3203,13,2025-09-13 00:06:32,21.06,US,False,0.5303186079334364,0.4186653521980064,0.4450971,0.5182613533898079,1
613532,3536,775,2025-09-13 00:06:40,74.3,US,False,0.4944841350356997,0.3173117619725359,0.12701207,0.4274449167611805,1
613533,3711,739,2025-09-13 00:07:44,1207.02,US,False,0.6510708177251904,0.4246175551450078,0.50902456,0.4375145583463796,1
613534,5249,337,2025-09-13 00:12:21,224.21,US,False,0.5284958480716825,0.3982917104703448,0.36213008,0.4234352440458914,1
613535,1445,761,2025-09-13 00:12:54,49.61,US,False,0.5427999696768919,0.3494852217893486,0.34725636,0.4020694476802098,1
613536,4472,174,2025-09-13 00:15:10,320.46,US,False,0.3909295360349938,0.2931978607961884,0.23823118,0.3871189015145298,1
613537,449,421,2025-09-13 00:15:35,676.75,US,False,0.4999320642633054,0.343127364841492,0.27787134,0.4002311314077066,1
613538,781,280,2025-09-13 00:16:32,156.2,US,False,0.3450562664953856,0.3143389342409898,0.35330635,0.3784799652047373,1
613539,4460,771,2025-09-13 00:17:20,477.23,US,False,0.5929432041251731,0.4926328922751329,0.58444804,0.4259162140292995,1
613540,4140,129,2025-09-13 00:20:07,172.16,US,False,0.3070747870502266,0.3249493369811679,0.28202355,0.3895158367346588,1
613541,577,638,2025-09-13 00:20:45,4222.31,AU,False,0.3215343458831146,0.2756841759161278,0.29947102,0.4817557564054754,1
613542,2169,301,2025-09-13 00:20:57,80.57,US,False,0.5791330141623551,0.4988058202845618,0.55600125,0.3997712818039338,1
613543,1274,164,2025-09-13 00:21:19,15.74,US,False,0.3945623959510616,0.3374959524601966,0.2426378,0.4599216386734993,1
613544,2476,385,2025-09-13 00:23:52,49.82,US,False,0.5038105015389558,0.4657622537972599,0.53901577,0.3922347953308711,1
613545,1328,392,2025-09-13 00:24:47,104.54,US,False,0.6036470648340043,0.4744077213141223,0.45941198,0.4087947515161089,1
613546,5031,251,2025-09-13 00:25:18,10.36,US,False,0.3338477776221624,0.3487588558551818,0.328721,0.4200156440588861,1
613547,162,332,2025-09-13 00:27:39,925.63,US,False,0.5477744646085447,0.5963378997265079,0.60949975,0.4555064504980043,1
613548,3257,686,2025-09-13 00:27:51,296.17,US,False,0.3431566803371454,0.2825496553922694,0.1978514,0.412638823144636,1
613549,2497,90,2025-09-13 00:29:16,86.38,US,False,0.4027929892213592,0.3492472083793864,0.3362886,0.3727254188444101,1
613550,99,136,2025-09-13 00:29:21,222.5,US,False,0.4848265249213881,0.4659849147108563,0.48972413,0.3958047923903016,1
613551,1319,322,2025-09-13 00:29:24,235.53,US,False,0.3709701820200775,0.3691361239804243,0.34681743,0.3755358383999209,1
613552,5176,156,2025-09-13 00:29:27,1732.6,US,False,0.3794562228889856,0.3995846091299102,0.40203652,0.4319457272246897,1
613553,2905,719,2025-09-13 00:29:35,46.07,US,False,0.5018896032712743,0.6143731853054616,0.3618302,0.4240123007429212,1
613554,1889,49,2025-09-13 00:31:01,75.94,US,False,0.3794550378885057,0.3743669957692369,0.3925223,0.387225075545943,1
613555,3157,236,2025-09-13 00:31:28,99.94,US,False,0.4782944190402142,0.3263236200990254,0.40663332,0.3743437138393059,1
613556,797,795,2025-09-13 00:32:37,531.75,US,False,0.445301485878416,0.3819893756924822,0.45084307,0.3991077373380413,1
613557,4033,6,2025-09-13 00:33:21,214.81,US,False,0.4314022888614429,0.4550898109431054,0.571868,0.3807542655675962,1
613558,5308,421,2025-09-13 00:35:54,117.52,US,False,0.426140453302574,0.372229246085365,0.34080404,0.370579784612303,1
613559,2863,336,2025-09-13 00:36:00,12213.61,US,False,0.8175927966623096,0.490611366351824,0.77385855,0.7039698519941311,2
613560,4822,732,2025-09-13 00:36:30,747.47,US,False,0.4787767601795586,0.2912669296609449,0.123264834,0.4231391220752148,1
613561,3082,700,2025-09-13 00:36:59,59.23,GB,False,0.3770831232854594,0.3039786226951509,0.17565757,0.3778716951813342,1
613562,4170,379,2025-09-13 00:37:36,22.83,US,False,0.3622124203532807,0.3568608368564211,0.37103847,0.4062675157953629,1
613563,1478,107,2025-09-13 00:39:22,20.42,US,False,0.2836549651042663,0.3449591497413789,0.41557446,0.4174089500571963,1
613564,2564,397,2025-09-13 00:42:53,173.23,US,False,0.467576085037385,0.3717570919215454,0.24335264,0.5135615186198682,2
613565,4944,360,2025-09-13 00:44:01,1071.75,US,False,0.3951772904887756,0.3182779877801101,0.16071108,0.432030110074318,1
613566,1506,459,2025-09-13 00:45:00,1201.25,US,False,0.4690191449620976,0.3627283046369447,0.38747925,0.4192934621795279,1
613567,794,776,2025-09-13 00:46:59,353.48,US,False,0.3650470704470013,0.3183997590269129,0.16872308,0.438427712796419,1
613568,3838,741,2025-09-13 00:47:40,382.3,US,False,0.42447155245737,0.3202188674559006,0.3625144,0.3870435588215929,1
613569,2536,117,2025-09-13 00:49:55,27.34,US,False,0.3838941407347478,0.3319531464053631,0.14114319,0.3924917291581447,1
613570,564,33,2025-09-13 00:51:23,18.93,DE,False,0.4534722610407115,0.3833103889454623,0.33252427,0.3943569456280338,1
613571,1267,112,2025-09-13 00:51:49,27.26,US,False,0.3490607233774381,0.303160394898962,0.07647259,0.395789104973361,1
613572,1117,304,2025-09-13 00:52:18,895.19,US,False,0.5526992924749151,0.3650681909704888,0.5241053,0.4074002418544276,1
613573,1,432,2025-09-13 00:52:43,37.62,US,False,0.450097179180082,0.4439270677422852,0.21333872,0.4872364428561235,1
613574,5561,152,2025-09-13 00:53:24,46.9,US,False,0.3375053832031837,0.3156748994301408,0.29823717,0.3875632507549661,1
613575,5439,182,2025-09-13 00:54:44,8.49,US,False,0.4311492468983855,0.4544847673157742,0.36705753,0.4241670175052477,1
613576,4114,416,2025-09-13 00:57:50,272.59,CN,False,0.5297038518873225,0.2356046681848139,0.10766524,0.6044109275103644,1
613577,3541,625,2025-09-13 01:00:36,75.73,US,False,0.5310909549529278,0.4702525538124004,0.44691047,0.3743028108657987,1
613578,4879,552,2025-09-13 01:00:43,4586.2,CA,False,0.9826652633027512,0.5844872951305734,0.6654619,0.6759591787184142,1
613579,5648,684,2025-09-13 01:02:01,42.91,US,False,0.4491470635471831,0.4300819597113108,0.36402583,0.3725970644185896,1
613580,4793,121,2025-09-13 01:03:11,584.63,CA,False,0.3464227246302696,0.3142978103177732,0.28701863,0.5331842105088909,2
613581,4179,214,2025-09-13 01:04:14,422.43,US,False,0.6107250115396238,0.4516620065004172,0.4551686,0.4429628154333518,1
613582,5860,691,2025-09-13 01:06:59,85.0,US,False,0.4903971133898973,0.4850624944019891,0.5206042,0.4219150984232596,1
613583,4103,694,2025-09-13 01:08:31,254.16,US,False,0.5898075768374955,0.4434130357635268,0.398557,0.3995589362619774,1
613584,4400,637,2025-09-13 01:08:32,293.61,US,False,0.5060880272636724,0.4637742861702746,0.45843187,0.3731569772799109,1
613585,5408,7,2025-09-13 01:09:56,27.05,US,False,0.3914438114673636,0.4584907491609764,0.42023692,0.4013802852263883,1
613586,1444,123,2025-09-13 01:11:01,113.43,DE,False,0.3747347811465496,0.3601003632942039,0.37332353,0.3752090994535524,1
613587,4866,13,2025-09-13 01:13:52,28.65,US,False,0.4713986010460831,0.4550589057969762,0.40130156,0.3918506591815506,1
613588,3842,686,2025-09-13 01:14:57,16.74,US,False,0.2998466199806723,0.300004824525782,0.085759886,0.4029246741561346,1
613589,5195,599,2025-09-13 01:17:52,332.59,US,False,0.6124216648639609,0.4638937133410719,0.4907897,0.4027487088153235,1
613590,1568,572,2025-09-13 01:19:05,327.18,US,False,0.5668835514193852,0.4519426839225652,0.4846271,0.3856482277629431,1
613591,4176,191,2025-09-13 01:20:27,99.79,US,False,0.4855508551178144,0.4969028306026168,0.5912247,0.396373290884473,1
613592,1995,309,2025-09-13 01:21:23,19.75,US,False,0.4299736900239978,0.3293692411731227,0.2756009,0.39463097775437,1
613593,2971,704,2025-09-13 01:23:37,79.37,CA,False,0.4512506983195281,0.4357433453997091,0.47126323,0.4070218532399334,1
613594,16,87,2025-09-13 01:25:05,90.93,US,False,0.4599569897762021,0.3197447876880099,0.3664451,0.3834253059036551,1
613595,3687,483,2025-09-13 01:28:12,347.08,US,False,0.3621109134356508,0.291845201232019,0.18670681,0.404983123639573,1
613596,2698,70,2025-09-13 01:30:34,102.17,US,False,0.4194326607849005,0.2819543631979172,0.17438573,0.4022327955771063,1
613597,2814,749,2025-09-13 01:30:35,438.27,US,False,0.4367299366444281,0.2805381738293164,0.20793957,0.3934250958802343,1
613598,2244,357,2025-09-13 01:32:30,131.02,US,False,0.4172845394117516,0.4418957096049201,0.24182898,0.3849469939661629,1
613599,1864,303,2025-09-13 01:34:56,425.66,US,False,0.6020019034524453,0.3581771983518517,0.25099868,0.4118227842957795,1
613600,2191,452,2025-09-13 01:36:23,1538.93,US,False,0.3718832664357019,0.2431698668111695,0.16792727,0.4296185202209234,1
613601,1153,243,2025-09-13 01:39:08,2.95,US,False,0.3625130771036697,0.359258605246076,0.38653132,0.4596343556718278,1
613602,5036,636,2025-09-13 01:39:27,835.68,US,False,0.6396188307607938,0.3535141606115437,0.33543965,0.4222655822166899,1
613603,4973,381,2025-09-13 01:39:59,497.93,US,False,0.6792035863149123,0.4237097018779167,0.37963438,0.4256261402195063,1
613604,5432,324,2025-09-13 01:40:39,859.51,CA,False,0.4334793139269035,0.3359018840305735,0.37103075,0.3965795845999494,1
613605,2007,129,2025-09-13 01:41:02,444.24,US,False,0.3458408646771396,0.3116877614723361,0.27456424,0.370273072783788,1
613606,1138,151,2025-09-13 01:43:02,30.01,US,False,0.5992695753204125,0.4044530210083105,0.3496289,0.4066467606298246,1
613607,1871,423,2025-09-13 01:44:28,487.18,US,False,0.4325109871877306,0.3594181616160556,0.25539002,0.3763623612672204,1
613608,315,58,2025-09-13 01:45:18,49.95,US,False,0.3949526011697139,0.4146517326398028,0.31209254,0.3962062294597943,1
613609,3033,259,2025-09-13 01:47:19,880.35,US,False,0.320747959448217,0.3227011941813603,0.25353852,0.3861154032470841,1
613610,693,150,2025-09-13 01:47:33,27.24,US,False,0.4876961381027935,0.4344106593871247,0.42664367,0.4288570249070733,1
613611,2839,579,2025-09-13 01:47:35,440.49,US,False,0.3563503337678818,0.252439649224441,0.13607518,0.3821821703896636,1
613612,2082,799,2025-09-13 01:51:00,62.02,US,False,0.461876614667158,0.4328382068410872,0.38878143,0.3865321192347783,1
613613,1448,85,2025-09-13 01:51:05,275.25,US,False,0.4210063110254446,0.3157461561727528,0.29379505,0.4197355807396434,1
613614,532,259,2025-09-13 01:51:11,334.88,US,False,0.595274901490421,0.346344608179827,0.13096713,0.4165263536734045,1
613615,772,506,2025-09-13 01:55:01,93.1,US,False,0.3136470888885728,0.3512621615814645,0.3482794,0.372786520627195,1
613616,1362,331,2025-09-13 01:55:39,77.93,US,False,0.7064349320716897,0.4662516908486687,0.3668754,0.4497520056837385,1
613617,3147,308,2025-09-13 02:00:07,872.9,US,False,0.3893712567353808,0.259785960732752,0.27244124,0.4146555427431352,1
613618,4955,400,2025-09-13 02:01:01,16.73,AU,False,0.3086078152753202,0.3218257580055991,0.3279843,0.4066201663246021,1
613619,902,176,2025-09-13 02:02:32,58.69,GB,False,0.3573050387794071,0.3713677950289023,0.32297686,0.3658652948447425,1
613620,2103,414,2025-09-13 02:03:15,788.61,US,False,0.3931524794421488,0.3923453203706087,0.33389026,0.3975477230689437,1
613621,1212,14,2025-09-13 02:04:34,58.8,GB,False,0.3342403838538012,0.3603524062333505,0.3413717,0.3697732242100844,1
613622,2743,37,2025-09-13 02:07:29,833.35,US,False,0.3546510604867791,0.3272718743070565,0.30920643,0.3773366687677662,1
613623,4840,496,2025-09-13 02:08:49,19.36,GB,False,0.6470096818915568,0.3791777596333314,0.18199754,0.4265147710711909,1
613624,3464,776,2025-09-13 02:13:52,5865.53,US,False,0.6421432738849028,0.4971030769325641,0.4648854,0.5206269905790425,1
613625,793,507,2025-09-13 02:14:28,570.86,US,False,0.4165733361827881,0.3185552386148101,0.2699219,0.3808964414104183,1
613626,4723,800,2025-09-13 02:15:26,234.58,AU,False,0.5023165872366806,0.329729665213597,0.21548976,0.3654715687357283,1
613627,597,781,2025-09-13 02:16:47,238.06,US,False,0.368063067040667,0.3087992050469955,0.2025606,0.3704950675886823,1
613628,4655,371,2025-09-13 02:18:42,1205.17,US,False,0.5378785704443853,0.6234099421057505,0.43455333,0.4250476822488454,1
613629,248,142,2025-09-13 02:19:35,299.98,US,False,0.6364475760320494,0.429785344343452,0.26216176,0.4183774450043468,1
613630,673,637,2025-09-13 02:19:52,1453.88,US,False,0.7399569377097828,0.4062708072019887,0.4548117,0.4915042991246101,1
613631,966,713,2025-09-13 02:23:18,45.91,DE,False,0.423005298349476,0.4276278476927721,0.4661983,0.3694240584645871,1
613632,2226,494,2025-09-13 02:26:11,88.11,US,False,0.3904279218603482,0.3071987987179752,0.33361322,0.3628445493043498,1
613633,1888,182,2025-09-13 02:30:51,1722.81,US,False,0.6707551296360172,0.4499132181404062,0.3619001,0.4580451759401909,1
613634,3407,633,2025-09-13 02:31:15,331.98,US,False,0.4585292913958923,0.371339955696047,0.22788727,0.3648940939057313,1
613635,1576,576,2025-09-13 02:31:23,889.11,US,False,0.3650467685004682,0.2934259795205817,0.3290723,0.3864956734562034,1
613636,5332,683,2025-09-13 02:31:38,1812.2,US,False,0.5590324695496421,0.5852757188039167,0.62940717,0.4570046559781736,1
613637,1893,171,2025-09-13 02:36:39,29.46,US,False,0.3130657215809918,0.3293011612482606,0.18600544,0.383280785400218,1
613638,727,539,2025-09-13 02:37:05,702.75,US,False,0.3761757716818937,0.3676542894171279,0.3869502,0.3724635555791003,1
613639,5494,52,2025-09-13 02:38:26,544.07,US,False,0.4429817749371142,0.4147713058613489,0.33688194,0.4154643256520421,1
613640,5452,180,2025-09-13 02:38:45,537.86,US,True,0.6616261082296567,0.5991635370058999,0.5512074,0.4248217668842637,1
613641,1974,259,2025-09-13 02:38:53,108.85,US,False,0.3524043313311384,0.3663306048439602,0.36419594,0.3757240969124245,1
613642,5798,38,2025-09-13 02:39:08,2234.35,US,False,0.5035456457787373,0.36425809911398,0.40974924,0.4233348788829584,1
613643,1698,434,2025-09-13 02:39:46,28.5,US,False,0.5017390375811054,0.4828273491080516,0.46669108,0.4115128481337735,1
613644,2246,53,2025-09-13 02:41:23,209.57,US,False,0.4525939880522091,0.4479181719740713,0.48540914,0.3692906100161813,1
613645,5686,452,2025-09-13 02:41:27,159.39,US,False,0.4647528562424246,0.2907570742579929,0.28074953,0.3903146984327701,1
613646,1763,755,2025-09-13 02:45:07,23.75,US,False,0.5665174991480579,0.477078581274987,0.37258962,0.4264955082688579,1
613647,852,187,2025-09-13 02:45:18,15.62,US,False,0.3284708718621794,0.3566197064073328,0.34381935,0.4084400693898424,1
613648,660,45,2025-09-13 02:46:27,14.71,US,False,0.5583567652387386,0.4611555580893683,0.14528786,0.4539333424550532,1
613649,3256,423,2025-09-13 02:52:17,55.46,US,False,0.4905995414605244,0.3414467653085836,0.2322094,0.4316699030398014,1
613650,3973,421,2025-09-13 02:53:40,27.41,US,False,0.550880495296916,0.3306222117346205,0.29467827,0.4028508193875786,1
613651,1390,332,2025-09-13 02:53:48,813.16,US,False,0.3445351984895609,0.2750269417600935,0.11912164,0.420845632063586,1
613652,4521,73,2025-09-13 02:56:06,2816.71,US,False,0.6944292447114012,0.5962196268593305,0.6058562,0.4913853891356049,1
613653,4398,70,2025-09-13 02:58:33,830.49,US,False,0.3744136111243819,0.2561386200507012,0.24948102,0.3937961988449849,1
613654,4600,234,2025-09-13 02:58:39,99.18,US,False,0.4880555050086878,0.4684036749601526,0.43933862,0.3768939679090341,1
613655,4214,65,2025-09-13 02:59:43,379.72,US,False,0.4958868660534834,0.4192273972488293,0.30777147,0.3911444412851995,1
613656,3673,197,2025-09-13 03:00:07,696.06,GB,False,0.4501084115646837,0.4387822361226369,0.4046115,0.3764220867995277,1
613657,249,492,2025-09-13 03:00:35,412.88,US,False,0.599525846447292,0.4594697703491895,0.47719365,0.4110870876184416,1
613658,1278,656,2025-09-13 03:01:17,168.78,US,False,0.3128446425123155,0.2808122250351626,0.170805,0.3569854893214106,1
613659,2585,78,2025-09-13 03:03:02,56.75,US,False,0.3323256877361585,0.332016317155801,0.32079265,0.3573495594367561,1
613660,5171,38,2025-09-13 03:04:05,116.8,US,False,0.441690908463183,0.4870758574253018,0.43359023,0.3640432667602508,1
613661,3725,280,2025-09-13 03:04:50,141.94,US,False,0.3522123852717417,0.2906508961074654,0.18745627,0.4114564075660495,1
613662,3418,277,2025-09-13 03:04:52,162.47,US,False,0.3264923097329928,0.2975602753178702,0.3094079,0.4081248183518916,1
613663,3960,296,2025-09-13 03:06:31,39.85,US,False,0.5216626938345769,0.4417170286902456,0.44911963,0.3774622274554365,1
613664,2261,372,2025-09-13 03:07:52,586.38,CA,False,0.3175918769229305,0.272898276787991,0.23241097,0.3744579922845,1
613665,5134,287,2025-09-13 03:09:19,298.17,US,False,0.2842191979182402,0.2784040224346391,0.07704134,0.3890447512095787,1
613666,2612,741,2025-09-13 03:10:08,341.27,US,False,0.3358919240801333,0.3208058679816758,0.113459654,0.356396434670642,1
613667,4196,570,2025-09-13 03:11:09,39.9,US,False,0.4565063155905327,0.4503071980447229,0.41653457,0.3693508646963655,1
613668,1346,773,2025-09-13 03:12:08,419.76,GB,False,0.4184894603140029,0.3366310499440394,0.16111007,0.4418556020908329,1
613669,3162,508,2025-09-13 03:12:41,284.81,US,False,0.448000791966246,0.3450382064843818,0.3955049,0.3947921134519804,1
613670,3857,467,2025-09-13 03:13:14,306.29,US,False,0.9194444410210076,0.8638983496483436,0.89774865,0.5154797195500493,1
613671,3120,773,2025-09-13 03:17:22,19.09,US,False,0.4257559535797359,0.37108433446695,0.40661392,0.3754520291310486,1
613672,1819,573,2025-09-13 03:18:42,14.42,US,False,0.319767952516469,0.3107841813739915,0.15073371,0.3861680262418863,1
613673,4078,419,2025-09-13 03:18:50,1552.09,US,False,0.4221348286718474,0.3262174279667076,0.2773175,0.4000781203255374,1
613674,1943,472,2025-09-13 03:21:02,106.03,US,False,0.3403245300453336,0.3658415916241145,0.33260193,0.3673393646129808,1
613676,3821,175,2025-09-13 03:21:47,163.73,US,False,0.5189704573200967,0.4434611202642139,0.52892786,0.3915840308496152,1
613675,1938,390,2025-09-13 03:21:47,629.46,US,False,0.485747272352996,0.4258664622676326,0.41928366,0.3858568142850021,1
613677,652,674,2025-09-13 03:23:03,152.99,US,False,0.4384525197113505,0.4216969156156354,0.3551914,0.4222910565138372,1
613678,3790,595,2025-09-13 03:23:14,41.4,US,False,0.3113000534690935,0.3443016408758567,0.3198544,0.368073007315412,1
613679,2666,554,2025-09-13 03:26:01,856.01,US,False,0.2643847827216278,0.2807781222485429,0.278969,0.3837128791009402,1
613680,3119,558,2025-09-13 03:28:16,13.61,US,False,0.3029462588193425,0.334542780961961,0.32610163,0.3967374307968849,1
613681,543,524,2025-09-13 03:29:22,185.37,US,False,0.7351186313089078,0.805233625987168,0.88110167,0.4451661469409222,1
613682,4022,693,2025-09-13 03:29:47,495.24,US,False,0.3868745551261563,0.2755275518332569,0.092733525,0.3697356309390809,1
613683,5296,46,2025-09-13 03:29:52,1707.51,US,False,0.3229335793274931,0.2557244620527306,0.22082266,0.4035981083959733,1
613684,3262,320,2025-09-13 03:34:37,13.01,US,False,0.5452429347345551,0.4323648886662065,0.31403664,0.4349665407808178,1
613685,1264,749,2025-09-13 03:36:44,166.55,AU,False,0.3206552440075545,0.3130498080043061,0.3158728,0.3574479225783976,1
613686,4191,321,2025-09-13 03:37:42,389.94,GB,False,0.4912894897594403,0.4209109715699436,0.3006533,0.3638420740359255,1
613687,5954,34,2025-09-13 03:41:28,41.04,US,False,0.3326476886757163,0.3402043839374708,0.35336775,0.3609719987961126,1
613688,1900,649,2025-09-13 03:42:55,57.66,US,False,0.4318691301374415,0.3479624473282406,0.21405347,0.356344683409997,1
613689,2175,773,2025-09-13 03:43:18,85.61,CA,False,0.4198323683066688,0.3636295476268863,0.3420475,0.3570902907971564,1
613690,201,136,2025-09-13 03:43:58,36.03,US,False,0.5001210956897097,0.4279325678651308,0.36248296,0.3788653774214138,1
613691,4573,572,2025-09-13 03:45:06,2604.98,US,False,0.996196865346488,0.8933009188583467,0.9444024,0.6602643390797777,1
613692,2652,279,2025-09-13 03:47:22,14.84,US,False,0.3408898918127432,0.270131560624979,0.14488065,0.4980601319611138,2
613693,2886,413,2025-09-13 03:48:07,126.23,DE,False,0.4597843796695554,0.3977224426243796,0.3768359,0.3891801043416339,1
613694,1748,674,2025-09-13 03:49:23,304.59,US,False,0.5211421710333684,0.441723465409237,0.47205913,0.3950243017817205,1
613695,5998,110,2025-09-13 03:50:48,95.41,US,False,0.3257064933872635,0.2862845605076186,0.2176292,0.3656348143563569,1
613696,2548,422,2025-09-13 03:50:53,170.28,US,False,0.5704476183826486,0.4538668000122158,0.34921035,0.3798916117148496,1
613697,4577,310,2025-09-13 03:53:33,79.85,GB,False,0.3656258713700038,0.3559903979456529,0.39402083,0.3543823017354538,1
613698,4582,314,2025-09-13 03:53:53,3321.44,US,False,0.456826806894117,0.3609977703457908,0.23822242,0.4735737560966984,1
613699,517,241,2025-09-13 03:55:14,297.68,US,False,0.3466374187192186,0.2276772831273807,0.13611302,0.3907518007868515,1
613700,2207,584,2025-09-13 03:55:58,3894.52,GB,False,0.7296546304720904,0.399291215171523,0.15121688,0.5860372360193076,1
613701,213,249,2025-09-13 04:01:29,140.59,US,False,0.4354922740196349,0.4528435639707032,0.43614796,0.5063019568923316,2
613702,594,572,2025-09-13 04:01:50,31.85,US,False,0.5049464540346809,0.4516999600256689,0.29388496,0.4245324356722711,1
613703,5122,454,2025-09-13 04:04:33,112.91,US,False,0.4188865627933114,0.3320842681990717,0.30777654,0.3689312293937318,1
613704,5762,208,2025-09-13 04:06:09,192.3,US,False,0.4792523150750329,0.3142909562260429,0.37469363,0.3618902500461252,1
613705,117,311,2025-09-13 04:06:57,84.34,US,False,0.4387664729763185,0.2741204646046567,0.20145668,0.3757388201306009,1
613706,1364,621,2025-09-13 04:07:52,25.1,US,False,0.3105132283338889,0.31242184673624,0.21042348,0.4367333853070661,1
613707,2407,212,2025-09-13 04:08:09,105.3,RU,False,0.5620675378011273,0.4167845809332063,0.26777816,0.5417730327341528,1
613708,2042,712,2025-09-13 04:11:27,295.5,US,False,0.5042197818395733,0.337459087644236,0.21039626,0.3890650772176746,1
613709,5440,178,2025-09-13 04:14:52,259.71,DE,False,0.4783032283789614,0.4399110002199232,0.41449553,0.3568787387573222,1
613710,2818,727,2025-09-13 04:15:09,258.02,US,False,0.5304583388172712,0.3893686244621023,0.40806422,0.389200434133949,1
613711,5769,136,2025-09-13 04:20:53,81.89,US,False,0.6710332023805116,0.4335423335578452,0.36209992,0.3892355637320999,1
613712,5741,521,2025-09-13 04:20:57,28.1,GB,False,0.3208314033764091,0.3589841154319511,0.3354717,0.3738228935648108,1
613713,864,258,2025-09-13 04:22:24,362.62,US,False,0.4342929523986183,0.3373379365919979,0.33354443,0.4112038132532051,1
613714,1968,570,2025-09-13 04:23:04,1683.0,US,False,0.5302440695740431,0.3562721470300085,0.4269867,0.4515555456616411,1
613715,373,238,2025-09-13 04:24:04,1188.26,US,False,0.649059080808406,0.679135208774507,0.72547364,0.4239674958959962,1
613716,1082,755,2025-09-13 04:24:24,15.15,DE,False,0.6034333922290885,0.3956890627132516,0.29501724,0.4477529923429147,1
613717,5337,168,2025-09-13 04:29:31,228.52,US,False,0.4603645774232571,0.4342202245744914,0.35638332,0.3952486604685198,1
613718,3754,691,2025-09-13 04:29:40,471.93,US,False,0.48298768695822,0.3755415478961892,0.1772097,0.4743797671525716,1
613719,2848,273,2025-09-13 04:30:15,50.21,US,False,0.4216105521047872,0.3533651388624949,0.30854917,0.3569488270553449,1
613720,3960,331,2025-09-13 04:30:42,27.08,US,False,0.6676594823755218,0.4908539624615626,0.5665497,0.4903325352443665,1
613721,3172,194,2025-09-13 04:31:21,98.87,US,False,0.4241742481770043,0.2673414971147305,0.21149877,0.3848224477233607,1
613722,4387,662,2025-09-13 04:31:22,265.34,US,False,0.4643167141817439,0.439029626199547,0.41106004,0.3594351202440273,1
613723,5891,500,2025-09-13 04:32:05,275.76,US,False,0.3742326367475052,0.3278487568223504,0.265857,0.3853876277030538,1
613724,3891,453,2025-09-13 04:32:52,111.9,US,False,0.5975678726432989,0.5141444835406846,0.5498677,0.4184219673283323,1
613725,2673,564,2025-09-13 04:35:53,132.88,US,False,0.6176637510395241,0.4691639937482613,0.4466836,0.4315702678079581,1
613726,5308,335,2025-09-13 04:37:41,154.55,US,False,0.3909352698312017,0.3431095959694684,0.28805983,0.3882482974812022,1
613727,4553,720,2025-09-13 04:38:49,1155.2,US,False,0.4286294302956257,0.2931378062572982,0.20064186,0.415641276784663,1
613728,3083,139,2025-09-13 04:46:37,47.08,US,False,0.5474012644845446,0.4659323563314663,0.47231394,0.3886073085566939,1
613729,4130,645,2025-09-13 04:47:31,687.98,US,False,0.9869185342802008,0.8938968121425507,0.945929,0.6225857206472328,1
613730,2727,59,2025-09-13 04:50:46,1476.4,US,False,0.3067953727283085,0.2809822448100651,0.24384457,0.4421702833428467,1
613731,1817,241,2025-09-13 04:53:03,10.6,US,False,0.3351672605517505,0.3036555642765717,0.267681,0.3779689655184814,1
613732,5137,130,2025-09-13 04:55:53,1972.85,US,False,0.5686538241745452,0.4170774699091345,0.54457545,0.4396145325377442,1
613733,5266,44,2025-09-13 04:56:36,88.14,US,False,0.4601972267186242,0.3374450709131112,0.33444273,0.3653353030929596,1
613734,1181,795,2025-09-13 04:57:17,11.16,US,False,0.4966002701433207,0.4477260627445501,0.4291375,0.392387200932537,1
613735,4671,711,2025-09-13 04:59:06,142.57,US,False,0.3741705548149462,0.3519873087409601,0.2330591,0.3482239627235956,1
613736,1505,280,2025-09-13 04:59:50,40.36,US,False,0.3610427006592905,0.3179770141329958,0.22283669,0.3939900180411249,1
613737,3008,757,2025-09-13 05:03:19,212.43,US,False,0.3491944534222184,0.3604127444393301,0.34739628,0.3558064672532447,1
613738,4244,270,2025-09-13 05:03:43,608.25,US,False,0.4835097686641696,0.3378233857165245,0.32664287,0.3717897269421363,1
613739,3762,182,2025-09-13 05:06:32,34.47,US,False,0.4664674294981015,0.4390556328340201,0.35111395,0.3640867867583816,1
613740,5805,442,2025-09-13 05:07:19,14.36,US,False,0.4172262697186716,0.3184130708288025,0.23664863,0.3739339707111005,1
613741,493,648,2025-09-13 05:10:42,398.9,US,False,0.3356066585906146,0.2772037824783547,0.24993344,0.3579227758750126,1
613742,4628,312,2025-09-13 05:10:52,10260.43,US,False,0.7411863731388023,0.522603195600332,0.3555531,0.5652467810369729,1
613743,81,121,2025-09-13 05:11:20,271.55,CA,False,0.3305010816572391,0.348869961778689,0.32285798,0.3517907897557262,1
613744,3296,422,2025-09-13 05:13:20,1461.08,US,False,0.6079702951795831,0.3778128233332891,0.32071003,0.4088950016295731,1
613745,2371,614,2025-09-13 05:14:54,254.04,US,False,0.3759010967580873,0.3295540825725839,0.32426822,0.3609309712333446,1
613746,5590,737,2025-09-13 05:17:24,386.85,US,False,0.7807287071452288,0.4502134672272924,0.6516992,0.4595472326853789,1
613747,2770,388,2025-09-13 05:21:11,14.57,US,False,0.2994899010508992,0.2909432609591576,0.21764636,0.4134538617104606,1
613748,3958,389,2025-09-13 05:22:41,3121.33,US,False,0.5966179253837823,0.3195519685534867,0.27699628,0.4764728326571521,1
613749,925,715,2025-09-13 05:23:33,566.19,US,False,0.4442233127166822,0.3071330645428098,0.3792911,0.3606574435544358,1
613750,5204,607,2025-09-13 05:23:48,246.4,US,False,0.3339521875778555,0.3168740046223308,0.28547883,0.3466244094228456,1
613751,3984,584,2025-09-13 05:23:50,909.5,US,False,0.5090079231617946,0.4022899595529693,0.36330155,0.4281172317967605,1
613752,160,633,2025-09-13 05:24:55,55.87,US,False,0.6762868213006586,0.4282191677700896,0.41133177,0.4305041104550414,1
613753,3674,433,2025-09-13 05:26:51,2893.51,US,False,0.3586629779032861,0.3117158270040241,0.25023562,0.4127750046336492,1
613754,3918,64,2025-09-13 05:27:09,2471.57,US,False,0.8706957741560291,0.6738844277052674,0.6863292,0.5680938544107532,1
613755,33,637,2025-09-13 05:31:46,8.48,US,False,0.51078177739838,0.4577958429935214,0.5401456,0.4311154481441594,1
613756,4607,503,2025-09-13 05:31:57,597.39,GB,False,0.6179507112114921,0.5812685614009954,0.5868267,0.576266847618101,1
613757,5013,653,2025-09-13 05:32:31,216.74,US,False,0.3647652537024753,0.3266367554763253,0.2981201,0.3492528839024786,1
613758,1324,615,2025-09-13 05:37:31,644.2,US,False,0.3277646256447482,0.2681395756122514,0.21434012,0.3630691155321465,1
613759,4184,121,2025-09-13 05:40:20,915.59,US,False,0.4498547792406431,0.3155469381790991,0.24871749,0.4086887201127895,1
613760,4840,627,2025-09-13 05:41:59,43.22,GB,False,0.7096672179527906,0.6300527913781113,0.5368302,0.4857098319532046,1
613761,3648,317,2025-09-13 05:42:15,133.08,US,False,0.4329050366368875,0.4383656455820885,0.3805357,0.3509680689642581,1
613762,3791,470,2025-09-13 05:42:17,57.52,US,False,0.4286090816781557,0.3133097526569458,0.23108445,0.3610975111708583,1
613763,4620,693,2025-09-13 05:43:13,163.79,US,False,0.3283639872454655,0.2775286777982367,0.22882187,0.3683671634254691,1
613764,4141,715,2025-09-13 05:48:30,576.78,AU,False,0.4318211660014452,0.2681895230290996,0.28714827,0.5980810058492353,1
613765,3855,324,2025-09-13 05:50:31,104.42,US,False,0.3301415282112076,0.3450105067378797,0.33289742,0.3610488367074302,1
613766,788,484,2025-09-13 05:51:26,60.99,US,False,0.3644344817555363,0.3646290785556211,0.337418,0.3562151912005347,1
613767,2462,540,2025-09-13 05:52:11,358.75,US,False,0.3665194405960998,0.2956638128561324,0.28351432,0.3585995023682593,1
613768,4788,404,2025-09-13 05:53:18,763.2,US,False,0.591539861958497,0.3598544623641865,0.2378834,0.3903009242106232,1
613769,4007,478,2025-09-13 05:53:49,36.7,US,False,0.4380502820069819,0.4343612323264125,0.41740888,0.3638467643537501,1
613770,2448,191,2025-09-13 05:56:33,741.28,US,False,0.4777591797736712,0.478777697109936,0.6095171,0.3962646119876704,1
613771,798,445,2025-09-13 05:56:37,74.05,US,False,0.488648754640348,0.3533873846867825,0.37969694,0.3646017549200808,1
613772,4182,379,2025-09-13 05:58:09,6507.16,US,False,0.3186887871460042,0.2935223426533796,0.24449766,0.4933750295281005,1
613773,3762,166,2025-09-13 05:59:07,53.5,US,False,0.535801543039777,0.4044707245234573,0.41481337,0.5371017615379173,1
613774,1122,657,2025-09-13 06:00:07,2940.6,US,False,0.4755727450237864,0.389198150249675,0.18100731,0.4206516193689166,1
613775,3539,741,2025-09-13 06:03:10,81.73,US,False,0.5672866428028454,0.6859419714183489,0.750019,0.4313097394251201,1
613776,3526,261,2025-09-13 06:03:10,2581.24,US,False,0.8243993439363722,0.7428691307859663,0.6385954,0.5094164569840043,1
613777,2287,753,2025-09-13 06:04:37,907.99,CA,False,0.6655829806998165,0.7136119910109332,0.71626395,0.4775407886788492,1
613778,1463,456,2025-09-13 06:05:20,783.98,US,False,0.3818662040186933,0.3004683674330144,0.28213322,0.3703630279985678,1
613779,2722,529,2025-09-13 06:06:29,247.19,US,False,0.4369097295054173,0.3363569486201998,0.3733262,0.3845596542425569,1
613780,5338,493,2025-09-13 06:07:28,385.33,US,False,0.7274176885705096,0.4345992992703837,0.4668989,0.4823441732835363,1
613781,688,16,2025-09-13 06:07:40,849.87,US,False,0.4610758430650284,0.3350601119513187,0.34095478,0.3747310401829063,1
613782,5366,393,2025-09-13 06:07:42,262.64,CA,False,0.6912030059902915,0.6942256024651297,0.77013236,0.3906414782101875,1
613783,1423,228,2025-09-13 06:07:45,203.58,US,False,0.404777976545609,0.3854949546807265,0.40949553,0.3821938011916811,1
613784,5027,37,2025-09-13 06:08:56,26.17,US,False,0.4501904062247844,0.2863471003886162,0.24556251,0.3656485488898433,1
613785,5577,126,2025-09-13 06:11:33,508.83,US,False,0.3612316474155848,0.3060619062421894,0.2662114,0.3652457640841047,1
613786,1933,587,2025-09-13 06:12:58,297.13,US,False,0.645668770945003,0.7407661490826352,0.55125207,0.3977536907564216,1
613787,5210,602,2025-09-13 06:14:03,182.6,US,False,0.3250477099708249,0.3753196927580757,0.35633296,0.3566177755667424,1
613788,2495,181,2025-09-13 06:17:10,118.05,US,False,0.3845023171338592,0.3358408122850994,0.46210563,0.378745568384417,1
613789,4061,560,2025-09-13 06:17:37,198.96,US,False,0.5490169471226849,0.4917638650823334,0.61710346,0.379276461001815,1
613790,3692,690,2025-09-13 06:20:03,33.04,CA,False,0.3997410147460926,0.3391571512010186,0.31506515,0.3680977910552666,1
613791,1182,588,2025-09-13 06:20:22,49.32,DE,False,0.4957657298990597,0.2973115730195586,0.24422912,0.5709684602374776,1
613792,2512,320,2025-09-13 06:22:44,130.31,US,False,0.5237303448395486,0.4678458352149356,0.47329497,0.3642947045218004,1
613793,2741,768,2025-09-13 06:22:52,319.79,US,False,0.282227274361422,0.3284764505175693,0.18675584,0.3623187730921862,1
613794,1243,452,2025-09-13 06:23:04,673.03,US,False,0.4431234879966486,0.3106018887510793,0.36234835,0.3754102748987629,1
613795,4656,573,2025-09-13 06:25:27,175.1,US,False,0.3238377345337,0.3049077946582064,0.12574528,0.3537142006014797,1
613796,1267,481,2025-09-13 06:26:37,20.05,US,False,0.4321164312454116,0.3996697783990969,0.29820675,0.4006369251764414,1
613797,1072,720,2025-09-13 06:27:19,125.73,US,False,0.4821776892206016,0.3293278324715218,0.19241264,0.3789749337928762,1
613798,1536,387,2025-09-13 06:29:30,379.89,US,False,0.9564126967210876,0.8735292164800105,0.9617159,0.5219661514454117,1
613799,1216,558,2025-09-13 06:30:52,127.9,US,False,0.4596949712261264,0.3018789713900059,0.27070564,0.4060919549505871,1
613800,1002,270,2025-09-13 06:32:10,222.09,US,False,0.7807486458511241,0.7309448708091175,0.7261689,0.4835403900063008,1
613801,5930,613,2025-09-13 06:33:05,45.34,US,False,0.2934123203771189,0.307875609753882,0.13374002,0.3670007359404023,1
613802,4564,238,2025-09-13 06:33:09,55.1,US,False,0.4837502720509197,0.3865692548982909,0.36031893,0.3496121714060012,1
613803,2041,780,2025-09-13 06:33:24,24.25,US,False,0.3472364250508966,0.3632140965662001,0.3059137,0.371573479035704,1
613804,2473,400,2025-09-13 06:34:05,3183.65,US,False,0.4335843788417902,0.274885872360792,0.21976027,0.4248619837571886,1
613805,1324,529,2025-09-13 06:35:50,413.64,US,False,0.24731518737866,0.2984810411952073,0.098072655,0.4907190464134039,1
613806,3584,238,2025-09-13 06:37:09,27.27,US,False,0.4940064835574891,0.4031862279664869,0.23861542,0.3656502753841554,1
613807,641,567,2025-09-13 06:37:44,239.46,US,False,0.4630517890129978,0.4240693497084595,0.38190696,0.3510915116157312,1
613808,571,185,2025-09-13 06:39:43,281.84,US,False,0.4747962524713948,0.4549658413336562,0.5454795,0.3548086416446329,1
613809,539,783,2025-09-13 06:47:07,677.56,US,False,0.6684255932210897,0.4408125700294358,0.53978825,0.4167808972049993,1
613810,772,778,2025-09-13 06:47:43,203.13,US,False,0.6090850084513786,0.4283060535851967,0.484765,0.4181734496224771,1
613811,3914,754,2025-09-13 06:48:06,647.04,GB,False,0.3787065608475486,0.2332723555839776,0.17059657,0.3622257080084839,1
613812,3277,720,2025-09-13 06:52:09,1447.8,US,False,0.5410194790980705,0.6478648199373598,0.549245,0.4888378312036495,1
613813,3863,369,2025-09-13 06:52:40,205.73,US,False,0.6359575420443561,0.7534943328644723,0.7990904,0.396234941209682,1
613814,4939,529,2025-09-13 06:54:09,110.13,US,False,0.3123762660623713,0.3206004616844413,0.27937883,0.3512709492032255,1
613815,3132,601,2025-09-13 06:56:26,114.74,US,False,0.3733477372281621,0.3085429262674058,0.17272586,0.3512244275812554,1
613816,1622,123,2025-09-13 06:59:53,194.49,US,False,0.4025443816932861,0.3856150060913542,0.53354037,0.412380653295844,1
613817,1359,529,2025-09-13 07:01:53,3069.32,US,False,0.6361590415581733,0.7434239825544676,0.7618673,0.4876447343521889,1
613818,66,571,2025-09-13 07:02:23,86.63,US,False,0.3377523182377432,0.3184516585364194,0.1874667,0.3449763906597949,1
613819,3068,567,2025-09-13 07:03:13,9.96,US,False,0.4247420752493108,0.4130204625803217,0.36891526,0.4108773341308291,1
613820,1528,769,2025-09-13 07:03:49,12.96,US,False,0.3671901407214717,0.3807773941893171,0.24037233,0.408295692027271,1
613821,3099,799,2025-09-13 07:04:38,509.91,US,False,0.5988602505285364,0.4148888961287871,0.35091516,0.4028190920028124,1
613822,4338,615,2025-09-13 07:08:58,453.25,GB,False,0.5747072192662318,0.2353894444767179,0.09922496,0.6036414785999432,1
613823,805,377,2025-09-13 07:11:32,29.68,US,False,0.4525901836386041,0.4691416935486506,0.48001787,0.3891885417941114,1
613824,4906,152,2025-09-13 07:12:21,422.29,US,False,0.3074673592717377,0.272809897524582,0.2416884,0.3592030585572351,1
613825,1077,185,2025-09-13 07:13:35,518.58,US,False,0.5516525418696643,0.3334027141911714,0.33894593,0.5353126927128016,2
613826,3662,465,2025-09-13 07:14:40,140.54,US,False,0.3937487234099677,0.3225622883403501,0.3396342,0.3558598607569496,1
613827,4612,575,2025-09-13 07:15:10,17.3,US,False,0.4136273929180925,0.311102888283126,0.056505598,0.407372448669114,1
613828,4602,153,2025-09-13 07:15:43,3743.27,US,False,0.9726878171300865,0.6946376333246981,0.8132355,0.6136279278148484,1
613829,1912,731,2025-09-13 07:17:08,57.53,US,False,0.3361604824235356,0.3224037378317027,0.29404992,0.3503442389819771,1
613830,2443,771,2025-09-13 07:17:26,224.85,US,False,0.5464190631652487,0.3885040248358192,0.47949857,0.3875458680447707,1
613831,2853,674,2025-09-13 07:18:13,38.87,US,False,0.4684292486619488,0.4413023737226026,0.61805296,0.3635828661539281,1
613832,761,501,2025-09-13 07:20:47,44.7,CA,False,0.4867042861362469,0.3427888745343528,0.2981797,0.4965831082923155,2
613833,2952,782,2025-09-13 07:21:45,69.22,US,False,0.4358006359334648,0.3299228249315838,0.18045565,0.3909599690208432,1
613834,5652,432,2025-09-13 07:21:56,189.83,US,False,0.5694075369564457,0.4961817058719884,0.62963396,0.3773401317493342,1
613835,4399,755,2025-09-13 07:22:03,48.01,US,False,0.6003351358021393,0.4858513114149434,0.40781778,0.3993992255275128,1
613836,4216,110,2025-09-13 07:22:20,10.55,US,False,0.302890476829232,0.2902860068420279,0.18335259,0.3779137069144239,1
613837,5869,109,2025-09-13 07:22:27,65.23,US,False,0.3254287337387579,0.3030762157395898,0.33870113,0.3502128393531411,1
613838,1433,769,2025-09-13 07:24:06,705.35,US,False,0.5002059560991714,0.3231496817634268,0.3924912,0.3868971483663448,1
613839,5186,302,2025-09-13 07:24:42,42.76,CA,False,0.4917577840747127,0.4080735857407548,0.23967287,0.3885851622328272,1
613840,4137,177,2025-09-13 07:27:54,448.88,US,False,0.3132297383824323,0.1924285320064575,0.06270204,0.3625551426522337,1
613841,4480,381,2025-09-13 07:28:54,70.23,US,False,0.51024824727869,0.4755275945668286,0.4319838,0.3691071858735887,1
613842,1153,255,2025-09-13 07:29:31,31.75,US,False,0.4404286082005817,0.3374186034462199,0.4659968,0.4041255588745138,1
613843,1395,561,2025-09-13 07:31:33,178.5,US,False,0.3388422254811924,0.2806157660863805,0.24044046,0.3511633831782433,1
613844,746,32,2025-09-13 07:32:04,423.1,US,False,0.3492227791504749,0.3527713412081293,0.28271046,0.3521432278749782,1
613845,4830,166,2025-09-13 07:33:31,27.28,GB,False,0.6170747431174343,0.4809048584834774,0.36372352,0.4059899109957487,1
613846,2054,112,2025-09-13 07:34:21,51.86,GB,False,0.3140607947202863,0.3152541058652235,0.177606,0.4272628113464912,1
613847,813,289,2025-09-13 07:34:22,204.33,US,False,0.3486652254300491,0.2841510811190124,0.20338807,0.3845185499161297,1
613848,5055,759,2025-09-13 07:34:37,346.52,US,False,0.2996676966787414,0.2992999163337669,0.2507714,0.3553754525601215,1
613849,317,676,2025-09-13 07:35:14,14.13,US,False,0.3274861690552502,0.3637038380339082,0.3628235,0.3726188811353115,1
613850,2813,667,2025-09-13 07:35:24,73.66,US,False,0.3334635758970026,0.3449210482049593,0.22843845,0.3862977312096998,1
613851,4906,18,2025-09-13 07:38:10,1056.77,US,False,0.322125478965543,0.2619620151621358,0.08218855,0.5187927279625086,1
613852,1677,359,2025-09-13 07:42:49,190.65,US,False,0.3512484104001737,0.3531936553685682,0.31576177,0.3434934615954858,1
613853,1156,532,2025-09-13 07:45:28,258.0,US,False,0.4753369288686924,0.4435489537133641,0.3497465,0.3615775283330373,1
613854,3355,68,2025-09-13 07:47:11,31.29,US,False,0.3974569158855087,0.4296490297911029,0.4447253,0.3704020158211115,1
613855,1888,114,2025-09-13 07:50:50,2155.34,US,False,0.663957729062502,0.6276807645358624,0.39879864,0.4982930543752549,1
613856,5559,365,2025-09-13 07:51:17,225.13,US,False,0.3260626751861182,0.336536274935795,0.29669544,0.3480207984945987,1
613857,1315,714,2025-09-13 07:52:43,183.49,US,False,0.3782974691547511,0.3264406161096523,0.37259933,0.3847963324026937,1
613858,721,62,2025-09-13 07:53:03,101.13,US,False,0.3852416921052035,0.3078771808929505,0.15699328,0.3643481542526398,1
613859,5345,5,2025-09-13 07:53:12,38.12,US,False,0.427649281685262,0.426107061986884,0.49648157,0.35722398008294,1
613860,1538,281,2025-09-13 07:53:16,130.29,US,False,0.3631573664485652,0.3582785321036489,0.38280037,0.3987784651409056,1
613861,4539,429,2025-09-13 07:56:33,44.5,US,False,0.6175263722344835,0.5014319336509768,0.49550435,0.4056702076760582,1
613862,5199,739,2025-09-13 07:58:52,76.1,US,False,0.6472408918789474,0.4680819003161915,0.57895297,0.4722568751960803,1
613863,3263,520,2025-09-13 08:00:38,41.15,AU,False,0.3387836104385303,0.3584596164895406,0.4241867,0.3865283666225759,1
613864,4057,262,2025-09-13 08:01:28,103.49,US,False,0.3704133279883216,0.2973836147246812,0.23620228,0.3439711339241126,1
613865,487,30,2025-09-13 08:02:56,135.33,US,False,0.4551967246785595,0.2202981158355017,0.14082946,0.4987692239890016,1
613866,4872,61,2025-09-13 08:03:52,647.24,US,False,0.4828845071711309,0.3696125157972836,0.3807915,0.3864154095338614,1
613867,1105,450,2025-09-13 08:07:03,5856.41,US,False,0.3895668707029824,0.2572988534822276,0.32448596,0.4836244760091948,1
613868,3974,374,2025-09-13 08:07:32,72.2,US,False,0.3131440696849619,0.3315696521965827,0.41806293,0.3527904338680233,1
613869,4726,679,2025-09-13 08:10:21,239.46,CA,False,0.3623247658060863,0.3830416329181298,0.28296578,0.3469481433989025,1
613870,2070,139,2025-09-13 08:11:04,88.5,DE,False,0.5316325385998492,0.498689277467926,0.50247276,0.4118097933571735,1
613871,5694,76,2025-09-13 08:16:42,7145.02,US,False,0.7385759840748285,0.659598590269259,0.72546417,0.5369661810835868,1
613872,978,275,2025-09-13 08:18:26,56.39,AU,False,0.3308094882101182,0.3168426853627994,0.30854663,0.3524196517141392,1
613873,3438,378,2025-09-13 08:23:30,42.02,US,False,0.475719598661211,0.476000074318114,0.47416222,0.3682084201522373,1
613874,4532,420,2025-09-13 08:23:53,93.08,US,False,0.3352012288926662,0.3048963331736323,0.10471365,0.4625475392005673,2
613875,4296,642,2025-09-13 08:25:46,705.35,US,False,0.5445745147739421,0.4436341686304188,0.45198113,0.4137865774678279,1
613876,1558,788,2025-09-13 08:27:05,101.45,US,False,0.4559545101294261,0.3040810442061474,0.22655626,0.3665090694451752,1
613877,829,766,2025-09-13 08:28:14,3316.71,US,False,0.4575657740115712,0.3060853232691422,0.1788388,0.4263236948860282,1
613878,3099,457,2025-09-13 08:29:07,315.8,US,False,0.3934922811115519,0.2612635357185439,0.2355658,0.4667026492494021,1
613879,3318,762,2025-09-13 08:29:49,1336.52,US,False,0.3064150978239595,0.2486648371913561,0.21838306,0.3798657500665419,1
613880,2520,215,2025-09-13 08:30:23,63.86,GB,False,0.377587837485923,0.3042194843763288,0.10020126,0.3678740595402134,1
613881,3438,684,2025-09-13 08:30:49,84.74,US,False,0.3732486156600946,0.4036008343068905,0.14267516,0.4881774810742227,1
613882,2515,695,2025-09-13 08:31:54,1012.34,US,False,0.6854776407632902,0.4531232970963721,0.46512064,0.4165945122244669,1
613883,1854,668,2025-09-13 08:34:56,217.97,US,False,0.7029120253756057,0.6965810459408058,0.6604532,0.4361724097039585,1
613884,1044,716,2025-09-13 08:36:51,395.65,US,False,0.6007143839428046,0.5794332735412988,0.4953331,0.3939203239353529,1
613885,5292,157,2025-09-13 08:37:23,4.02,US,False,0.3342130287979745,0.3501802155145629,0.20666263,0.4013400778796092,1
613886,2004,603,2025-09-13 08:38:12,516.85,US,False,0.5778618459232084,0.3769074047884188,0.23538217,0.3858798101303066,1
613887,453,125,2025-09-13 08:40:49,110.36,CA,False,0.621024862082031,0.7488996069942668,0.76847214,0.3866678042718471,1
613888,2637,716,2025-09-13 08:45:55,34.13,US,False,0.3902403827346164,0.3733126365919822,0.33830017,0.394990434871913,1
613889,3793,774,2025-09-13 08:47:03,91.27,US,False,0.6016116208837046,0.7320136628552104,0.8152516,0.3919603774230699,1
613890,2502,415,2025-09-13 08:47:12,74.57,US,False,0.4683687556504616,0.4607977613582637,0.4167709,0.359633613435966,1
613891,4898,411,2025-09-13 08:48:23,108.23,US,False,0.5761529617661372,0.518026762882226,0.6400484,0.3982607886881257,1
613892,5607,386,2025-09-13 08:49:27,900.41,GB,False,0.4215392621004085,0.4151226632410433,0.36764178,0.3697889350427687,1
613893,3635,733,2025-09-13 08:49:39,113.32,US,False,0.3608327603641759,0.3005238012892761,0.2008836,0.3422171613845856,1
613894,5072,416,2025-09-13 08:52:24,38.79,US,False,0.3630667638187155,0.3220737734114556,0.15670957,0.3713952510961082,1
613895,4416,17,2025-09-13 08:56:07,431.49,US,False,0.3487306769474559,0.3233787269126738,0.30386263,0.3521595322363697,1
613896,1810,285,2025-09-13 08:57:20,460.97,US,False,0.6813649737115143,0.4251164778124217,0.443271,0.3981196668886601,1
613897,5556,485,2025-09-13 09:04:24,46.29,US,False,0.3200474095553159,0.3102445410242745,0.24815698,0.3947337718347758,1
613898,2961,481,2025-09-13 09:05:36,767.5,US,False,0.4015860079633713,0.347521434795085,0.22070684,0.3721368997919374,1
613899,2256,671,2025-09-13 09:06:20,2248.59,US,False,0.6968939840319401,0.2741157776035864,0.19536363,0.6265622349178639,1
613900,4264,362,2025-09-13 09:11:43,271.87,US,False,0.4279378453327161,0.4481508606731857,0.4209907,0.35404934286035,1
613901,2173,574,2025-09-13 09:11:45,37.52,US,False,0.3225235543827289,0.3038216007217104,0.13248722,0.5071819900790824,2
613902,5906,138,2025-09-13 09:12:04,33.79,US,False,0.3052878860856098,0.3324671182795246,0.23325087,0.3690295061640564,1
613903,745,42,2025-09-13 09:12:13,64.33,US,False,0.4387916972464297,0.366423101274016,0.31883875,0.3451676976958833,1
613904,5988,527,2025-09-13 09:12:41,147.53,US,False,0.4858793443609341,0.4824112013771729,0.41376725,0.3628384224414855,1
613905,2978,684,2025-09-13 09:14:39,997.97,DE,False,0.4250634885675604,0.4016501830942388,0.2561851,0.3710105577784338,1
613906,1604,450,2025-09-13 09:16:30,510.5,US,False,0.3525248361602957,0.2765858774835519,0.2529702,0.3611300928153416,1
613907,190,314,2025-09-13 09:16:32,332.31,US,False,0.3916440767343587,0.434375051298188,0.4393151,0.3575189020398426,1
613908,1830,653,2025-09-13 09:17:30,136.83,US,False,0.294545699254914,0.3031765189412611,0.12613615,0.3651282875883375,1
613909,5256,425,2025-09-13 09:18:06,1353.92,AU,False,0.4330151417181996,0.3566812765139461,0.4315234,0.3826240561971504,1
613910,5123,174,2025-09-13 09:19:26,645.88,US,False,0.3813570771555466,0.2625847274411892,0.23235498,0.3884661661593715,1
613911,995,56,2025-09-13 09:21:54,260.09,US,False,0.3312428697577517,0.3190580787017524,0.25122485,0.3565279220309618,1
613912,2137,76,2025-09-13 09:22:22,507.94,US,False,0.4026491256261806,0.3475463748616468,0.19530879,0.3506056994004219,1
613913,4088,178,2025-09-13 09:22:32,92.83,US,False,0.4030889786866437,0.4387192395867911,0.4291315,0.3508494833104296,1
613914,4218,533,2025-09-13 09:24:25,10.43,US,False,0.4659249500358632,0.3966059607731417,0.36576724,0.4039410844767626,1
613915,70,514,2025-09-13 09:24:46,21.32,US,False,0.4359019446007143,0.3187025874430414,0.21147199,0.369499998203497,1
613916,3121,211,2025-09-13 09:26:01,22.21,US,False,0.4318033188704432,0.428002877384511,0.37008837,0.3712528399191405,1
613917,3447,73,2025-09-13 09:29:10,91.92,CA,False,0.5548694932241207,0.4812458241793896,0.37675032,0.3686276143955412,1
613918,3566,65,2025-09-13 09:30:55,79.08,US,False,0.4969576094204617,0.4507979309506254,0.34231588,0.4425976086847261,1
613919,2210,31,2025-09-13 09:31:06,30.31,US,False,0.3651691932987287,0.3120990097080696,0.17899297,0.3573983822957198,1
613920,3775,420,2025-09-13 09:31:08,1034.06,US,False,0.365596866471158,0.3450646817687966,0.2584185,0.3669116139547108,1
613921,1074,201,2025-09-13 09:31:17,875.02,CA,False,0.33300052420739,0.273397560095956,0.24092479,0.3734648313123681,1
613922,3903,194,2025-09-13 09:32:17,38.28,DE,False,0.3129915705193127,0.2742849876064159,0.22138147,0.4724330808811075,2
613923,2312,162,2025-09-13 09:34:07,14.94,US,False,0.2951717896667698,0.3219232536432633,0.17350349,0.3745962172704021,1
613924,3076,408,2025-09-13 09:34:54,588.89,US,False,0.4854674707814763,0.3072615309378001,0.2951958,0.3824193798782213,1
613925,372,609,2025-09-13 09:34:54,27.19,CA,False,0.493519971248928,0.2914341376293167,0.1914615,0.5399240537939517,1
613926,129,713,2025-09-13 09:35:50,243.13,US,False,0.3930084509319066,0.411035454008733,0.33221233,0.3549929533096529,1
613927,1443,279,2025-09-13 09:36:18,1632.96,US,False,0.3461054053341234,0.2117905075091573,0.11835084,0.3831954492811494,1
613928,2011,378,2025-09-13 09:40:49,120.8,US,False,0.5598238738826962,0.4511795963197162,0.43312454,0.3575228366075249,1
613929,2080,189,2025-09-13 09:41:00,3761.23,US,False,0.567310725507031,0.3412466900222106,0.37700287,0.4514250317303394,1
613930,388,405,2025-09-13 09:43:36,61.79,US,False,0.3726322838320962,0.3157847377624193,0.27807665,0.3499124650604575,1
613931,3665,204,2025-09-13 09:44:51,65.07,US,False,0.4930182082040656,0.4273046067560429,0.4283799,0.3804534189631708,1
613932,195,348,2025-09-13 09:45:25,98.22,US,False,0.5307318705205369,0.4751048493576835,0.5620853,0.3988599411820759,1
613933,1298,310,2025-09-13 09:47:57,1143.35,US,False,0.3810143123236738,0.3495673981207645,0.43235934,0.3703160840754383,1
613934,2391,604,2025-09-13 09:51:24,650.44,US,False,0.4300872269570824,0.388638651711003,0.2918388,0.3609662914949626,1
613935,4470,444,2025-09-13 09:52:53,554.1,US,False,0.4959302622426947,0.3606009634009509,0.34298208,0.3598843006583306,1
613936,1142,373,2025-09-13 09:53:14,412.72,US,False,0.5386611844066067,0.4586258968820541,0.40555742,0.3859240460789677,1
613937,1243,104,2025-09-13 09:57:17,286.12,US,False,0.394561812686373,0.3461455268384209,0.4358538,0.3857661337837659,1
613938,4204,145,2025-09-13 09:59:20,81.89,US,False,0.3690632859594769,0.4194222951048376,0.32542235,0.3699460382926157,1
613939,3472,25,2025-09-13 09:59:39,466.64,US,False,0.3342869425044206,0.3182980186609749,0.20125613,0.3539625061757069,1
613940,5842,776,2025-09-13 10:01:35,47.1,US,False,0.3677866069056019,0.3598511208992096,0.19994432,0.3503613111169758,1
613941,3216,571,2025-09-13 10:02:00,35.91,GB,False,0.3202124284396602,0.3429982356291063,0.39656922,0.3527064609742597,1
613942,4350,678,2025-09-13 10:02:02,168.99,US,False,0.7679152753797529,0.7275367177251538,0.7058876,0.4833954771509974,1
613943,3793,48,2025-09-13 10:02:21,30.01,US,False,0.4233383311779772,0.3873644530313987,0.39564142,0.3913971788849074,1
613944,3028,362,2025-09-13 10:02:54,102.43,US,False,0.4415832539451979,0.4260344871123459,0.38951278,0.3942952718040703,1
613945,4955,290,2025-09-13 10:07:18,20.28,AU,False,0.3359822481291463,0.3315675309270498,0.21122164,0.408173747803694,1
613946,4024,667,2025-09-13 10:08:39,38.65,CA,False,0.3430116857129264,0.3308078085659546,0.26683155,0.3583528901869283,1
613947,1666,555,2025-09-13 10:09:15,19.81,US,False,0.736336080683354,0.588794748156286,0.6489076,0.4541130389525043,1
613948,5957,269,2025-09-13 10:11:16,88.04,US,False,0.3738602615527891,0.268504064630969,0.14026225,0.3502392982937053,1
613949,4426,592,2025-09-13 10:14:24,58.38,US,False,0.5599642373259485,0.45181213339551,0.43040177,0.360703845080431,1
613950,95,739,2025-09-13 10:15:16,1787.99,US,False,0.8167646816994186,0.7797037609113023,0.8608032,0.4830524739459659,1
613951,4628,397,2025-09-13 10:15:54,5881.55,US,False,0.5330390964453865,0.303856959653186,0.23238996,0.5225450816179966,1
613952,3599,410,2025-09-13 10:18:48,37.72,US,False,0.3257901389490014,0.3607196157867248,0.32534918,0.3791744582777599,1
613953,5093,240,2025-09-13 10:20:16,68.47,US,False,0.3472577746389446,0.3655185113166903,0.3800099,0.3451848639390987,1
613954,1860,495,2025-09-13 10:21:29,20.31,US,False,0.5527751614666672,0.4713219937402837,0.529916,0.4118444369012436,1
613955,5491,573,2025-09-13 10:21:52,696.55,US,False,0.3441410350926128,0.2944777357325105,0.2683409,0.3650417666494906,1
613956,5133,719,2025-09-13 10:22:13,275.14,US,False,0.399321569191277,0.3055515247445698,0.2833256,0.3490973622632649,1
613957,5521,437,2025-09-13 10:24:10,62.01,US,False,0.5860917615817346,0.4471611101351089,0.4212068,0.3999149764935006,1
613958,2995,72,2025-09-13 10:24:18,121.26,US,False,0.4356920083068794,0.3888572763458184,0.41210952,0.3408947403956683,1
613959,179,564,2025-09-13 10:25:07,275.98,US,False,0.4501454339230231,0.4110644155068022,0.352534,0.4902609561769275,2
613960,1892,558,2025-09-13 10:28:32,238.77,US,False,0.3337815987433139,0.287755469087686,0.17271602,0.3523606420749529,1
613961,734,184,2025-09-13 10:28:33,79.94,US,False,0.4666620347727511,0.4817388094153496,0.6386307,0.3876725979798533,1
613962,3098,504,2025-09-13 10:29:37,539.02,US,False,0.3913657924368261,0.3109870869463678,0.27142784,0.3608172116079079,1
613963,2913,317,2025-09-13 10:32:02,1077.11,US,False,0.6487189639660612,0.365536436579714,0.2911991,0.4110948812635036,1
613964,623,150,2025-09-13 10:32:37,38.66,US,False,0.5473729413526668,0.414775132718398,0.29648688,0.4062996810684394,1
613965,1808,232,2025-09-13 10:37:05,109.02,US,False,0.4255267258353529,0.4093552786634107,0.31338385,0.3696616833935802,1
613966,4242,315,2025-09-13 10:38:39,11.61,CA,False,0.3170456931557155,0.3402326658068659,0.24314427,0.3704709067832405,1
613967,3143,459,2025-09-13 10:39:42,33.67,US,False,0.5717835835994572,0.4599049469856479,0.29369262,0.3790371599035615,1
613968,1436,397,2025-09-13 10:40:36,234.03,US,False,0.3880850444103896,0.3749177454606787,0.30952448,0.3452401240930269,1
613969,4951,469,2025-09-13 10:41:13,36.74,US,False,0.4019152428534331,0.4102450302857407,0.35885662,0.3661084758673226,1
613970,3208,408,2025-09-13 10:42:47,17.49,US,False,0.3171753904149343,0.3479249753524034,0.3080917,0.3723488886511254,1
613971,2306,473,2025-09-13 10:45:11,96.91,US,False,0.4074871795727979,0.2646989590977344,0.20084935,0.3643180356695087,1
613972,409,422,2025-09-13 10:47:41,8156.7,US,False,0.8092968517783594,0.7158073481683093,0.7119476,0.5739972263576345,1
613973,2848,127,2025-09-13 10:48:55,43.97,US,False,0.7093402192350294,0.4819877324285711,0.3121014,0.467920594946655,1
613974,2634,616,2025-09-13 10:49:25,198.03,US,False,0.4335487170143526,0.3491050874937677,0.41716677,0.3546955224130417,1
613975,295,530,2025-09-13 10:52:31,219.97,US,False,0.3090374866259959,0.3265831240116221,0.35400072,0.3467433780474716,1
613976,2816,574,2025-09-13 10:53:33,38.19,US,False,0.2944076177501907,0.3348522424919872,0.30609885,0.3585299768486582,1
613977,413,770,2025-09-13 10:54:17,102.54,AU,False,0.4517126472963855,0.3560224029774933,0.32645166,0.3575910736070559,1
613978,4666,198,2025-09-13 10:58:06,6.22,US,False,0.5024198944838171,0.4621560683470148,0.46892196,0.4976193503595637,1
613979,439,720,2025-09-13 10:59:18,3012.87,US,False,0.3175803665274009,0.270888726952141,0.19842562,0.4168836526066772,1
613980,1006,475,2025-09-13 10:59:56,116.67,US,False,0.3608097206090808,0.315719128892564,0.23698545,0.3452774801020536,1
613981,1720,460,2025-09-13 11:01:02,1393.98,US,False,0.4716839969066622,0.4500863414935088,0.5996782,0.3957268927713319,1
613982,3507,637,2025-09-13 11:03:03,5271.39,US,False,0.567319026027215,0.3464560958565691,0.3268052,0.5885728660656576,2
613983,1522,455,2025-09-13 11:04:35,58.12,CA,False,0.4210842640987273,0.3550226245100549,0.31218547,0.3462298646916885,1
613984,4134,758,2025-09-13 11:04:46,75.12,CA,False,0.5449256059736836,0.4543061703534349,0.47910252,0.3525343455704146,1
613985,1220,321,2025-09-13 11:05:24,1400.21,US,False,0.4052886357679987,0.3753179145910765,0.4813741,0.3950416273121269,1
613986,3242,237,2025-09-13 11:07:52,1164.37,US,False,0.462509289089426,0.358324937404001,0.43905744,0.3725397780977306,1
613987,5603,553,2025-09-13 11:07:58,301.97,CA,False,0.4581288066434911,0.3456629405998624,0.21621744,0.3543056574670874,1
613988,302,564,2025-09-13 11:12:36,17.82,US,False,0.5635408840076973,0.4655878991351853,0.45795643,0.383119126003111,1
613989,957,670,2025-09-13 11:14:58,600.38,US,False,0.534002599403863,0.4473945269268515,0.44773743,0.3889898383412595,1
613990,5963,537,2025-09-13 11:16:17,204.41,US,False,0.3310670904503256,0.2646375186854146,0.13414787,0.3446773923899235,1
613991,4671,290,2025-09-13 11:18:10,258.52,US,False,0.4595547548659195,0.3219024107340475,0.33953872,0.3999869320936952,1
613992,155,358,2025-09-13 11:19:52,55.18,US,False,0.3763400491278025,0.3245530900422713,0.26977685,0.3650171450395875,1
613993,2549,617,2025-09-13 11:20:47,87.49,US,False,0.3787019863993821,0.3465181432085213,0.20646442,0.3752915605487807,1
613994,2728,286,2025-09-13 11:23:38,39.58,US,False,0.3802053164779702,0.3218600943193853,0.1291593,0.3800329815508741,1
613995,2454,532,2025-09-13 11:24:14,5613.96,US,False,0.6795287313424326,0.3794561089570086,0.29874653,0.5080306052560066,1
613996,3172,71,2025-09-13 11:25:45,312.08,US,False,0.532581431548129,0.3251278578411076,0.22622232,0.4599355887206088,1
613997,1915,86,2025-09-13 11:25:46,5563.46,US,False,0.8755668763222221,0.8856351903024633,0.9490837,0.5932596162324826,1
613998,5374,522,2025-09-13 11:26:12,246.83,US,False,0.3620382013743224,0.3166951943704398,0.24700044,0.3533398757988752,1
613999,13,204,2025-09-13 11:27:02,22.2,US,False,0.9276440692361796,0.8664636061607708,0.9161398,0.5120834430996319,1
614000,4979,125,2025-09-13 11:29:10,318.17,US,False,0.5583224698773037,0.426500200082631,0.32776663,0.3579128221990289,1
614001,3012,559,2025-09-13 11:32:04,612.05,US,False,0.414671285295447,0.4075507763897969,0.35824832,0.3578106885017792,1
614002,326,292,2025-09-13 11:33:38,417.82,US,False,0.3473358486832644,0.3569194381134432,0.27198827,0.3475971667306564,1
614003,498,69,2025-09-13 11:33:42,326.64,US,False,0.3611838744531534,0.3444495201968071,0.3293597,0.3579670183836941,1
614004,4434,95,2025-09-13 11:34:43,9.41,CA,False,0.3210034651854553,0.3296260372590465,0.31307754,0.3812347407039607,1
614005,2736,394,2025-09-13 11:36:26,70.93,US,False,0.3377193817609325,0.371237199458318,0.4056774,0.3528781925507234,1
614006,3433,641,2025-09-13 11:36:49,855.04,US,False,0.3341904678830979,0.3516732494356975,0.28861222,0.3587874855143534,1
614007,3221,187,2025-09-13 11:38:10,53.18,US,False,0.3039605669443358,0.3294388334066609,0.24801666,0.3588086271488021,1
614008,4636,36,2025-09-13 11:39:45,167.34,US,False,0.4755887577519656,0.4785297504449315,0.3990903,0.3599035111474334,1
614009,3168,436,2025-09-13 11:39:45,41.83,US,False,0.6075850998818715,0.4910625349696352,0.4677137,0.3938692466263306,1
614010,4833,307,2025-09-13 11:39:46,14.42,US,False,0.4273873165694526,0.3901352497386498,0.37822965,0.3658094305011101,1
614011,3548,189,2025-09-13 11:39:55,23.68,US,False,0.4343846007830738,0.4440849024430898,0.3989852,0.3642718451330741,1
614012,1638,77,2025-09-13 11:43:23,48.72,US,False,0.3933980388487628,0.327166723570162,0.24377863,0.3533906844461334,1
614013,187,212,2025-09-13 11:45:36,62.03,AU,False,0.605241904701823,0.3462075303741029,0.3452486,0.4926515816560495,1
614014,4191,768,2025-09-13 11:48:14,197.09,GB,False,0.3474133120498913,0.3504325324882559,0.3329718,0.3793343689823008,1
614015,3526,373,2025-09-13 11:49:13,1519.59,US,False,0.78520215908518,0.3887971802871446,0.3166252,0.4977602134801513,1
614016,2865,737,2025-09-13 11:49:26,2116.87,US,False,0.6028828230001342,0.3870170424859991,0.34274727,0.4842257663735912,1
614017,370,15,2025-09-13 11:50:15,6.22,US,False,0.2989282588577337,0.3140651076419301,0.17930287,0.4031610858771484,1
614018,5790,484,2025-09-13 11:50:20,237.06,US,False,0.379210084009113,0.3709537528432332,0.31085268,0.3484618615712655,1
614019,5393,737,2025-09-13 11:50:28,1309.48,DE,False,0.7520042232765157,0.4830439307928987,0.71224755,0.464537895782259,1
614020,4004,96,2025-09-13 11:51:37,155.34,US,False,0.6065637116739326,0.4822044521304011,0.49173123,0.3816524836268595,1
614021,101,719,2025-09-13 11:51:41,29.79,US,False,0.2696054176906876,0.2975909120011271,0.115781106,0.4928824507724711,2
614022,4354,101,2025-09-13 11:52:13,68.53,US,False,0.5141508195318635,0.487480529595888,0.4968519,0.3643523349364168,1
614023,1298,389,2025-09-13 11:52:17,452.12,US,False,0.3748863889991899,0.356385600537737,0.46090904,0.3945835960007855,1
614024,4080,657,2025-09-13 11:54:38,117.28,US,False,0.5989479084124086,0.4167487192474017,0.35593247,0.3497423958880574,1
614025,5787,55,2025-09-13 11:56:22,27.68,US,False,0.583087389929695,0.4944132593531845,0.5474971,0.403643517822142,1
614026,4173,82,2025-09-13 11:56:35,111.36,US,False,0.542634542655822,0.2783239529710369,0.2366881,0.4211909885136085,1
614027,2184,233,2025-09-13 11:57:06,505.33,US,False,0.4239695089615057,0.402822023071179,0.33418322,0.3747998563838846,1
614028,3046,291,2025-09-13 11:57:53,171.3,US,False,0.3847821470923094,0.3024427402262274,0.25262606,0.3751250250067486,1
614029,5602,218,2025-09-13 11:58:49,506.26,DE,False,0.5963229420934115,0.274251027940186,0.10838281,0.547052052361877,1
614030,2893,392,2025-09-13 11:59:58,135.22,US,False,0.4877199740534168,0.4812510657183433,0.46274623,0.3613780425086508,1
614031,1829,291,2025-09-13 12:00:19,23.94,DE,False,0.2909975554867578,0.321972975954497,0.25752473,0.3787252112091283,1
614032,5691,281,2025-09-13 12:00:49,8.53,US,False,0.3158673348255221,0.3651352621319551,0.33092502,0.3908014645115504,1
614033,5990,135,2025-09-13 12:01:07,1134.52,US,False,0.4117428833083226,0.2934978425125498,0.15893745,0.3770396707179734,1
614034,2969,668,2025-09-13 12:01:45,95.09,US,False,0.4820606214242079,0.4461301640245956,0.25756943,0.3502954656968673,1
614035,2558,455,2025-09-13 12:01:56,226.53,US,False,0.3548215159151703,0.3206408664589814,0.20644276,0.3532863417030574,1
614036,4706,364,2025-09-13 12:03:11,1024.51,US,False,0.4657233005992335,0.3167289428207743,0.26319823,0.3889306388605112,1
614037,580,520,2025-09-13 12:03:50,88.37,US,False,0.4238524145842627,0.3611817709865768,0.3766683,0.3513992172016218,1
614038,2014,724,2025-09-13 12:04:43,8523.88,US,False,0.7204355636315923,0.3667121776264628,0.26913226,0.5563552570209989,1
614039,149,198,2025-09-13 12:05:30,1881.36,US,False,0.8954490307526755,0.7500823520206134,0.7858228,0.5573552012621029,1
614040,3157,120,2025-09-13 12:05:38,69.83,US,False,0.3651809393442753,0.3410087628840819,0.27477688,0.3747772628014964,1
614041,1454,365,2025-09-13 12:05:40,1132.55,US,False,0.2767323061851567,0.3303415038433799,0.34070843,0.379123385629561,1
614042,2668,242,2025-09-13 12:08:41,252.84,US,False,0.4827038994390726,0.4493146268683189,0.4518651,0.3807652279457112,1
614043,3742,593,2025-09-13 12:09:54,38.11,US,False,0.3142270926348397,0.3283408366740599,0.25650734,0.3607738703917972,1
614044,5465,17,2025-09-13 12:10:33,126.31,US,False,0.2948590325491818,0.3107042550318126,0.21967123,0.3567123560247266,1
614045,2413,88,2025-09-13 12:12:13,1087.85,US,False,0.5174130655578486,0.3634542341299098,0.15244661,0.3893603571661199,1
614046,4290,634,2025-09-13 12:14:31,366.78,US,False,0.6370535932295475,0.4315420192008076,0.40621716,0.4001849926335144,1
614047,2711,242,2025-09-13 12:15:03,68.79,US,False,0.4910853803272584,0.4915492824856105,0.4719739,0.376258737289885,1
614048,1651,155,2025-09-13 12:15:10,103.45,US,False,0.5562327155824098,0.4316816036573318,0.3741329,0.3549153195112131,1
614049,2568,196,2025-09-13 12:16:06,300.3,AU,False,0.578131740280825,0.4208815903503336,0.24960601,0.3826790496628057,1
614050,2508,56,2025-09-13 12:17:46,57.28,US,False,0.3355639039681972,0.3556109361686916,0.49987188,0.3978749598718797,1
614051,911,431,2025-09-13 12:18:24,45.01,US,False,0.7079936327862141,0.7220801169475336,0.7545872,0.4740900946014563,1
614052,4606,473,2025-09-13 12:19:03,736.63,AU,False,0.3014580883464959,0.2134381596136629,0.1612935,0.3593359441350158,1
614053,3650,513,2025-09-13 12:19:04,222.8,US,False,0.690333076950761,0.7746172024182966,0.7438948,0.4104833117643781,1
614054,3079,641,2025-09-13 12:19:58,25.94,US,False,0.3745819366554322,0.335221814832723,0.28962442,0.3892621074301428,1
614055,5005,177,2025-09-13 12:20:41,419.63,DE,False,0.3848106926514266,0.2837355781762498,0.20643234,0.3761624287508341,1
614056,2535,14,2025-09-13 12:25:31,60.63,US,False,0.4399269165944377,0.3219190376670592,0.22283024,0.4233201301187534,1
614057,5744,533,2025-09-13 12:26:03,116.97,US,False,0.5193699865718394,0.4163886535071399,0.34396285,0.3690441823719171,1
614058,6,666,2025-09-13 12:27:24,112.16,US,False,0.4063293529795062,0.4162263033045338,0.44689882,0.3460921344625194,1
614059,3663,208,2025-09-13 12:28:11,68.82,US,False,0.2958309445849262,0.3180835860694271,0.30356467,0.3604725202533962,1
614060,2552,377,2025-09-13 12:30:09,173.74,US,False,0.4638124013096263,0.4505642349080771,0.39789116,0.3618339036599519,1
614061,1174,531,2025-09-13 12:30:59,194.21,US,False,0.5553963275827049,0.4235498248030196,0.30230725,0.3661611585277973,1
614062,4440,538,2025-09-13 12:33:15,282.23,US,False,0.4848593207154105,0.4536109706149728,0.4268185,0.3581195945254729,1
614063,5262,164,2025-09-13 12:35:53,69.64,US,False,0.4019331529590597,0.3361339408319969,0.27464747,0.3535351127517642,1
614064,1483,427,2025-09-13 12:36:03,412.43,US,False,0.2947535263612669,0.311247283086113,0.19145998,0.3531005669498578,1
614065,936,92,2025-09-13 12:37:23,186.43,US,False,0.4324414441957636,0.3197392265855163,0.16631718,0.3546480887319462,1
614066,4464,798,2025-09-13 12:39:10,12.48,DE,False,0.4626206087139031,0.4530639524090934,0.48245448,0.4109992624709288,1
614067,1529,37,2025-09-13 12:40:59,452.28,GB,False,0.2728258572786279,0.3033060995357143,0.17474881,0.388734422443853,1
614068,484,187,2025-09-13 12:42:00,181.65,US,False,0.3675483337357201,0.353289881071369,0.2897859,0.3487301463613026,1
614069,705,787,2025-09-13 12:42:15,32.54,US,False,0.5098998634729237,0.4791218249578082,0.49950552,0.3769679269008062,1
614070,3540,788,2025-09-13 12:43:21,803.51,US,False,0.3796023952980016,0.2937614806334018,0.26735067,0.3634002114333175,1
614071,3022,690,2025-09-13 12:43:25,244.3,US,False,0.4436184027519331,0.3374974109182261,0.32363737,0.3545304643813268,1
614072,4297,536,2025-09-13 12:44:22,74.48,US,False,0.3080452886925123,0.3379739555865454,0.26316577,0.3670593736519417,1
614073,5836,713,2025-09-13 12:44:51,292.78,US,False,0.4774863895082551,0.4176125231928446,0.40582165,0.3474670278173455,1
614074,757,140,2025-09-13 12:45:25,301.22,US,False,0.3155943192506372,0.3376289439311365,0.20631295,0.3443277521520265,1
614075,2048,452,2025-09-13 12:47:18,14.79,DE,False,0.371214423912372,0.2870854918587783,0.08332568,0.3728512471160036,1
614076,622,425,2025-09-13 12:48:33,123.88,US,False,0.4552394789396731,0.3653088268163283,0.24690087,0.3458533081887621,1
614077,5340,115,2025-09-13 12:48:53,60.65,US,False,0.4487316011222062,0.4618543742399767,0.32175586,0.3690602534072159,1
614078,2126,651,2025-09-13 12:49:08,36.77,US,False,0.3011745970863556,0.3314983512045513,0.17105801,0.3590186970857091,1
614079,613,506,2025-09-13 12:52:18,210.08,US,False,0.3369941731496186,0.3692246442018134,0.41503468,0.3451443782568006,1
614080,4634,359,2025-09-13 12:52:25,193.75,US,False,0.4362239278420834,0.3132376100674245,0.25494984,0.3454238130772417,1
614081,5237,631,2025-09-13 12:53:11,164.64,CA,False,0.5058918250767189,0.4237849389941828,0.39737362,0.3473672009485746,1
614082,1008,281,2025-09-13 12:57:16,612.27,US,False,0.4645324593995539,0.3783971903719312,0.37117147,0.3689132875538621,1
614083,2618,3,2025-09-13 13:00:48,82.25,US,False,0.3735596942145235,0.2677170471044384,0.17929634,0.3479824003120331,1
614084,4437,421,2025-09-13 13:01:12,1340.01,US,False,0.4555823089727013,0.3404173343199991,0.37254333,0.3851584952037279,1
614085,508,23,2025-09-13 13:02:58,34.01,US,False,0.5722112236753548,0.4811418304905493,0.51321244,0.4105493188008088,1
614086,4077,113,2025-09-13 13:02:59,5.14,US,False,0.3145697277769756,0.337563352462062,0.06749421,0.4708585605952431,1
614087,172,258,2025-09-13 13:03:55,107.58,US,False,0.2970609124745823,0.315064795774541,0.3476119,0.3548096275001688,1
614088,646,791,2025-09-13 13:05:33,58.32,US,False,0.4734152907830258,0.460894903082288,0.41731,0.3680668043934135,1
614089,2120,588,2025-09-13 13:06:32,1493.31,AU,False,0.3460082037214287,0.3377241868258742,0.2611116,0.3854153632001149,1
614090,5191,660,2025-09-13 13:07:12,105.38,CA,False,0.3257485081022441,0.3172411852883405,0.2843124,0.3447846486387995,1
614091,5773,609,2025-09-13 13:07:49,37.24,US,False,0.5528072887053164,0.3120394159356177,0.20214842,0.3822824368752672,1
614092,3254,72,2025-09-13 13:11:29,42.79,US,False,0.3731600370651441,0.3590990220971728,0.37930822,0.4309716251544995,1
614093,2144,428,2025-09-13 13:11:38,2367.21,CA,False,0.6366039417577605,0.4743806689760428,0.63541096,0.4392163900310447,1
614094,4559,155,2025-09-13 13:11:40,120.65,CA,False,0.4420210133198922,0.4640115252250207,0.52953684,0.3493182646619722,1
614095,3654,383,2025-09-13 13:12:39,13.49,US,False,0.3642602642106923,0.3551109041183956,0.41141996,0.374710663124729,1
614096,1651,122,2025-09-13 13:12:57,156.82,US,False,0.4077556779951063,0.4850502066140436,0.32966903,0.5140015467983297,1
614097,5313,342,2025-09-13 13:14:19,333.48,CA,False,0.3546228902604051,0.2960594330954523,0.25804955,0.3524057543003827,1
614098,4323,180,2025-09-13 13:14:20,27.18,US,False,0.3862873856554761,0.3720793177527496,0.29029724,0.3669627306365275,1
614099,1996,59,2025-09-13 13:14:44,280.1,US,False,0.4216554421673379,0.2671372376269059,0.15776685,0.3702171843750705,1
614100,5486,402,2025-09-13 13:15:55,90.74,DE,False,0.3007834328543805,0.3007464962700202,0.20579486,0.363378011183035,1
614101,2512,336,2025-09-13 13:15:57,103.79,US,False,0.3529093245375345,0.3075419023953131,0.17965978,0.3780572688867988,1
614102,1466,720,2025-09-13 13:16:33,408.95,DE,False,0.3793771923050554,0.3043976991412999,0.17226897,0.3540114691539489,1
614103,2234,564,2025-09-13 13:17:41,14.04,GB,False,0.5096281090651144,0.463158642956882,0.48250082,0.3854467241891411,1
614104,2715,88,2025-09-13 13:18:14,143.79,US,False,0.4415307784606417,0.3469430656815387,0.30419287,0.3481514102140869,1
614105,5930,646,2025-09-13 13:21:10,192.77,US,False,0.5986939358899311,0.4501587724527784,0.4761538,0.4045866294564353,1
614106,2768,55,2025-09-13 13:21:41,2414.44,US,False,0.6401029650577447,0.345084870586822,0.14120382,0.458272063290694,1
614107,858,621,2025-09-13 13:21:46,97.67,US,False,0.399288182210273,0.3377160000810724,0.4111643,0.3596004219528919,1
614108,5906,95,2025-09-13 13:22:46,136.14,US,False,0.4641226867981752,0.3441962231015095,0.36659452,0.3888272133359626,1
614109,167,410,2025-09-13 13:24:43,54.33,CA,False,0.3550356447626617,0.3592542701724012,0.35582674,0.3969099548814541,1
614110,2444,431,2025-09-13 13:27:27,629.5,US,False,0.3235507511751809,0.3683709578741964,0.44863597,0.3708837323950212,1
614111,2197,198,2025-09-13 13:27:28,121.12,AU,False,0.4717415792369467,0.4538093725540253,0.41916284,0.3916373726753072,1
614112,2605,118,2025-09-13 13:28:03,108.36,US,False,0.5733109814570125,0.4880135848477579,0.5062073,0.3710577686837193,1
614113,1187,655,2025-09-13 13:28:14,25.33,US,False,0.4810971491438292,0.4160220928376545,0.39123565,0.3664197648848659,1
614114,5669,444,2025-09-13 13:33:20,12.11,US,False,0.45421711526214,0.3628415543973583,0.3738698,0.368594340052136,1
614115,1116,332,2025-09-13 13:36:55,73.54,US,False,0.3527416359149456,0.3032595316223283,0.28283542,0.3751120399150907,1
614116,4486,487,2025-09-13 13:39:30,61.22,US,False,0.5910289347713145,0.4913566386275799,0.42798033,0.3841689331164242,1
614117,2335,612,2025-09-13 13:39:56,321.83,US,False,0.5358177138242093,0.4560580245682266,0.460833,0.3640098130445938,1
614118,5729,332,2025-09-13 13:41:23,151.97,US,False,0.3678494662017643,0.3230792067116834,0.42832202,0.3535108949081383,1
614119,643,661,2025-09-13 13:44:19,505.77,US,False,0.5784885464505405,0.3805380802778401,0.23478009,0.5529047957589696,2
614120,209,797,2025-09-13 13:44:20,134.65,US,False,0.3624707722558694,0.3243803356655158,0.32867888,0.3476610985094919,1
614121,5233,685,2025-09-13 13:45:36,247.23,CA,False,0.3274256487184784,0.3541327365240033,0.30658993,0.3445533583476567,1
614122,5300,703,2025-09-13 13:46:19,480.54,US,False,0.5634510331368279,0.4983342767145904,0.546434,0.3914107760184321,1
614123,2991,380,2025-09-13 13:47:55,220.56,US,False,0.4189676518205245,0.2419985664572982,0.21731326,0.3711652118156603,1
614124,1731,317,2025-09-13 13:47:56,87.65,GB,False,0.3871297754772755,0.403137700013592,0.33916998,0.3647097816893953,1
614125,3137,78,2025-09-13 13:49:11,216.41,GB,False,0.5062733790346268,0.4388784668119056,0.2436195,0.3904658714968119,1
614126,2928,595,2025-09-13 13:50:10,1030.7,US,False,0.2415183653537554,0.2785770929561868,0.17461368,0.4916377617111213,2
614127,298,604,2025-09-13 13:50:22,242.95,US,False,0.4894082321224941,0.4388342229474267,0.40287304,0.3516776396139314,1
614128,5815,404,2025-09-13 13:50:57,77.75,CA,False,0.490998548324231,0.4456865871118611,0.42910177,0.3465179835324151,1
614129,1779,194,2025-09-13 13:51:08,2.89,US,False,0.2971467150658187,0.3147395938434757,0.22055475,0.4058841459491225,1
614130,2640,465,2025-09-13 13:53:45,185.9,US,False,0.29398432134264,0.3182495580238262,0.27065375,0.3527810925380883,1
614131,3168,225,2025-09-13 13:55:35,8.46,US,False,0.3555440345861451,0.386624287084192,0.34457397,0.4217528931429464,1
614132,2787,598,2025-09-13 13:55:48,61.56,US,False,0.3096046610095331,0.3439777256638652,0.35973883,0.3457622356094291,1
614133,1426,123,2025-09-13 13:56:49,288.0,CA,False,0.5695729642026409,0.3843876070121748,0.2562949,0.3716282300554855,1
614134,4046,596,2025-09-13 13:58:16,47.8,AU,False,0.4126343912832353,0.3561478636361918,0.3323194,0.3869038515365777,1
614135,5481,587,2025-09-13 14:05:12,172.35,US,False,0.5869277954648796,0.413900793516429,0.26222235,0.3749093122898326,1
614136,4585,238,2025-09-13 14:07:56,55.5,CA,False,0.4910533011158131,0.4037648898984728,0.29678223,0.3487349869053056,1
614137,98,202,2025-09-13 14:08:45,2204.32,DE,False,0.5460076883669278,0.3762496674839227,0.4170356,0.4266269796450671,1
614138,1648,237,2025-09-13 14:10:59,7.33,US,False,0.4072059682641929,0.3967093723223612,0.25620946,0.3868434825535659,1
614139,136,201,2025-09-13 14:13:43,54.82,US,False,0.277969634270319,0.3222273477965731,0.35051572,0.3658420564898063,1
614140,1055,268,2025-09-13 14:13:54,809.25,US,False,0.4900324230376099,0.4618031295295779,0.37060195,0.3789386749391198,1
614141,756,542,2025-09-13 14:16:21,2279.98,US,False,0.6098475976267436,0.3892063902400633,0.41663077,0.4887985946643994,1
614142,886,574,2025-09-13 14:23:53,776.38,US,False,0.3369287801635532,0.354816985446305,0.37920415,0.3605843078815139,1
614143,5482,580,2025-09-13 14:25:59,299.16,US,False,0.5842377930777153,0.4430146151771525,0.42444298,0.4086712633829001,1
614144,1830,500,2025-09-13 14:27:55,465.22,US,False,0.3488499359510296,0.3292206908759713,0.36281034,0.3907639534770082,1
614145,5761,519,2025-09-13 14:28:23,46.07,US,False,0.2944550759657166,0.3126471004860025,0.19732824,0.3669033622267849,1
614146,3651,496,2025-09-13 14:28:51,64.33,US,False,0.5320706378450452,0.4876776623038121,0.59036565,0.4175293210835435,1
614147,1339,340,2025-09-13 14:29:52,164.09,US,False,0.3269171454369357,0.2690840636649346,0.17616577,0.3459158023178396,1
614148,5861,532,2025-09-13 14:31:06,4.63,US,False,0.4723090862096561,0.3999097303553022,0.07471455,0.4853164775582313,1
614149,4707,38,2025-09-13 14:35:05,27.95,US,False,0.4952646113662993,0.4221485745265708,0.35951415,0.3690679274203839,1
614150,4415,667,2025-09-13 14:40:19,25.57,AU,False,0.3830656125176117,0.33395420481029,0.16305788,0.3638641311836444,1
614151,5186,21,2025-09-13 14:40:55,22.02,CA,False,0.4084012772993798,0.3798396986217991,0.45775354,0.392144395708927,1
614152,3527,579,2025-09-13 14:41:02,538.05,GB,False,0.2853230675543837,0.2968022372972694,0.24802235,0.3621590409956632,1
614153,1061,393,2025-09-13 14:43:02,20.73,US,False,0.4216903425608139,0.408200800471543,0.3201807,0.4412277821865689,1
614154,2455,63,2025-09-13 14:44:25,195.92,US,False,0.3086585973344235,0.3007210662434602,0.24015747,0.356649996181172,1
614155,240,95,2025-09-13 14:47:49,539.93,CA,False,0.3209408658367826,0.3042434385620515,0.24225986,0.4711700996213507,2
614156,1915,495,2025-09-13 14:48:22,906.61,US,False,0.5720857776732017,0.4329190481365542,0.5320696,0.4508220114012116,1
614157,1823,251,2025-09-13 14:48:42,7.52,US,False,0.3157706958045769,0.3379857542804846,0.26394102,0.3805094413512111,1
614158,3248,530,2025-09-13 14:51:52,487.22,US,False,0.558728704090328,0.6459870799614678,0.5565331,0.4198684268456816,1
614159,3647,68,2025-09-13 14:52:47,2747.45,US,False,0.5358037495793992,0.3643630494005317,0.3736896,0.4201521444954326,1
614160,2562,593,2025-09-13 14:53:03,198.22,US,False,0.3236030543066892,0.3609196019122534,0.32110557,0.3466229046556287,1
614161,4690,184,2025-09-13 14:53:39,531.21,US,False,0.39953268493807,0.429462356660071,0.34218016,0.3626053997213874,1
614162,177,745,2025-09-13 14:56:44,128.11,US,False,0.422341683747293,0.4700230699273973,0.45654058,0.3593979808700191,1
614163,249,162,2025-09-13 14:58:44,489.12,US,False,0.403884110519599,0.3263229974973911,0.3865379,0.3929533351763292,1
614164,5845,517,2025-09-13 14:59:11,62.5,AU,False,0.3220809281914741,0.341206865734641,0.3380962,0.354009886956209,1
614165,1209,212,2025-09-13 15:00:53,50.18,US,False,0.4284848497312571,0.3991497686869804,0.17833555,0.3553639683343292,1
614166,3716,202,2025-09-13 15:02:28,55.51,US,False,0.4378223157849264,0.4047545706102227,0.3079078,0.3656093093613338,1
614167,4645,787,2025-09-13 15:03:40,141.37,CA,False,0.5084236640496327,0.4211656924180331,0.40293637,0.4822332490748407,2
614168,533,243,2025-09-13 15:03:47,29.76,US,False,0.364982372616515,0.3628144461551128,0.2877999,0.3597124914460759,1
614169,4131,316,2025-09-13 15:04:14,23.51,US,False,0.4954353511126921,0.4237129694468224,0.28980315,0.3667217661467659,1
614170,3076,107,2025-09-13 15:04:16,154.42,US,False,0.3319693988137342,0.3036899125043385,0.25851735,0.3804479726791436,1
614171,2669,443,2025-09-13 15:04:30,1662.76,US,False,0.5130065140468711,0.3765152514900548,0.36171496,0.3891536884139878,1
614172,1055,725,2025-09-13 15:09:02,1261.01,US,False,0.3422982455242604,0.2881212182290328,0.10675224,0.5241003725654759,1
614173,690,629,2025-09-13 15:09:21,33.6,US,False,0.553382705712828,0.5036714916014515,0.6175356,0.3882414572484106,1
614174,5271,731,2025-09-13 15:10:01,409.32,US,False,0.4586051307051998,0.3133066046868271,0.22599152,0.3986681239667894,1
614175,1629,62,2025-09-13 15:13:45,49.32,US,False,0.2903156016405084,0.3129156855437797,0.25720757,0.3591807374689904,1
614176,2456,765,2025-09-13 15:17:23,16.39,US,False,0.5132221579269252,0.5171643500039992,0.582276,0.4281542638360152,1
614177,868,425,2025-09-13 15:19:13,16870.87,US,False,0.641569937502939,0.298713710209559,0.24618763,0.5814456890504954,1
614178,4994,289,2025-09-13 15:20:53,37.68,US,False,0.3253635820392024,0.3458295911839749,0.31118542,0.3590532061237328,1
614179,4824,229,2025-09-13 15:21:21,59.6,US,False,0.5916425034654063,0.4503152483738487,0.4034403,0.3726507140241372,1
614180,5527,614,2025-09-13 15:21:39,1853.19,CA,False,0.53003997454329,0.244398816209636,0.19382495,0.525880148617619,1
614181,4543,25,2025-09-13 15:27:15,116.86,US,False,0.3538856893783891,0.3301427621628428,0.18491702,0.4227383057211674,1
614182,5537,25,2025-09-13 15:27:43,140.76,US,False,0.3470213742562585,0.3681149003575661,0.3427728,0.3460664472020935,1
614183,157,81,2025-09-13 15:29:03,41.47,US,False,0.5657878988719729,0.4633988606663409,0.47276723,0.385565540279951,1
614184,2470,135,2025-09-13 15:30:09,2231.15,US,False,0.3386735861713733,0.2673016880895464,0.22974345,0.4498849176024925,1
614185,3155,92,2025-09-13 15:31:53,1729.07,US,False,0.9559914695817656,0.784648575079603,0.7397325,0.5637002925979266,1
614186,5666,313,2025-09-13 15:38:47,96.4,US,False,0.5080333376516144,0.373959522425624,0.32051608,0.3856167661066497,1
614187,5695,777,2025-09-13 15:38:48,2091.17,US,False,0.4381625981728529,0.1967513102573589,0.084085904,0.42027629128675,1
614188,1747,580,2025-09-13 15:41:44,9.72,US,False,0.4802649773104905,0.3763183407413476,0.11715464,0.4648831169757658,1
614189,2207,79,2025-09-13 15:45:46,1534.07,GB,False,0.466276510230874,0.3896084282113652,0.36838797,0.4275914049838883,1
614190,2868,395,2025-09-13 15:46:14,384.14,US,False,0.4006370082693334,0.303156431001422,0.23136137,0.370987427358502,1
614191,5924,497,2025-09-13 15:47:12,368.35,US,False,0.4701226779015408,0.2695301094779261,0.1788503,0.4548646807446716,1
614192,4380,576,2025-09-13 15:48:19,478.42,US,False,0.3277200313987766,0.2980089414633089,0.3063549,0.3544204493213115,1
614193,2403,511,2025-09-13 15:48:33,47.38,CA,False,0.456078650673495,0.4959307650767074,0.5749475,0.3964575097452213,1
614194,283,518,2025-09-13 15:51:25,639.39,US,False,0.3376001080490228,0.2975137377185129,0.20116882,0.3676832520834444,1
614195,4738,265,2025-09-13 15:51:42,492.5,US,False,0.4170131630624743,0.314491214430404,0.2598882,0.4645537376924974,1
614196,3245,681,2025-09-13 15:52:22,943.2,US,False,0.5353751696759234,0.4934019024806152,0.51606625,0.4005953070233949,1
614197,5356,682,2025-09-13 15:52:45,273.48,GB,False,0.372802053506288,0.314680647983369,0.33202857,0.4023178829712944,1
614198,1310,619,2025-09-13 15:55:13,220.41,CA,False,0.4569246290321074,0.3987237404415416,0.41116253,0.4780297135654625,2
614199,77,36,2025-09-13 15:55:44,388.13,CA,False,0.439232382880622,0.4239869675279759,0.47553906,0.3784841383966307,1
614200,1879,26,2025-09-13 15:56:34,793.16,US,False,0.560642599829815,0.3376610781872001,0.30670306,0.5147872095831699,2
614201,669,593,2025-09-13 15:57:07,18.9,US,False,0.3595343224180301,0.3322378148421394,0.3171091,0.3623527152815959,1
614202,3282,108,2025-09-13 15:57:25,337.28,US,False,0.4176445544380335,0.4243215444681422,0.3901472,0.3514893961420239,1
614203,2582,81,2025-09-13 16:00:00,111.44,US,False,0.5275137519074365,0.456831772330831,0.37278634,0.3629855486929458,1
614204,2019,104,2025-09-13 16:00:42,32.59,US,False,0.3677820676811536,0.3449605712123162,0.37972388,0.3969982855399425,1
614205,4373,102,2025-09-13 16:02:44,660.92,US,False,0.4622039631836063,0.3301702632821179,0.32516637,0.3723794798091268,1
614206,3847,7,2025-09-13 16:04:16,53.21,US,False,0.4304403829610819,0.4499252983538001,0.28048924,0.3638384867474194,1
614207,801,616,2025-09-13 16:04:20,999.53,US,False,0.4207089754523986,0.3096871013845451,0.21775773,0.4056633506405352,1
614208,3271,65,2025-09-13 16:06:13,830.91,US,False,0.5042810817940705,0.4237440097036726,0.33688393,0.3775138720186027,1
614209,5782,711,2025-09-13 16:08:48,92.68,US,False,0.3110945641755225,0.3569204963781442,0.22224092,0.351786273407093,1
614210,653,605,2025-09-13 16:12:42,43.78,US,False,0.4918075044145013,0.4662126850038208,0.42229593,0.3589659078661815,1
614211,5523,232,2025-09-13 16:13:48,524.59,GB,False,0.466516302118982,0.3990695208107908,0.33261353,0.3589370221242701,1
614212,5529,303,2025-09-13 16:14:14,49.48,US,True,0.3633829044711467,0.3583440919091583,0.40556854,0.4775012986055953,2
614213,4443,100,2025-09-13 16:14:24,16.51,US,False,0.3565693692383398,0.3685857165026505,0.33731514,0.3864667821309822,1
614214,856,422,2025-09-13 16:14:46,66.54,US,False,0.4312721596127651,0.4610622637149454,0.42493105,0.3500636900017566,1
614215,4859,771,2025-09-13 16:16:00,202.54,US,False,0.6254991906340192,0.4988775449915464,0.59011155,0.3865171039286688,1
614216,5115,20,2025-09-13 16:16:19,675.16,US,False,0.4499779658456288,0.42398515978201,0.4017015,0.3945015958041882,1
614217,3594,133,2025-09-13 16:18:14,13.55,US,True,0.3076875347821742,0.3422511480430278,0.30652618,0.3769393312475845,1
614218,3077,655,2025-09-13 16:19:10,173.54,US,False,0.4776403159339453,0.4248300229211676,0.39742482,0.3519982945784868,1
614219,4908,325,2025-09-13 16:21:27,547.87,US,False,0.6801542183285265,0.4362658377801717,0.42062184,0.4008340178101078,1
614220,412,317,2025-09-13 16:26:29,43.96,US,False,0.386450955779529,0.3946217260008574,0.33355528,0.4801197471125882,2
614221,2942,293,2025-09-13 16:28:00,154.94,US,False,0.512373945973084,0.4391548763767176,0.4563698,0.3591154640340619,1
614222,3377,666,2025-09-13 16:28:52,74.24,US,False,0.4575607490034903,0.3960863007246477,0.37706402,0.3469799906272256,1
614223,392,79,2025-09-13 16:31:24,7.5,US,False,0.4123368522393433,0.4002873382196663,0.2777996,0.4712236202141338,1
614224,1403,198,2025-09-13 16:32:21,35.08,US,False,0.4251674041736316,0.462863416886418,0.4251951,0.3669283413760067,1
614225,2455,382,2025-09-13 16:32:37,206.14,US,False,0.4810546792421364,0.4386823919303503,0.47694722,0.3849658509213188,1
614226,4832,564,2025-09-13 16:33:10,29.15,US,False,0.5160469780814354,0.4638646630202173,0.38823932,0.390503599618874,1
614227,5402,698,2025-09-13 16:34:31,4.41,US,False,0.2977158306674691,0.3511913972836037,0.38274074,0.3983776491448788,1
614228,2551,165,2025-09-13 16:35:07,134.67,US,False,0.4630463711800476,0.3551070507906943,0.29632497,0.3524297168469391,1
614229,4957,473,2025-09-13 16:35:31,13.44,US,False,0.2879361803962848,0.3436049194251818,0.31555015,0.3771367273912434,1
614230,506,419,2025-09-13 16:40:13,44.09,US,False,0.4825889707444658,0.3374785607266214,0.24529424,0.3732211367083444,1
614231,1932,640,2025-09-13 16:42:32,12030.04,US,False,0.9731546025340448,0.8082842711226711,0.95748854,0.6815455701500197,1
614232,1815,699,2025-09-13 16:43:45,200.72,DE,False,0.439402405164105,0.3217121395864512,0.29766443,0.3613738256947504,1
614233,1776,531,2025-09-13 16:46:23,506.51,US,False,0.5100936084360541,0.4232850931296737,0.3225707,0.3653992380680042,1
614234,141,673,2025-09-13 16:48:08,894.88,US,False,0.3557455450035142,0.3197405382220227,0.2125901,0.3665166637347574,1
614235,3586,101,2025-09-13 16:48:15,528.29,US,False,0.5275949514927468,0.4461817798178459,0.4515765,0.3732871548952449,1
614236,1057,258,2025-09-13 16:49:19,31.48,US,False,0.3168471515648867,0.3342816729739953,0.2597783,0.3663101706044738,1
614237,3345,393,2025-09-13 16:49:36,2060.61,CA,False,0.4831466491305122,0.3698984590115092,0.38734952,0.3975431154393508,1
614238,581,365,2025-09-13 16:49:39,274.69,GB,False,0.2883440466030887,0.2876998706268148,0.14305948,0.3535486581009937,1
614239,4538,98,2025-09-13 16:51:25,671.31,US,False,0.3962241936827699,0.378240707803366,0.3502528,0.3587780234199536,1
614240,1254,564,2025-09-13 16:52:38,127.16,US,False,0.692963546573798,0.4497257716042571,0.50185204,0.3982215069840673,1
614241,4317,401,2025-09-13 16:54:28,543.4,US,False,0.4775944410429315,0.2732964989325063,0.12630767,0.3994328334257667,1
614242,4684,102,2025-09-13 16:55:43,1187.4,US,False,0.3980635332386023,0.3524160026591517,0.34767374,0.3765040352989185,1
614243,4612,191,2025-09-13 16:57:33,33.55,US,False,0.7252717770975363,0.4473139872899118,0.49316618,0.521847489899453,1
614244,5464,761,2025-09-13 16:59:07,199.41,US,False,0.3977911541989256,0.3537026710896829,0.32836768,0.4669613716982531,2
614245,644,625,2025-09-13 17:00:19,55.42,US,False,0.4287121323007824,0.4191223720181072,0.33739042,0.4793176904196336,2
614246,3190,46,2025-09-13 17:01:44,4.22,US,False,0.2923112233718483,0.2656888875553609,0.07811497,0.4100373235750664,1
614247,1532,142,2025-09-13 17:03:56,2223.62,US,False,0.4615740897594251,0.3287273092779194,0.17564027,0.4090160423163018,1
614248,1922,178,2025-09-13 17:05:23,2125.57,US,False,0.4215284477972074,0.3856827516959435,0.35756883,0.4046788694008652,1
614249,5447,2,2025-09-13 17:05:53,310.91,US,False,0.3528632547848775,0.3435707053998874,0.3072817,0.3880384913463575,1
614250,3456,365,2025-09-13 17:06:27,875.07,US,False,0.3895462558268119,0.3210240370010013,0.24874344,0.3694289512945696,1
614251,32,15,2025-09-13 17:06:54,860.44,US,False,0.5321234531926994,0.2775798826369358,0.108060956,0.4105423488638997,1
614252,4582,184,2025-09-13 17:08:20,3881.77,US,False,0.5038976904110166,0.4190706655139193,0.33479962,0.4836710508926833,1
614253,872,406,2025-09-13 17:10:41,160.73,US,False,0.4104854038193999,0.4227379585939991,0.35675737,0.3483077877584469,1
614254,4388,232,2025-09-13 17:11:36,111.48,US,False,0.384285199653272,0.4411358296214872,0.31931666,0.3874588555556038,1
614255,4422,246,2025-09-13 17:11:45,17.43,US,False,0.5352284494558844,0.4602317952661728,0.48108137,0.4162014104548287,1
614256,807,495,2025-09-13 17:14:02,259.37,US,False,0.7118369688903498,0.4425867313010736,0.48202226,0.4173190948660852,1
614257,3398,401,2025-09-13 17:16:07,37.57,CA,False,0.3167704249723363,0.3054468054249256,0.24446422,0.3767917879321113,1
614258,3964,53,2025-09-13 17:16:48,342.0,US,False,0.4027653324485153,0.4225508988662804,0.42169178,0.3525485509628431,1
614259,4330,408,2025-09-13 17:18:01,168.33,US,False,0.2858157310056828,0.3228656340873189,0.330993,0.3549567396067037,1
614260,2973,272,2025-09-13 17:18:33,289.61,US,False,0.4142643909554408,0.3241127618969017,0.36672536,0.3700135677392742,1
614261,4513,373,2025-09-13 17:19:46,148.94,US,False,0.5668442461334869,0.4698590105037366,0.5201299,0.4447322637786839,1
614262,3439,431,2025-09-13 17:19:55,106.92,US,False,0.3608318528200746,0.3275155054896334,0.3084691,0.3453673829898431,1
614263,1916,649,2025-09-13 17:20:43,109.51,US,False,0.3307410228619242,0.3731767842004166,0.32957986,0.356268361883234,1
614264,3149,15,2025-09-13 17:24:38,1854.68,US,False,0.57915282748427,0.5848341136741085,0.48272523,0.4598654285304144,1
614265,815,74,2025-09-13 17:26:44,146.44,US,False,0.4474181187546867,0.4725535953186963,0.53981096,0.3527764807414407,1
614266,4104,607,2025-09-13 17:28:03,584.31,US,False,0.2836205578472143,0.3206732585864305,0.3111847,0.3600771967323393,1
614267,4671,406,2025-09-13 17:28:08,209.14,US,False,0.5838191874357865,0.4230154176276108,0.3351901,0.4641540111351818,1
614268,3998,379,2025-09-13 17:35:56,293.42,US,False,0.3771338819102826,0.3449309270915016,0.33133477,0.3489013411478107,1
614269,878,92,2025-09-13 17:38:08,130.38,US,False,0.3921600354773866,0.3335477791875024,0.26611528,0.3492378162954245,1
614270,2610,239,2025-09-13 17:38:34,103.12,CA,False,0.4163420695209713,0.3611088321449675,0.4218039,0.3465527243241046,1
614271,5931,105,2025-09-13 17:41:37,18.24,US,False,0.5871719201464254,0.4522165410682117,0.39833137,0.4224825522940545,1
614272,1200,267,2025-09-13 17:44:07,472.24,US,False,0.5160212989299948,0.4202729339196885,0.48951882,0.3631960722788218,1
614273,2546,755,2025-09-13 17:44:26,54.56,US,False,0.6992757536709109,0.4915682652804286,0.48099658,0.4486224118759821,1
614274,5607,490,2025-09-13 17:45:47,1594.76,GB,False,0.5541798886854336,0.4296166860404389,0.46335757,0.4334461735401317,1
614275,829,192,2025-09-13 17:48:11,863.3,US,False,0.4516529058431177,0.396270172114599,0.46165118,0.4102668022717799,1
614276,4159,159,2025-09-13 17:49:20,59.0,US,False,0.4458734992832524,0.4468678231679008,0.47142944,0.3720476144939854,1
614277,373,537,2025-09-13 17:49:51,281.45,US,False,0.329894738990483,0.2557561985816073,0.1862892,0.383919633282779,1
614278,929,10,2025-09-13 17:50:46,166.07,US,False,0.7698587293473889,0.7270512130472487,0.81251264,0.4695347388494878,1
614279,4940,339,2025-09-13 17:51:00,420.7,US,False,0.4836616007957267,0.4312720120650312,0.4301064,0.3564948316574813,1
614280,4499,763,2025-09-13 17:52:06,124.62,GB,False,0.4655675053434148,0.43010573685592,0.3197275,0.359197626331032,1
614281,3419,396,2025-09-13 17:59:10,626.33,US,False,0.3910381155097726,0.3092692198952321,0.24950555,0.3785266555410403,1
614282,3962,16,2025-09-13 17:59:45,2343.65,US,False,0.3401778863256529,0.3213537268459236,0.29355648,0.4048442024454582,1
614283,585,647,2025-09-13 17:59:47,9.62,US,False,0.4327881815817292,0.3943038150848974,0.31281248,0.4151685499193414,1
614284,884,190,2025-09-13 18:02:11,264.76,GB,False,0.5658353370119862,0.4535994155447817,0.48536533,0.4126471347203118,1
614285,703,770,2025-09-13 18:03:31,134.38,US,False,0.3195194275966656,0.341074118196961,0.16223232,0.4612413120947154,2
614286,968,229,2025-09-13 18:04:04,69.9,US,False,0.4466672144879505,0.4485403799501754,0.391855,0.3572373946223909,1
614287,5831,729,2025-09-13 18:06:16,8319.18,US,False,0.7435711350767024,0.5817105958492587,0.42554516,0.5661053808254605,1
614288,4449,446,2025-09-13 18:06:30,228.16,US,False,0.4018536447555837,0.3598485107366677,0.3495657,0.3515096680213641,1
614289,5166,609,2025-09-13 18:07:38,174.48,US,False,0.3548662296356292,0.3242147711472408,0.18605307,0.3482984143751357,1
614290,2277,231,2025-09-13 18:10:15,95.7,US,False,0.4641356357847764,0.4378398340878923,0.3615236,0.3528838420600747,1
614291,556,441,2025-09-13 18:12:11,188.69,US,False,0.5019493282609521,0.4478572315468173,0.4370233,0.3661418483491409,1
614292,2892,449,2025-09-13 18:12:22,140.66,US,False,0.7018461422822517,0.736782214701595,0.73837686,0.4573047271587907,1
614293,4112,594,2025-09-13 18:15:05,36.42,US,False,0.4426277288484168,0.4576678396023874,0.3961595,0.373592754673702,1
614294,5352,133,2025-09-13 18:17:51,217.77,US,False,0.3595242838604315,0.266229840490679,0.2762872,0.3878459225725574,1
614295,1691,742,2025-09-13 18:18:28,120.31,US,False,0.4662516959698637,0.4598131156116571,0.41173038,0.3638122916385323,1
614296,1978,349,2025-09-13 18:19:15,682.51,US,False,0.3696130665039422,0.3519224494535242,0.30718926,0.3642868757642468,1
614297,5540,12,2025-09-13 18:20:49,468.74,US,False,0.535514523646229,0.3618996296575213,0.20745723,0.3687848423005094,1
614298,3472,660,2025-09-13 18:25:12,2255.5,US,False,0.5409974684163368,0.2892345668601622,0.17396456,0.4841609507812312,1
614299,842,643,2025-09-13 18:25:54,367.19,US,False,0.5011825811210365,0.4310372169690981,0.4055988,0.3669912309751603,1
614300,1093,677,2025-09-13 18:26:09,283.42,US,False,0.5231384400115496,0.4637052059880499,0.46437833,0.4281033690028323,1
614301,4175,35,2025-09-13 18:27:18,1029.48,US,False,0.5346536848826909,0.3896654304888023,0.59626085,0.3811234324923637,1
614302,1720,345,2025-09-13 18:27:41,658.98,US,False,0.3156966987900684,0.302465229385092,0.2556249,0.4110066634915017,1
614303,4704,439,2025-09-13 18:30:35,53.64,US,False,0.3406765553400996,0.2643048870634026,0.16368961,0.3535841758296826,1
614304,3832,370,2025-09-13 18:34:41,149.93,AU,False,0.4570820975797294,0.4479036398245507,0.386182,0.3825608955700806,1
614305,2662,118,2025-09-13 18:36:00,1518.25,US,False,0.5057276697628179,0.4513633912653351,0.7006523,0.4160834604108018,1
614306,69,536,2025-09-13 18:36:14,573.71,US,False,0.4399485284851723,0.3151557851305694,0.1694475,0.3866715458539684,1
614307,3853,325,2025-09-13 18:36:50,36.04,US,False,0.4704007750707804,0.447221349522288,0.4346941,0.3638175977457309,1
614308,1333,253,2025-09-13 18:37:47,1113.53,US,False,0.5467435138650064,0.3772066941850475,0.1924241,0.3923085880034876,1
614309,366,617,2025-09-13 18:39:18,33.17,US,False,0.4012774826292758,0.3489178426181692,0.22033088,0.3599242686278289,1
614310,5936,297,2025-09-13 18:44:32,411.92,US,False,0.4435455290360939,0.3157706954379121,0.38842997,0.3832026928109844,1
614311,3284,159,2025-09-13 18:45:52,128.52,US,False,0.6033759545699875,0.7284534621672897,0.7960446,0.4064643909745985,1
614312,191,401,2025-09-13 18:49:19,68.26,US,False,0.3460715937102813,0.3050203966802015,0.27485105,0.3717336724943647,1
614313,307,331,2025-09-13 18:49:49,49.42,US,False,0.5991661162987594,0.5181961730716452,0.6455424,0.4273963223150634,1
614314,3812,291,2025-09-13 18:50:05,151.36,US,False,0.3341866404719194,0.2834785586473268,0.18309398,0.3546586057495284,1
614315,1887,720,2025-09-13 18:52:09,632.0,US,False,0.3128677337552472,0.3447444681196664,0.31252575,0.3712709978451915,1
614316,4531,186,2025-09-13 18:52:11,15.89,US,False,0.4277923741083674,0.4079517456065789,0.42203277,0.3681940489446886,1
614317,1876,391,2025-09-13 18:55:33,204.25,US,False,0.393559116979232,0.3351989995443933,0.34146732,0.361730425520581,1
614318,5289,453,2025-09-13 18:57:01,568.28,US,False,0.5897781280025088,0.4831835404158177,0.5941197,0.419422676943064,1
614319,4492,211,2025-09-13 18:57:40,115.93,US,False,0.618707912593257,0.3774362885198445,0.26957825,0.3917887337433836,1
614320,2157,712,2025-09-13 18:57:43,94.72,US,False,0.4197138088375577,0.2993860988566048,0.26034155,0.3554896872012766,1
614321,2529,213,2025-09-13 18:58:45,476.9,US,False,0.5585618534968504,0.4527699670166916,0.41872182,0.3807506784652849,1
614322,4155,231,2025-09-13 19:00:58,1439.52,US,False,0.6865918154252627,0.6845732599496624,0.76039773,0.5126470154892623,1
614323,2113,32,2025-09-13 19:02:19,102.03,US,False,0.3833551697294117,0.3751042961313863,0.34974515,0.354967695331806,1
614324,4574,373,2025-09-13 19:02:48,42.78,AU,False,0.5471898876030741,0.524631239845199,0.6107951,0.3976523930484796,1
614325,5896,728,2025-09-13 19:05:55,119.67,US,False,0.397988252990313,0.3279384640599471,0.31861377,0.3723078639229321,1
614326,5358,279,2025-09-13 19:06:09,56.13,US,False,0.3162143286397968,0.2903256579445734,0.23380303,0.4038281869048838,1
614327,3736,607,2025-09-13 19:07:05,14.63,US,False,0.2963879973980988,0.3230399363575489,0.35323977,0.3744420617933302,1
614328,1713,26,2025-09-13 19:08:12,456.17,GB,False,0.4974825633118727,0.4020899577909787,0.49773678,0.4238888554300019,1
614329,4062,47,2025-09-13 19:09:42,41.46,US,False,0.3130825664229236,0.3437866876754871,0.4026794,0.3580641056186728,1
614330,5968,413,2025-09-13 19:10:00,230.37,US,False,0.4919305119771094,0.4054702671036231,0.29585457,0.3657916326096457,1
614331,729,340,2025-09-13 19:12:29,88.79,US,False,0.2836423106386777,0.2972899782503823,0.20182194,0.3594790882632547,1
614332,1209,11,2025-09-13 19:15:56,110.71,US,False,0.5366844798903789,0.3880714724981328,0.246748,0.3977218738946348,1
614333,329,567,2025-09-13 19:16:56,1234.79,US,False,0.6045515481102068,0.3517885115459053,0.26697418,0.408067809944781,1
614334,5470,98,2025-09-13 19:16:58,268.39,US,False,0.3352574808197723,0.3693211690363831,0.31634218,0.3572487666323357,1
614335,5932,322,2025-09-13 19:17:13,9.86,US,False,0.385351174704041,0.3683291133281733,0.35197383,0.387907872428453,1
614336,2076,76,2025-09-13 19:17:52,711.56,US,False,0.4319607897315941,0.2970583480175674,0.2621303,0.3657951655506609,1
614337,2957,399,2025-09-13 19:20:41,735.94,US,False,0.5979734135809629,0.382397643062339,0.43442538,0.3934017210762879,1
614338,818,567,2025-09-13 19:21:05,517.48,US,False,0.5257418406959081,0.4196347271316818,0.32652622,0.3737844116193002,1
614339,2237,328,2025-09-13 19:21:23,49.97,US,False,0.4657350092438669,0.4187297012646397,0.41777992,0.3803464662931063,1
614340,5600,245,2025-09-13 19:22:27,66.53,US,False,0.4162032659968755,0.3387446795475541,0.34014267,0.3679186426464668,1
614341,2914,627,2025-09-13 19:25:31,118.16,NG,False,0.4260223619861261,0.3584053360258095,0.30494148,0.5560269714144456,1
614342,3970,270,2025-09-13 19:26:50,1217.09,US,False,0.4518994671037085,0.343983771715303,0.29480082,0.387188946740682,1
614343,4452,614,2025-09-13 19:27:13,52.32,US,False,0.3249059149549559,0.3414159131872026,0.34109917,0.360463577895793,1
614344,5151,468,2025-09-13 19:27:34,66.42,US,False,0.2931177764831107,0.2954564318013299,0.25473928,0.3537182253110736,1
614345,4855,780,2025-09-13 19:28:03,24.19,GB,False,0.3736761064288961,0.3685256043805429,0.37356672,0.3653699503597695,1
614346,4443,326,2025-09-13 19:33:35,23.93,US,False,0.3884745646574511,0.3748428237275235,0.36541253,0.4008913212044475,1
614347,2747,283,2025-09-13 19:39:06,455.94,US,False,0.4651497984663669,0.3519058014107522,0.45576775,0.3865133590395273,1
614348,1424,571,2025-09-13 19:40:01,52.13,US,False,0.30487273701589,0.3374410427034233,0.34589338,0.3594591989952688,1
614349,4493,263,2025-09-13 19:41:25,2132.22,GB,False,0.376545476649062,0.244754082900118,0.12569043,0.4444479124214211,1
614350,1688,618,2025-09-13 19:41:45,113.54,US,False,0.4838399428863967,0.4046509500414111,0.31527114,0.4401611260482396,1
614351,5940,181,2025-09-13 19:42:44,464.42,US,False,0.3642194164278302,0.3338510266569108,0.3252392,0.3822816861384318,1
614352,4188,740,2025-09-13 19:42:47,294.26,US,False,0.3603831971913382,0.3199932247131543,0.2749616,0.3587144133864319,1
614353,1571,338,2025-09-13 19:45:44,32.37,US,False,0.3912960636574272,0.4117585567442139,0.31062773,0.3756300658163926,1
614354,580,20,2025-09-13 19:50:15,78.91,US,False,0.5164239642937538,0.4514330686835601,0.43013507,0.397827894538638,1
614355,5037,306,2025-09-13 19:50:48,623.83,US,False,0.541813214574345,0.3959620889558849,0.397899,0.3874569170895051,1
614356,49,165,2025-09-13 19:51:27,93.8,US,False,0.3697924929524623,0.3579556236994079,0.3681119,0.3552145413942703,1
614357,1224,752,2025-09-13 19:51:44,2706.54,RU,False,0.4654756121757875,0.2146290542184709,0.17497322,0.5847649396484701,1
614358,1213,265,2025-09-13 19:52:47,159.71,US,False,0.5212197768037778,0.3550779644847879,0.32928905,0.3755485976739792,1
614359,4918,758,2025-09-13 19:56:17,299.66,CA,False,0.4606475390634443,0.4540446288408087,0.37072736,0.3555765750928276,1
614360,147,357,2025-09-13 19:57:58,139.0,US,False,0.4074246436463031,0.4431470406030428,0.41929144,0.3588858520883375,1
614361,670,405,2025-09-13 19:58:32,82.39,US,False,0.3519727366229093,0.3009136165405293,0.24217145,0.4266781882614212,1
614362,4367,634,2025-09-13 19:59:17,171.19,US,False,0.565618745969005,0.4639182848008152,0.38166273,0.4051161235106397,1
614363,4178,478,2025-09-13 19:59:29,221.79,CA,False,0.3958191157545957,0.3801146564387642,0.25786185,0.4706224391485218,2
614364,4830,75,2025-09-13 19:59:52,17.64,GB,False,0.3742342416440327,0.3489191699015757,0.32305598,0.4042828104688246,1
614365,1179,57,2025-09-13 19:59:55,537.69,DE,False,0.4340314666945307,0.2994301452357795,0.3147992,0.3876589072038248,1
614366,1308,688,2025-09-13 20:03:33,156.47,US,False,0.7331763200178286,0.6899901313569322,0.50817436,0.4387901958916334,1
614367,2078,762,2025-09-13 20:04:23,528.75,US,False,0.3348132055673967,0.2614745285862565,0.16497493,0.3699189405402081,1
614368,435,411,2025-09-13 20:04:55,223.63,AU,False,0.6774907598591194,0.4790762209518974,0.6568409,0.4337438872259573,1
614369,5432,531,2025-09-13 20:06:21,348.99,CA,False,0.5105113313087836,0.4298310052657788,0.43766406,0.4070485085970111,1
614370,1603,28,2025-09-13 20:09:58,121.6,US,False,0.4125713747235828,0.4708498743041666,0.52545273,0.3752681777240221,1
614371,617,759,2025-09-13 20:11:50,125.38,US,False,0.2777281313158919,0.3050657626971755,0.22320257,0.3622651717693675,1
614372,600,475,2025-09-13 20:13:52,134.21,US,False,0.3411091248313049,0.3098481245735203,0.29559007,0.3558219371080446,1
614373,1915,112,2025-09-13 20:15:38,1247.82,US,False,0.4615155700895016,0.2283327318035252,0.16945022,0.5031693763622073,1
614374,1744,669,2025-09-13 20:16:51,352.32,US,False,0.4993719338925648,0.3329925172273019,0.21780626,0.4618635185993982,1
614375,3054,348,2025-09-13 20:17:33,47.9,AU,False,0.5025600209337691,0.4748904021513599,0.4013317,0.3813462159489931,1
614376,5657,775,2025-09-13 20:18:51,743.56,GB,False,0.4312125969113761,0.2762637025606868,0.25426984,0.4167699121940383,1
614377,545,303,2025-09-13 20:20:15,56.68,GB,False,0.3947283849226585,0.3689904230051803,0.39369318,0.3572115133364346,1
614378,5875,112,2025-09-13 20:21:10,390.04,CA,False,0.32593374056802,0.2817330457818774,0.15231386,0.3678193390795606,1
614379,5373,530,2025-09-13 20:21:32,18.6,AU,False,0.2984564858745042,0.3356436344458672,0.26437184,0.3777954509501113,1
614380,2239,139,2025-09-13 20:22:03,230.03,US,False,0.6572382802045778,0.7085755514402742,0.7851025,0.4209414536130456,1
614381,804,363,2025-09-13 20:25:46,71.35,US,False,0.4113804394284603,0.3504137806359187,0.35573336,0.3625108465830399,1
614382,889,345,2025-09-13 20:27:13,79.67,US,False,0.3196164459190111,0.3059393687335178,0.25128448,0.3550746217148927,1
614383,1885,531,2025-09-13 20:27:22,41.05,US,False,0.4700726151082536,0.4930452097376833,0.54853517,0.3806668424281471,1
614384,4092,626,2025-09-13 20:28:02,1312.71,US,False,0.3057248681928325,0.274614660968184,0.1738995,0.3980001154269337,1
614385,3630,731,2025-09-13 20:28:13,354.77,US,False,0.3801288203390519,0.3288838976175567,0.24041273,0.365509052118149,1
614386,5631,564,2025-09-13 20:28:29,2360.67,GB,False,0.4942774475251915,0.4440283978565722,0.50992125,0.4376556865702128,1
614387,629,669,2025-09-13 20:28:55,238.13,US,False,0.396112470663195,0.3621033307509946,0.3754527,0.3580348802536887,1
614388,5584,319,2025-09-13 20:29:10,137.42,US,False,0.5061289667571076,0.4756555921868191,0.5047199,0.4082550513720195,1
614389,5269,652,2025-09-13 20:29:51,189.4,US,False,0.3404048018930863,0.3534563009016424,0.32455212,0.3643622987177988,1
614390,5928,210,2025-09-13 20:30:03,1886.43,US,False,0.8112069422753839,0.5889420229825496,0.38891247,0.5498560137213583,1
614391,1556,341,2025-09-13 20:30:25,190.27,US,False,0.2698221393753748,0.3047576847892,0.19449356,0.3666844360348495,1
614392,1093,475,2025-09-13 20:33:16,567.24,US,False,0.4204500739560646,0.2965985918968754,0.32451302,0.4138134628025222,1
614393,4580,29,2025-09-13 20:36:57,295.15,US,False,0.4893284244785161,0.4610470894505985,0.45867205,0.3687792428467969,1
614394,4201,514,2025-09-13 20:37:07,385.81,US,False,0.4016889247482534,0.2954848256871394,0.25924847,0.3646168952217981,1
614395,3761,656,2025-09-13 20:38:17,44.93,GB,False,0.4150175388350107,0.306048854789849,0.1974497,0.3628837356924743,1
614396,5464,187,2025-09-13 20:44:20,76.56,US,False,0.2991731176632739,0.3141315435643881,0.21913879,0.5067522543125105,2
614397,3006,84,2025-09-13 20:46:12,41.38,US,False,0.3735297522348075,0.2956424021647106,0.1893593,0.3675533222528347,1
614398,5353,695,2025-09-13 20:50:18,31.03,US,False,0.4721206860918821,0.4445894323952696,0.33954296,0.3803987597556097,1
614399,4634,624,2025-09-13 20:50:34,207.67,US,False,0.5710834669437476,0.504902775958628,0.5434083,0.4260331405514853,1
614400,5622,609,2025-09-13 20:54:20,45.62,AU,False,0.3318331245542256,0.3445969266734673,0.2664993,0.4117348339769905,1
614401,4951,239,2025-09-13 20:54:56,65.61,US,False,0.4600280835886116,0.3765680562307825,0.34819594,0.3931891338755035,1
614402,4962,753,2025-09-13 20:56:11,56.08,US,False,0.3711823229124988,0.3518662820642295,0.3512398,0.472618346866799,1
614403,1123,382,2025-09-13 20:56:34,65.94,DE,False,0.5568014520678846,0.3574513533339035,0.328498,0.5399353841787823,1
614404,1851,522,2025-09-13 20:59:03,256.43,US,False,0.3952051779033277,0.2828749787986248,0.10088762,0.3699906639368002,1
614405,2002,257,2025-09-13 21:00:14,398.81,US,False,0.858049843838758,0.9010406368416062,0.9433587,0.504388086022915,1
614406,4195,326,2025-09-13 21:00:31,800.46,US,False,0.5578909694129578,0.6648172561869751,0.7367213,0.4256165116241329,1
614407,3309,726,2025-09-13 21:01:51,18.1,US,False,0.409686566912854,0.3587539924778782,0.411084,0.3806828371606524,1
614408,5732,239,2025-09-13 21:02:42,366.06,US,False,0.4999614980141713,0.3521640343150325,0.31305146,0.3730764236037416,1
614409,1652,456,2025-09-13 21:03:53,197.59,US,False,0.3546486547148671,0.3037309869416594,0.20234814,0.3618388605409326,1
614410,2297,678,2025-09-13 21:04:47,243.12,US,False,0.5294092791299456,0.4885574379816171,0.39795223,0.3990924704409138,1
614411,2502,332,2025-09-13 21:05:11,45.38,US,False,0.318263884075756,0.3109548284503865,0.27396092,0.4255912027614653,1
614412,1217,145,2025-09-13 21:06:22,480.79,US,False,0.4273951434942525,0.4003619786479724,0.32857287,0.3744127210973971,1
614413,1421,468,2025-09-13 21:06:27,82.65,US,False,0.400542138886,0.2908259581589195,0.26918146,0.5066734675154617,2
614414,264,487,2025-09-13 21:06:40,558.48,US,False,0.699355259193759,0.6133651929005424,0.76428825,0.4391105930150054,1
614415,1489,609,2025-09-13 21:08:12,492.98,US,False,0.3193266749713491,0.3227067967080244,0.14816976,0.3806827998424031,1
614416,3694,794,2025-09-13 21:10:57,496.24,US,False,0.6866981018241686,0.797090491503658,0.8282082,0.4635807876802902,1
614417,1076,668,2025-09-13 21:15:36,931.63,US,False,0.415911845872372,0.3996083652949923,0.22220957,0.3841615428373283,1
614418,4042,662,2025-09-13 21:21:13,190.56,US,False,0.5645618936956986,0.4460150170534995,0.4642381,0.3744831627084721,1
614419,5603,460,2025-09-13 21:21:36,364.08,CA,False,0.6533633112089566,0.3454370231535621,0.16842042,0.4322648926556994,1
614420,206,753,2025-09-13 21:21:45,12.42,US,False,0.3482576680053884,0.3569874054470211,0.33496395,0.3840955803411536,1
614421,4633,689,2025-09-13 21:21:58,82.65,US,False,0.5704122928431306,0.50542034461768,0.43172365,0.3937403724001881,1
614422,5591,68,2025-09-13 21:22:47,13.87,AU,False,0.4358626654603771,0.4317221950918485,0.29597268,0.3818400053213586,1
614423,1619,670,2025-09-13 21:25:29,210.21,US,False,0.5363195772544729,0.4795240984896777,0.39132914,0.3887827757449193,1
614424,1425,647,2025-09-13 21:28:54,36.96,US,False,0.4324831729188468,0.4134356039233108,0.3738876,0.3758956415405467,1
614425,3593,650,2025-09-13 21:28:59,25.82,US,False,0.3579638088125593,0.336069558465166,0.25722578,0.3733925913469469,1
614426,473,140,2025-09-13 21:31:33,357.23,US,False,0.3021403787659202,0.2939076247090711,0.16612373,0.4785812143447287,2
614427,2187,689,2025-09-13 21:31:40,168.21,US,False,0.5435198372641399,0.4765734196506022,0.48499548,0.395009380231801,1
614428,4213,708,2025-09-13 21:32:07,16.86,US,False,0.351952608023854,0.3572118727199944,0.35520002,0.3902369115009123,1
614429,4324,119,2025-09-13 21:34:18,417.27,US,False,0.5338388836014509,0.4118815928307784,0.40438142,0.385602303930104,1
614430,4120,567,2025-09-13 21:35:21,107.15,US,False,0.4457396736662084,0.4004891430397813,0.3406293,0.3986205494012008,1
614431,5265,243,2025-09-13 21:35:30,51.48,US,False,0.4123517264332387,0.3544145193444036,0.34335047,0.3651303465323678,1
614432,5281,720,2025-09-13 21:35:44,123.09,US,False,0.3042554821952665,0.314640417487752,0.16650443,0.3746838168130536,1
614433,5896,458,2025-09-13 21:40:41,16.53,US,False,0.3654415830190959,0.3318932333664682,0.30341828,0.4316137916546649,1
614434,1644,650,2025-09-13 21:44:59,99.84,GB,False,0.3480607100833567,0.3640724624877022,0.4026389,0.3594821782653713,1
614435,3731,10,2025-09-13 21:49:35,2489.08,US,False,0.4976994011340839,0.4010900000814379,0.4740686,0.4197923793603247,1
614436,983,244,2025-09-13 21:51:23,8.12,US,False,0.3338295344529056,0.3384499204162923,0.29332185,0.3923137419112279,1
614437,4628,517,2025-09-13 21:54:08,2708.8,US,False,0.4351803012099027,0.3218749232466808,0.13016367,0.5244671179665676,1
614438,4305,609,2025-09-13 21:57:25,587.77,US,False,0.4247321656984422,0.3503441032522643,0.26490736,0.3844115790764185,1
614439,471,231,2025-09-13 22:03:07,295.85,US,False,0.612144760559901,0.3518465510585195,0.27128616,0.5238035505651425,2
614440,133,190,2025-09-13 22:05:11,28.06,US,False,0.6494569893377842,0.4423741144997601,0.49554092,0.431058717657375,1
614441,2272,56,2025-09-13 22:09:20,138.34,US,False,0.2974453558815769,0.3406615903718096,0.22668046,0.3791958179447705,1
614442,5030,139,2025-09-13 22:11:50,378.79,US,False,0.4892720763311715,0.4330719618512033,0.44564,0.4003242347465494,1
614443,3450,337,2025-09-13 22:12:48,650.66,DE,False,0.4334555430148546,0.372417122114962,0.4299792,0.4193556473510909,1
614444,2920,152,2025-09-13 22:13:57,1605.44,US,False,0.3573725819383959,0.2786433120676174,0.22703524,0.4070698852695338,1
614445,2677,11,2025-09-13 22:13:58,17.57,US,False,0.445635711211901,0.4240941025191312,0.37012693,0.3824635253954969,1
614446,1787,479,2025-09-13 22:16:10,36.1,US,False,0.530099616710487,0.4421123422285367,0.41388708,0.3909491303226637,1
614447,259,100,2025-09-13 22:16:47,44.31,US,False,0.3351915630074445,0.343010043718065,0.2806425,0.373658878023148,1
614448,2807,774,2025-09-13 22:19:43,143.56,AU,False,0.4105904470377616,0.4044934702829729,0.35697198,0.3757480822626368,1
614449,1359,331,2025-09-13 22:19:52,748.88,US,False,0.6457438685907552,0.4508715869283115,0.4371535,0.4940122073045122,1
614450,355,766,2025-09-13 22:20:31,412.53,US,False,0.3428003214940859,0.3212714438719541,0.23670256,0.3723807962286659,1
614451,88,771,2025-09-13 22:20:44,2816.48,US,False,0.8857982991876874,0.7607676866753492,0.89476883,0.5772029428888278,1
614452,3380,64,2025-09-13 22:21:03,208.26,DE,False,0.3167872516514715,0.366379525781965,0.30710348,0.3735616629980364,1
614453,803,16,2025-09-13 22:22:36,42.02,US,False,0.3071975012539569,0.3589929291246741,0.2763171,0.3921422170258615,1
614454,63,177,2025-09-13 22:23:32,80.35,US,False,0.373552451888023,0.2843646027727595,0.2518483,0.3813605787825983,1
614455,5297,748,2025-09-13 22:23:33,193.99,US,False,0.5595333465320731,0.3991007775474036,0.16585283,0.3843463058684586,1
614456,132,722,2025-09-13 22:23:38,17.1,US,False,0.3288743062139414,0.3559958759003885,0.29704297,0.3865454152677152,1
614457,3801,227,2025-09-13 22:23:39,81.94,GB,False,0.2799455764040628,0.3438082940174888,0.25730914,0.3885907058641242,1
614458,4078,136,2025-09-13 22:23:59,941.86,US,False,0.5278478721086228,0.4253294320917315,0.4053414,0.4364613706820845,1
614459,632,374,2025-09-13 22:25:35,21.62,GB,False,0.3219422807545832,0.3354523101973602,0.42013952,0.3838178249247347,1
614460,3671,547,2025-09-13 22:26:00,88.56,US,False,0.3841992446287863,0.3378667212989042,0.29804212,0.3638409897889682,1
614461,1692,526,2025-09-13 22:26:19,21.93,US,False,0.3409061136169033,0.3168367737137508,0.27451402,0.3906874230836282,1
614462,4873,189,2025-09-13 22:30:12,307.73,US,False,0.5004426219177034,0.4276812332993338,0.26909924,0.3812206055498038,1
614463,2323,425,2025-09-13 22:32:43,316.13,US,False,0.5897508442166891,0.7236434394555226,0.7576937,0.4183254481824833,1
614464,2245,116,2025-09-13 22:38:12,53.78,US,False,0.4247904469788071,0.2910519283558582,0.22254002,0.498974182279768,1
614465,3396,24,2025-09-13 22:42:02,141.91,US,False,0.4826233424043778,0.3755258537742316,0.38478306,0.3641552409658667,1
614466,4970,500,2025-09-13 22:44:21,96.89,US,False,0.2995093772586498,0.2986881643271074,0.27364448,0.3841830597288647,1
614467,5767,171,2025-09-13 22:46:04,65.31,US,False,0.408488920557801,0.2961402845560364,0.22459193,0.3833825707883466,1
614468,2938,143,2025-09-13 22:46:26,28.38,US,False,0.4009888404180478,0.3446927967010633,0.29656398,0.3817755912700529,1
614469,5018,19,2025-09-13 22:46:48,141.66,CA,False,0.5057974794305915,0.3639196334576166,0.27894154,0.3682452035590585,1
614470,305,63,2025-09-13 22:48:37,627.34,US,False,0.3569324768768796,0.2229626708406536,0.15944745,0.384671450327619,1
614471,3734,630,2025-09-13 22:49:37,263.71,US,False,0.3848328903315391,0.3047406593179134,0.15715276,0.4020774737456168,1
614472,4798,418,2025-09-13 22:49:49,207.35,US,False,0.4812028866429962,0.2990310904232944,0.12067613,0.3930947287182936,1
614473,4191,795,2025-09-13 22:50:01,181.34,GB,False,0.5107034272218162,0.4556411025737676,0.39992929,0.4820771238844997,1
614474,926,553,2025-09-13 22:50:07,34.28,US,False,0.354544768877672,0.3684366796121273,0.23459743,0.3812501279627394,1
614475,1697,466,2025-09-13 22:50:13,16.54,US,False,0.361816765972163,0.4018689089172485,0.22456983,0.5191121110011488,2
614476,1973,517,2025-09-13 22:50:19,82.61,US,False,0.4780517428187406,0.3520993307624353,0.2733277,0.4155691894073757,1
614477,5963,664,2025-09-13 22:51:05,72.36,US,False,0.3591032513176226,0.3371864170200133,0.20169061,0.405980603249589,1
614478,2158,790,2025-09-13 22:54:15,88.13,US,False,0.4890607863089847,0.4874736868994449,0.48041847,0.3884459121426612,1
614479,3783,377,2025-09-13 22:54:29,15.61,US,False,0.4919009729635146,0.4507084997247327,0.4384788,0.3979042807457841,1
614480,5722,466,2025-09-13 22:55:29,363.8,AU,False,0.5420295791519246,0.4447101981346661,0.40943238,0.388220786675857,1
614481,5827,785,2025-09-13 23:00:30,266.95,US,False,0.4342256124301746,0.3919722911487976,0.6052504,0.3860568869312639,1
614482,5978,711,2025-09-13 23:01:06,144.65,GB,False,0.3616609953419616,0.3417834187719114,0.1375504,0.3710429411608537,1
614483,5961,178,2025-09-13 23:02:48,363.25,US,False,0.3555104859891845,0.415402284914882,0.33303723,0.3963753009745339,1
614484,5885,720,2025-09-13 23:03:02,96.86,US,False,0.3500743074097202,0.3027513745373701,0.22430432,0.3841309733964509,1
614485,1451,108,2025-09-13 23:04:26,118.41,CA,False,0.3924250484052239,0.4232587494040347,0.38800588,0.3886675343933896,1
614486,1523,238,2025-09-13 23:07:56,693.25,US,False,0.4628810664608973,0.3730210912384391,0.31288376,0.4239734001666704,1
614487,5407,771,2025-09-13 23:08:31,56.66,AU,False,0.5155036072932131,0.5136977521606715,0.6556332,0.4306029383583614,1
614488,4266,405,2025-09-13 23:11:21,28.79,US,False,0.3611720889724255,0.2890659301735576,0.10538765,0.3844965143676455,1
614489,3973,522,2025-09-13 23:13:02,9.43,US,False,0.3623565685950825,0.3502446465963454,0.33333153,0.4404299463231945,1
614490,757,294,2025-09-13 23:15:16,249.09,US,False,0.3789514006670151,0.3688909574145499,0.22384971,0.4119725363560568,1
614491,2429,368,2025-09-13 23:17:56,9.7,US,False,0.2898562833263484,0.3221170782692109,0.3179289,0.422795124510857,1
614492,1737,549,2025-09-13 23:18:13,315.31,US,False,0.4259214140468196,0.260706762350462,0.15405335,0.4086716492550168,1
614493,5888,75,2025-09-13 23:19:17,18.62,US,False,0.3307820601808213,0.3462810356146502,0.30716446,0.3907772586314367,1
614494,464,490,2025-09-13 23:19:27,356.87,US,False,0.4269158249685413,0.4295168571405208,0.45336142,0.3840280943912983,1
614495,2875,391,2025-09-13 23:19:51,18.99,US,False,0.335392242769919,0.3283257106863562,0.25298864,0.3863313939547317,1
614496,3392,512,2025-09-13 23:19:57,61.87,US,False,0.3547464602404274,0.3185117417832961,0.2436201,0.3829519550913112,1
614497,1220,569,2025-09-13 23:22:17,606.09,US,False,0.3003376386916109,0.3019562370147624,0.17523912,0.4465756102487153,1
614498,2798,304,2025-09-13 23:23:25,410.56,CA,False,0.6404747889722288,0.4118614703646924,0.2688547,0.4245746600148953,1
614499,4597,157,2025-09-13 23:26:21,273.61,AU,False,0.472472709302445,0.3936968990504051,0.38505965,0.418830387221545,1
614500,2351,544,2025-09-13 23:27:25,9.84,US,False,0.3881513208899908,0.3934466664497719,0.4018186,0.4088476362155192,1
614501,5652,9,2025-09-13 23:28:26,138.46,US,False,0.5500010745856274,0.4558893806783726,0.47531208,0.41882963946479,1
614502,3087,167,2025-09-13 23:39:07,129.88,GB,False,0.4713092901830884,0.4231235087623864,0.38095826,0.3747890702692968,1
614503,3255,608,2025-09-13 23:41:05,36.95,US,False,0.4839826835512992,0.4131692180294232,0.55818146,0.5188041811209679,1
614504,4181,20,2025-09-13 23:41:56,43.85,US,False,0.4234535964246949,0.4471229019049167,0.33509353,0.3897105694866418,1
614505,2600,672,2025-09-13 23:45:09,92.34,DE,False,0.3157954076397731,0.3103638396921508,0.26634318,0.4010994908881015,1
614506,1531,160,2025-09-13 23:47:34,67.5,US,False,0.4292097380249759,0.4443675861795128,0.32100877,0.3761227081336918,1
614507,1995,636,2025-09-13 23:47:49,20.0,US,False,0.6275463324059087,0.4255586641540671,0.4888537,0.4543288010231593,1
614508,5586,740,2025-09-13 23:49:04,816.7,US,False,0.4435440245699211,0.3517020695451229,0.25920624,0.3991591487426806,1
614509,635,55,2025-09-13 23:50:45,16.57,US,False,0.5873144534733592,0.4721256919753444,0.58040375,0.4391492870029461,1
614510,3817,354,2025-09-13 23:54:54,436.21,US,False,0.5486764574415891,0.3286047637320268,0.24133901,0.4130735695134409,1
614511,2452,322,2025-09-13 23:55:14,21.76,US,False,0.3478445031294112,0.3209005717988367,0.3068128,0.4098830507649212,1
614512,4919,31,2025-09-13 23:57:23,118.43,US,False,0.3767449029138032,0.2934703113119884,0.12718265,0.3876977490574849,1
614513,3134,427,2025-09-13 23:57:49,270.36,US,False,0.4229217615891155,0.293419529112568,0.15509558,0.3999632306676218,1
614514,5862,572,2025-09-13 23:57:58,312.68,US,False,0.4105137475530823,0.3915152186290046,0.20251983,0.4124710551193357,1
614515,2824,670,2025-09-13 23:58:49,43.37,US,False,0.469596493381016,0.4668235824522228,0.42124704,0.4138565494697863,1
614516,3697,516,2025-09-13 23:59:38,85.36,US,False,0.4809239845262976,0.3468857570271666,0.24419227,0.39369360204167,1
614517,2092,548,2025-09-14 00:00:04,938.16,US,False,0.6201340937333392,0.3660798577964028,0.40757313,0.4441521147218905,1
614518,1510,618,2025-09-14 00:00:47,68.33,US,False,0.4165927930760458,0.4306826544222769,0.49601004,0.3894601724536674,1
614519,374,244,2025-09-14 00:00:54,102.04,US,False,0.3098815557057895,0.2737734592702015,0.16903876,0.398666315633407,1
614520,4000,25,2025-09-14 00:01:44,96.07,CA,False,0.3982278846384635,0.3711632613207779,0.41279536,0.380699963031121,1
614521,5684,222,2025-09-14 00:01:53,76.77,CA,False,0.3551214814035813,0.3207987681983658,0.3654561,0.3755836729504956,1
614522,1808,461,2025-09-14 00:02:06,422.58,US,False,0.5842307125514344,0.6070136020472717,0.70505005,0.4691448762333613,1
614523,5125,377,2025-09-14 00:02:11,190.92,US,False,0.5756910445831145,0.4569663212196701,0.45332158,0.397703032407788,1
614524,2678,170,2025-09-14 00:02:39,46.72,US,False,0.3475577424919596,0.3447775142296465,0.24329358,0.454757381716017,1
614525,2274,409,2025-09-14 00:08:24,123.53,US,False,0.4483376924929265,0.4782357038430426,0.5942817,0.3927248518176572,1
614526,2549,377,2025-09-14 00:09:25,96.36,US,False,0.5127999241616893,0.4686851323160079,0.38167316,0.4344472079721498,1
614527,754,675,2025-09-14 00:11:07,523.93,DE,False,0.4633565521433652,0.380946578331163,0.35789078,0.4022192963845618,1
614528,3894,312,2025-09-14 00:12:42,56.47,AU,False,0.5101248790575889,0.3352009352767338,0.29810792,0.3913686588420768,1
614529,4835,227,2025-09-14 00:12:56,234.99,US,False,0.2942454929253602,0.2892391569994714,0.21662462,0.390743126949646,1
614530,3921,696,2025-09-14 00:14:53,1686.21,US,False,0.3466597368050852,0.3271494387817997,0.19038112,0.4220578976002325,1
614531,3891,745,2025-09-14 00:19:40,111.4,US,False,0.5081920974280423,0.4624140237102057,0.43535155,0.4145700736522338,1
614532,1267,117,2025-09-14 00:20:03,19.65,US,False,0.5423033151318332,0.3213234038247474,0.17676054,0.4988608954022293,1
614533,5913,330,2025-09-14 00:20:38,86.36,US,False,0.5621291090079213,0.407554281159622,0.3771264,0.4309255366384074,1
614534,3731,460,2025-09-14 00:21:59,1220.27,US,False,0.5289129939995967,0.3879438371430285,0.30648452,0.47266611527924,1
614535,4772,354,2025-09-14 00:22:18,16.91,US,False,0.3437719625879189,0.3588601137274615,0.4090257,0.4429206374115803,1
614536,1949,434,2025-09-14 00:22:55,160.44,US,True,0.9777482605645468,0.4693549162182087,0.59456575,0.6023089566528723,1
614537,3655,599,2025-09-14 00:23:58,102.12,US,False,0.5987181674155623,0.4917863934982959,0.51564044,0.4062152575888866,1
614538,5947,224,2025-09-14 00:26:57,596.99,US,False,0.4716184147165866,0.3425826488440293,0.4465173,0.4031792782995965,1
614539,1744,355,2025-09-14 00:29:38,215.77,US,False,0.6218186752507939,0.3675299059546935,0.30108804,0.4196728311907988,1
614540,3789,170,2025-09-14 00:31:25,148.63,US,False,0.3884723117518643,0.3350967507916642,0.21220897,0.3736420372748221,1
614541,3589,742,2025-09-14 00:32:01,68.14,US,False,0.464707203162607,0.4693546101392675,0.44905606,0.3830425241124436,1
614542,5916,715,2025-09-14 00:32:07,35.54,US,False,0.3543557781093824,0.3059926765333114,0.21139418,0.3831718476223381,1
614543,3177,76,2025-09-14 00:33:38,269.47,US,False,0.7123932894545227,0.7009741976027916,0.72877514,0.451894292837419,1
614544,95,676,2025-09-14 00:36:50,4220.76,US,False,0.9573604346735316,0.6576797452622174,0.7305606,0.6377022974875899,1
614545,2119,62,2025-09-14 00:37:45,8399.77,US,False,0.481504650782746,0.2538860610656258,0.12688397,0.5501406472963943,1
614546,4630,648,2025-09-14 00:38:30,387.04,US,False,0.2679980179330892,0.2679954030487737,0.2014325,0.3990081556039049,1
614547,2128,649,2025-09-14 00:42:26,23.33,US,False,0.3876271328220995,0.3588154327830709,0.29038507,0.3940543718311028,1
614548,982,689,2025-09-14 00:47:12,196.25,US,False,0.520161476818524,0.4242491257722309,0.39327508,0.5445368909546068,2
614549,3317,561,2025-09-14 00:48:06,1583.91,US,False,0.2752940747635001,0.2687511053016224,0.24045819,0.4359051058589073,1
614550,772,662,2025-09-14 00:49:41,141.55,US,False,0.5513466534051723,0.4577879781284263,0.45989046,0.4883840699713649,1
614551,190,312,2025-09-14 00:58:04,654.85,US,False,0.4473105998800111,0.3342482072555838,0.14195226,0.430506823408835,1
614552,4087,799,2025-09-14 00:59:00,67.94,US,False,0.6659200359151409,0.443173975440968,0.55008054,0.4506924880702693,1
614553,98,493,2025-09-14 00:59:35,347.9,DE,False,0.6668183473942604,0.4198469794219348,0.39529288,0.5283342889672875,1
614554,743,497,2025-09-14 00:59:49,7.27,AU,False,0.3221644945902981,0.3140655456482181,0.19287556,0.4228392378347659,1
614555,3759,655,2025-09-14 01:00:51,617.67,US,False,0.4661528211271512,0.383951844611388,0.37262058,0.3834515408864242,1
614556,2633,294,2025-09-14 01:02:38,1343.47,US,True,0.985217665255808,0.88271188945284,0.9342467,0.6051928175518607,1
614557,534,660,2025-09-14 01:03:34,98.57,US,False,0.3347513130826501,0.3133343687455174,0.37975353,0.3680557346392831,1
614558,3365,68,2025-09-14 01:03:53,104.08,US,False,0.5302720328487933,0.4628880447218066,0.33456755,0.3765964693239135,1
614559,5418,7,2025-09-14 01:04:13,54.7,US,False,0.4728279052246171,0.4171056524019708,0.3285407,0.3938995825119685,1
614560,5704,691,2025-09-14 01:07:01,114.95,US,False,0.5321663564619583,0.5037714781536959,0.5473646,0.401094627847016,1
614561,5990,87,2025-09-14 01:10:19,511.73,US,False,0.3757623690062022,0.3010404841250113,0.18465473,0.4145511345170183,1
614562,1897,50,2025-09-14 01:11:51,54.08,US,False,0.4567691406276505,0.3296744298470587,0.30180013,0.4020781228664,1
614563,3635,57,2025-09-14 01:12:01,135.7,US,False,0.4907870761540716,0.286576209007023,0.2874442,0.4011963740846018,1
614564,5913,340,2025-09-14 01:15:54,28.13,US,False,0.268727788404563,0.3227340471030749,0.21312988,0.5165793422219458,1
614565,4612,278,2025-09-14 01:16:44,13.33,NG,False,0.71991376840755,0.3708926328659428,0.5740249,0.6542094878254193,1
614566,2895,734,2025-09-14 01:17:00,82.05,GB,False,0.4677101966765351,0.4690783607393176,0.48827678,0.398687174966766,1
614567,605,553,2025-09-14 01:17:46,188.28,US,False,0.6099321365915805,0.3816852299555826,0.4037133,0.3832821128280388,1
614568,4792,716,2025-09-14 01:18:37,692.88,US,False,0.428917618304534,0.3196558111345783,0.17954543,0.3777423042611897,1
614569,1862,128,2025-09-14 01:19:06,31.58,US,False,0.3733782456526813,0.3652696682357335,0.36329442,0.3809061893650086,1
614570,536,12,2025-09-14 01:20:43,326.8,CA,False,0.5176502686800736,0.4397435138506314,0.4508802,0.3877275584775427,1
614571,1903,599,2025-09-14 01:22:39,201.6,US,False,0.491992493626199,0.4659299405749972,0.42863053,0.3894241720250371,1
614572,1505,44,2025-09-14 01:27:16,60.19,US,False,0.4606717420081511,0.3453428281143221,0.2754451,0.4028871413822904,1
614573,1369,274,2025-09-14 01:28:02,371.46,US,False,0.7611861930750807,0.6507319409824822,0.80312306,0.4355680052086814,1
614574,5244,677,2025-09-14 01:30:58,37.18,US,False,0.4962674096866771,0.4558020170280109,0.32576352,0.401299183002596,1
614575,524,224,2025-09-14 01:31:15,79.69,US,False,0.3328129370648234,0.3282150235245943,0.18250412,0.4108024822654951,1
614576,4885,195,2025-09-14 01:31:29,75.95,GB,False,0.5394448655657985,0.2946560615235478,0.31499195,0.5415217600675941,1
614577,2060,433,2025-09-14 01:32:48,5.93,US,False,0.3289075730985495,0.3104040002599499,0.16791745,0.4411224425636758,1
614578,4213,457,2025-09-14 01:34:23,28.81,US,False,0.3576614728871127,0.3272915429499244,0.3368408,0.4169022048933589,1
614579,1193,259,2025-09-14 01:34:38,2536.46,US,False,0.5535205400244582,0.5976703546068931,0.44593263,0.4776514060211795,1
614580,2255,94,2025-09-14 01:34:43,748.15,US,False,0.5904979223854528,0.4294947303157096,0.56078005,0.4020165611406087,1
614581,2271,554,2025-09-14 01:34:51,428.8,US,False,0.389666809622031,0.2637129131727422,0.2259868,0.3806430834481889,1
614582,3000,538,2025-09-14 01:36:29,48.24,GB,False,0.5681874030221029,0.429622209499499,0.3905971,0.5625417352475967,1
614583,2717,210,2025-09-14 01:36:33,1499.36,US,False,0.3020477994838635,0.2971553498581837,0.24576032,0.4163339663570432,1
614584,2456,346,2025-09-14 01:42:11,73.54,US,False,0.539969173261339,0.4770489885992082,0.45103225,0.4240995015450544,1
614585,811,666,2025-09-14 01:43:34,16.92,US,False,0.4939464497994274,0.4058824902867695,0.36057454,0.3892340756947785,1
614586,15,408,2025-09-14 01:43:58,44.93,CA,False,0.3122148919546624,0.3432677337757027,0.3158544,0.387253967519967,1
614587,1488,705,2025-09-14 01:44:11,71.63,US,False,0.3420313629468385,0.3455853948106223,0.3523124,0.3877910692697278,1
614588,5751,792,2025-09-14 01:47:37,1900.51,US,False,0.3950709236812346,0.2623358082351668,0.15879099,0.431474797007236,1
614589,3639,602,2025-09-14 01:47:49,33.18,US,False,0.378413174113544,0.3672348595332321,0.27436295,0.3817112108361072,1
614590,3558,718,2025-09-14 01:47:51,315.99,US,False,0.4590494343304346,0.430842404654039,0.4304278,0.3799359832030994,1
614591,4317,601,2025-09-14 01:48:07,82.03,US,False,0.3918768614633465,0.3478298014364672,0.32097733,0.4061373720527828,1
614592,2039,684,2025-09-14 01:48:29,124.84,US,False,0.8724642612091856,0.6782249609666079,0.7406036,0.531650716758668,1
614593,5583,784,2025-09-14 01:50:37,25.95,DE,False,0.4736470131736515,0.4370296441301189,0.53706634,0.3845848102874288,1
614594,2028,38,2025-09-14 01:51:46,6.85,US,False,0.4935306268945119,0.427012445177813,0.4801331,0.4088852826541319,1
614595,5842,586,2025-09-14 01:52:43,60.08,US,False,0.3762971432665384,0.3269429951624704,0.22507876,0.4042248513475244,1
614596,4285,47,2025-09-14 01:52:50,124.16,US,False,0.4213598951027367,0.3123220167993676,0.3169656,0.3765875671794338,1
614597,1066,124,2025-09-14 01:54:12,72.83,AU,False,0.3799296940468963,0.3743415178713515,0.29092374,0.3766175160982941,1
614598,849,426,2025-09-14 01:58:15,56.04,US,False,0.4369931432631033,0.27657403254411,0.11231993,0.4031935935132146,1
614599,4349,38,2025-09-14 01:59:10,22.33,CA,False,0.4691846962764071,0.4466199067202107,0.35186097,0.3994920141726161,1
614600,3026,290,2025-09-14 01:59:21,35.85,US,False,0.4050682648779716,0.3179602740693004,0.16353028,0.3908709193134936,1
614601,5586,503,2025-09-14 02:01:20,1434.69,US,False,0.5351114095602645,0.2986995915293311,0.2258194,0.4625030849478521,1
614602,1526,321,2025-09-14 02:01:23,2429.0,US,False,0.6828536410356756,0.3583574179490965,0.2895389,0.4618986349190225,1
614603,2414,408,2025-09-14 02:02:15,331.12,US,False,0.3556427625212554,0.3482880156473952,0.28673813,0.3633303260690628,1
614604,2658,153,2025-09-14 02:09:27,10404.74,US,False,0.5518411833235792,0.2581316057769053,0.14432563,0.5561968503652422,1
614605,2658,11,2025-09-14 02:11:04,4018.82,US,False,0.3959353764558644,0.3187275669899991,0.053924643,0.5858067999884575,1
614606,2082,159,2025-09-14 02:11:05,245.21,US,False,0.5049049298406707,0.4591191899575845,0.4546869,0.3738785461180057,1
614607,1685,723,2025-09-14 02:11:15,744.97,CA,False,0.431943344084935,0.4259441006303732,0.38699338,0.3916136989457435,1
614608,1904,614,2025-09-14 02:12:24,83.2,DE,False,0.307186744876682,0.3206549173442754,0.28820547,0.4089178805129396,1
614609,2985,480,2025-09-14 02:13:01,161.46,US,False,0.3735722569972934,0.294206174978102,0.25911212,0.3648467292692338,1
614610,3263,96,2025-09-14 02:13:10,403.53,AU,False,0.6787292294215218,0.4424697219363192,0.5118909,0.4555933393802245,1
614611,1282,566,2025-09-14 02:14:19,24.2,US,False,0.3775680651281942,0.3497696024095433,0.28342253,0.376032684366211,1
614612,868,359,2025-09-14 02:14:38,2642.72,US,False,0.33400353215922,0.3082425364242008,0.2143547,0.474450461718609,1
614613,2460,528,2025-09-14 02:15:43,168.33,US,False,0.5070193779254354,0.426479882653347,0.3821005,0.3724848299210259,1
614614,3688,744,2025-09-14 02:16:05,377.15,US,False,0.4223819772288725,0.3814004569076509,0.4034021,0.3674423169972502,1
614615,81,35,2025-09-14 02:18:06,510.6,CA,False,0.4833289303936042,0.3901183705733955,0.38818514,0.4071083061418877,1
614616,5939,715,2025-09-14 02:19:56,126.6,US,False,0.2897707788070455,0.2845555354179966,0.15326567,0.3734996643726153,1
614617,2036,289,2025-09-14 02:20:40,87.89,US,False,0.5866738387699021,0.6449957728053001,0.67389345,0.4455090320064602,1
614618,4418,155,2025-09-14 02:21:58,463.94,US,False,0.4708180612275114,0.4168886372658478,0.32017437,0.3710992990989208,1
614619,3380,305,2025-09-14 02:22:55,2463.84,DE,False,0.8085292663962573,0.6807772810986993,0.55903757,0.5620094215766396,1
614620,4086,784,2025-09-14 02:23:16,61.65,US,False,0.4301659382758818,0.4243505701583829,0.36884555,0.3741262304055001,1
614621,1386,137,2025-09-14 02:24:14,23.61,US,False,0.2793207294960031,0.3083897907601004,0.18001437,0.4941477581812481,2
614622,3806,118,2025-09-14 02:25:14,280.08,US,False,0.5438344567000241,0.4862068122381274,0.5661667,0.3885432335452434,1
614623,3310,509,2025-09-14 02:28:35,9.48,US,False,0.4240825447903826,0.3558538375391103,0.3560194,0.3981184307795933,1
614624,2869,514,2025-09-14 02:30:29,161.76,US,False,0.3591562714579611,0.3307445130800173,0.2817852,0.3599357714346992,1
614625,4743,742,2025-09-14 02:30:33,217.2,US,False,0.4415517478638914,0.4682625713173159,0.54262394,0.3717117363729228,1
614626,4712,344,2025-09-14 02:30:46,153.95,US,False,0.5353415890109661,0.4824923214157691,0.42402577,0.3800354892565963,1
614627,288,425,2025-09-14 02:30:51,26.81,US,False,0.4232618262176527,0.3494175509892732,0.30278885,0.3738339123582432,1
614628,113,96,2025-09-14 02:31:07,21.01,US,False,0.533493982007311,0.4968939313866728,0.5128659,0.4293684691062151,1
614629,5212,505,2025-09-14 02:34:56,411.27,US,False,0.4832023201677021,0.3321194572392221,0.29930797,0.3960703476462283,1
614630,958,11,2025-09-14 02:36:06,229.26,US,False,0.4579890265272629,0.4422819817420348,0.5090492,0.3660232108064974,1
614631,3287,489,2025-09-14 02:39:21,58.9,US,False,0.4608269816392963,0.4440252834877975,0.43896717,0.3668779491999616,1
614632,4749,89,2025-09-14 02:40:24,421.36,US,False,0.4583147582287388,0.2507604674661424,0.28371862,0.3831701795202476,1
614633,2089,185,2025-09-14 02:43:58,81.19,US,False,0.524402736787226,0.4201758256836625,0.39814064,0.374079160295645,1
614634,2905,785,2025-09-14 02:44:55,4.98,US,False,0.3741046122854823,0.4249846258431982,0.34666207,0.4327469952419005,1
614635,1848,171,2025-09-14 02:46:49,67.49,US,False,0.3240277762162335,0.3310345743254402,0.24363895,0.3602337943285118,1
614636,4917,150,2025-09-14 02:48:16,265.12,US,False,0.5315829350520506,0.4256884446917067,0.41738787,0.3680884777633901,1
614637,3744,462,2025-09-14 02:49:29,20.43,US,False,0.4518813196073877,0.4448911582701276,0.37717023,0.5221357387039725,2
614638,4589,175,2025-09-14 02:49:57,99.0,DE,False,0.4125986482177404,0.4541463149212741,0.39870122,0.3738646096014639,1
614639,5233,602,2025-09-14 02:50:12,95.62,CA,False,0.3657369777551227,0.3688859474964864,0.352583,0.4087922292955506,1
614640,15,206,2025-09-14 02:50:46,90.89,CA,False,0.3766997863169994,0.3495642873168548,0.33085442,0.3973860338141725,1
614641,1489,761,2025-09-14 02:51:16,953.02,US,False,0.449112843044401,0.3343369941713778,0.3826847,0.4204591308570737,1
614642,4794,344,2025-09-14 02:54:10,1276.6,US,False,0.5837809377481299,0.3979361125727279,0.49232677,0.4149792818595441,1
614643,1538,26,2025-09-14 02:56:36,332.06,US,False,0.6863431171180626,0.405424345536723,0.5432056,0.446162162227145,1
614644,3721,654,2025-09-14 02:57:25,7.05,US,False,0.3860710867435489,0.3510372942230005,0.2558313,0.4010021112459101,1
614645,1314,683,2025-09-14 02:59:04,363.56,US,False,0.3767697336997584,0.2822175048234904,0.13228439,0.3710508483960776,1
614646,4068,739,2025-09-14 02:59:26,283.89,US,False,0.5825792613949151,0.474328543571526,0.47705823,0.4008783497872178,1
614647,1114,56,2025-09-14 03:04:18,207.61,US,False,0.6276982369841345,0.5032452807507121,0.5665628,0.4180939311903489,1
614648,2678,660,2025-09-14 03:05:10,191.65,US,False,0.3869940221030468,0.2735908135565329,0.20969084,0.4085813640267615,1
614649,3042,457,2025-09-14 03:05:59,201.71,CA,False,0.2937843183137475,0.3188845479001901,0.33390775,0.3559783283263353,1
614650,4723,79,2025-09-14 03:09:03,103.99,AU,False,0.4303336455655232,0.3809865838887518,0.19750534,0.3607086863736914,1
614651,5834,793,2025-09-14 03:09:28,464.7,US,False,0.627225111369792,0.4050816298866737,0.43788773,0.4007030682159218,1
614652,5938,50,2025-09-14 03:10:41,147.63,US,False,0.3164261165618482,0.2949460507589212,0.21719298,0.3574075304638737,1
614653,40,9,2025-09-14 03:16:22,80.93,US,False,0.4824923739830616,0.4552043260679148,0.358683,0.397459912438787,1
614654,721,497,2025-09-14 03:18:35,68.11,US,False,0.3865219529772462,0.3202328670813502,0.2633887,0.394642959431099,1
614655,4189,476,2025-09-14 03:20:15,163.17,US,False,0.5791832069194413,0.6089769949327458,0.49007455,0.3969592216879178,1
614656,4734,567,2025-09-14 03:22:39,1741.11,US,False,0.3971308753991238,0.3619633728906323,0.4091517,0.4195539265688102,1
614657,2890,331,2025-09-14 03:23:18,569.44,US,False,0.729680749188697,0.4212312421492029,0.6102784,0.4634505896187714,1
614658,2358,692,2025-09-14 03:26:45,715.3,US,False,0.5210995521679428,0.3981060295673828,0.3648827,0.419089491235206,1
614659,5796,188,2025-09-14 03:26:58,622.24,US,False,0.6392340771989017,0.4009652367099634,0.40181485,0.4024888476056573,1
614660,708,176,2025-09-14 03:30:19,194.66,US,False,0.3646883990807874,0.3730537433103973,0.2743176,0.3531402212383195,1
614661,1046,551,2025-09-14 03:31:28,20.31,US,False,0.43700962144482,0.4490722179904718,0.43208557,0.3832932502402569,1
614662,3260,745,2025-09-14 03:32:07,348.65,US,False,0.4701595849412678,0.4110314972937124,0.31568307,0.4144292938581086,1
614663,4952,621,2025-09-14 03:32:43,72.84,US,False,0.3380739319509441,0.3019083630655641,0.32934296,0.3876785916779044,1
614664,1063,736,2025-09-14 03:33:03,4.65,US,False,0.3297493557072808,0.3142735975061346,0.15022236,0.4837348803387287,1
614665,1360,429,2025-09-14 03:35:03,56.36,US,False,0.599999431796219,0.5030621323843868,0.6040509,0.4090660332040973,1
614666,655,533,2025-09-14 03:40:32,49.3,AU,False,0.4557913776569386,0.4156152776010007,0.36500922,0.3614703540254893,1
614667,2045,88,2025-09-14 03:47:10,347.92,US,False,0.3749663718298141,0.3703639359689958,0.3709613,0.3557327600070856,1
614668,2887,209,2025-09-14 03:48:39,103.47,US,False,0.3004572956977787,0.3351641558709286,0.289365,0.3607203416092474,1
614669,3530,454,2025-09-14 03:48:45,63.32,US,False,0.316279166967663,0.3218577832453151,0.4003997,0.3681739682466632,1
614670,280,221,2025-09-14 03:48:48,113.12,US,False,0.4435867986109605,0.3268272707056159,0.1729476,0.3621042356594843,1
614671,3437,424,2025-09-14 03:49:43,1913.49,US,False,0.5272527513717143,0.2996440155361126,0.2669038,0.4223695237983368,1
614672,2430,695,2025-09-14 03:52:05,169.15,US,False,0.5661834912333762,0.4467074083935508,0.38364622,0.3741811249165954,1
614673,728,135,2025-09-14 03:53:00,40.93,US,False,0.4859204944473176,0.338602055706073,0.3260667,0.4044640933264764,1
614674,2244,763,2025-09-14 03:55:28,316.21,US,False,0.4730317074060691,0.4355849274814733,0.393438,0.3652299976143737,1
614675,5386,425,2025-09-14 03:57:19,261.69,US,False,0.3712642993094637,0.3668190493700037,0.308126,0.3581716391450582,1
614676,3420,282,2025-09-14 03:58:32,72.07,US,False,0.5357630559228467,0.4197031563495552,0.32042816,0.3648285761797639,1
614677,1758,168,2025-09-14 03:59:00,1474.81,US,False,0.6019304045681909,0.3978775223762009,0.3569248,0.426314103269492,1
614678,3907,323,2025-09-14 03:59:31,88.7,US,False,0.5199481226785353,0.4578184174849757,0.47747493,0.3654250815134063,1
614679,4069,230,2025-09-14 03:59:34,504.74,US,False,0.3012985161376846,0.3493745326918446,0.23911163,0.4129761932001795,1
614680,5503,364,2025-09-14 04:02:01,103.71,US,False,0.3454205407447633,0.3158840144943546,0.29907426,0.3502751184543374,1
614681,5780,232,2025-09-14 04:02:17,43.65,US,False,0.3850079561475346,0.41414429029051,0.31844994,0.3709687736558594,1
614682,5110,431,2025-09-14 04:03:11,67.91,US,False,0.372200404746293,0.3633129185371297,0.37844154,0.3545801578806869,1
614683,597,467,2025-09-14 04:08:08,763.78,US,False,0.6684642502470384,0.7375119473235244,0.8216178,0.4471555039265339,1
614684,2533,7,2025-09-14 04:10:31,37.19,US,False,0.4199908707402029,0.4511566683079149,0.41919896,0.3692680980382185,1
614685,2548,604,2025-09-14 04:14:32,78.86,US,False,0.4684114816927909,0.4367351118003612,0.41278115,0.3554594796401121,1
614686,3446,181,2025-09-14 04:15:22,1028.41,US,False,0.3066846853958474,0.2972922860491386,0.279972,0.3807452763244546,1
614687,2602,791,2025-09-14 04:18:47,411.93,US,False,0.9605774967013904,0.9285963106131992,0.95157033,0.5504245350354074,1
614688,4903,535,2025-09-14 04:22:33,159.45,US,False,0.4488082800995961,0.4389575988412939,0.39214876,0.3609856107495788,1
614689,2638,51,2025-09-14 04:22:46,61.09,AU,False,0.3801474816459397,0.3703948979702304,0.33734268,0.3547237076532473,1
614690,3664,563,2025-09-14 04:23:42,180.18,US,False,0.4274246326829699,0.2920111200807392,0.25392184,0.362695634953831,1
614691,4969,556,2025-09-14 04:24:26,124.95,US,False,0.4567950666109724,0.4369928408611354,0.40867943,0.4815415558299942,2
614692,50,262,2025-09-14 04:25:55,180.77,US,False,0.3904389585466272,0.3239871613391477,0.30282012,0.3583230967546686,1
614693,3659,796,2025-09-14 04:26:35,403.44,GB,True,0.7689746027699421,0.8654906215372813,0.83936334,0.4443073936870421,1
614694,2635,747,2025-09-14 04:27:24,51.76,US,False,0.507549016432533,0.4514723789903535,0.40648207,0.3674923382506506,1
614695,1759,93,2025-09-14 04:28:03,67.19,US,False,0.2971552260298953,0.3432002326651401,0.37762123,0.3599971141568155,1
614696,3938,151,2025-09-14 04:29:04,438.65,US,False,0.532289594453838,0.33892560635804,0.42775506,0.4863940835025909,1
614697,740,292,2025-09-14 04:29:29,46.17,US,False,0.3291775054462025,0.3362553279875605,0.2873651,0.3662817919739335,1
614698,5874,223,2025-09-14 04:31:43,107.52,CA,False,0.3993186710595539,0.3874568824326102,0.36270532,0.356520054191642,1
614699,1006,173,2025-09-14 04:33:10,208.32,GB,False,0.6882945593627203,0.3804296535543544,0.38554138,0.5857095666659026,1
614700,338,550,2025-09-14 04:37:12,330.2,US,False,0.2821360863419489,0.2987309231225566,0.17285778,0.4819770755715165,2
614701,1977,190,2025-09-14 04:38:26,76.91,US,False,0.6583395876683455,0.4854568216755243,0.52110887,0.4096631745719669,1
614702,4129,73,2025-09-14 04:40:23,47.8,US,False,0.522828903222316,0.4633087016928816,0.3781865,0.5013131367510837,2
614703,1344,749,2025-09-14 04:41:22,97.95,AU,False,0.3898182949868454,0.3268857144750423,0.40397924,0.3618724153779989,1
614704,4222,179,2025-09-14 04:46:21,131.44,US,False,0.3308750971551444,0.3268700092458859,0.30888513,0.3862480258696286,1
614705,5137,619,2025-09-14 04:47:09,2555.51,US,False,0.6340912222600672,0.4144292050900149,0.3954338,0.4789436242056349,1
614706,3118,456,2025-09-14 04:48:47,185.02,US,False,0.308290746291279,0.2954540500135231,0.17220005,0.3603647191186047,1
614707,2828,390,2025-09-14 04:50:40,75.92,US,False,0.457898922916282,0.4668314356362089,0.4533528,0.3785945273255786,1
614708,5406,721,2025-09-14 04:50:43,280.68,US,False,0.3470805270493548,0.3083761325669035,0.2799772,0.3560897400770374,1
614709,3136,783,2025-09-14 04:51:02,75.9,US,False,0.5907276381308508,0.4866513896801331,0.48622373,0.4028638053884876,1
614710,4407,415,2025-09-14 04:54:50,904.95,NG,False,0.5990416757007321,0.3178142321931146,0.47976103,0.5648072277351806,1
614711,2004,788,2025-09-14 04:56:36,476.45,US,False,0.5546584677588917,0.3022615379973764,0.2594515,0.4339493570212618,1
614712,2051,697,2025-09-14 05:01:46,177.36,US,False,0.4755629976702072,0.4695452925362564,0.41881114,0.392353511381824,1
614713,1024,113,2025-09-14 05:02:19,381.28,US,False,0.4264006809739146,0.356174283386995,0.34095743,0.3690184028942869,1
614714,1576,200,2025-09-14 05:02:42,1205.89,US,False,0.5130290620829668,0.3122971067458991,0.3429324,0.389339157763593,1
614715,4059,612,2025-09-14 05:02:57,76.28,US,False,0.6213709842425094,0.433135270394518,0.5939989,0.3659553553126304,1
614716,1896,345,2025-09-14 05:04:15,1607.02,US,False,0.3707730935136533,0.2992512423695987,0.257477,0.3914443853190864,1
614717,304,627,2025-09-14 05:05:19,300.27,US,False,0.4784139404124162,0.3815370474902412,0.46219483,0.371675668484348,1
614718,2997,565,2025-09-14 05:11:33,63.32,US,False,0.3245450485216747,0.333558889859663,0.38112366,0.354271898136314,1
614719,2265,378,2025-09-14 05:13:11,111.52,US,False,0.4807465219215189,0.4509398107273123,0.47711384,0.3596867035669916,1
614720,1524,312,2025-09-14 05:16:45,84.77,US,False,0.4163195200497204,0.3416112213593107,0.28211483,0.3494748267500435,1
614721,1678,697,2025-09-14 05:17:35,337.22,CA,False,0.7143020949582989,0.4601620263887499,0.4340738,0.4217385391500816,1
614722,1295,45,2025-09-14 05:17:58,37.22,US,False,0.6086757372946482,0.4752715594124987,0.4661023,0.4153624557017145,1
614723,2273,653,2025-09-14 05:18:21,173.18,US,False,0.3282155266080983,0.3194382832267499,0.30134344,0.4084203109069876,1
614724,3159,767,2025-09-14 05:19:01,22.47,US,False,0.4525090738589186,0.3288284274364932,0.15992476,0.3793554475219077,1
614725,412,507,2025-09-14 05:19:49,116.51,US,False,0.4243244106161582,0.2952650074325367,0.21604994,0.4995778542422308,2
614726,3542,560,2025-09-14 05:20:54,209.35,US,False,0.5575001321650537,0.4566098118393276,0.501081,0.4209383264415832,1
614727,2780,407,2025-09-14 05:21:40,26.83,US,True,0.979062000678688,0.5480037275828907,0.82160264,0.5154251646931414,1
614728,5157,287,2025-09-14 05:21:43,19.53,US,False,0.3409752136039313,0.3292466522297952,0.33938143,0.3717821906031743,1
614729,4504,443,2025-09-14 05:23:49,955.97,US,False,0.4815752107377347,0.4038363315438731,0.2790491,0.3716623623466208,1
614730,2317,269,2025-09-14 05:26:31,93.6,US,False,0.3524589400679007,0.2711518056659061,0.18994795,0.3580186347902805,1
614731,5897,543,2025-09-14 05:32:43,166.92,US,False,0.4466574799872622,0.3159979811109561,0.17503934,0.3629645856914515,1
614732,1991,757,2025-09-14 05:33:16,217.72,AU,False,0.431122740691077,0.342809945410024,0.2731766,0.3626717131516938,1
614733,2421,790,2025-09-14 05:35:11,2574.7,US,False,0.493984625588955,0.3919731568927942,0.32613382,0.4591950792072173,1
614734,879,112,2025-09-14 05:35:27,196.85,US,False,0.927808488606979,0.7305130567161748,0.7766202,0.5369327038402203,1
614735,4929,134,2025-09-14 05:35:40,445.47,US,False,0.4651111025325608,0.4235515160208777,0.24341458,0.3921677817908356,1
614736,3674,186,2025-09-14 05:35:57,2243.92,US,False,0.4431469757623651,0.3466877746631238,0.32290056,0.4151981066911257,1
614737,231,456,2025-09-14 05:36:30,87.83,US,False,0.4098964939152085,0.2965035906464198,0.15375507,0.3597539499719658,1
614738,4076,739,2025-09-14 05:37:03,145.2,US,False,0.6231742558418405,0.4484540339121639,0.44217932,0.3901267682257679,1
614739,477,492,2025-09-14 05:37:55,34.19,US,False,0.569911824277373,0.5062944871816838,0.5249547,0.42067206096882,1
614740,5837,244,2025-09-14 05:37:58,53.76,US,False,0.3840887461645101,0.3533155490246429,0.3969872,0.3622888372174189,1
614741,5502,267,2025-09-14 05:42:30,12.02,CA,False,0.4375029271111538,0.4756238211861873,0.4112578,0.3919668239202484,1
614742,5082,459,2025-09-14 05:43:48,1164.6,US,False,0.4922072191390555,0.3799573137332966,0.47045606,0.3875981380394054,1
614743,5006,420,2025-09-14 05:44:59,51.35,US,False,0.3230775231731247,0.2916335335117449,0.11021426,0.3782847711010415,1
614744,1017,286,2025-09-14 05:45:23,10.63,US,False,0.2928131627899156,0.3244937491887139,0.20366609,0.4082726769391085,1
614745,5875,73,2025-09-14 05:47:21,219.71,CA,False,0.555512698558865,0.4886616097820966,0.62647,0.4240264963559836,1
614746,592,655,2025-09-14 05:47:51,22.2,US,False,0.4708362941236399,0.3967820666264851,0.2213461,0.3713321968677591,1
614747,407,639,2025-09-14 05:50:08,689.33,US,False,0.3233311384983829,0.3366466335012328,0.32700467,0.4069042016591916,1
614748,4670,135,2025-09-14 05:50:54,2729.5,US,False,0.4627480763356609,0.2791071715398903,0.29700002,0.4813063140604302,1
614749,4310,310,2025-09-14 05:51:15,1119.96,US,False,0.3170887374805027,0.3605449811870634,0.37914044,0.3977699413103049,1
614750,2043,57,2025-09-14 05:51:23,812.75,GB,False,0.4239417912778515,0.2894932157134323,0.3712349,0.4248831657257691,1
614751,3659,341,2025-09-14 05:53:00,120.12,GB,False,0.3553613214561326,0.3437006678487339,0.46949595,0.3859163993186415,1
614752,3669,416,2025-09-14 05:53:04,233.63,US,False,0.4174627912915805,0.2494210364407608,0.12780783,0.4762588459112184,1
614753,4903,514,2025-09-14 05:57:15,124.25,US,False,0.392124175277811,0.3510774657167672,0.30939245,0.3895660832876985,1
614754,5832,573,2025-09-14 06:05:49,31.4,US,False,0.3724296061975156,0.2466611413525203,0.025496887,0.5512193646983932,1
614755,5522,397,2025-09-14 06:07:43,19.91,US,False,0.3359161223192573,0.3610443800430906,0.36371607,0.3728002828004464,1
614756,176,748,2025-09-14 06:12:13,340.26,US,False,0.4249097154782659,0.4054726599386244,0.36029387,0.351238923862582,1
614757,1595,659,2025-09-14 06:14:00,217.02,US,False,0.5442106560447092,0.475150390922583,0.49078935,0.3658454020209854,1
614758,715,566,2025-09-14 06:15:47,127.11,US,False,0.3486077644462952,0.3839938615543696,0.4060633,0.3520213836385835,1
614759,877,693,2025-09-14 06:15:54,1.85,US,False,0.304917920136986,0.3163091211471543,0.21669436,0.4130256562217758,1
614760,26,421,2025-09-14 06:16:23,45.6,CA,False,0.4129158673588478,0.33105993045455,0.2917718,0.3535577833810278,1
614761,4019,418,2025-09-14 06:16:35,226.2,US,False,0.5351571588465334,0.3095736441238056,0.15263681,0.3811353988334564,1
614762,4590,719,2025-09-14 06:17:34,11.8,US,False,0.3164245673846466,0.3216504920856444,0.25459805,0.3948038635446276,1
614763,2443,778,2025-09-14 06:20:57,356.45,US,False,0.6006197414456381,0.3986830066331403,0.46130955,0.4148351952099575,1
614764,2336,33,2025-09-14 06:22:54,145.34,US,False,0.4145419403617439,0.3879999879713368,0.32386187,0.3496505928857411,1
614765,238,640,2025-09-14 06:27:34,232.74,US,False,0.699382432259234,0.4648831893208184,0.57818353,0.3850407416231014,1
614766,1335,695,2025-09-14 06:28:24,69.69,AU,False,0.5208636097985676,0.4557934700585347,0.3836336,0.3584517006008147,1
614767,73,93,2025-09-14 06:30:05,284.84,US,False,0.4628550841006708,0.2655698206920817,0.1890596,0.3782297102856984,1
614768,379,678,2025-09-14 06:30:57,47.35,US,False,0.574463209419797,0.4711136867830457,0.5515519,0.4342053302184971,1
614769,208,373,2025-09-14 06:31:49,40.36,US,False,0.5742023974635464,0.4533884780492697,0.47250882,0.3965521097167971,1
614770,1298,532,2025-09-14 06:34:16,854.33,US,False,0.5781497858598552,0.4155955213243912,0.46127516,0.4890547891526237,1
614771,2448,80,2025-09-14 06:34:18,905.04,US,False,0.6045057396279618,0.4720011171042846,0.6176183,0.437527210593723,1
614772,3164,476,2025-09-14 06:34:32,2891.02,US,False,0.6353532731600832,0.5996273583776731,0.61167556,0.4598928062711714,1
614773,2025,53,2025-09-14 06:36:47,672.79,US,False,0.5122906045143679,0.3785811558543294,0.33033055,0.3669997692241017,1
614774,1368,440,2025-09-14 06:38:11,140.96,US,False,0.342381155223575,0.3213372355969796,0.27819344,0.3474146106243649,1
614775,2022,676,2025-09-14 06:38:13,1390.66,US,False,0.4213097542368773,0.3422238584976109,0.39100963,0.4117971236943882,1
614776,1061,694,2025-09-14 06:39:37,51.09,US,False,0.5550536900430639,0.4561888063106313,0.47073695,0.4013691363353475,1
614777,4495,188,2025-09-14 06:40:29,253.32,CA,False,0.5143848826542147,0.441643862616679,0.4299841,0.3662420356471066,1
614778,1551,317,2025-09-14 06:40:34,446.8,US,False,0.4389611720561582,0.3683396406651207,0.26013002,0.3563494621268726,1
614779,1414,451,2025-09-14 06:42:29,4143.8,US,False,0.5299703820721501,0.3772445997895181,0.5136636,0.475543807786326,1
614780,5275,429,2025-09-14 06:42:46,52.84,US,False,0.6694471542492029,0.4457707435466672,0.44140244,0.4187563234329112,1
614781,1953,109,2025-09-14 06:43:06,90.41,US,False,0.4005583889225357,0.2614767127796154,0.18291463,0.3542523463385963,1
614782,2401,461,2025-09-14 06:46:03,16.29,US,False,0.3210904849626299,0.3563263394153551,0.28441146,0.3686515347195745,1
614783,3390,230,2025-09-14 06:55:42,556.62,US,False,0.3652082468345128,0.319259499583477,0.40931365,0.3827645208796589,1
614784,3760,435,2025-09-14 06:55:54,10.73,US,False,0.4212127041236843,0.3704507548376588,0.35430914,0.3779760518499788,1
614785,198,325,2025-09-14 06:57:34,144.21,US,False,0.5932498117915844,0.4413504811750755,0.42834502,0.3521711152226368,1
614786,3636,466,2025-09-14 06:57:38,296.05,US,False,0.465074681486426,0.4502862032751105,0.44219345,0.3511457950320066,1
614787,1891,311,2025-09-14 06:58:20,262.44,US,False,0.3868961408056295,0.2789353071455653,0.3248972,0.3581971021583677,1
614788,4257,650,2025-09-14 07:00:39,737.58,US,False,0.3536146700246709,0.3250818925200501,0.28462484,0.4729389489284715,2
614789,5968,478,2025-09-14 07:01:39,198.98,US,False,0.5725323396864962,0.4321333290730276,0.3628651,0.3942298211917144,1
614790,5391,729,2025-09-14 07:05:46,222.13,US,False,0.5357135332260786,0.4588898808946081,0.45387498,0.3584750663717912,1
614791,4137,660,2025-09-14 07:10:41,329.53,US,False,0.3288555339674046,0.2354818950814112,0.12159144,0.3878978198847734,1
614792,2513,696,2025-09-14 07:11:45,1142.8,US,False,0.4788140099453996,0.3370018806049229,0.5092197,0.3856766459225327,1
614793,5442,267,2025-09-14 07:13:08,66.83,US,False,0.4024605307000307,0.4140840409669647,0.27380702,0.4773426851787907,2
614794,3900,442,2025-09-14 07:15:39,198.87,US,False,0.8008735540638054,0.7466741103918911,0.77844065,0.4589418167504405,1
614795,763,487,2025-09-14 07:16:10,65.12,US,False,0.5981404801758484,0.4650848185097335,0.5401768,0.3899984593987999,1
614796,4757,304,2025-09-14 07:18:27,22.72,US,False,0.4676415341770679,0.40561160212853,0.39432245,0.3621821948974004,1
614797,931,243,2025-09-14 07:18:40,100.42,US,False,0.4769112571470845,0.358914386805913,0.3412781,0.3547009735471585,1
614798,647,631,2025-09-14 07:18:46,78.2,US,False,0.4828110515059977,0.4121377354768581,0.3722631,0.3490258406813804,1
614799,1044,207,2025-09-14 07:18:53,35.65,US,False,0.4564065945346655,0.4731854694496965,0.49337265,0.409316273927723,1
614800,1049,474,2025-09-14 07:22:41,2417.82,AU,False,0.967235319490006,0.5918612335536939,0.7854733,0.5903339003554465,1
614801,3273,718,2025-09-14 07:22:53,674.09,US,False,0.5161248239750491,0.4253831068051377,0.47273207,0.3656545023998065,1
614802,4549,716,2025-09-14 07:24:40,9.5,US,False,0.34538444374514,0.3646036076632314,0.54657304,0.4011445904714098,1
614803,2414,381,2025-09-14 07:24:45,341.47,US,False,0.5802369630969925,0.4769551470884449,0.54065764,0.4137649217410566,1
614804,5713,5,2025-09-14 07:26:49,54.95,US,False,0.4771807513600748,0.4071876776457656,0.32790542,0.3488866998618342,1
614805,3209,673,2025-09-14 07:27:57,53.46,US,False,0.2792195252425123,0.3241924967786714,0.5066009,0.3897884717739804,1
614806,1039,186,2025-09-14 07:28:57,1041.73,GB,False,0.4928307697642488,0.3470328028237602,0.31535617,0.4364650702392147,1
614807,1542,434,2025-09-14 07:30:03,60.52,NG,False,0.9549828722639174,0.6266048013319463,0.93006265,0.6396391542247212,1
614808,5036,78,2025-09-14 07:31:01,743.16,US,False,0.4171560480313785,0.2332044532338324,0.27926832,0.3787745060759699,1
614809,5357,614,2025-09-14 07:35:00,3887.03,US,False,0.3188726591401079,0.286506744046574,0.27678007,0.4527524957241223,1
614810,1571,334,2025-09-14 07:36:47,110.51,US,False,0.4626401494575471,0.3126530756667719,0.18930328,0.3896214595247301,1
614811,2081,144,2025-09-14 07:37:09,1933.4,AU,False,0.5629713917088128,0.3735825994617084,0.40553483,0.4095116638823304,1
614812,266,701,2025-09-14 07:38:59,107.18,US,False,0.4767321152494082,0.4709410121335595,0.5159673,0.350296315486735,1
614813,2150,131,2025-09-14 07:41:14,258.75,US,False,0.3786654226607489,0.3714555904163947,0.29702365,0.3441252424698952,1
614814,1939,456,2025-09-14 07:45:09,30.37,US,False,0.3617626249850562,0.3284446588050161,0.28632146,0.3709279483197829,1
614815,5114,49,2025-09-14 07:46:01,1242.58,US,False,0.4278412547645227,0.3216467629935295,0.29398313,0.3761544798523558,1
614816,644,500,2025-09-14 07:46:42,58.01,US,False,0.3179149094803267,0.3152019049764407,0.25184214,0.4933671377484657,2
614817,302,5,2025-09-14 07:49:36,21.21,US,False,0.5383671172422819,0.4202413361276922,0.33638096,0.404554446860921,1
614818,4180,17,2025-09-14 07:49:46,414.03,US,False,0.3888497340457402,0.3023926736066277,0.12650765,0.3528966628047706,1
614819,296,146,2025-09-14 07:51:54,504.28,US,False,0.4363062780771683,0.3683807853060493,0.18414737,0.3672661082375958,1
614820,4028,773,2025-09-14 07:52:56,28.5,US,False,0.439416425547116,0.3551663332015339,0.27369925,0.3673533588102598,1
614821,105,375,2025-09-14 07:54:06,2814.89,US,False,0.5558362112836027,0.5512383188194447,0.30177334,0.4587023332251416,1
614822,4322,116,2025-09-14 07:58:07,33.99,US,False,0.3259587865585611,0.328395644355363,0.21387696,0.3607775222767755,1
614823,4713,107,2025-09-14 07:59:31,747.3,US,False,0.6148938035181178,0.5282899070326073,0.5172075,0.4351446885935765,1
614824,3699,705,2025-09-14 08:00:09,106.99,US,False,0.4017846228747282,0.3585662186530819,0.38317212,0.3505799944419459,1
614825,2090,503,2025-09-14 08:00:15,79.91,US,False,0.3401986829343682,0.3087185716427617,0.21786574,0.3548209258754855,1
614826,3813,289,2025-09-14 08:01:16,631.0,US,False,0.3680349977204856,0.2704288680560832,0.13831852,0.4320701553110151,1
614827,5548,724,2025-09-14 08:02:10,4.0,US,False,0.6060570957073437,0.4234838204721982,0.07609522,0.4838482049948419,1
614828,412,184,2025-09-14 08:03:02,39.83,US,False,0.4652618797142979,0.4344663404326617,0.28520662,0.5750236686120722,2
614829,3530,333,2025-09-14 08:04:46,99.0,US,False,0.4035689468903111,0.3515359319823022,0.40569893,0.3781464499109023,1
614830,4660,391,2025-09-14 08:07:32,41.1,AU,False,0.2950000372239408,0.3370332582961089,0.22934929,0.3682529541319745,1
614831,1665,753,2025-09-14 08:09:15,265.74,US,False,0.3844733350857725,0.366887084649824,0.26392955,0.356495813118441,1
614832,4672,437,2025-09-14 08:10:57,9.66,US,False,0.4275958674138575,0.4470651687523806,0.26958036,0.3898660332470539,1
614833,3191,189,2025-09-14 08:12:30,813.22,US,False,0.6852970936920795,0.2932967764174962,0.06906763,0.4926249103097394,1
614834,1250,399,2025-09-14 08:14:01,125.91,US,False,0.4653333479159245,0.4519716410491792,0.3857761,0.3557282155759327,1
614835,3046,33,2025-09-14 08:15:09,276.85,US,False,0.5665222684371815,0.3618805746957168,0.45028418,0.3933637321890646,1
614836,5779,755,2025-09-14 08:17:41,408.26,US,False,0.7173008436557117,0.4800673337721612,0.5141689,0.4255246537381248,1
614837,5746,506,2025-09-14 08:18:28,1199.44,US,False,0.3338879685022958,0.3113483780790791,0.29858392,0.3694767201740945,1
614838,817,631,2025-09-14 08:21:11,53.04,US,False,0.4616660200604311,0.4016438246712413,0.35646802,0.4856877991858319,2
614839,2512,550,2025-09-14 08:23:41,383.48,US,False,0.5615285967363414,0.4493707646046702,0.35453588,0.4375702867818224,1
614840,5110,259,2025-09-14 08:25:07,20.02,US,False,0.3512423555901363,0.3515487355665148,0.25646386,0.4099312627890739,1
614841,2316,39,2025-09-14 08:26:12,96.24,US,False,0.3958877130099338,0.3872826475756319,0.33199275,0.3528300925494973,1
614842,3893,144,2025-09-14 08:26:15,2299.73,BR,False,0.6023890851686692,0.2901174806844808,0.36103666,0.5748218999523477,1
614843,4232,75,2025-09-14 08:29:38,156.25,US,False,0.3813792480110278,0.3090478535062105,0.19718373,0.3459920971496694,1
614844,5378,622,2025-09-14 08:30:05,8.69,US,False,0.370355187866302,0.3795030106707368,0.43512347,0.3821685231365206,1
614845,3439,703,2025-09-14 08:30:14,63.78,US,False,0.5405012185086804,0.4764572696420742,0.53829986,0.4341971736483666,1
614846,171,678,2025-09-14 08:30:37,400.12,US,False,0.4869192189776897,0.4655280777727302,0.40051034,0.4062887433394984,1
614847,555,257,2025-09-14 08:32:36,198.58,US,False,0.3702948470766993,0.3314680789868983,0.16706266,0.3449244640642759,1
614848,2158,286,2025-09-14 08:33:08,60.99,US,False,0.3445664124604876,0.3467756863912362,0.41914916,0.3872698693062619,1
614849,5285,683,2025-09-14 08:33:09,44.1,US,False,0.301196133130467,0.2702989224902561,0.076750256,0.3645756500698001,1
614850,4788,471,2025-09-14 08:33:54,378.07,US,False,0.4518244599761636,0.406432749238239,0.32144883,0.3588337194539435,1
614851,5018,223,2025-09-14 08:34:45,70.88,CA,False,0.4794832046807321,0.3978207344242022,0.41456434,0.3806375271038954,1
614852,4444,464,2025-09-14 08:35:06,1578.35,US,False,0.4758668201571531,0.4248306144410193,0.29693523,0.4027876408506442,1
614853,1313,472,2025-09-14 08:35:35,368.86,US,False,0.3456182680221073,0.336597899115169,0.2687546,0.3646081433015184,1
614854,2923,451,2025-09-14 08:35:54,93.5,US,False,0.3904024215856115,0.4317185395454008,0.2879021,0.479061464904372,2
614855,2201,72,2025-09-14 08:36:03,18.31,US,False,0.388574721475435,0.3772362913477492,0.31722146,0.3931021494485774,1
614856,5171,131,2025-09-14 08:36:14,422.27,US,False,0.4415063887326436,0.3735661515488914,0.32915035,0.359764624911958,1
614857,4698,397,2025-09-14 08:37:10,267.4,US,False,0.3860746343822511,0.3476443715947132,0.20546009,0.3464006716568356,1
614858,917,245,2025-09-14 08:37:30,38.35,US,False,0.3395753169746543,0.3095688117040252,0.23164403,0.3773662809751267,1
614859,3666,734,2025-09-14 08:39:29,952.1,US,False,0.6955582977223578,0.4780427074219971,0.6467606,0.4330339080774814,1
614860,73,30,2025-09-14 08:40:55,78.88,US,False,0.3398462344560624,0.3554710580109805,0.44433364,0.3854755086144356,1
614861,3142,53,2025-09-14 08:40:57,16.51,US,False,0.4487704742452423,0.4066747896404303,0.40572903,0.366767962444109,1
614862,969,210,2025-09-14 08:42:59,59.72,US,False,0.5332495696145801,0.3088523410421048,0.22507688,0.3949111209246411,1
614863,4585,12,2025-09-14 08:47:52,49.95,CA,False,0.5774610690346753,0.4593292819649582,0.5082562,0.4037422419123466,1
614864,1233,657,2025-09-14 08:49:58,62.59,US,False,0.4471412019973331,0.4027683384161544,0.44276226,0.352517415487286,1
614865,377,250,2025-09-14 08:50:30,451.55,US,False,0.5039537329812066,0.3638761282139067,0.43284202,0.5110059260246622,2
614866,3840,400,2025-09-14 08:51:29,21.06,US,False,0.436779491786014,0.3185926847037768,0.30455044,0.3816687603023251,1
614867,966,153,2025-09-14 08:51:30,14.27,DE,False,0.2736641024993845,0.322120993341682,0.25161314,0.3964188139524048,1
614868,3630,472,2025-09-14 08:51:33,358.67,US,False,0.4810360265947293,0.3786048338506536,0.32142273,0.387821426655194,1
614869,5987,618,2025-09-14 08:51:34,16.49,US,False,0.4332487960306213,0.4231086052554411,0.41683593,0.3729344811753204,1
614870,2333,416,2025-09-14 08:51:38,147.4,US,False,0.4793167649322646,0.3315852524752447,0.26449525,0.4137165602962371,1
614871,5256,676,2025-09-14 08:53:21,2869.93,AU,False,0.9186503346660414,0.7821790060426994,0.8124135,0.5736056845279894,1
614872,5075,14,2025-09-14 08:55:00,35.17,US,False,0.3109414712348116,0.3433787384547246,0.261567,0.3649638988676585,1
614873,921,337,2025-09-14 08:56:51,456.5,US,False,0.7763383766101053,0.7384754526896941,0.7163589,0.4375797670267312,1
614874,1223,541,2025-09-14 08:57:40,699.64,US,False,0.5210586761960005,0.3889147562478539,0.3791182,0.3782375758124881,1
614875,5772,391,2025-09-14 08:58:24,81.46,US,False,0.4217864105610063,0.282934120022555,0.21098125,0.4595683987476153,1
614876,635,472,2025-09-14 08:59:18,12.22,US,False,0.4173383796727988,0.3842533952613728,0.38577145,0.3999183916615978,1
614877,258,32,2025-09-14 09:00:59,485.47,US,False,0.3392233078557009,0.346410332331848,0.27441236,0.3560571378787839,1
614878,2355,128,2025-09-14 09:03:13,240.64,US,False,0.3710451032217221,0.3342065784711801,0.28742343,0.4731823013062147,2
614879,84,74,2025-09-14 09:03:36,505.75,US,False,0.4634218464069606,0.4598710589689066,0.41003826,0.3573669020758738,1
614880,52,534,2025-09-14 09:04:10,75.48,US,False,0.5901253942712885,0.4797598228473488,0.52886647,0.3707463192452252,1
614881,3934,51,2025-09-14 09:04:45,148.66,US,False,0.6795813237171611,0.7473940386251718,0.81831956,0.4342222305588819,1
614882,222,591,2025-09-14 09:05:04,11.69,DE,False,0.3129084270881557,0.3192975755445704,0.19920777,0.3914677633041059,1
614883,5258,260,2025-09-14 09:11:09,715.89,US,False,0.497239045045468,0.2697313889177987,0.20091963,0.4034670946658603,1
614884,3068,675,2025-09-14 09:13:37,34.16,US,False,0.4736199657246683,0.4492263199593485,0.3673143,0.3690708501291136,1
614885,5556,363,2025-09-14 09:14:47,131.62,US,False,0.3598042399093728,0.3427199769649919,0.25075436,0.3502169167701039,1
614886,1923,480,2025-09-14 09:16:00,290.75,US,False,0.4024427050365798,0.3046814664069996,0.061313335,0.3567253550192148,1
614887,2612,379,2025-09-14 09:17:02,944.59,US,False,0.4795067403001739,0.3432160629118716,0.17920513,0.3812075685468941,1
614888,4959,379,2025-09-14 09:17:45,1402.92,US,False,0.65920262928501,0.6181761633124682,0.64918375,0.528738752289827,1
614889,2550,494,2025-09-14 09:18:11,1551.34,US,False,0.3222936461807146,0.3117938886999229,0.20767865,0.3963243175118486,1
614890,4358,66,2025-09-14 09:18:36,7604.17,GB,False,0.3919043054863381,0.2851219226714257,0.24906346,0.5079482099493139,1
614891,5389,219,2025-09-14 09:18:52,191.87,US,False,0.432504258136156,0.4383959276103608,0.3828654,0.3533364493127934,1
614892,3830,671,2025-09-14 09:21:01,9.91,GB,False,0.4337576058978545,0.4166800783808222,0.39152882,0.4067732325603735,1
614893,4141,643,2025-09-14 09:22:41,300.72,US,False,0.5214407100493065,0.3400594480518023,0.24786845,0.4894892496658716,1
614894,2525,22,2025-09-14 09:25:24,3.62,US,False,0.3713571033630365,0.3691228588234248,0.37747124,0.5200576917490756,2
614895,3219,530,2025-09-14 09:27:07,74.53,AU,False,0.3561669439537375,0.301110626504283,0.17939952,0.346541815664047,1
614896,4765,457,2025-09-14 09:27:34,7.64,US,False,0.3103407189898018,0.2869640975714801,0.19926612,0.3777405966312342,1
614897,5918,166,2025-09-14 09:29:58,35.32,US,False,0.5338411550560619,0.4924471496922314,0.5058371,0.3940242676464682,1
614898,4458,148,2025-09-14 09:31:01,261.84,US,False,0.7791636584191964,0.6746729021654901,0.68003225,0.4531378238184422,1
614899,3877,521,2025-09-14 09:32:48,69.56,GB,False,0.3286390694772409,0.3485629448049611,0.34249526,0.3472886044011037,1
614900,5440,774,2025-09-14 09:33:43,102.14,DE,False,0.4200541275627772,0.4215255474842265,0.383333,0.3514179232270683,1
614901,490,434,2025-09-14 09:37:03,149.33,US,True,0.5420782081605309,0.4731167192344412,0.55308,0.3677427338837182,1
614902,1351,190,2025-09-14 09:37:32,670.06,US,False,0.5647257426833163,0.4671010606030116,0.2639472,0.4036126425986573,1
614903,5705,112,2025-09-14 09:38:29,45.13,US,False,0.3730213612139301,0.2802584740728026,0.09877857,0.3713840438808226,1
614904,4530,793,2025-09-14 09:40:28,411.92,US,False,0.4403521122183214,0.4181253113433618,0.45381898,0.3629103712014568,1
614905,4239,343,2025-09-14 09:40:33,100.4,AU,False,0.5775531882073626,0.46026833437553,0.3770969,0.4153888504132603,1
614906,4286,242,2025-09-14 09:43:22,560.79,US,False,0.6067371134226479,0.4479520698733337,0.43916407,0.4111466671315924,1
614907,3095,203,2025-09-14 09:47:02,62.08,US,False,0.4006851088414915,0.3476113133131467,0.3696811,0.3488108905525318,1
614908,2814,577,2025-09-14 09:48:12,237.67,US,False,0.4584452414457352,0.4064084983474695,0.3548191,0.3512685767575234,1
614909,5961,645,2025-09-14 09:50:32,755.82,US,False,0.3412977629858068,0.3348743999246258,0.31265742,0.3966699801811588,1
614910,5426,55,2025-09-14 09:52:14,37.22,US,False,0.523230829097215,0.4771132573275791,0.43804374,0.4173938714513123,1
614911,4408,737,2025-09-14 09:53:25,22.06,US,False,0.6327674309404622,0.4753567117265493,0.5834332,0.418833549651243,1
614912,1879,696,2025-09-14 09:55:09,317.77,US,False,0.343430810392389,0.3583383642296119,0.36461428,0.4898592682820131,2
614913,5688,199,2025-09-14 09:56:41,385.55,US,False,0.6594507031645888,0.4301869582162569,0.54401827,0.4061467108660072,1
614914,5561,343,2025-09-14 09:56:58,122.98,US,False,0.6229136293293889,0.4737034479380993,0.5649788,0.3890534899608578,1
614915,5385,714,2025-09-14 09:56:58,128.77,US,False,0.410477734237888,0.3203926553969818,0.21694727,0.3567445459145465,1
614916,3656,678,2025-09-14 09:57:11,258.02,US,False,0.5003881068242257,0.4721613524820417,0.45379487,0.3996991329539413,1
614917,3959,13,2025-09-14 09:57:15,5.87,CA,False,0.4344132607151846,0.430587037124191,0.5063201,0.3952154635192559,1
614918,5096,527,2025-09-14 09:58:00,130.43,US,False,0.4568464660376353,0.4495838489555596,0.37958208,0.3557527618065324,1
614919,3551,611,2025-09-14 09:58:18,39.86,US,False,0.3017766572915317,0.3023108511282216,0.19679993,0.3618503640226437,1
614920,1346,769,2025-09-14 10:00:37,301.29,GB,False,0.3241670368298856,0.3770140066351354,0.40579283,0.3541688255003032,1
614921,3479,171,2025-09-14 10:00:42,776.66,US,False,0.3922973047866679,0.3238272984179429,0.20452493,0.3637216036145944,1
614922,4863,44,2025-09-14 10:01:13,13.52,US,False,0.4093309937261378,0.3493157703336766,0.28592724,0.3627713473296567,1
614923,2486,359,2025-09-14 10:01:18,393.87,AU,False,0.4887627162138898,0.261276244595314,0.25400516,0.5872591415468168,1
614924,340,534,2025-09-14 10:02:04,1473.75,US,False,0.5903374858895235,0.4679541809300852,0.46449682,0.4089730622388568,1
614925,4027,337,2025-09-14 10:02:43,250.88,US,False,0.4817821030215336,0.4100602154299148,0.36343107,0.3549273529184152,1
614926,398,382,2025-09-14 10:02:43,235.64,US,False,0.4311036488500718,0.4351375247703065,0.48698393,0.3465132960185327,1
614927,820,704,2025-09-14 10:03:18,10.09,RU,False,0.5133881111288287,0.3395806517078195,0.32085678,0.5546955483611786,1
614928,2293,424,2025-09-14 10:03:34,146.94,US,False,0.3639696526362507,0.3623052844680558,0.34587747,0.3432182255619417,1
614929,1086,383,2025-09-14 10:03:54,28.67,US,False,0.3216657533027747,0.3638936689399323,0.33664614,0.3646323762680116,1
614930,3121,152,2025-09-14 10:04:47,23.48,US,False,0.3115300285076377,0.3271380195420295,0.35722575,0.3686792760635529,1
614931,714,33,2025-09-14 10:04:51,388.47,DE,False,0.5213866035318192,0.3798592344643264,0.31569725,0.3830761747362865,1
614932,1368,82,2025-09-14 10:05:40,123.56,US,False,0.3718702544377196,0.3474982569519269,0.32666948,0.3786761426159501,1
614933,3475,572,2025-09-14 10:09:09,608.5,CA,False,0.46370198181485,0.3958495709234137,0.44262764,0.3918180289291709,1
614934,4608,526,2025-09-14 10:09:25,759.24,US,False,0.3791584531400125,0.3554635753160018,0.25860053,0.358337200725827,1
614935,5181,583,2025-09-14 10:10:53,33.52,US,False,0.3907679598548164,0.3511757850724454,0.35964045,0.3509539538456838,1
614936,2288,639,2025-09-14 10:11:22,333.38,US,False,0.4772301980881158,0.4095883612973044,0.45599866,0.3729121839345921,1
614937,1464,353,2025-09-14 10:12:22,98.59,US,False,0.3673171633700449,0.3481245748724642,0.45680588,0.3430755773939956,1
614938,5361,600,2025-09-14 10:13:34,139.82,GB,False,0.4411090554938309,0.4097144535822887,0.4552597,0.3468461602432491,1
614939,5295,383,2025-09-14 10:15:44,443.24,US,False,0.4492297711337171,0.3618178698706141,0.35638282,0.4162769430908554,1
614940,5869,554,2025-09-14 10:16:41,17.46,US,False,0.2847751230272345,0.3001699249162291,0.20360729,0.3822668607027724,1
614941,1496,603,2025-09-14 10:16:49,632.24,CA,False,0.3868962229519758,0.3738380655427543,0.2779696,0.3533132051802576,1
614942,4855,120,2025-09-14 10:19:01,13.35,GB,False,0.3438011704357646,0.3477757020186813,0.3840759,0.4026542561138713,1
614943,1823,389,2025-09-14 10:19:59,24.03,US,False,0.4769328870174363,0.3565292517362076,0.26232204,0.3967815941995963,1
614944,1512,624,2025-09-14 10:20:04,39.95,US,False,0.6509370142837617,0.4658219506702686,0.56790787,0.4107577196201354,1
614945,1594,580,2025-09-14 10:20:07,32.08,US,False,0.4552447038576427,0.4412234633892147,0.49780822,0.3666232282473508,1
614946,139,527,2025-09-14 10:22:46,590.67,US,False,0.538295927102489,0.4370982652437787,0.5089924,0.3834087393941401,1
614947,5101,149,2025-09-14 10:23:20,481.57,US,False,0.3480861904388923,0.2711245267124234,0.12475529,0.3613130453715545,1
614948,4430,530,2025-09-14 10:25:49,58.75,US,False,0.3372106047182598,0.3183075118542656,0.2490206,0.3729154588637446,1
614949,136,124,2025-09-14 10:28:21,423.47,US,False,0.5317407130506169,0.3893857835621667,0.36729455,0.3963461952936042,1
614950,15,52,2025-09-14 10:28:59,150.11,CA,False,0.6348490548184107,0.4717560057965434,0.48241866,0.4714745955303117,1
614951,1980,219,2025-09-14 10:29:50,763.88,US,False,0.4733156117210997,0.4333418750951978,0.4865758,0.3652157505840303,1
614952,4591,526,2025-09-14 10:30:46,14.17,US,False,0.4031096281667927,0.3645226330122241,0.269516,0.3636208929060361,1
614953,5881,676,2025-09-14 10:34:00,35.18,US,False,0.3718254027312386,0.3642494184783126,0.30953607,0.3541813435949856,1
614954,4271,645,2025-09-14 10:37:12,71.11,US,False,0.3901181061236084,0.3394613757915501,0.31568488,0.3583608156692724,1
614955,3917,571,2025-09-14 10:37:35,19.29,US,False,0.3112061184764277,0.3488408275001909,0.3436236,0.3758921356497982,1
614956,3855,524,2025-09-14 10:38:45,177.36,US,False,0.3568044888932317,0.3141939575257129,0.33136618,0.3480157737480815,1
614957,5062,700,2025-09-14 10:39:29,38.03,US,False,0.3264294533258279,0.3076715055986158,0.25988153,0.350683871914654,1
614958,956,699,2025-09-14 10:41:14,135.86,US,False,0.4224949639917144,0.3410955410913706,0.30528635,0.3495002964738017,1
614959,1714,439,2025-09-14 10:43:30,341.46,US,False,0.359657205406541,0.2486612281844279,0.19053699,0.3467966904602524,1
614960,2702,357,2025-09-14 10:44:20,218.2,US,False,0.704250936949765,0.7593455270849582,0.7824652,0.4122475536043972,1
614961,1201,161,2025-09-14 10:48:29,365.82,US,False,0.5513542458253173,0.4377066729996237,0.35984883,0.3602571917616621,1
614962,3416,339,2025-09-14 10:49:41,529.85,US,False,0.5861988051135654,0.4072142005056793,0.379168,0.3799030355769893,1
614963,2113,477,2025-09-14 10:50:00,121.68,US,False,0.4127568925943561,0.3328155531801052,0.32518536,0.3750019561113911,1
614964,1613,695,2025-09-14 10:50:12,186.08,US,False,0.6049520027401012,0.4463917720861853,0.3717866,0.3866544614961825,1
614965,4825,582,2025-09-14 10:52:50,131.04,US,False,0.5313013870525208,0.470699824011035,0.4258143,0.3560220438298864,1
614966,44,18,2025-09-14 10:54:03,56.21,DE,False,0.6298896594163784,0.7333058104015775,0.82060105,0.4535803087117303,1
614967,4364,472,2025-09-14 10:54:21,267.81,US,False,0.4020174867495932,0.3084184559547583,0.19280317,0.343845065658696,1
614968,238,45,2025-09-14 10:54:46,133.97,US,False,0.6532100802461096,0.4858167280603483,0.6207781,0.4398758261843345,1
614969,3212,305,2025-09-14 10:57:11,9685.14,US,False,0.5826269527526764,0.5715450030349811,0.5613492,0.5520957276186245,1
614970,2947,583,2025-09-14 10:57:44,30.51,US,False,0.3485478730945059,0.3537137559423739,0.2647681,0.3725161327523987,1
614971,5263,727,2025-09-14 10:59:06,1400.35,US,False,0.4105741770383286,0.3904634861857931,0.4635833,0.3868326144768867,1
614972,2856,453,2025-09-14 10:59:49,61.72,US,False,0.5880370494533199,0.4882780000486256,0.48942938,0.4065617962492667,1
614973,3174,327,2025-09-14 11:02:41,6365.73,US,False,0.61226054395487,0.3873700699846684,0.3417275,0.5170367623511516,1
614974,1761,571,2025-09-14 11:06:10,25.36,GB,False,0.3219221470606714,0.3454951622014569,0.28820524,0.3595567096606433,1
614975,699,6,2025-09-14 11:06:57,108.51,US,False,0.4619651755682142,0.4132717704191933,0.3662641,0.3458478450728703,1
614976,2353,280,2025-09-14 11:07:45,116.95,US,False,0.2685513053827603,0.3329830117599873,0.44882753,0.3620596658490629,1
614977,2919,76,2025-09-14 11:08:40,1740.58,US,False,0.4222355868454587,0.2901045299511385,0.21922167,0.4097450703635498,1
614978,1212,744,2025-09-14 11:09:03,78.0,GB,False,0.4166183590899222,0.3776758654681069,0.40760607,0.3466462564676242,1
614979,5900,50,2025-09-14 11:09:45,53.5,US,False,0.3431499838182138,0.3267016621497625,0.27820575,0.3474002727019166,1
614980,5508,209,2025-09-14 11:10:03,96.31,US,False,0.3200735387789891,0.3261591148854992,0.27330917,0.3461286866595806,1
614981,3535,680,2025-09-14 11:10:24,115.55,US,False,0.5048154640188338,0.3665804049622829,0.29563588,0.3545257355517989,1
614982,5711,225,2025-09-14 11:10:38,697.35,US,False,0.4607561565874415,0.2806063199955319,0.28908125,0.3736051254177112,1
614983,5160,85,2025-09-14 11:11:01,2345.98,US,False,0.8270429984749266,0.7303475689663226,0.5527048,0.54351344981348,1
614984,5938,162,2025-09-14 11:12:08,184.23,US,False,0.3568586333140986,0.3394856852359589,0.3807491,0.3831725954504419,1
614985,5664,570,2025-09-14 11:16:02,46.13,US,False,0.5572812139723309,0.4644874945094516,0.44074,0.3873110506340788,1
614986,4842,464,2025-09-14 11:17:30,16.13,US,False,0.513276811233023,0.4427294046040497,0.4529661,0.3756892485837884,1
614987,2679,2,2025-09-14 11:18:09,108.75,US,False,0.5331824489049686,0.3788197393060297,0.38955456,0.3666150737091399,1
614988,893,375,2025-09-14 11:20:30,337.29,US,False,0.3113962121631811,0.3417641648378437,0.2869093,0.3455636632147751,1
614989,1487,132,2025-09-14 11:20:46,255.8,DE,False,0.4669327995949348,0.4415962699763184,0.49249685,0.3515383740467309,1
614990,2260,329,2025-09-14 11:20:52,79.71,US,False,0.352444424150673,0.3426414917305537,0.17489369,0.3779791342242257,1
614991,552,462,2025-09-14 11:22:01,107.14,US,False,0.769817181827856,0.7719117581038575,0.8466838,0.4399039090798194,1
614992,5411,405,2025-09-14 11:22:09,20450.07,US,False,0.4899753789235079,0.2348129124847018,0.08830073,0.5441012165954189,1
614993,1156,198,2025-09-14 11:22:13,244.25,US,False,0.4117122135131462,0.4514310700633702,0.4479731,0.3577855940869364,1
614994,2185,126,2025-09-14 11:23:38,5.78,US,False,0.3041811791013493,0.3293216776241632,0.4607498,0.3956959005122921,1
614995,3842,317,2025-09-14 11:26:44,74.28,US,False,0.4714332769795856,0.4070052539705465,0.3109964,0.3457880598349328,1
614996,4512,320,2025-09-14 11:28:05,795.97,US,False,0.5073950339134282,0.4347415300999767,0.36924285,0.4108397307934042,1
614997,1014,724,2025-09-14 11:33:32,809.17,US,False,0.6382159876623287,0.4900964800828726,0.5880891,0.4308350971946502,1
614998,3765,239,2025-09-14 11:34:39,407.87,CA,False,0.4534876506813657,0.3502583207591065,0.46114147,0.3525408833395794,1
614999,5138,206,2025-09-14 11:35:29,55.39,US,False,0.3187492498700222,0.3278259963873874,0.29283985,0.3484869357271196,1
615000,1409,660,2025-09-14 11:36:08,27.35,US,False,0.3716346076265414,0.3070246291067131,0.16459183,0.3769783302894083,1
615001,5179,333,2025-09-14 11:37:12,44.23,US,False,0.3722117687234429,0.3343884179825259,0.22764695,0.358049363861357,1
615002,4208,235,2025-09-14 11:38:10,130.45,US,False,0.3111964004869226,0.3417692670654724,0.3992326,0.3512028542240495,1
615003,4144,290,2025-09-14 11:40:18,170.44,US,False,0.3122145561430929,0.3093383076689338,0.15299034,0.348120705374752,1
615004,2879,648,2025-09-14 11:43:51,163.26,GB,False,0.3217227003699237,0.2648304159234434,0.21574488,0.343633317378035,1
615005,3574,62,2025-09-14 11:44:03,16.16,US,False,0.3370792981808929,0.3159013233533246,0.29129943,0.4460356945576818,1
615006,5788,662,2025-09-14 11:44:23,57.84,US,False,0.5634817435994668,0.4403651281051755,0.45369488,0.36188172991434,1
615007,4254,276,2025-09-14 11:44:39,122.12,US,False,0.4883418853663414,0.450518690364346,0.43669388,0.3777992402713452,1
615008,4261,695,2025-09-14 11:46:31,105.03,GB,False,0.5186767556312898,0.4651081325061267,0.4416165,0.3572721326086425,1
615009,657,229,2025-09-14 11:46:44,773.43,US,False,0.4501126573608727,0.4261879006005528,0.35169134,0.3983056637514426,1
615010,2791,489,2025-09-14 11:47:15,118.8,US,False,0.4250289404857913,0.4572844687478842,0.44876516,0.3526215296043987,1
615011,1533,483,2025-09-14 11:47:33,449.98,AU,False,0.2830056986937568,0.340186446930052,0.26234028,0.3607985909368921,1
615012,3471,520,2025-09-14 11:48:24,1098.77,US,False,0.5053687169755632,0.328427786994771,0.37926185,0.3875444101927344,1
615013,5919,784,2025-09-14 11:51:06,270.21,US,False,0.4797402993995609,0.4243880877730303,0.3483584,0.3483673390672027,1
615014,3996,206,2025-09-14 11:55:12,273.2,US,False,0.4290624835774184,0.2600824135554107,0.17298865,0.3503538292837089,1
615015,1316,531,2025-09-14 11:55:16,159.16,US,False,0.4275676610579026,0.4187344279323119,0.33685037,0.4971851816078655,2
615016,5563,68,2025-09-14 11:56:09,199.46,US,False,0.4320870462785794,0.4687101913506977,0.45584077,0.34907796349768,1
615017,1222,170,2025-09-14 11:56:52,18.38,GB,False,0.3883742508354393,0.356880307626629,0.34240872,0.3671358010337693,1
615018,1011,362,2025-09-14 11:56:54,6.59,CA,True,0.4307665620949536,0.4052407425847346,0.41167414,0.3871046883787622,1
615019,2910,630,2025-09-14 11:57:33,112.7,CN,False,0.4192557084350971,0.320743387189068,0.30983087,0.5586018176887462,1
615020,1229,370,2025-09-14 11:57:37,285.89,US,False,0.4410620195125738,0.4386367182319846,0.45479968,0.3765487416473049,1
615021,1192,426,2025-09-14 11:58:37,73.89,US,False,0.4063680832426086,0.2842854065761863,0.26440674,0.3774971170142873,1
615022,1951,575,2025-09-14 12:00:20,53.88,GB,False,0.3197647808449824,0.3356082140275622,0.2547905,0.3504584149356125,1
615023,5580,799,2025-09-14 12:01:27,556.84,US,False,0.6088098078346945,0.4445916040417615,0.40741256,0.3714568289853676,1
615024,5251,305,2025-09-14 12:03:43,25.6,US,False,0.3332851816877437,0.3657321460138552,0.2513086,0.3622931621724284,1
615025,2751,642,2025-09-14 12:05:46,59.23,CA,False,0.5540817306258121,0.4810341516131062,0.43547812,0.3606161874200899,1
615026,2309,223,2025-09-14 12:06:56,242.24,US,False,0.36790061433092,0.3793380771159343,0.35091096,0.3576580639833988,1
615027,5024,368,2025-09-14 12:14:22,169.45,DE,False,0.4205115505261105,0.2971574085334007,0.1806625,0.3662145866767266,1
615028,3316,239,2025-09-14 12:14:45,309.66,US,False,0.3723776598370381,0.3113229680252503,0.14330919,0.3766554077691103,1
615029,4476,786,2025-09-14 12:15:58,46.17,US,False,0.4920384756707493,0.4692409212753098,0.45645195,0.3740130691085435,1
615030,4584,461,2025-09-14 12:18:18,140.17,US,False,0.3239508443831885,0.3548532881339704,0.37253445,0.3547166727574637,1
615031,4335,443,2025-09-14 12:18:27,154.74,US,False,0.4498816156260776,0.4368062487480798,0.43161348,0.350056083742016,1
615032,3651,423,2025-09-14 12:20:13,206.26,US,False,0.5175314440793455,0.3994125664477812,0.4333081,0.3839783983395726,1
615033,3599,389,2025-09-14 12:22:27,611.85,US,False,0.527699320048944,0.4821228216510148,0.3400425,0.3893931125003356,1
615034,2364,521,2025-09-14 12:22:41,428.4,US,False,0.2969493589313188,0.351144439144707,0.3773155,0.3590899198446363,1
615035,4790,484,2025-09-14 12:26:36,12.19,CA,False,0.3506621636832912,0.3504440191295171,0.24918312,0.3893627228829236,1
615036,5490,678,2025-09-14 12:27:34,600.13,US,False,0.5771706546264653,0.494404104901275,0.6172625,0.3996445898763544,1
615037,2283,151,2025-09-14 12:30:29,87.66,US,False,0.4704930767134951,0.3966474143051589,0.26535538,0.3537110030035654,1
615038,2635,96,2025-09-14 12:32:14,58.69,US,False,0.6756227865155356,0.4032402455941841,0.58352625,0.5201505743796966,1
615039,4617,619,2025-09-14 12:36:48,79.87,US,False,0.4780970730289886,0.4327674231419694,0.3421801,0.3549480412150566,1
615040,480,709,2025-09-14 12:37:02,304.06,AU,False,0.4216978997965216,0.421417139280666,0.3040483,0.417199432508831,1
615041,2595,743,2025-09-14 12:38:23,186.63,CA,False,0.4423780199139897,0.4354493347363991,0.33682728,0.3821624381113512,1
615042,4643,256,2025-09-14 12:38:38,330.67,US,False,0.5351320831384899,0.5157580599866584,0.4130398,0.4012136378944071,1
615043,1071,15,2025-09-14 12:41:00,12.09,US,False,0.2943949448404511,0.3189594659294073,0.097186744,0.4743201358234263,1
615044,2390,330,2025-09-14 12:41:13,2723.29,US,False,0.5198175774061433,0.3195653973729619,0.19014744,0.4278257586162806,1
615045,3292,759,2025-09-14 12:43:03,3361.53,US,False,0.555297151762382,0.5729098455099554,0.47456193,0.4663143464824111,1
615046,1326,25,2025-09-14 12:43:18,257.42,US,False,0.5589476320772362,0.6892672055946719,0.63897634,0.4020097693500785,1
615047,5310,421,2025-09-14 12:44:05,26.52,US,False,0.4147143513323376,0.3640650643910927,0.33338517,0.3592316487867557,1
615048,375,500,2025-09-14 12:44:43,8.0,US,False,0.3003890598473188,0.2990586828870794,0.20726602,0.4903837905530667,2
615049,3197,52,2025-09-14 12:45:39,34.21,US,False,0.5056558926652118,0.4446662662557753,0.3529298,0.4090965736338086,1
615050,4842,380,2025-09-14 12:48:02,19.65,US,False,0.3780786295809671,0.3088366005001964,0.31711304,0.4003871319923911,1
615051,4841,274,2025-09-14 12:48:53,166.84,DE,False,0.520066073339229,0.4649116815806899,0.45225194,0.360386877408433,1
615052,2402,747,2025-09-14 12:51:23,100.45,US,False,0.4846198513603354,0.4754675234759498,0.41174316,0.4048408766934768,1
615053,3187,51,2025-09-14 12:54:38,4147.25,DE,False,0.6087890211238108,0.7121431134329074,0.6172864,0.4915616631706743,1
615054,4198,243,2025-09-14 12:56:56,19.65,US,False,0.3807141635323981,0.361686421169866,0.39725244,0.3809346717567756,1
615055,3568,618,2025-09-14 13:00:39,567.9,US,False,0.4423405931292754,0.4034375449968526,0.41562808,0.3550256618696478,1
615056,658,62,2025-09-14 13:01:20,507.37,US,False,0.3386264734383609,0.2920547820267528,0.12666053,0.3610865241545227,1
615057,4239,457,2025-09-14 13:01:37,92.75,AU,False,0.3978557059279248,0.3446728342766138,0.43995777,0.3881593755160203,1
615058,415,53,2025-09-14 13:01:57,173.17,GB,False,0.5886946323621627,0.4330662202813539,0.48502493,0.3841473110759429,1
615059,2328,176,2025-09-14 13:03:14,148.28,US,False,0.3213258505327835,0.3628398804327705,0.2909118,0.3575951144983121,1
615060,4153,64,2025-09-14 13:05:40,79.7,CA,False,0.3374820011968198,0.3618188382122568,0.37040985,0.3474043053999148,1
615061,1387,369,2025-09-14 13:07:15,98.86,NG,False,0.5506442736098487,0.4440469721581102,0.61390376,0.5776243424429887,1
615062,2853,685,2025-09-14 13:08:22,66.44,US,False,0.3971640717637296,0.3600529540964622,0.31583044,0.3527596878469356,1
615063,1262,377,2025-09-14 13:08:26,693.57,US,False,0.5245009478594823,0.4559457700334365,0.46263394,0.3752971376193043,1
615064,5928,633,2025-09-14 13:10:38,690.48,US,False,0.5924781917498815,0.4153343069563715,0.52630013,0.4138007450793044,1
615065,892,167,2025-09-14 13:13:02,362.8,US,False,0.5143475876097936,0.4614649697306983,0.5961601,0.3556350137278023,1
615066,4399,458,2025-09-14 13:19:09,25.35,DE,False,0.4476322323921555,0.3339404927600838,0.27773094,0.5465383075050739,1
615067,4851,472,2025-09-14 13:20:53,81.83,US,False,0.3453584421006507,0.356051342732709,0.34227017,0.3795646994258541,1
615068,5258,741,2025-09-14 13:21:57,267.02,US,False,0.3772368467816913,0.3205851386441387,0.29482445,0.3822019701453764,1
615069,554,511,2025-09-14 13:22:57,92.35,CA,False,0.472110735501634,0.43976620873289,0.33333147,0.426535578380103,1
615070,1032,769,2025-09-14 13:24:27,43.46,GB,False,0.3297847332521977,0.349499190262125,0.18001658,0.4285911544558204,1
615071,4623,371,2025-09-14 13:26:11,146.97,US,False,0.3862841541157838,0.3433075611471758,0.31941503,0.3537897535604158,1
615072,3392,282,2025-09-14 13:29:37,237.28,US,False,0.6507134821916407,0.4236064777649542,0.50555634,0.4112253193632015,1
615073,5184,533,2025-09-14 13:30:12,906.38,US,False,0.5062158573425452,0.3893975975434243,0.35770345,0.3739638530975017,1
615074,2556,370,2025-09-14 13:31:30,87.85,US,False,0.6163264268469334,0.4542639984719734,0.5417548,0.4043261875860393,1
615075,4411,289,2025-09-14 13:31:45,51.64,US,False,0.3193828370192191,0.3334657244540984,0.30093783,0.3644488677533402,1
615076,2519,92,2025-09-14 13:32:52,112.32,US,False,0.2934185375848486,0.3268719466681198,0.17434765,0.4690861658951069,2
615077,2532,2,2025-09-14 13:34:33,29.91,US,False,0.4108156436876107,0.3662378078853597,0.30611354,0.368305706848328,1
615078,5692,567,2025-09-14 13:35:33,14567.03,US,False,0.6079015064115927,0.3420797663287753,0.23286232,0.5538258585137431,1
615079,1740,635,2025-09-14 13:36:05,136.54,GB,False,0.4727011456070794,0.4637876025637272,0.3305467,0.3564953433135658,1
615080,530,56,2025-09-14 13:36:14,332.46,US,False,0.3017738132156718,0.3270119875795156,0.23957652,0.3630258366187079,1
615081,4538,506,2025-09-14 13:36:29,1314.0,US,False,0.4983775360290828,0.342694535410635,0.33165127,0.4329123244852295,1
615082,4298,397,2025-09-14 13:37:42,268.46,US,False,0.4452177767363608,0.3393936759017749,0.2995231,0.3546442461189274,1
615083,326,454,2025-09-14 13:38:15,412.13,US,False,0.3178945394628525,0.3167508336462662,0.2519775,0.3558641138823331,1
615084,4316,580,2025-09-14 13:38:37,840.6,CA,False,0.4228588125378041,0.434793996542309,0.41612032,0.3826886976170324,1
615085,2322,429,2025-09-14 13:41:27,112.23,US,False,0.7338454565932796,0.4735045056481713,0.5232457,0.4247974822229242,1
615086,2218,624,2025-09-14 13:43:47,209.16,CA,False,0.4885865044307106,0.4421102916806966,0.3646638,0.3752591788310616,1
615087,3838,432,2025-09-14 13:44:29,238.88,US,False,0.5093515288181731,0.4744554729592438,0.43727028,0.3703287300703178,1
615088,4795,655,2025-09-14 13:45:45,487.87,US,False,0.4414502344892222,0.3903108335444326,0.3645264,0.3556370754401596,1
615089,3396,358,2025-09-14 13:47:59,307.02,US,False,0.4099339347548341,0.3452147860830511,0.3004507,0.3812715606069344,1
615090,2118,526,2025-09-14 13:50:43,3336.94,US,False,0.6011588926487322,0.3501172294388762,0.16330314,0.5091340958773185,1
615091,2363,684,2025-09-14 13:55:26,855.67,US,False,0.4059126753714623,0.4218075863411826,0.481837,0.3714131601064966,1
615092,2809,99,2025-09-14 13:57:25,455.2,US,False,0.4728374753512681,0.4245526291417029,0.4237829,0.3526688121612692,1
615093,5928,71,2025-09-14 13:57:40,726.81,US,False,0.4531938692231942,0.3339341620481821,0.16087699,0.5752063740630381,1
615094,3737,477,2025-09-14 13:58:01,338.81,US,False,0.3475437418127068,0.3198342580855543,0.2706708,0.3540462580555262,1
615095,2405,615,2025-09-14 13:58:16,233.59,US,False,0.4791710698535823,0.3023805230612227,0.26261428,0.4020767229160767,1
615096,1507,207,2025-09-14 13:59:43,15.59,US,False,0.4331751953133169,0.4317622176146384,0.4535415,0.3714304425878619,1
615097,2884,760,2025-09-14 13:59:50,282.38,US,False,0.2680029131669501,0.3050480719580377,0.2265544,0.3693762725426605,1
615098,1577,206,2025-09-14 14:00:04,233.82,RU,False,0.6953998108297909,0.5339368998886368,0.7498417,0.5779836969074593,1
615099,5420,166,2025-09-14 14:00:46,286.31,US,False,0.5545378576320592,0.4727412309338491,0.38879383,0.3777175755298318,1
615100,5688,475,2025-09-14 14:02:42,382.81,US,False,0.3895593325080619,0.2916471202330962,0.23971479,0.391220270855098,1
615101,5037,43,2025-09-14 14:05:24,82.48,US,False,0.4273485700112176,0.413969838167649,0.35425344,0.3972294246216494,1
615102,3676,344,2025-09-14 14:05:27,1745.68,GB,True,0.9659767041233244,0.8626770127690894,0.93209416,0.6647620752871098,1
615103,3846,2,2025-09-14 14:05:33,27.55,US,False,0.4356471785916824,0.3447633851916188,0.23930196,0.3647361132715517,1
615104,3399,696,2025-09-14 14:06:05,186.75,US,False,0.352986732617222,0.3641541630057167,0.31901598,0.3501814276584921,1
615105,4828,577,2025-09-14 14:06:21,300.63,US,False,0.5378012410284214,0.4407748646627979,0.41470873,0.3629229634842337,1
615106,174,325,2025-09-14 14:08:31,59.68,US,False,0.5112064645816786,0.4461696250556855,0.46157044,0.3591443607733209,1
615107,1958,318,2025-09-14 14:10:23,49.94,US,False,0.4168420788239026,0.3363278373848992,0.23143557,0.3506906784257302,1
615108,2820,33,2025-09-14 14:11:17,150.52,US,False,0.519114477943695,0.3808025935558976,0.3103113,0.3502040830784638,1
615109,4461,587,2025-09-14 14:12:17,87.36,US,False,0.4755125677557905,0.4347529258361383,0.37685734,0.3506862043891982,1
615110,4380,667,2025-09-14 14:14:33,178.52,US,False,0.3289694398640836,0.3170627084145512,0.17511217,0.38557322420889,1
615111,5934,742,2025-09-14 14:15:26,34.38,US,False,0.4505437925529308,0.4520014343538829,0.36188763,0.3684590114797457,1
615112,4066,655,2025-09-14 14:15:43,739.64,DE,False,0.5686451587426573,0.4113285098048702,0.5651415,0.3679748482250843,1
615113,1885,155,2025-09-14 14:17:41,156.57,US,False,0.6173816231295665,0.4504852150629343,0.4771755,0.4052112605268771,1
615114,4735,541,2025-09-14 14:20:27,164.27,US,False,0.4734402022380521,0.4438623871505274,0.5026655,0.3477206413169888,1
615115,4203,719,2025-09-14 14:20:35,145.67,DE,False,0.405718842520693,0.2880266992369403,0.23420906,0.5376093806519779,1
615116,3231,744,2025-09-14 14:22:37,497.27,US,False,0.6045964336323909,0.3586071851033896,0.30789974,0.4237882440019374,1
615117,2932,757,2025-09-14 14:24:30,823.51,CA,False,0.3876883998982333,0.3655534763052655,0.38639867,0.3603247302650455,1
615118,4533,84,2025-09-14 14:27:16,79.45,CA,False,0.3596668000612348,0.2923563512766318,0.218859,0.3489785615475789,1
615119,1116,175,2025-09-14 14:27:37,61.02,US,False,0.5405566619137271,0.4124071608626417,0.3049875,0.3512365137066986,1
615120,3104,132,2025-09-14 14:29:24,69.8,US,False,0.4713583196987597,0.4433729213611496,0.30851552,0.3502240924946673,1
615121,4319,789,2025-09-14 14:29:26,254.29,US,False,0.2802046573954398,0.2523697760253683,0.17293978,0.359370630079037,1
615122,1119,303,2025-09-14 14:32:09,77.5,CA,False,0.5249592020880488,0.2890840147224284,0.20011505,0.5011211597757177,1
615123,377,256,2025-09-14 14:36:01,111.08,US,False,0.2812647363257083,0.2984091082569657,0.3085278,0.4937658429070389,2
615124,1053,775,2025-09-14 14:37:44,452.16,US,False,0.3391780738971796,0.3084841105094593,0.22563237,0.3507850874683783,1
615125,1882,18,2025-09-14 14:38:57,361.13,CA,False,0.3097475596892501,0.3283372658394562,0.2882145,0.3736703405383387,1
615126,1030,400,2025-09-14 14:39:10,625.03,US,False,0.3288547636257229,0.3407496992885321,0.32696232,0.3551170275376007,1
615127,1860,797,2025-09-14 14:41:16,24.5,US,False,0.3184922981217523,0.3301252234311478,0.29392055,0.367402404780855,1
615128,3801,67,2025-09-14 14:42:06,116.18,GB,False,0.3819033704449753,0.3521095893463156,0.30938444,0.3825649261011126,1
615129,1686,621,2025-09-14 14:43:36,817.52,CN,False,0.7137850923317666,0.5549922682876531,0.7619877,0.6183468343482055,1
615130,444,516,2025-09-14 14:44:59,102.32,US,False,0.3566573094472661,0.3681618412213965,0.22357798,0.3583987256175954,1
615131,2200,513,2025-09-14 14:47:07,873.58,US,False,0.4071673116176512,0.3871779500705157,0.3267107,0.371902966984619,1
615132,3285,269,2025-09-14 14:47:16,1970.34,CA,False,0.5606410906047238,0.436406909098066,0.5780494,0.4444140249973379,1
615133,2901,661,2025-09-14 14:47:31,121.58,US,False,0.6134476301528824,0.4938852294856813,0.6696793,0.4352037104967123,1
615134,262,219,2025-09-14 14:47:54,2547.38,US,False,0.4974904980308512,0.4335220085512387,0.3660228,0.4051756532983069,1
615135,4030,138,2025-09-14 14:48:36,100.77,AU,False,0.3114826439115132,0.3301328476975373,0.28711298,0.3466431080444335,1
615136,3382,27,2025-09-14 14:51:52,505.01,CA,False,0.5883579004836504,0.3319160150394966,0.266665,0.3907714163812857,1
615137,5295,443,2025-09-14 14:53:16,163.28,US,False,0.4972570825891914,0.4241504339148056,0.4558836,0.400813829050884,1
615138,5517,109,2025-09-14 14:54:33,20.15,US,False,0.3684641137679622,0.3246540915091399,0.2421945,0.3711231382424914,1
615139,120,773,2025-09-14 14:58:30,966.62,US,False,0.3693429817887339,0.3453261315020129,0.37260577,0.3703169668324402,1
615140,1256,669,2025-09-14 15:03:17,24.46,US,False,0.3363990772864568,0.3560285199331864,0.16463847,0.3809947844093685,1
615141,639,24,2025-09-14 15:04:11,173.85,US,False,0.4003797310956201,0.3624453562847295,0.33450612,0.4604009107830737,2
615142,2376,137,2025-09-14 15:04:15,77.84,US,False,0.2850217603321826,0.315050946319833,0.24575238,0.3639482821960214,1
615143,2430,569,2025-09-14 15:05:58,59.28,US,False,0.3508083151902291,0.3458740201306013,0.2530841,0.3796044112602206,1
615144,3186,228,2025-09-14 15:07:19,1312.49,US,False,0.3614309769873806,0.3006142498427958,0.20885047,0.4981795412051278,2
615145,1036,693,2025-09-14 15:07:23,70.69,US,False,0.3877760760480803,0.2990169269673083,0.25923893,0.3625619586332578,1
615146,2120,532,2025-09-14 15:10:01,1304.56,AU,False,0.4587456216397144,0.4013510409078492,0.3890457,0.3984268483769764,1
615147,1738,289,2025-09-14 15:11:52,482.81,US,False,0.3697155210352469,0.2718672306944147,0.17047852,0.3597268097023279,1
615148,3118,389,2025-09-14 15:11:52,180.48,US,False,0.3872373085824747,0.3491868550287033,0.41097644,0.3874213497146204,1
615149,2302,55,2025-09-14 15:12:20,169.43,US,False,0.6028797323619505,0.5059657074490611,0.56714183,0.3869591748123921,1
615150,5152,229,2025-09-14 15:13:03,70.16,CA,False,0.5558166589799528,0.415697273701725,0.42125976,0.4977126745951021,1
615151,91,491,2025-09-14 15:13:14,176.79,US,False,0.4183451531925691,0.2711243104856984,0.30386254,0.3471599557634812,1
615152,993,454,2025-09-14 15:13:45,38.99,US,False,0.2926447468526939,0.3139877493914847,0.21080294,0.3633393009169672,1
615153,2348,81,2025-09-14 15:15:45,99.88,US,False,0.4308361658419886,0.4417178888273744,0.48798996,0.3590060936795413,1
615154,2481,221,2025-09-14 15:16:33,30.51,DE,False,0.3450379950908756,0.3431618433352935,0.3003682,0.3758990071388283,1
615155,1145,460,2025-09-14 15:16:49,2008.58,US,False,0.5123147157577441,0.4338032258313359,0.3705709,0.4143252120085851,1
615156,5170,248,2025-09-14 15:19:09,444.51,CA,False,0.6330466122856783,0.5908439020582307,0.32200637,0.4011151357565695,1
615157,2724,444,2025-09-14 15:23:50,252.38,US,False,0.3670479883261625,0.3817955824002156,0.3199682,0.3527752207314826,1
615158,4483,763,2025-09-14 15:24:45,63.67,CA,False,0.4437342444727193,0.4539968743541922,0.44617522,0.3542040332731417,1
615159,2956,35,2025-09-14 15:26:24,328.28,US,False,0.4081568849432515,0.4039176889339046,0.3384906,0.3492935666386964,1
615160,1953,357,2025-09-14 15:28:21,90.52,US,False,0.5764734243929988,0.4516659434134496,0.47492594,0.3931388378760422,1
615161,4094,484,2025-09-14 15:31:28,353.73,CA,False,0.4341581600805435,0.3950850328093971,0.3650881,0.3572876574962196,1
615162,431,749,2025-09-14 15:31:32,3926.95,AU,False,0.993784206274773,0.4585015492819489,0.53442836,0.7519081845509864,1
615163,3792,775,2025-09-14 15:32:24,82.35,AU,False,0.3607051413175712,0.2937638124407087,0.20799904,0.3468172865181359,1
615164,1395,23,2025-09-14 15:34:19,97.8,US,False,0.5630627150107317,0.4666100571752607,0.5650253,0.3959711629306399,1
615165,813,102,2025-09-14 15:35:28,1159.86,US,False,0.6114014872952577,0.3344458536539122,0.28656515,0.3967742339379341,1
615166,1850,723,2025-09-14 15:35:38,4717.4,US,False,0.4337996250627418,0.399583584875816,0.26237375,0.4684479447625065,1
615167,4618,715,2025-09-14 15:37:10,450.43,US,False,0.4472575446134604,0.2157413142255328,0.20781897,0.3819357781402431,1
615168,1873,296,2025-09-14 15:40:07,49.18,US,False,0.5158643540916087,0.4560277654898597,0.4586595,0.3618540543980922,1
615169,616,625,2025-09-14 15:40:30,38.64,GB,False,0.4546815917671973,0.4486787468073347,0.38452232,0.3707768893798229,1
615170,2042,383,2025-09-14 15:41:49,55.16,US,False,0.3257521027381676,0.3479831038003861,0.33602184,0.3518615684996438,1
615171,2079,630,2025-09-14 15:42:21,237.6,US,False,0.3030367829695739,0.3246232762696278,0.32857147,0.3502055538564903,1
615172,3767,725,2025-09-14 15:43:49,2019.92,US,False,0.7304340368367942,0.7438505559680472,0.75786436,0.4667608122397284,1
615173,682,705,2025-09-14 15:45:06,135.74,US,False,0.3766260108220016,0.353297662364113,0.2422278,0.355221407749443,1
615174,370,712,2025-09-14 15:45:24,27.49,US,False,0.348613901432428,0.327123387511383,0.22572376,0.3614066040552915,1
615175,4342,35,2025-09-14 15:45:37,925.0,US,False,0.721917209988084,0.4529938641600227,0.44124395,0.4439063749107464,1
615176,3503,102,2025-09-14 15:48:24,22.22,US,False,0.3966273809287112,0.3710757724956828,0.24795327,0.3686848195614177,1
615177,2832,765,2025-09-14 15:53:21,9.01,AU,False,0.5679020094516543,0.4728564527885218,0.45779735,0.4145334365731807,1
615178,99,505,2025-09-14 15:54:32,147.31,US,False,0.2996147064884132,0.3362018332453036,0.4188522,0.349553770040099,1
615179,729,220,2025-09-14 15:56:47,141.15,US,False,0.392431961271016,0.3536504161767216,0.4333568,0.3779386088144497,1
615180,373,343,2025-09-14 15:58:31,353.23,US,False,0.5434280771059523,0.4562848167731865,0.4263992,0.4065916638398256,1
615181,2751,650,2025-09-14 15:59:07,94.08,CA,False,0.4326101211403722,0.3637848713057486,0.3034458,0.3789736267114988,1
615182,564,182,2025-09-14 16:00:53,22.43,DE,False,0.4611238761239382,0.438591798039951,0.32757685,0.3701598253270176,1
615183,58,160,2025-09-14 16:10:17,300.61,US,False,0.4330916574631565,0.4234440723769733,0.35446066,0.3711815227796744,1
615184,3206,675,2025-09-14 16:11:43,307.48,CA,False,0.4394367539179909,0.4321587078232821,0.31864595,0.3581539489406989,1
615185,878,47,2025-09-14 16:13:01,132.54,US,False,0.392148821207592,0.3202341624485915,0.34089246,0.3769048490868849,1
615186,2139,102,2025-09-14 16:16:11,171.14,US,False,0.4773583914166112,0.3645587597080462,0.3799825,0.354361462886771,1
615187,4407,623,2025-09-14 16:16:32,570.49,CA,False,0.4729479325711733,0.2968107527381564,0.3722826,0.4975449621053576,1
615188,2870,756,2025-09-14 16:16:37,384.13,US,False,0.9224637820031258,0.7118600916607899,0.8214721,0.5442242791445493,1
615189,5866,674,2025-09-14 16:16:40,168.52,US,False,0.4498723611700563,0.4428735491293353,0.39938793,0.3480744033958084,1
615190,4864,450,2025-09-14 16:17:08,46.47,US,False,0.2666980159884938,0.3057576612109882,0.35396457,0.378244630820812,1
615191,3438,131,2025-09-14 16:17:35,136.59,US,False,0.42891320033176,0.3467106671871842,0.32283047,0.3522137205828544,1
615192,402,170,2025-09-14 16:22:02,113.92,US,False,0.3534311445742591,0.3623056690072452,0.32526043,0.3469538279293659,1
615193,3418,790,2025-09-14 16:23:37,188.52,US,False,0.4938444790047652,0.4740861096353697,0.42879063,0.3696374162528078,1
615194,3600,623,2025-09-14 16:24:37,1837.58,CA,False,0.9695193134092178,0.838567350487842,0.8576979,0.5846706869382922,1
615195,3200,81,2025-09-14 16:26:18,7.83,CA,False,0.4144794152197357,0.4286343204680766,0.31245747,0.383691199765151,1
615196,1107,678,2025-09-14 16:26:35,543.61,US,False,0.5956648649320616,0.4597037928081154,0.536758,0.3985737473100092,1
615197,2816,354,2025-09-14 16:28:55,78.36,US,False,0.3613257714492094,0.3439017655394216,0.31489506,0.3485753113135373,1
615198,1933,784,2025-09-14 16:30:35,89.21,US,False,0.462494487951976,0.4351993976351989,0.29067025,0.3479290218559196,1
615199,1225,79,2025-09-14 16:35:50,3205.5,CA,False,0.5106078266949692,0.4057128928653051,0.36974436,0.4237681852618844,1
615200,5694,307,2025-09-14 16:36:00,1201.25,US,False,0.3901021065110047,0.3677959518324641,0.34035534,0.3835595876443046,1
615201,4331,597,2025-09-14 16:36:45,8.04,US,False,0.3423481212216169,0.3573438192338168,0.29447138,0.3838900259142794,1
615202,4349,517,2025-09-14 16:39:22,12.74,CA,False,0.3663531800050564,0.3717546469554211,0.44505557,0.410499091444101,1
615203,1828,748,2025-09-14 16:42:15,29.55,US,False,0.4511344335268387,0.3691914669741717,0.20009965,0.3590873180117445,1
615204,4739,711,2025-09-14 16:44:44,1443.55,US,False,0.3926351819750596,0.289813700052609,0.32393965,0.3904389363465304,1
615205,3774,433,2025-09-14 16:45:40,113.87,US,False,0.3075615807077297,0.3191971359840195,0.33100766,0.345881325157642,1
615206,638,570,2025-09-14 16:45:57,34.83,US,False,0.4924656263954563,0.3979192100325924,0.40115276,0.3688101243187751,1
615207,839,360,2025-09-14 16:47:29,94.33,US,False,0.449838940298556,0.4336994370913732,0.30194357,0.3482798165996089,1
615208,5013,228,2025-09-14 16:47:42,142.87,US,False,0.3608385581089486,0.3415673910844568,0.18833262,0.3468835323899313,1
615209,206,109,2025-09-14 16:49:18,19.12,US,False,0.3631506961291929,0.34275365927338,0.25865546,0.3986339861903635,1
615210,1588,174,2025-09-14 16:52:12,54.42,US,False,0.29899911748683,0.3130840055251789,0.3085852,0.350406404494658,1
615211,1932,241,2025-09-14 16:52:22,1467.92,US,False,0.2940515823290863,0.2276232156955667,0.12510183,0.3894301960691348,1
615212,2227,716,2025-09-14 16:52:27,116.04,US,False,0.3892385945628155,0.3792057585366497,0.41236544,0.3471468935196244,1
615213,1609,752,2025-09-14 16:55:09,5.93,US,False,0.2896700655068796,0.3524004589361498,0.42237222,0.4034947197777903,1
615214,4389,137,2025-09-14 16:57:24,1203.82,US,False,0.5443435906985261,0.56961779267179,0.40356195,0.4338772772854326,1
615215,1118,318,2025-09-14 17:00:41,93.9,US,False,0.394871067430186,0.3544599178216261,0.19947429,0.3472230839982387,1
615216,1428,433,2025-09-14 17:01:21,46.46,US,False,0.3204435722981195,0.3196956534945099,0.3588934,0.3568952763480849,1
615217,5859,317,2025-09-14 17:02:03,131.94,US,False,0.541539628279613,0.4090893012240903,0.4602306,0.3640577094911314,1
615218,2520,377,2025-09-14 17:02:15,54.54,GB,False,0.5008611674594328,0.4445426176719075,0.3637757,0.3683511849992551,1
615219,257,73,2025-09-14 17:02:55,3756.02,US,False,0.6055393469893278,0.3910816571931025,0.330739,0.4574892280612845,1
615220,3297,448,2025-09-14 17:03:35,48.82,US,False,0.424902599087301,0.4469518311980302,0.46632576,0.3623036252586456,1
615221,1432,365,2025-09-14 17:04:09,33.1,CN,False,0.9496661278655268,0.4697594732517163,0.3224899,0.6524064034573348,1
615222,5178,306,2025-09-14 17:06:30,844.74,US,False,0.6165050678346291,0.3870311715222094,0.48853436,0.3907665663187917,1
615223,5376,418,2025-09-14 17:06:54,98.45,US,False,0.3084614848262971,0.3336175990034709,0.41350046,0.3585077708030378,1
615224,3151,192,2025-09-14 17:07:55,34.27,US,False,0.4336748771411584,0.4341495618553429,0.49000013,0.3614256018014083,1
615225,5941,29,2025-09-14 17:10:52,393.26,US,False,0.4216556652202757,0.3939401716808698,0.38294643,0.3579829359065184,1
615226,5868,366,2025-09-14 17:14:28,778.24,US,False,0.5081225215499399,0.3607092668307728,0.3660439,0.3955310386423084,1
615227,453,487,2025-09-14 17:15:04,67.06,CA,False,0.6468004291249626,0.5163637340260274,0.48022184,0.3985671836841379,1
615228,797,386,2025-09-14 17:15:32,126.34,US,False,0.3672654983416742,0.421415278480268,0.29113552,0.3734861700363661,1
615229,3224,604,2025-09-14 17:16:06,395.19,US,False,0.4382266578439498,0.4217966278704176,0.4788191,0.3547214085323482,1
615230,1082,346,2025-09-14 17:19:48,23.36,DE,False,0.4514842802697696,0.4491512532634886,0.35244972,0.4019902325875817,1
615231,1441,429,2025-09-14 17:20:47,656.63,US,False,0.6011042890221402,0.4339088687469324,0.4304671,0.4286146997779197,1
615232,4163,791,2025-09-14 17:33:16,18.42,DE,False,0.4744417509562081,0.4484522986900502,0.318195,0.3860937280294866,1
615233,1081,798,2025-09-14 17:37:11,32.79,US,False,0.4042345458154794,0.4120623386036336,0.31841052,0.4000905418755528,1
615234,5256,653,2025-09-14 17:38:19,1090.77,AU,False,0.3924320946448252,0.3046683233775831,0.31746894,0.411036661530667,1
615235,4952,6,2025-09-14 17:39:29,35.96,US,False,0.4289592775304809,0.4179499665651093,0.4328874,0.4079388504714505,1
615236,4492,33,2025-09-14 17:41:05,8.71,US,False,0.4281291631013029,0.3524520767243278,0.19850819,0.4238179279324263,1
615237,3410,155,2025-09-14 17:43:09,14.78,US,False,0.4707943538491234,0.4252977544718175,0.31941524,0.3696524993870272,1
615238,4508,649,2025-09-14 17:44:29,438.63,CN,False,0.5228050969126281,0.3062252438187501,0.3202669,0.5786576687787315,1
615239,3300,265,2025-09-14 17:46:11,24.58,US,False,0.4314605859122121,0.347998688026,0.31191933,0.3650063212941555,1
615240,3298,155,2025-09-14 17:46:17,103.38,US,False,0.4773023055262017,0.4271686255771154,0.46367395,0.3815978026164167,1
615241,4557,191,2025-09-14 17:47:03,16.9,US,False,0.5224425275611412,0.4697382376286402,0.34529096,0.3924491107755216,1
615242,3554,317,2025-09-14 17:52:05,202.69,CA,False,0.5252770093868159,0.4318157709999431,0.49575004,0.361015798925859,1
615243,4385,47,2025-09-14 17:52:41,51.63,US,False,0.2839624215948513,0.3119674480079923,0.1780803,0.5446223418359171,2
615244,5055,526,2025-09-14 17:52:50,623.45,US,False,0.3941532633345296,0.3351750939336268,0.23861946,0.3588785880690389,1
615245,1280,104,2025-09-14 17:55:20,193.35,US,False,0.3454101433309113,0.3625156132004761,0.46658143,0.3489782931946568,1
615246,2341,49,2025-09-14 17:56:26,51.22,US,False,0.4171721607931125,0.367816115840929,0.40117708,0.3736471191340962,1
615247,4197,646,2025-09-14 17:59:33,50.1,US,False,0.4276548993957617,0.4413983355662809,0.3852545,0.3684772950379609,1
615248,4804,295,2025-09-14 18:01:52,184.0,US,False,0.2935222939312811,0.3430033527172327,0.26715678,0.3574871222878937,1
615249,4645,621,2025-09-14 18:02:50,430.69,CA,False,0.4971414717745612,0.4760932973175137,0.34883773,0.5206865017458181,2
615250,3302,209,2025-09-14 18:03:04,56.33,US,False,0.3842492065075305,0.2944349164106933,0.2505161,0.3548076210571048,1
615251,5786,691,2025-09-14 18:03:59,43.6,US,False,0.4834162426979262,0.4626251161167253,0.58495504,0.41043341744752,1
615252,1932,278,2025-09-14 18:05:20,8299.01,US,False,0.8393811597584656,0.5948505039194997,0.6691589,0.6028110719246695,1
615253,28,128,2025-09-14 18:06:14,12.19,US,False,0.343716632867137,0.3232689112929526,0.33956915,0.5625786938624958,2
615254,3108,4,2025-09-14 18:07:00,462.36,US,False,0.4796019911784935,0.4459501426227451,0.40592244,0.3628399725543191,1
615255,4609,748,2025-09-14 18:07:03,125.32,US,False,0.3615966980003156,0.4018763726218148,0.29078072,0.470809140731351,2
615256,1738,675,2025-09-14 18:08:16,150.69,US,False,0.4125751776952271,0.4333174911293152,0.30653757,0.4105610550151593,1
615257,5452,311,2025-09-14 18:08:58,139.06,US,False,0.3124345625968399,0.2819744312794695,0.2899717,0.3517487881886631,1
615258,405,152,2025-09-14 18:09:34,348.85,US,False,0.3971439240162214,0.2825343124249994,0.24319859,0.3701015462699581,1
615259,2245,598,2025-09-14 18:12:52,55.75,US,False,0.3982265791671013,0.3383316118464851,0.31365627,0.3859883756635631,1
615260,1318,444,2025-09-14 18:13:44,702.82,GB,False,0.4197467637863146,0.3672487481697897,0.36398497,0.442254507812694,1
615261,186,666,2025-09-14 18:16:37,130.24,US,False,0.3721606183331416,0.4150156717720114,0.47235003,0.3639442487225415,1
615262,5541,141,2025-09-14 18:16:50,6751.32,US,False,0.6656015951396639,0.343228859629813,0.23971832,0.5320648661426006,1
615263,2377,366,2025-09-14 18:19:47,10.61,US,False,0.3422141817380643,0.3599505994573395,0.27663523,0.3791092241419305,1
615264,3756,345,2025-09-14 18:25:39,3720.73,US,False,0.5361025434690033,0.1921731890983845,0.035604756,0.5671250325852906,1
615265,1585,487,2025-09-14 18:26:23,122.77,US,False,0.5547509929029049,0.4834644332582522,0.45793504,0.3882834538365851,1
615266,4132,732,2025-09-14 18:28:02,130.55,US,False,0.5114397054847264,0.298907049841736,0.21739043,0.3931396816357175,1
615267,4420,215,2025-09-14 18:31:19,57.3,US,False,0.4159156483993471,0.2990236379075902,0.185709,0.4895284171413065,1
615268,5136,318,2025-09-14 18:33:14,57.02,US,False,0.3984645268723445,0.3363815610100514,0.30242452,0.3521508139410339,1
615269,4550,16,2025-09-14 18:40:51,1174.21,US,False,0.3101910412048922,0.3379083693551697,0.3590011,0.3863082062219982,1
615270,4474,766,2025-09-14 18:44:19,115.59,US,False,0.3211211894171482,0.2883364754333437,0.17440902,0.3663792278038018,1
615271,3931,28,2025-09-14 18:50:42,2666.16,US,False,0.5923858895647139,0.3915949590911721,0.25721464,0.4482632977741081,1
615272,4671,606,2025-09-14 18:52:34,160.52,US,False,0.3362738656161899,0.3136594119822318,0.34235325,0.3546084851670942,1
615273,1084,766,2025-09-14 19:00:29,100.36,AU,False,0.694054282678496,0.6769662858005545,0.7285881,0.494359133002718,1
615274,2391,655,2025-09-14 19:02:18,1640.21,US,False,0.5094401109785616,0.3695064992541435,0.35058784,0.4039274789603777,1
615275,4265,377,2025-09-14 19:02:40,22.62,US,False,0.4849343539290082,0.4476885882290277,0.3469544,0.3927215418000293,1
615276,3396,36,2025-09-14 19:06:40,320.11,US,False,0.6247548467646625,0.4437330648581027,0.45829612,0.4780336874658229,1
615277,177,309,2025-09-14 19:06:53,284.86,US,False,0.3235233298967064,0.3201799005891408,0.17302746,0.3547889954279257,1
615278,931,29,2025-09-14 19:07:06,36.09,US,False,0.4762726387631171,0.4528065070376197,0.3809209,0.4017534410200063,1
615279,2159,561,2025-09-14 19:08:19,1538.85,US,False,0.4216339402765575,0.3110731613646982,0.42033824,0.4325588337971845,1
615280,343,36,2025-09-14 19:08:21,90.72,US,False,0.4849306900113691,0.4609094926532006,0.40998355,0.3753074592499034,1
615281,4391,387,2025-09-14 19:14:23,35.32,US,False,0.4838136918059686,0.4778104849590373,0.39062244,0.3845997874388427,1
615282,5400,644,2025-09-14 19:14:27,453.3,US,False,0.5530993718254475,0.320766198335468,0.25205046,0.4704044561368057,1
615283,5458,690,2025-09-14 19:15:59,392.16,US,False,0.4027837880081169,0.3367711638219305,0.31031922,0.3610773344379388,1
615284,2510,326,2025-09-14 19:16:12,109.13,US,False,0.4116176367778875,0.3158464838128174,0.33015075,0.4131881655124007,1
615285,855,27,2025-09-14 19:17:35,84.96,US,False,0.6831069533119222,0.3630432650491373,0.24763231,0.4086834546715842,1
615286,1414,354,2025-09-14 19:19:49,1411.52,US,False,0.363720956982187,0.3258089606654993,0.27818087,0.4343093464042453,1
615287,4550,677,2025-09-14 19:20:44,5678.9,US,False,0.5737241009140053,0.3066483246020825,0.0511203,0.6219736969568402,1
615288,4956,391,2025-09-14 19:21:39,552.0,CA,False,0.5800529018679069,0.6453697435268372,0.74519646,0.4246591984117239,1
615289,5549,419,2025-09-14 19:21:52,14.31,US,False,0.3630269963747294,0.3495446859281013,0.23806271,0.3744260538219321,1
615290,4634,617,2025-09-14 19:22:19,259.08,US,False,0.4917577826070707,0.353938708426112,0.23407455,0.3880170260686008,1
615291,2081,234,2025-09-14 19:23:40,589.8,AU,False,0.498286359084178,0.4078536025567851,0.4104809,0.4196314200427132,1
615292,4385,159,2025-09-14 19:25:17,32.55,US,False,0.4005469391632298,0.4376027551858844,0.32317954,0.517843358472595,2
615293,709,716,2025-09-14 19:25:33,77.82,US,False,0.3644002844628439,0.3627229214299508,0.3552093,0.3521165683409982,1
615294,189,233,2025-09-14 19:28:18,161.84,US,False,0.7684056796789296,0.7867200423752669,0.8910716,0.4277113059610964,1
615295,1182,197,2025-09-14 19:28:43,123.86,US,False,0.5482939123599246,0.4319816280776235,0.3035391,0.4336005950862205,1
615296,5692,114,2025-09-14 19:31:11,8814.12,US,False,0.4232960611711597,0.2548789183837545,0.15299755,0.5375384587767347,1
615297,5349,471,2025-09-14 19:32:45,713.46,US,False,0.4762270487052146,0.4207398006039981,0.51133597,0.3735929871832331,1
615298,4189,677,2025-09-14 19:32:57,36.16,US,False,0.5209786595205947,0.408843662112521,0.45771435,0.4148824378602732,1
615299,4040,41,2025-09-14 19:33:57,245.05,US,False,0.8316713727168709,0.9106992955279714,0.9159547,0.4884783321175422,1
615300,4984,796,2025-09-14 19:34:15,412.56,US,False,0.4224494445283139,0.363851847241842,0.34491053,0.3650265442274895,1
615301,1517,608,2025-09-14 19:34:24,28.85,CA,False,0.4268825106530043,0.4472154683620796,0.40578747,0.3731459785766356,1
615302,3985,321,2025-09-14 19:34:41,35.73,US,False,0.4217160125690857,0.4408124340411424,0.41273957,0.3692816850431266,1
615303,3078,667,2025-09-14 19:35:00,62.89,US,False,0.4518245653101397,0.295758152473138,0.20067748,0.4275022195155376,1
615304,5818,635,2025-09-14 19:35:22,27.7,US,False,0.4655506570654366,0.4676259729467436,0.40987834,0.3824233380285111,1
615305,622,588,2025-09-14 19:36:49,81.33,US,False,0.3860021668656191,0.3482393535178031,0.28217748,0.3507329977258179,1
615306,1,695,2025-09-14 19:37:00,102.83,US,False,0.4634818611178286,0.4451858910589503,0.3309126,0.363528748266153,1
615307,3652,562,2025-09-14 19:37:42,170.62,US,False,0.576100284639267,0.6339966076872133,0.62981474,0.416402258751377,1
615308,3511,615,2025-09-14 19:41:00,713.39,US,False,0.2919888369960366,0.2691491987876662,0.35401103,0.3798882448173308,1
615309,5952,368,2025-09-14 19:41:08,1696.73,US,False,0.3119412353093841,0.3164638924632656,0.21374835,0.3931852536644694,1
615310,3266,659,2025-09-14 19:43:17,724.8,DE,False,0.5402482744471209,0.4486098552512289,0.4575496,0.3855803119259101,1
615311,1559,608,2025-09-14 19:43:35,55.6,US,False,0.6187673556772552,0.4226108356834231,0.40762806,0.396606463627854,1
615312,277,499,2025-09-14 19:44:04,36.74,US,False,0.3909115824990694,0.4131855195547416,0.33276367,0.3649905851410936,1
615313,278,222,2025-09-14 19:45:51,20.38,US,False,0.320744433294532,0.347784509365678,0.34679204,0.3723192984319037,1
615314,4694,316,2025-09-14 19:46:24,32.65,US,False,0.417575729638329,0.418606489215548,0.34054396,0.3828877449359804,1
615315,1040,278,2025-09-14 19:47:56,14.46,US,False,0.5393584363192366,0.4485677642450449,0.38125107,0.4396063959828892,1
615316,1621,270,2025-09-14 19:48:57,115.29,US,False,0.3779690676889115,0.3523297186025223,0.32830864,0.3496649317596882,1
615317,3881,14,2025-09-14 19:49:33,221.73,US,False,0.3310645357100512,0.3330468514223628,0.33005825,0.3533791950946471,1
615318,4199,575,2025-09-14 19:49:33,160.87,GB,False,0.5228556609917383,0.4975633211768997,0.58167547,0.4130925325974801,1
615319,4266,6,2025-09-14 19:50:02,40.82,US,False,0.5222294284890993,0.3920918946398881,0.2177472,0.4028987067073301,1
615320,2541,706,2025-09-14 19:53:59,58.4,US,False,0.4224267614869519,0.4058458871488868,0.36887997,0.3639650721554303,1
615321,4589,176,2025-09-14 19:56:15,156.61,DE,False,0.3748615813303723,0.3246524057463883,0.22522926,0.383248269176504,1
615322,3833,652,2025-09-14 19:56:50,36.39,US,False,0.3369511922550298,0.3440104699670613,0.4004046,0.3718606396263289,1
615323,3218,469,2025-09-14 19:57:40,157.79,GB,False,0.4835950456927506,0.409801565300925,0.26237792,0.3625752374717244,1
615324,4172,27,2025-09-14 19:59:18,1140.86,DE,True,0.9009530600438312,0.8864437200741205,0.91201496,0.518040551725542,1
615325,3973,612,2025-09-14 19:59:38,14.24,US,False,0.538091025991052,0.438911955590747,0.3034972,0.4260931420890635,1
615326,1890,452,2025-09-14 19:59:45,11.82,US,False,0.3650047065510861,0.2859043680516485,0.09301894,0.3845170700427856,1
615327,1721,734,2025-09-14 19:59:54,24.97,US,False,0.4448579315024616,0.45440109503639,0.3516658,0.4065196988757644,1
615328,1962,397,2025-09-14 20:05:51,2854.75,US,False,0.3271021640340233,0.337816640529029,0.21941005,0.5315924456766028,2
615329,4186,656,2025-09-14 20:07:36,380.18,US,False,0.4771784866432968,0.294141152894769,0.14352703,0.3865077045208813,1
615330,5150,778,2025-09-14 20:09:14,5.82,US,False,0.5438464485804956,0.4432631708137784,0.39788073,0.4229021276725452,1
615331,4982,443,2025-09-14 20:09:15,171.46,US,False,0.5822522321195747,0.4354318566603128,0.46616188,0.3919849539161104,1
615332,4963,639,2025-09-14 20:09:56,51.25,US,False,0.3391540101271907,0.3303527444366803,0.23017277,0.3626802536861792,1
615333,144,617,2025-09-14 20:11:55,477.16,US,False,0.4614602246432668,0.3513724605281215,0.3867093,0.3760062741674056,1
615334,3155,711,2025-09-14 20:17:51,140.09,US,False,0.2935196162686103,0.3559353494837355,0.12779023,0.3667226949199963,1
615335,705,685,2025-09-14 20:23:36,54.28,US,False,0.3465471941989623,0.3365490505968412,0.20945756,0.3584994823711639,1
615336,3245,572,2025-09-14 20:25:02,384.55,US,False,0.4280842725891207,0.4288659821884497,0.3493169,0.3869375985374871,1
615337,2403,331,2025-09-14 20:26:34,237.23,CA,False,0.6473872771209793,0.48813010999609,0.54690397,0.4351355247861557,1
615338,4805,606,2025-09-14 20:28:07,68.58,US,False,0.3625079392255783,0.2466463790427249,0.14063716,0.3670878878645524,1
615339,4409,237,2025-09-14 20:31:12,8.13,US,False,0.4121378397539412,0.3932828158092074,0.28946096,0.3875659856670949,1
615340,5646,118,2025-09-14 20:32:43,170.85,US,False,0.5925677506933845,0.4395041913931504,0.16567333,0.3898686681411046,1
615341,433,269,2025-09-14 20:36:11,14.31,AU,False,0.4296417458516741,0.3015363548318701,0.3326351,0.5947804526607896,1
615342,3988,227,2025-09-14 20:40:33,109.08,US,False,0.3289449872208574,0.2911773172368089,0.15163356,0.3749292835539719,1
615343,901,648,2025-09-14 20:41:00,700.45,US,False,0.6155785308381895,0.2256646146862846,0.074417725,0.4402164778093534,1
615344,1579,428,2025-09-14 20:42:14,83.84,US,False,0.4924185012565356,0.4623051635284349,0.570479,0.4369608702817115,1
615345,507,723,2025-09-14 20:44:03,216.6,CA,False,0.3882479864174911,0.421712803437308,0.3518137,0.4788653695572447,2
615346,4482,171,2025-09-14 20:47:08,62.59,US,False,0.2950330033511482,0.3246527779985916,0.25032824,0.3578543804287471,1
615347,4581,271,2025-09-14 20:49:13,58.11,US,False,0.4101371966850372,0.4318207266015531,0.4045503,0.3699680340364251,1
615348,5494,699,2025-09-14 20:49:48,1447.92,US,False,0.3236572099492352,0.3262282837966369,0.24560456,0.3970903917584556,1
615349,4354,565,2025-09-14 20:51:01,28.6,US,False,0.2898881226421287,0.3003487585086541,0.21573605,0.3804183245601331,1
615350,3392,722,2025-09-14 20:51:36,158.97,US,False,0.4893635243389768,0.3099557513603633,0.18392268,0.4677563541876286,1
615351,2822,169,2025-09-14 20:55:28,31.96,US,False,0.3080343598063601,0.3227854877388559,0.30303904,0.3686446940762046,1
615352,3208,648,2025-09-14 20:56:11,39.09,US,False,0.3288196679093307,0.2765525353933459,0.16965888,0.366988892468099,1
615353,5014,633,2025-09-14 20:56:43,51.18,US,False,0.4311605478278689,0.3880541614710574,0.38550064,0.3639205779238333,1
615354,1336,149,2025-09-14 20:56:59,286.56,DE,False,0.3586440381842009,0.2512633506309992,0.101397835,0.3759096572484067,1
615355,3270,38,2025-09-14 20:57:51,13.48,US,False,0.5205842298819647,0.4114219453338633,0.36261955,0.3923139071481938,1
615356,3458,633,2025-09-14 21:00:22,281.57,US,False,0.3474262313136334,0.3469569529375619,0.18501025,0.4899856352005425,2
615357,3465,25,2025-09-14 21:01:20,17.98,US,False,0.3436000702410585,0.3588494465115574,0.32914844,0.3782709172431301,1
615358,4759,777,2025-09-14 21:03:11,38.48,US,False,0.3253068897623289,0.2718601878151615,0.061587192,0.4557654608150449,1
615359,2074,709,2025-09-14 21:03:37,81.96,CA,False,0.4292381498395518,0.4353532067809521,0.39490914,0.3642160263530327,1
615360,4036,651,2025-09-14 21:04:31,3648.44,US,False,0.3232270317404514,0.2580694359948031,0.14766586,0.4406175264311517,1
615361,5042,60,2025-09-14 21:04:51,796.41,US,False,0.4847441369340221,0.4077216571360897,0.44944525,0.3843252413669397,1
615362,5022,400,2025-09-14 21:06:37,308.86,US,False,0.4231879230084749,0.329147893040552,0.30753273,0.4002900881942064,1
615363,2432,507,2025-09-14 21:06:53,822.18,US,False,0.5054015356454391,0.2678506388836752,0.092883386,0.4090463669071583,1
615364,188,617,2025-09-14 21:08:15,380.06,US,False,0.4331654014443436,0.3405409294213491,0.24062116,0.3632471279368403,1
615365,2516,42,2025-09-14 21:08:37,523.51,US,False,0.5676061726589627,0.3402492060807446,0.22571456,0.395351144475208,1
615366,1313,576,2025-09-14 21:08:45,1054.76,US,False,0.4048780661758037,0.3073070944274476,0.60391146,0.4289623764060833,1
615367,5405,608,2025-09-14 21:09:24,179.07,US,False,0.5399011660740892,0.4318276787087787,0.43990582,0.3702375289478931,1
615368,3689,275,2025-09-14 21:13:05,650.51,US,False,0.4750461613439696,0.2805534811369725,0.2346707,0.4005704475880687,1
615369,4431,758,2025-09-14 21:17:20,93.36,GB,False,0.4838649228798831,0.448011730619185,0.47753778,0.3585222110914303,1
615370,5139,481,2025-09-14 21:21:09,59.36,US,False,0.3533123995507919,0.3454397572121736,0.28724304,0.3735999583420398,1
615371,1253,727,2025-09-14 21:22:00,29.73,GB,False,0.4024537511278316,0.3934440850434689,0.3402718,0.3774859615157204,1
615372,953,241,2025-09-14 21:26:47,43.0,US,False,0.3367431550133645,0.2666327841594601,0.2102625,0.3670325006311404,1
615373,2585,689,2025-09-14 21:27:26,52.68,US,False,0.568181496438394,0.4801635735857776,0.5379155,0.3932081865460972,1
615374,2339,194,2025-09-14 21:28:03,774.84,US,False,0.4708660481843947,0.4064704779152268,0.4557321,0.409974115169325,1
615375,2543,787,2025-09-14 21:28:25,585.14,US,False,0.5310165837041243,0.4694416133093073,0.45768425,0.3885875203358029,1
615376,5441,76,2025-09-14 21:29:21,52.62,US,False,0.4025777496605903,0.3635348703036398,0.31085923,0.3622056853023245,1
615377,4288,45,2025-09-14 21:29:36,30.42,US,True,0.59652444675566,0.4750223474168947,0.32030508,0.4333278671945835,1
615378,280,431,2025-09-14 21:30:26,136.68,US,False,0.540549273063157,0.3137854277931412,0.20958163,0.4199887770627854,1
615379,3572,72,2025-09-14 21:33:45,108.06,CA,False,0.32886789754397,0.3805286735567963,0.36343262,0.4881060061175634,2
615380,1390,135,2025-09-14 21:34:15,550.08,US,False,0.2922431439823688,0.2975708503142244,0.19172074,0.3813334027427453,1
615381,2786,265,2025-09-14 21:34:37,441.07,US,False,0.349646727764174,0.3016971551458641,0.20595115,0.3677127571579868,1
615382,882,567,2025-09-14 21:36:26,124.09,US,False,0.5912789492341173,0.4244878227165879,0.40405217,0.3836225168547281,1
615383,2586,204,2025-09-14 21:36:43,781.14,US,False,0.3560059511901308,0.3777573247619923,0.26434422,0.3937769987545005,1
615384,1324,293,2025-09-14 21:37:13,308.64,US,False,0.4411704933818603,0.44291896276152,0.43419376,0.3824529799014373,1
615385,3187,170,2025-09-14 21:37:48,425.08,DE,False,0.3535184757358387,0.330156689023185,0.21083753,0.4096274748834638,1
615386,3760,391,2025-09-14 21:40:20,11.06,US,False,0.3540684018416826,0.3408195067227088,0.35940847,0.4180256990235563,1
615387,4018,658,2025-09-14 21:41:51,345.24,US,False,0.4525932846964057,0.2946517368943777,0.16262364,0.3811426529261115,1
615388,415,203,2025-09-14 21:42:45,301.34,GB,False,0.8648279576995394,0.7876003985638489,0.86644804,0.5150221188751274,1
615389,5148,765,2025-09-14 21:43:22,2658.07,CA,False,0.541545961982011,0.390488792081599,0.3056705,0.4610705911135029,1
615390,2204,501,2025-09-14 21:47:09,616.51,US,False,0.7320335190043299,0.7208647127224211,0.7562136,0.4824330306845329,1
615391,4797,199,2025-09-14 21:50:48,388.81,US,False,0.5615597194853614,0.463836889657669,0.26929772,0.4002144831075935,1
615392,2067,185,2025-09-14 21:53:56,41.62,CA,False,0.567203337592295,0.4831379976982622,0.48839068,0.3920793589463284,1
615393,893,136,2025-09-14 21:54:04,1002.06,US,False,0.6295901463444807,0.3543284835604549,0.35785645,0.4553971021592113,1
615394,3019,46,2025-09-14 21:55:35,1254.47,US,False,0.3571026656108997,0.2370579171238164,0.22975451,0.3983896510073592,1
615395,2630,386,2025-09-14 22:01:24,819.9,US,False,0.6384631680643423,0.3463612886140297,0.21365948,0.4214215989154954,1
615396,4551,323,2025-09-14 22:01:33,108.32,CA,False,0.4771981415540521,0.4427038068350438,0.4199365,0.3810936049796153,1
615397,2009,724,2025-09-14 22:02:02,1099.51,US,False,0.6310655291232744,0.4017345511327896,0.46749476,0.506528129123889,1
615398,3959,651,2025-09-14 22:02:11,5.77,CA,False,0.3346038009484249,0.3152380188858396,0.1623259,0.4447587878964692,1
615399,5298,515,2025-09-14 22:03:27,139.27,US,False,0.8288966143257328,0.6809380818161234,0.6364207,0.4926987496350953,1
615400,1829,407,2025-09-14 22:03:49,30.69,DE,False,0.4433067431131018,0.441713673826602,0.2891325,0.400501964820196,1
615401,1446,762,2025-09-14 22:04:26,201.29,US,False,0.2623708105933269,0.3053730056824573,0.23552322,0.3711341283274463,1
615402,5554,302,2025-09-14 22:08:05,541.03,US,False,0.4889044897707734,0.390916872187156,0.31627935,0.3849809042034116,1
615403,1870,156,2025-09-14 22:10:58,430.81,CA,False,0.3746067936862503,0.4186919465259575,0.33469114,0.3738838551860155,1
615404,351,314,2025-09-14 22:12:11,76.55,AU,False,0.5344937051742328,0.4218331899852508,0.38219187,0.3777011587008672,1
615405,5771,358,2025-09-14 22:12:13,99.45,CA,False,0.3390817817321112,0.3149410828078686,0.31655574,0.3619373323715597,1
615406,4535,776,2025-09-14 22:13:22,40.7,BR,False,0.4590499435856443,0.283031849076055,0.1593467,0.5409229775633139,1
615407,3638,13,2025-09-14 22:13:31,240.26,US,False,0.4328734258053898,0.4430985647397002,0.39412335,0.369710079376948,1
615408,2667,680,2025-09-14 22:13:40,272.29,US,False,0.3983876862688524,0.3594714938958491,0.3422588,0.3660244945893577,1
615409,3294,127,2025-09-14 22:13:45,230.1,US,False,0.8936372654835846,0.7378013495293909,0.66638976,0.5398202115910824,1
615410,1525,753,2025-09-14 22:14:15,9.62,US,False,0.3199566468049781,0.3508883606543073,0.3709798,0.4978812639555511,2
615411,3223,331,2025-09-14 22:14:38,265.31,US,False,0.6424795325126135,0.4620016665278562,0.33906522,0.4462298392911505,1
615412,4149,341,2025-09-14 22:18:48,1608.09,US,False,0.3315050479249289,0.2192406490264841,0.116336524,0.412807086012964,1
615413,2591,119,2025-09-14 22:20:21,1608.94,US,False,0.525570636674332,0.3751842269450747,0.31564927,0.420629734156061,1
615414,2565,88,2025-09-14 22:22:06,37.5,US,False,0.3390037773108885,0.3461276881305642,0.26758087,0.3766719587591192,1
615415,1259,579,2025-09-14 22:23:43,55.89,US,False,0.3193603718983216,0.3249931758713559,0.29316747,0.3697717079249342,1
615416,5342,460,2025-09-14 22:24:12,335.56,US,False,0.4315622787192187,0.4217965246992941,0.24030733,0.4056505124784831,1
615417,3901,439,2025-09-14 22:24:33,1401.99,US,False,0.4114931725840464,0.2330765488212847,0.18771966,0.4145461730333417,1
615418,1015,94,2025-09-14 22:24:40,633.88,US,False,0.516245191101327,0.4421516613492702,0.23838294,0.4015728425667916,1
615419,5947,642,2025-09-14 22:26:03,708.49,US,False,0.6404501511876957,0.3976179476048615,0.58916056,0.4598095606999817,1
615420,5884,160,2025-09-14 22:26:48,202.88,US,False,0.5460351117730036,0.4508210527265766,0.60391337,0.3952844576751466,1
615421,2120,166,2025-09-14 22:26:49,3414.37,AU,False,0.6691674861755175,0.4390149977590559,0.5294048,0.5157870337648789,1
615422,5729,171,2025-09-14 22:29:53,41.92,US,False,0.2955176749731607,0.3154014478560552,0.21479823,0.3792789105745045,1
615423,946,437,2025-09-14 22:32:56,253.53,US,False,0.6730292619681405,0.6942156953746632,0.6617044,0.4347271239607929,1
615424,1984,607,2025-09-14 22:35:09,431.0,US,False,0.3368859876334311,0.2291651240309618,0.11895742,0.3685654565491439,1
615425,395,688,2025-09-14 22:36:20,59.82,US,False,0.4174701570530292,0.4301328656057007,0.4297123,0.3712796900468104,1
615426,2073,468,2025-09-14 22:37:44,351.32,US,False,0.3986895440824646,0.221994719742758,0.14509016,0.4376632203734572,1
615427,5982,670,2025-09-14 22:39:49,209.17,CN,False,0.73708944762732,0.3652158731815126,0.30301324,0.5845274912004714,1
615428,5981,588,2025-09-14 22:40:29,599.39,US,False,0.4430890875461058,0.3616952309784432,0.37606364,0.3861962442051411,1
615429,3373,375,2025-09-14 22:41:30,268.5,US,True,0.3401148104286717,0.3281563930790284,0.29160672,0.3648018406682565,1
615430,4432,98,2025-09-14 22:43:41,136.97,US,False,0.3538704336546928,0.3713065105191843,0.33062246,0.3703884725515289,1
615431,812,276,2025-09-14 22:44:18,86.34,US,False,0.4974642009064112,0.4292723720419946,0.39017102,0.4141914583149158,1
615432,5062,581,2025-09-14 22:51:17,104.08,US,False,0.6128641248311935,0.4531455969501648,0.46292734,0.4173085533024157,1
615433,252,595,2025-09-14 22:52:00,304.42,AU,False,0.2818619369549499,0.2751271007971201,0.16478756,0.3727592047818407,1
615434,1962,584,2025-09-14 22:53:50,2985.92,US,False,0.5038247681621755,0.3172007010749856,0.15914607,0.5705255372428277,2
615435,5043,631,2025-09-14 22:56:35,26.58,US,False,0.433327221395945,0.3984595237488422,0.31782457,0.3757803505867563,1
615436,156,490,2025-09-14 22:59:43,144.76,US,False,0.5896034623558427,0.4975422829405845,0.60560787,0.3914959996525265,1
615437,4163,225,2025-09-14 23:00:41,48.17,DE,False,0.4460578958875701,0.3740819479903932,0.4024954,0.4246668240431359,1
615438,1,657,2025-09-14 23:02:28,72.51,US,False,0.4693613434245559,0.3870000307492127,0.32900766,0.4211399925201737,1
615439,420,225,2025-09-14 23:02:41,47.61,US,False,0.3496940005790634,0.3553341435507988,0.30371812,0.4361146251546474,1
615440,1171,533,2025-09-14 23:03:07,5.18,US,False,0.4231444714184912,0.386528323003044,0.2811583,0.4377044638221969,1
615441,3707,137,2025-09-14 23:03:35,380.19,US,False,0.3718465973602405,0.3015558873995805,0.24960978,0.3857074761815788,1
615442,3057,289,2025-09-14 23:03:40,632.93,US,False,0.3104712463947449,0.2975783378519588,0.29530287,0.3876940655215025,1
615443,2415,481,2025-09-14 23:05:18,1798.07,US,False,0.3593761429895598,0.3043861817455786,0.24584875,0.4228585312953005,1
615444,486,92,2025-09-14 23:05:56,167.03,US,False,0.6298464796075947,0.2990650550706808,0.20025602,0.4324886610373985,1
615445,482,42,2025-09-14 23:06:17,66.97,US,False,0.4227628824336873,0.3753735130538672,0.42621234,0.4170128196137472,1
615446,2410,11,2025-09-14 23:06:29,138.7,US,False,0.4698874976564547,0.3905628901924082,0.27402526,0.3723647633348479,1
615447,3203,364,2025-09-14 23:08:42,22.92,US,False,0.3243014529275231,0.3091234125715827,0.18171301,0.3839256221858779,1
615448,320,445,2025-09-14 23:10:35,89.36,US,False,0.433703197518655,0.3475826773815484,0.37438253,0.4084298946732159,1
615449,4478,214,2025-09-14 23:12:52,16.86,US,False,0.4000638256979542,0.3922689549871234,0.15053204,0.4059671281886944,1
615450,3165,419,2025-09-14 23:13:11,361.08,US,False,0.4756613343544477,0.3496086411084975,0.22061929,0.4000737330212087,1
615451,549,294,2025-09-14 23:13:37,281.04,US,False,0.379310736751643,0.2892217556861668,0.10714651,0.3732537643312104,1
615452,4159,45,2025-09-14 23:13:55,55.38,US,False,0.5734371533866798,0.4989536579126435,0.51649123,0.4276249534112193,1
615453,5150,602,2025-09-14 23:15:00,5.28,US,False,0.39785362506417,0.3749718359464409,0.27902508,0.4462909290678709,1
615454,3005,246,2025-09-14 23:16:52,28.61,RU,False,0.5533025100460002,0.3749537623119079,0.32189006,0.5573221506529334,1
615455,1596,99,2025-09-14 23:17:11,67.44,US,False,0.4869079445885498,0.3711286056521998,0.25436497,0.4527840908694818,1
615456,2356,443,2025-09-14 23:18:33,315.05,US,False,0.4341876849191595,0.4210526601184896,0.29225415,0.3775734217414055,1
615457,2413,621,2025-09-14 23:18:37,498.91,US,False,0.3394846003591996,0.2653281661108948,0.08042284,0.3893576097110062,1
615458,687,205,2025-09-14 23:20:16,269.45,US,False,0.3559326551397918,0.2353115906436212,0.14210469,0.377793969512515,1
615459,885,32,2025-09-14 23:22:15,465.6,US,False,0.3966748815052078,0.3530668497378679,0.23707536,0.3803339840342929,1
615460,789,193,2025-09-14 23:22:49,227.93,US,False,0.3298678564773386,0.271218139441319,0.17640932,0.437882052903402,1
615461,2667,691,2025-09-14 23:23:40,875.01,US,False,0.723655910282758,0.4556050414659504,0.6198482,0.4978214391162388,1
615462,935,61,2025-09-14 23:25:18,94.43,US,False,0.3891944511499373,0.3467699611603003,0.3429092,0.3777046974611807,1
615463,1023,346,2025-09-14 23:25:36,37.08,US,False,0.4818165234452928,0.4185252814680998,0.38070935,0.4220422674194698,1
615464,2560,507,2025-09-14 23:26:59,101.5,DE,False,0.3136460600159607,0.3139581813535054,0.2913542,0.3765383602607136,1
615465,1633,283,2025-09-14 23:31:08,276.39,US,False,0.4972554533975243,0.3841307286181988,0.50345385,0.4001593245797077,1
615466,4985,681,2025-09-14 23:33:35,216.63,US,False,0.4929055378823206,0.4605315648708978,0.54182726,0.4548636552534255,1
615467,2513,342,2025-09-14 23:36:42,1630.15,US,False,0.5557224474837384,0.2750561040137238,0.23003273,0.4951105527304959,1
615468,641,797,2025-09-14 23:36:46,159.11,US,False,0.3180369648562666,0.3419061569869298,0.2745409,0.3729469283622046,1
615469,347,594,2025-09-14 23:36:49,460.06,US,False,0.440867641131592,0.3893034526434514,0.31754315,0.3901589225963238,1
615470,3993,674,2025-09-14 23:36:54,138.16,US,False,0.5353583033069816,0.4268508758671918,0.36472747,0.3789374988346453,1
615471,2213,350,2025-09-14 23:38:27,1133.1,US,False,0.3759529299688043,0.3235082210812506,0.32561126,0.4071727381557998,1
615472,4226,549,2025-09-14 23:38:46,1730.25,US,False,0.3116661044438316,0.2151499764973393,0.08891726,0.4484685940524766,1
615473,1990,661,2025-09-14 23:40:55,113.07,US,False,0.6802225954788232,0.4445714170571279,0.3614455,0.4533233175789586,1
615474,5840,100,2025-09-14 23:44:46,97.19,US,False,0.3675327079875772,0.3158814448254879,0.16774161,0.4373543729761807,1
615475,1839,736,2025-09-14 23:44:55,1023.49,US,False,0.4962843798470253,0.2688953954583922,0.15290184,0.4257715354856764,1
615476,2636,141,2025-09-14 23:47:04,48.31,US,False,0.5015804597297051,0.5037330962720129,0.6511154,0.4141879698726968,1
615477,212,676,2025-09-14 23:50:42,152.68,US,False,0.5556891461238739,0.3649769980091559,0.39501032,0.4493203918823903,1
615478,1183,241,2025-09-14 23:53:17,22.17,US,False,0.2940242617071629,0.3445207690549196,0.3991325,0.39454401310995,1
615479,2330,240,2025-09-14 23:54:35,40.65,US,False,0.3374744242191937,0.3439198556707017,0.30277994,0.388083456907238,1
615480,5668,10,2025-09-14 23:57:04,58.87,US,False,0.4481943151780751,0.436590263000903,0.41373158,0.3780163083449352,1
615481,1424,220,2025-09-14 23:59:19,26.71,US,False,0.333075286054361,0.349703157817094,0.35826844,0.4043679294422242,1
615482,3170,798,2025-09-15 00:00:43,204.55,US,False,0.6539997749723437,0.6489245158888454,0.5984929,0.4340449689575039,1
615483,2133,670,2025-09-15 00:01:54,199.76,US,False,0.746184640916339,0.6879686340880656,0.6239487,0.4705107693828814,1
615484,2836,436,2025-09-15 00:02:04,60.61,US,False,0.6679793399728701,0.4605836313501349,0.45755637,0.428359848115609,1
615485,5608,121,2025-09-15 00:03:18,522.8,US,False,0.4172712545137976,0.2832180604064572,0.13968326,0.3888475495141267,1
615486,3890,109,2025-09-15 00:05:31,18.18,GB,False,0.2856796986403456,0.3126517077182014,0.3458475,0.4319547657701211,1
615487,4866,516,2025-09-15 00:06:30,15.57,US,False,0.3828041167570759,0.3697030768091259,0.23615505,0.4018144540128457,1
615488,2271,757,2025-09-15 00:06:54,108.12,US,False,0.3842337259070736,0.3520628965881028,0.23607825,0.4191274152012962,1
615489,1419,252,2025-09-15 00:08:29,216.6,US,False,0.6237356372867852,0.3558671841534314,0.51167756,0.4877238684939258,1
615490,4110,537,2025-09-15 00:10:21,1771.83,US,False,0.3580879049572231,0.2106767238526516,0.1502747,0.4261080037521868,1
615491,4505,733,2025-09-15 00:11:21,758.07,US,False,0.3084665825111244,0.2927712837116532,0.20916681,0.4014631762715881,1
615492,4280,578,2025-09-15 00:13:28,70.79,US,False,0.43745684998777,0.3608624657492965,0.33784404,0.375734107602428,1
615493,1442,289,2025-09-15 00:13:38,128.84,US,False,0.3645641343878064,0.2967589285194414,0.20999315,0.3789245375357432,1
615494,170,482,2025-09-15 00:15:52,451.12,US,False,0.3894389156532077,0.3538080724789968,0.3924984,0.5230282818513796,2
615495,5190,527,2025-09-15 00:19:54,14.92,US,False,0.4347837512230124,0.4458713056254163,0.47091857,0.4232498400183856,1
615496,4533,595,2025-09-15 00:20:04,59.81,CA,False,0.3738884450601351,0.3284725453855851,0.22026302,0.4103175153109442,1
615497,4050,621,2025-09-15 00:21:48,675.31,US,False,0.3016388222750437,0.2478991119051879,0.13580231,0.4185772125841509,1
615498,5889,700,2025-09-15 00:25:28,25.66,US,False,0.3231968081261404,0.333977114196737,0.2606906,0.3996591473833439,1
615499,2030,427,2025-09-15 00:25:56,152.47,GB,False,0.2903520087675075,0.2948894878694647,0.22521727,0.3914106818733275,1
615500,4146,349,2025-09-15 00:27:26,88.34,CA,False,0.4888490349533633,0.3627918412907409,0.35978374,0.3858519078829416,1
615501,3410,524,2025-09-15 00:28:02,24.47,US,False,0.4359777895962385,0.3452461987218483,0.24867053,0.4281147244402301,1
615502,43,22,2025-09-15 00:28:22,398.86,US,False,0.6222828896620841,0.3870213235684102,0.36816475,0.4161591661222182,1
615503,5553,427,2025-09-15 00:30:24,219.26,CA,False,0.3193638707295717,0.2834164838932421,0.22306298,0.391340350472374,1
615504,2476,27,2025-09-15 00:31:12,36.05,US,False,0.4178928651663061,0.3679422300301879,0.39540368,0.385713800677127,1
615505,240,710,2025-09-15 00:33:27,1003.22,CA,False,0.3870876287050268,0.2849940848170199,0.30000195,0.5416460864628535,2
615506,4792,648,2025-09-15 00:37:32,242.59,US,False,0.3219783201627226,0.2434931151109072,0.14485797,0.4240825022100513,1
615507,1197,407,2025-09-15 00:37:33,421.55,US,False,0.5085417916218183,0.4107846900060745,0.31954214,0.447793473105163,1
615508,1526,383,2025-09-15 00:39:46,594.36,US,False,0.3742251877397081,0.3363715963471377,0.2063862,0.4256789182761311,1
615509,3107,236,2025-09-15 00:40:28,35.43,US,False,0.431282111380406,0.3541378604979364,0.49539974,0.4465707318847771,1
615510,3719,399,2025-09-15 00:42:36,58.29,US,False,0.5011226184286218,0.4532114971320504,0.43574786,0.4511128667716969,1
615511,3656,410,2025-09-15 00:43:49,696.29,US,False,0.4439027593161129,0.3061481203746991,0.14609803,0.4245264494936846,1
615512,4329,472,2025-09-15 00:45:04,1748.39,US,False,0.6929182385348079,0.7175336118474418,0.673367,0.4936365541044968,1
615513,735,663,2025-09-15 00:45:07,144.63,US,False,0.3000334189362192,0.2965329681882903,0.22365606,0.3739484134037518,1
615514,3236,198,2025-09-15 00:45:58,177.85,US,False,0.4093789648664794,0.4535363066457424,0.3707019,0.3936482093816716,1
615515,2344,222,2025-09-15 00:46:29,78.4,US,False,0.4044269312568838,0.3293241166853634,0.35082445,0.3784133950340108,1
615516,2928,620,2025-09-15 00:47:06,2071.11,US,False,0.4717076077678251,0.3218365225607428,0.24569255,0.4344465252441887,1
615517,4302,442,2025-09-15 00:48:58,426.14,US,False,0.3783174962033288,0.332284771670528,0.24626507,0.379552796171514,1
615518,2878,171,2025-09-15 00:49:48,95.81,GB,True,0.9656549493564092,0.8477680573064651,0.90356725,0.5473225201646044,1
615519,5193,383,2025-09-15 00:52:42,755.61,GB,False,0.3411051970883266,0.3323906154982076,0.21060658,0.4272551087804308,1
615520,4495,444,2025-09-15 00:54:21,160.58,CA,False,0.4257453811923709,0.3748709209394169,0.32864738,0.4135741836601854,1
615521,3898,503,2025-09-15 00:57:25,487.69,US,False,0.2899496044793424,0.2929808893601729,0.1378982,0.4023116467749307,1
615522,1098,365,2025-09-15 01:00:11,58.68,US,False,0.6069878571110164,0.6145827713919529,0.6133367,0.4429482090706725,1
615523,4409,700,2025-09-15 01:01:15,30.88,US,True,0.4603833349882171,0.3202986489382478,0.21209233,0.4291594406269337,1
615524,3533,628,2025-09-15 01:01:44,192.15,US,False,0.3609002056700545,0.2882245373964597,0.24930726,0.3675721634236624,1
615525,3166,699,2025-09-15 01:02:19,25.58,US,False,0.4466136448449858,0.3352486706964589,0.3105168,0.4539756368829441,1
615526,2281,208,2025-09-15 01:04:20,75.55,CA,False,0.3189532495549185,0.3067792279493167,0.30538616,0.3650117910081046,1
615527,5391,721,2025-09-15 01:07:14,254.97,US,False,0.4104889043440198,0.2838520235412872,0.23537038,0.4008159482527395,1
615528,982,153,2025-09-15 01:11:01,367.21,US,False,0.3119929933634684,0.2694951363609524,0.25327453,0.4992217101273668,2
615529,3726,162,2025-09-15 01:11:17,1087.33,US,False,0.6840984824887064,0.5421746666812636,0.34642193,0.495059856479468,1
615530,3257,793,2025-09-15 01:11:25,145.09,US,False,0.4360983541409369,0.4627526813754567,0.41970536,0.3786039694396717,1
615531,400,105,2025-09-15 01:17:19,193.8,US,False,0.4472850983890648,0.3784297249256921,0.3427674,0.5236723174717968,2
615532,5494,636,2025-09-15 01:17:27,3239.79,US,False,0.5943400368681921,0.3500269125394361,0.21784349,0.4951305688510715,1
615533,2575,28,2025-09-15 01:20:10,51.53,US,False,0.4620126457065309,0.456171156546224,0.41033524,0.3919228432848637,1
615534,1283,221,2025-09-15 01:20:15,28.85,US,False,0.3592952171407966,0.3561871087026519,0.34915563,0.3806182463568331,1
615535,2804,683,2025-09-15 01:20:47,76.79,US,False,0.3251344456096634,0.2998300538333021,0.18447977,0.390017398182465,1
615536,203,432,2025-09-15 01:22:06,70.13,DE,False,0.4289762134788641,0.4551412783293708,0.33237696,0.4283707956018991,1
615537,2295,89,2025-09-15 01:22:10,181.75,US,False,0.3177989028494169,0.3283747708890607,0.27158213,0.363900762034515,1
615538,2998,417,2025-09-15 01:24:22,11.99,US,False,0.3941851042376563,0.3618119274183036,0.3065096,0.3885822175416617,1
615539,3128,89,2025-09-15 01:24:44,30.71,BR,False,0.3946077293103444,0.2650027789497903,0.14282581,0.5627487858523541,1
615540,3630,219,2025-09-15 01:25:24,322.38,US,False,0.5629769195155635,0.4296918992600591,0.49752632,0.4104433579019267,1
615541,2811,764,2025-09-15 01:33:28,269.84,US,False,0.5340089419512868,0.4436512358738453,0.39619124,0.3794835623584395,1
615542,3740,105,2025-09-15 01:34:27,105.57,AU,False,0.6574847549780144,0.4601788057117738,0.39992437,0.4051804032116444,1
615543,4312,589,2025-09-15 01:34:35,97.06,US,False,0.5348899955554116,0.4364125299401168,0.3756933,0.4255073961844117,1
615544,367,270,2025-09-15 01:34:49,69.02,US,False,0.4343972274251015,0.3506636197000825,0.2851665,0.3666454191139151,1
615545,3388,48,2025-09-15 01:37:17,7.51,US,False,0.3803220675168983,0.3626080991628211,0.2628287,0.41496014604587,1
615546,880,503,2025-09-15 01:38:08,36.89,US,False,0.3413642059662229,0.3304526043545572,0.3754786,0.3767359506657973,1
615547,2066,69,2025-09-15 01:39:19,3.97,US,False,0.3946674560950031,0.3495337532851622,0.20682473,0.4241101304482396,1
615548,3285,546,2025-09-15 01:39:21,295.49,CA,False,0.4676373742190668,0.4313628082598676,0.4806975,0.4192886924789725,1
615549,1245,604,2025-09-15 01:40:15,131.71,US,False,0.4384597922167884,0.4374074586104802,0.36845505,0.3690351857585475,1
615550,617,196,2025-09-15 01:44:20,186.74,US,False,0.3480681346460642,0.3562756092337666,0.2848734,0.3697095857134087,1
615551,2590,424,2025-09-15 01:46:00,1439.77,US,False,0.4043552045182367,0.2941053311456044,0.23794807,0.4140136827247359,1
615552,1608,573,2025-09-15 01:47:34,60.5,US,False,0.3060086089320523,0.3391118082418168,0.27002925,0.374716141626244,1
615553,3457,114,2025-09-15 01:49:10,22.98,US,False,0.3426980199279185,0.3181395664731282,0.33431268,0.3845466581165025,1
615554,805,693,2025-09-15 01:50:27,105.55,US,False,0.3422915741596686,0.3093130673271703,0.3221109,0.3639954698475408,1
615555,635,788,2025-09-15 01:51:11,11.7,US,False,0.3831050746806991,0.3395837567749517,0.255707,0.4255753150798226,1
615556,5004,737,2025-09-15 01:52:51,7685.18,US,False,0.7724526738916332,0.6095520294408097,0.48444527,0.5840087923941895,1
615557,1923,266,2025-09-15 01:56:14,780.78,US,False,0.8798061799853363,0.7493242854196059,0.5810802,0.5414010437281097,1
615558,2417,759,2025-09-15 01:57:06,58.01,DE,False,0.375529157067619,0.2980726405859735,0.20536184,0.38952244832278,1
615559,1789,142,2025-09-15 01:59:50,562.05,US,False,0.4944952030418942,0.3152039258348427,0.15441076,0.3793139510918047,1
615560,4288,480,2025-09-15 02:04:31,19.86,US,False,0.3640954555871159,0.3434055454746985,0.21778902,0.4233526876248323,1
615561,321,7,2025-09-15 02:06:04,37.87,US,False,0.4037581275890916,0.4336834337218119,0.4097189,0.3777445593919575,1
615562,2777,433,2025-09-15 02:06:16,194.44,US,False,0.2992924039170933,0.3229446944814713,0.30323634,0.3687462331225034,1
615563,5133,431,2025-09-15 02:07:08,192.8,US,False,0.4064944203125289,0.3518322830080823,0.31380317,0.359816906630274,1
615564,5847,765,2025-09-15 02:13:30,46.23,AU,False,0.5299594330417715,0.4557826076620897,0.3872234,0.4216431066821903,1
615565,4335,606,2025-09-15 02:16:25,90.19,US,False,0.3209036949809242,0.2878427613386276,0.22692464,0.405187166614828,1
615566,4501,495,2025-09-15 02:18:00,421.27,US,False,0.5548586187122947,0.4161454336700468,0.24316658,0.4311097075435721,1
615567,485,268,2025-09-15 02:21:33,75.36,US,False,0.5613784101927002,0.4561837311003787,0.37415713,0.3808798173989988,1
615568,486,74,2025-09-15 02:21:39,95.47,US,False,0.6306525894486583,0.4231791710254906,0.45710528,0.4219488334248829,1
615569,142,506,2025-09-15 02:21:42,204.62,US,False,0.4383001038963506,0.3016517986921365,0.13669567,0.5104874244100422,2
615570,4369,744,2025-09-15 02:22:14,109.08,US,False,0.4652906959874375,0.3550710610026457,0.24565502,0.3572769889396483,1
615571,579,586,2025-09-15 02:22:59,183.9,US,False,0.4259639357494135,0.2835258533840967,0.18164925,0.3721658694519962,1
615572,2594,634,2025-09-15 02:23:38,46.0,US,False,0.5433118238607646,0.4600289067678907,0.3934376,0.4132899074187804,1
615573,2732,29,2025-09-15 02:25:26,42.96,US,False,0.4372338419354608,0.4386014227734774,0.37351102,0.3755325049217012,1
615574,5051,54,2025-09-15 02:26:18,185.65,US,False,0.5015904338430519,0.4469092717188421,0.28365391,0.3710861056734492,1
615575,5324,85,2025-09-15 02:27:03,48.47,US,False,0.5339747803823124,0.3399406016775286,0.27871796,0.3991766816738158,1
615576,167,762,2025-09-15 02:27:53,68.11,CA,False,0.2695691957825922,0.334589522226796,0.42132112,0.3813603799552698,1
615577,3208,353,2025-09-15 02:28:02,98.63,US,False,0.5767766240021422,0.3664419311877608,0.34988287,0.4321082763090546,1
615578,5346,402,2025-09-15 02:28:43,1708.57,US,False,0.4968894050588435,0.2908886759819947,0.29331857,0.427240888853322,1
615579,1748,274,2025-09-15 02:30:27,377.41,US,False,0.5086420699355689,0.4658068619574108,0.4339012,0.3820557541324017,1
615580,4809,105,2025-09-15 02:30:35,67.63,GB,False,0.5141942465371987,0.4609399028088706,0.33513868,0.398395431252658,1
615581,876,773,2025-09-15 02:31:22,1031.07,US,False,0.4649509428450338,0.3438910119497175,0.2061229,0.3880540868010564,1
615582,553,233,2025-09-15 02:31:32,130.18,US,False,0.4412014463697691,0.4631274123815815,0.46054965,0.3854025507707925,1
615583,86,682,2025-09-15 02:32:14,35.4,US,False,0.3091395323575313,0.2999658457637274,0.1812106,0.4191643963076985,1
615584,747,159,2025-09-15 02:33:11,142.39,US,False,0.641572300801119,0.4313420659011061,0.38758466,0.4089348437359331,1
615585,4025,783,2025-09-15 02:33:26,27.85,US,False,0.5906503309007511,0.4302043549250847,0.3174796,0.4932313015844023,1
615586,2851,692,2025-09-15 02:34:04,728.3,US,False,0.5194301242223618,0.3876992906726211,0.42139062,0.3886481135116604,1
615587,5569,183,2025-09-15 02:36:58,52.06,US,False,0.4905279476676681,0.4398776759253093,0.44047543,0.3684382558706166,1
615588,3855,780,2025-09-15 02:38:19,132.61,US,False,0.4137787940359182,0.3414930965526214,0.24815196,0.404770373290834,1
615589,4860,40,2025-09-15 02:38:34,167.95,CA,False,0.5403012515861157,0.462157049150354,0.44190052,0.3893111984780781,1
615590,5824,768,2025-09-15 02:38:53,45.42,CN,False,0.4740207127511626,0.3221405299562674,0.25105834,0.5645988448009867,1
615591,3449,121,2025-09-15 02:41:00,590.89,US,False,0.3571998281190999,0.3024275202433528,0.21095012,0.3970164511119952,1
615592,4736,714,2025-09-15 02:44:19,130.41,US,False,0.3351983194384271,0.3186364960446595,0.26439226,0.3623251014829847,1
615593,4315,717,2025-09-15 02:48:52,11.63,US,False,0.3568854180420708,0.3564889742135103,0.33225793,0.4995262579241862,2
615594,643,173,2025-09-15 02:50:47,2772.53,US,False,0.4986818371810624,0.3489275878847097,0.21698183,0.5537570113798018,2
615595,4229,683,2025-09-15 02:52:00,436.68,US,False,0.5074331959626667,0.5859563425640559,0.48665908,0.4183215122470439,1
615596,1093,61,2025-09-15 02:52:24,183.42,US,False,0.3227252345983696,0.3687258956388272,0.366961,0.3685918181468661,1
615597,1840,504,2025-09-15 02:52:53,148.99,CA,False,0.2827570623003395,0.2461100109261496,0.0470716,0.4051737764934889,1
615598,4829,107,2025-09-15 02:56:05,1758.05,US,False,0.4957741274796027,0.2475015324174854,0.06521681,0.4305317936152188,1
615599,3796,652,2025-09-15 03:01:33,15.74,US,False,0.3921390059152306,0.3402819534596069,0.214933,0.3762334154580339,1
615600,1187,97,2025-09-15 03:01:56,8.99,US,False,0.3555022200417891,0.362720491110912,0.23067406,0.3894364449820076,1
615601,919,769,2025-09-15 03:02:41,283.43,US,False,0.7469676796155632,0.733503070048456,0.72921336,0.4810978758803849,1
615602,4544,201,2025-09-15 03:03:30,226.91,US,False,0.3074288439398985,0.3645914779096069,0.4801116,0.3615255972165641,1
615603,4801,790,2025-09-15 03:03:32,190.5,AU,False,0.6404535392550806,0.473793739651997,0.43848816,0.3978388155673749,1
615604,1980,391,2025-09-15 03:05:23,524.83,US,False,0.3482569161274972,0.277349291836782,0.15963951,0.3992812560135854,1
615605,3684,562,2025-09-15 03:05:46,1979.4,US,False,0.3761100505481132,0.3367713540831456,0.3127971,0.4062018331021343,1
615606,2229,762,2025-09-15 03:06:50,187.13,US,False,0.2758445320928008,0.3282954361604672,0.2823583,0.3662030145645968,1
615607,1350,608,2025-09-15 03:08:02,77.57,US,False,0.434006412049571,0.4177527831949701,0.3526359,0.4164011511445606,1
615608,4669,500,2025-09-15 03:11:02,107.84,US,False,0.3066938213514319,0.3414317630924597,0.3732491,0.3559910744951321,1
615609,2614,474,2025-09-15 03:11:21,60.51,US,False,0.3670479393905725,0.4196101638164103,0.33256596,0.4982288216301878,2
615610,5317,505,2025-09-15 03:14:50,235.74,US,False,0.346187480876682,0.3282310259138817,0.31868815,0.3552670229593896,1
615611,5704,375,2025-09-15 03:15:29,136.48,US,False,0.3384945983307889,0.3343091529481344,0.30326226,0.3564894766586168,1
615612,3199,461,2025-09-15 03:15:35,36.74,US,False,0.2812562726828104,0.3181723182932015,0.11623854,0.4850031620845891,2
615613,3539,247,2025-09-15 03:15:54,36.94,US,False,0.5124242749985863,0.4521011769082361,0.41860753,0.3703163238805046,1
615614,2340,328,2025-09-15 03:16:51,88.08,US,False,0.3832571365190306,0.4220725100041839,0.3819912,0.3762507780521956,1
615615,4228,376,2025-09-15 03:18:14,93.46,US,False,0.4833335673731045,0.4619290011535676,0.29901317,0.3643658716471811,1
615616,5441,753,2025-09-15 03:19:47,170.15,US,False,0.5575987553679299,0.3666599509323659,0.36922634,0.4204936583209971,1
615617,431,788,2025-09-15 03:19:58,418.58,US,False,0.419578549181661,0.2613856682832507,0.11015272,0.5177789927732841,1
615618,5244,474,2025-09-15 03:21:39,158.71,US,False,0.5650551806792766,0.4201867027266582,0.42033714,0.3746917044442659,1
615619,341,69,2025-09-15 03:22:15,39.18,US,False,0.4516355873536571,0.3511297648322429,0.24815683,0.3617729998533373,1
615620,1348,733,2025-09-15 03:24:02,291.14,US,False,0.4034407326098252,0.3102311038150108,0.25353038,0.3608819873410951,1
615621,1532,424,2025-09-15 03:27:36,2221.83,US,False,0.4020826483676241,0.3283327838758241,0.12624711,0.4154422096934149,1
615622,767,482,2025-09-15 03:28:13,36.82,US,False,0.4980598704865436,0.4208974215850136,0.31820253,0.3671160851168984,1
615623,1259,163,2025-09-15 03:30:41,68.92,US,False,0.4947034297960688,0.4025250141911393,0.46350488,0.3916867750833067,1
615624,1236,45,2025-09-15 03:31:48,372.45,US,False,0.6687524573778255,0.4442778461426902,0.43689907,0.4320384525497369,1
615625,1359,795,2025-09-15 03:33:17,1939.0,US,False,0.596905341580795,0.3505858269112982,0.38639233,0.4349244748345361,1
615626,1659,628,2025-09-15 03:33:52,216.9,US,False,0.3455352254693219,0.2976233938710088,0.18698043,0.4801294981785814,2
615627,4907,414,2025-09-15 03:34:57,1295.45,US,False,0.6218393362627256,0.539572053641959,0.5635957,0.4880530408695165,1
615628,3836,754,2025-09-15 03:34:58,252.13,US,False,0.3253893456982742,0.2779650587536323,0.20246603,0.3591766180705939,1
615629,2153,87,2025-09-15 03:37:23,114.44,US,False,0.373192364479179,0.3218888171780601,0.26730686,0.3497225444420613,1
615630,4953,540,2025-09-15 03:39:55,255.81,US,False,0.4045273885865577,0.2747409206474243,0.1756601,0.4340651447739653,1
615631,1574,357,2025-09-15 03:40:47,536.23,US,False,0.4893369650496469,0.3824029252965961,0.34337318,0.41986598158117,1
615632,2727,498,2025-09-15 03:40:54,1749.06,US,False,0.2880976285677573,0.2965367959165214,0.28381988,0.4167992453657949,1
615633,1310,324,2025-09-15 03:41:23,628.07,CA,False,0.4573932005162988,0.2850418184295656,0.15234905,0.512524496580667,2
615634,299,431,2025-09-15 03:47:00,1573.49,US,False,0.5797844334687272,0.6723628984587587,0.5902479,0.4354839917375447,1
615635,4743,341,2025-09-15 03:52:31,207.7,US,False,0.3061924802114526,0.3560852340878715,0.43855935,0.3611954157668182,1
615636,4751,480,2025-09-15 03:53:38,8542.03,US,False,0.3898637078716918,0.2878109893520891,0.20644239,0.5122398030515418,1
615637,5897,537,2025-09-15 03:56:54,19.91,US,False,0.3149231759816369,0.3243983437197838,0.10199752,0.4334554929909938,1
615638,3468,97,2025-09-15 04:00:06,1225.43,DE,False,0.3727134730447391,0.3253035418068951,0.25131002,0.390647194575693,1
615639,4584,13,2025-09-15 04:00:57,177.8,US,False,0.5099398340517495,0.453784269034375,0.49704325,0.3890930231061841,1
615640,5753,536,2025-09-15 04:02:57,108.24,CA,False,0.3297721431965051,0.3292623360323917,0.2065632,0.3542226397309847,1
615641,4128,491,2025-09-15 04:03:37,354.58,US,False,0.2735025074655136,0.3187665084129385,0.23138572,0.3772010267543783,1
615642,5708,299,2025-09-15 04:07:00,124.38,CA,False,0.3872082252797113,0.3271888649897148,0.21898341,0.367800438942055,1
615643,4614,630,2025-09-15 04:08:24,319.46,US,False,0.2838618431082336,0.334540791390706,0.28079313,0.3614395158539677,1
615644,5787,371,2025-09-15 04:12:41,90.65,US,False,0.5279882152951193,0.3688849119327703,0.19051988,0.3932343717398001,1
615645,1327,440,2025-09-15 04:13:09,30.87,US,False,0.3433667585172018,0.3287403419057655,0.27275416,0.3630604092826797,1
615646,2458,94,2025-09-15 04:15:29,30.06,US,False,0.4957541707241834,0.465308244283068,0.2545687,0.405145428510605,1
615647,1202,348,2025-09-15 04:18:48,112.71,US,False,0.6466964820432064,0.4440702341520963,0.34822252,0.4000715533129669,1
615648,3025,108,2025-09-15 04:19:01,350.88,US,False,0.5322696422966546,0.3666957479077872,0.44306695,0.3748697999559903,1
615649,295,683,2025-09-15 04:19:16,354.52,US,False,0.3464858474932483,0.3043743056398502,0.21520858,0.3584517027760227,1
615650,3949,140,2025-09-15 04:19:39,164.34,US,False,0.5255696967650448,0.2830955401915497,0.16863081,0.3885077795693282,1
615651,602,722,2025-09-15 04:20:06,69.22,US,False,0.3592006426932859,0.3463616353735735,0.32472846,0.3550002763325756,1
615652,3640,143,2025-09-15 04:21:16,620.2,US,False,0.4186060450030716,0.344736857698978,0.32232013,0.3772161454067966,1
615653,4993,579,2025-09-15 04:24:03,254.74,DE,False,0.5430015444127464,0.4014688585456203,0.24472077,0.399944238598587,1
615654,2311,586,2025-09-15 04:24:33,35.9,US,False,0.3231731772841992,0.3367283603966216,0.25070402,0.3623676384785769,1
615655,2156,261,2025-09-15 04:26:04,93.78,US,False,0.3929048159564984,0.3533774948808012,0.21401528,0.3966333074561008,1
615656,196,538,2025-09-15 04:29:02,546.25,US,False,0.5464064384129379,0.4104530355281234,0.30774707,0.3818894351017662,1
615657,5828,167,2025-09-15 04:29:48,65.03,US,False,0.5034437556073834,0.4377076855979805,0.4194432,0.3628054108621532,1
615658,2500,246,2025-09-15 04:30:32,375.37,GB,False,0.449760803674445,0.3923019766544779,0.1302378,0.4184571285099753,1
615659,144,667,2025-09-15 04:30:38,349.66,US,False,0.3970036548468733,0.336734281975561,0.28831545,0.3918937319760462,1
615660,5040,565,2025-09-15 04:31:52,284.58,US,False,0.2863039934749433,0.2790761141529821,0.17397001,0.3753245043359917,1
615661,3770,58,2025-09-15 04:32:26,82.36,CA,False,0.4137396074491944,0.4354962888673854,0.46465984,0.3644780479015292,1
615662,3806,371,2025-09-15 04:32:38,231.21,US,False,0.3594463944880221,0.3451345181941259,0.26288393,0.3573550096059368,1
615663,5277,573,2025-09-15 04:35:35,18.98,US,False,0.3133323238016559,0.2977749526309425,0.032299522,0.3783612395852783,1
615664,1482,668,2025-09-15 04:36:05,240.98,US,False,0.4643393333253982,0.3896204173420621,0.1742729,0.3796268025521543,1
615665,3209,148,2025-09-15 04:36:10,299.11,US,False,0.6465989061314313,0.488660899543426,0.6008787,0.4460269220370081,1
615666,34,81,2025-09-15 04:39:02,6.71,US,False,0.3803094076987516,0.4304096774497195,0.27265948,0.5113114061772267,2
615667,4434,711,2025-09-15 04:39:34,24.82,CA,False,0.3668488272856465,0.3478752538544903,0.16668762,0.3678025886989828,1
615668,4599,522,2025-09-15 04:40:36,112.99,US,False,0.4460690258873975,0.303359018455861,0.27484646,0.3804030590613002,1
615669,1174,490,2025-09-15 04:45:50,148.78,US,False,0.4907550906049729,0.4177351411003622,0.37781784,0.3555329151825415,1
615670,1872,513,2025-09-15 04:46:36,109.89,US,False,0.4863113490017677,0.4479101795186448,0.4382434,0.3516629519367774,1
615671,2072,576,2025-09-15 04:47:47,128.16,GB,False,0.3430454724731892,0.3263105869153228,0.16204783,0.3587092540946049,1
615672,2248,678,2025-09-15 04:48:04,44.37,US,False,0.5189587179872426,0.4837898961354425,0.4382325,0.4216564075629594,1
615673,4141,505,2025-09-15 04:48:10,940.94,US,False,0.4094062130735182,0.3029637565810481,0.3176485,0.4126945956555417,1
615674,4906,777,2025-09-15 04:51:28,197.52,US,False,0.2688504504121757,0.2807246359576758,0.07387986,0.3718123104013789,1
615675,2656,451,2025-09-15 04:57:59,18.65,US,False,0.5365899820991878,0.4409139588300498,0.37420133,0.3874414630958899,1
615676,1308,393,2025-09-15 04:58:11,20.54,US,False,0.4210687900789063,0.4038302696598529,0.3424322,0.3717297817921891,1
615677,1094,655,2025-09-15 04:59:06,50.99,US,False,0.3796227005933592,0.4227115828405463,0.3378684,0.3702040793999776,1
615678,2038,286,2025-09-15 04:59:40,738.99,US,False,0.6165725651585051,0.5192164610122867,0.5884511,0.4533129904261365,1
615679,4869,718,2025-09-15 05:02:57,55.71,US,False,0.4581014226510932,0.4255955802880442,0.39308265,0.3633027416229324,1
615680,5487,602,2025-09-15 05:05:33,227.37,US,False,0.3966151484316343,0.3602923797465058,0.39039755,0.3498755312512151,1
615681,4804,266,2025-09-15 05:05:51,308.53,US,False,0.3653235503657331,0.3465253660591704,0.24600376,0.3921567681005763,1
615682,2258,284,2025-09-15 05:06:19,66.17,US,False,0.4311936845273626,0.4240014512790948,0.38919675,0.3982944966352748,1
615683,4236,674,2025-09-15 05:13:28,1345.7,US,False,0.4102536871724738,0.3393729867091651,0.38348392,0.3968262939400108,1
615684,2696,688,2025-09-15 05:15:08,261.79,US,False,0.6718117608910162,0.4884912676759164,0.54699457,0.3705923316983816,1
615685,3754,796,2025-09-15 05:15:35,1645.74,US,False,0.4048698941407878,0.3099213738707775,0.26761374,0.3876650853360999,1
615686,5313,471,2025-09-15 05:15:40,186.67,CA,False,0.4226259967598981,0.4417296178125066,0.34908277,0.3567685876178875,1
615687,4404,363,2025-09-15 05:15:51,54.09,US,False,0.3614043876176654,0.3496324202331004,0.36182767,0.3596913900358565,1
615688,4322,72,2025-09-15 05:17:51,107.87,US,False,0.5701443418505501,0.3904305470907034,0.38756347,0.4132158438098612,1
615689,3286,563,2025-09-15 05:18:49,52.97,US,False,0.3023243335178278,0.3133252184540745,0.13864678,0.3854859564382533,1
615690,2389,626,2025-09-15 05:19:15,39.94,US,False,0.5077462388902538,0.2918875366252952,0.1817518,0.3937633169388553,1
615691,4446,165,2025-09-15 05:21:13,26.62,US,False,0.3766719826735159,0.3452186601692484,0.20129484,0.3729435796964359,1
615692,4409,272,2025-09-15 05:23:39,7.37,US,False,0.3894974535870097,0.3435257792280659,0.11874407,0.4980135175939624,1
615693,4299,701,2025-09-15 05:23:39,359.51,US,False,0.548215058409147,0.4317717823003196,0.38523778,0.3647931319394011,1
615694,571,612,2025-09-15 05:26:27,232.04,US,False,0.4460130785129069,0.4562818212167306,0.41969413,0.3646516828220637,1
615695,599,762,2025-09-15 05:28:12,139.27,US,False,0.4934920350662321,0.2785777493770001,0.1894526,0.4110145250667304,1
615696,5213,380,2025-09-15 05:29:35,292.07,US,False,0.3387379173920519,0.2817948378431744,0.2403658,0.3571266756019088,1
615697,3886,402,2025-09-15 05:30:51,190.36,US,False,0.3219287651706115,0.3304353056517418,0.3169739,0.386093679555822,1
615698,1428,496,2025-09-15 05:31:52,50.09,US,False,0.5665947005889267,0.4867886803301302,0.559183,0.4169287594784186,1
615699,2136,773,2025-09-15 05:32:12,137.72,CA,False,0.6373355626850392,0.3336826972345869,0.3022899,0.5945914659735664,1
615700,3820,212,2025-09-15 05:33:21,60.31,GB,False,0.4111112700473228,0.4373289431488776,0.47303042,0.3613240498816387,1
615701,2304,769,2025-09-15 05:37:11,260.5,CA,False,0.357578430530162,0.3595511188860377,0.36803794,0.3504985979118971,1
615702,87,190,2025-09-15 05:37:25,77.02,US,False,0.6661466411339867,0.4615553147696246,0.38098207,0.4282251112980689,1
615703,1553,285,2025-09-15 05:37:37,20.04,US,False,0.5304032771131933,0.4651371236243569,0.37151796,0.4349356447064132,1
615704,4160,743,2025-09-15 05:37:54,102.57,US,False,0.4730338096966752,0.4523707753956277,0.4563137,0.4296156041774016,1
615705,4644,93,2025-09-15 05:38:11,12.56,US,False,0.3081040005162024,0.3319472487459864,0.28304905,0.3801727219840076,1
615706,1908,130,2025-09-15 05:38:17,2562.25,US,False,0.507074740339628,0.3850434343245326,0.36286077,0.4440609022788727,1
615707,4066,425,2025-09-15 05:40:04,248.1,DE,False,0.3933446325801169,0.3633791029907884,0.36678913,0.3883157613333133,1
615708,416,68,2025-09-15 05:42:48,363.65,US,False,0.4074913197343631,0.4436541387756765,0.34036353,0.3619927793212855,1
615709,5555,656,2025-09-15 05:42:52,24.02,US,False,0.3115438695513564,0.3329691837287858,0.20418882,0.3715512361973467,1
615710,3185,748,2025-09-15 05:46:00,150.43,US,False,0.3820398855807717,0.3998512492327458,0.36445722,0.3701633252551971,1
615711,4624,703,2025-09-15 05:46:27,3.79,US,False,0.5111157410979037,0.458893593734313,0.3218722,0.4422251648282572,1
615712,1058,708,2025-09-15 05:46:40,67.52,US,False,0.4054115869958648,0.3521507403228268,0.21920288,0.3505009946270907,1
615713,378,177,2025-09-15 05:46:43,691.3,US,False,0.3143896529578061,0.248039951170503,0.22096136,0.3635564256064339,1
615714,1133,388,2025-09-15 05:48:26,23.42,US,False,0.3270143954792937,0.2865755441445405,0.117072605,0.3859274256051954,1
615715,5319,14,2025-09-15 05:49:27,329.13,US,False,0.3264973333886074,0.3241645969146565,0.28472707,0.3686361448426345,1
615716,974,673,2025-09-15 05:50:49,112.45,US,False,0.2930666625814201,0.3308401754319982,0.27585453,0.3606072251950809,1
615717,108,449,2025-09-15 05:52:30,5096.12,US,False,0.5048742826573402,0.3285893316687224,0.2606568,0.4706091642091776,1
615718,2108,590,2025-09-15 05:53:48,64.46,US,False,0.3375561733448773,0.3521642304938423,0.38622808,0.3697237108722159,1
615719,1883,780,2025-09-15 05:54:14,816.44,US,False,0.4662609047157356,0.3060212892373213,0.19776072,0.3869951000243651,1
615720,4177,662,2025-09-15 05:55:26,101.24,US,False,0.4432271856489247,0.4331798674809873,0.3532169,0.3770641164382683,1
615721,693,285,2025-09-15 05:56:58,40.71,US,False,0.5707376261080428,0.4758185877508323,0.41825676,0.3973462689343235,1
615722,2699,514,2025-09-15 05:59:12,887.74,US,False,0.3929385445784213,0.3173383475512574,0.17784071,0.3698400968834178,1
615723,1286,739,2025-09-15 05:59:23,27.06,CA,False,0.5358584987869428,0.4602358868974526,0.3907119,0.3977498497872355,1
615724,2038,528,2025-09-15 06:02:23,619.75,US,False,0.7482511280344029,0.564273884480721,0.50622845,0.4658764970994483,1
615725,3174,634,2025-09-15 06:05:44,1088.66,US,False,0.5408526756194549,0.3637685035841405,0.28507918,0.4681878039328573,1
615726,2681,268,2025-09-15 06:05:51,87.21,US,False,0.4803569565405388,0.4748867681310669,0.44093525,0.3661654643130675,1
615727,3068,290,2025-09-15 06:07:31,43.66,US,False,0.4341523057390328,0.3341634727986719,0.49761957,0.4055509862511861,1
615728,863,144,2025-09-15 06:07:42,302.14,US,False,0.7681210166079805,0.7574020593505153,0.7795803,0.5080085084637507,1
615729,3664,126,2025-09-15 06:07:43,82.48,US,False,0.4151663454449432,0.294983825235346,0.20931695,0.3506497688093685,1
615730,1482,448,2025-09-15 06:08:27,281.76,US,False,0.5184002313729246,0.4166507423914173,0.2807459,0.3999897374733092,1
615731,174,431,2025-09-15 06:09:58,22.55,US,False,0.3989087645251566,0.3599000629798551,0.27483472,0.4078200079963094,1
615732,4570,79,2025-09-15 06:14:59,67.41,CA,False,0.4119075876568641,0.4128831138470129,0.24889341,0.3502185531622512,1
615733,2329,56,2025-09-15 06:17:01,35.92,US,False,0.4468037698301897,0.3196309312368443,0.38721198,0.3565209024866721,1
615734,5179,722,2025-09-15 06:21:14,35.7,US,False,0.4054126107407221,0.3579343200204075,0.16037466,0.3921894902775447,1
615735,1764,653,2025-09-15 06:21:56,245.99,US,False,0.4385825366846739,0.3057980679449212,0.27780992,0.3566156550590132,1
615736,5683,742,2025-09-15 06:24:15,928.21,US,False,0.9641278890540228,0.7495370284272924,0.8276109,0.5586492553801606,1
615737,4529,177,2025-09-15 06:24:32,157.97,US,False,0.2848954064215753,0.2761955648956382,0.2465997,0.3666315894968506,1
615738,4890,51,2025-09-15 06:26:21,80.11,US,False,0.3319450318677456,0.353577885053134,0.28291374,0.3609096537681031,1
615739,3955,732,2025-09-15 06:27:14,369.34,GB,False,0.4626449012632226,0.3351110875500029,0.32529902,0.4131017089493738,1
615740,4422,227,2025-09-15 06:27:53,54.59,US,False,0.4180624006292895,0.2867391257230731,0.078404225,0.3644325779760182,1
615741,2888,163,2025-09-15 06:29:47,93.99,US,False,0.4566203860481896,0.378366604365568,0.3192128,0.3450615687128313,1
615742,2709,638,2025-09-15 06:30:57,106.92,US,False,0.3399600390174406,0.3194067372537625,0.30047783,0.3701532611209225,1
615743,5339,104,2025-09-15 06:31:28,411.69,US,False,0.3110816611278084,0.3391145449070008,0.2302178,0.3525764840843972,1
615744,3223,104,2025-09-15 06:33:04,286.02,US,False,0.4294495062421576,0.3476158103000121,0.2639454,0.3865046028739271,1
615745,5798,424,2025-09-15 06:33:52,2224.01,US,False,0.3941692479680151,0.3176882827124681,0.3294136,0.4011543369306303,1
615746,4728,316,2025-09-15 06:34:31,85.68,US,False,0.4449830661400063,0.4376047299854163,0.45896304,0.3516241546868565,1
615747,2365,118,2025-09-15 06:35:59,283.7,CA,False,0.4980828854124079,0.4714830322783659,0.5259152,0.3809865082924274,1
615748,2915,622,2025-09-15 06:42:02,25.59,US,False,0.3850642571734219,0.3775685418149442,0.3197445,0.3647724525745224,1
615749,1501,396,2025-09-15 06:42:10,42.53,US,False,0.4690984251665738,0.3001807312704304,0.21327335,0.4323897722001761,1
615750,3471,410,2025-09-15 06:43:11,242.74,US,False,0.3768903971084701,0.3641541534926423,0.40617764,0.3874840180248513,1
615751,3015,305,2025-09-15 06:43:17,717.31,GB,False,0.4181387029341077,0.3592473494667376,0.28828573,0.4429219226580015,1
615752,3873,447,2025-09-15 06:43:58,186.71,AU,False,0.59299132795019,0.6650577946027824,0.5414794,0.4013872959403908,1
615753,3881,251,2025-09-15 06:54:10,454.2,US,False,0.4229512844603483,0.3111289230290273,0.32540697,0.3884101850990951,1
615754,3025,50,2025-09-15 06:54:19,277.03,US,False,0.3475405414545972,0.2865045448934722,0.20820983,0.388373956046075,1
615755,1822,709,2025-09-15 06:54:23,418.97,US,False,0.5468237386349245,0.3980829929633249,0.4407199,0.3691189037104079,1
615756,2541,21,2025-09-15 06:58:01,198.05,US,False,0.5082267712861418,0.3517500105545577,0.32412484,0.3986333381889447,1
615757,3609,114,2025-09-15 06:58:12,273.82,US,False,0.3178717047776359,0.3353295539725934,0.34124485,0.3550668777391687,1
615758,3304,282,2025-09-15 06:58:53,57.56,US,False,0.4593697520880483,0.4404055145780384,0.37293693,0.3679492211144637,1
615759,3728,285,2025-09-15 07:02:45,156.37,RU,False,0.9775090261161196,0.7111574517141303,0.9190673,0.6392384499942616,1
615760,34,474,2025-09-15 07:08:56,21.67,US,False,0.4773904156369498,0.4245384834010402,0.2709843,0.5070638942871641,2
615761,2764,374,2025-09-15 07:11:02,21.98,US,False,0.3385390868634151,0.2830257016216204,0.20303239,0.3679761300083656,1
615762,1252,636,2025-09-15 07:12:31,165.28,US,False,0.5160524976675659,0.4271561721328021,0.31079853,0.4831931966887569,2
615763,626,353,2025-09-15 07:13:00,454.12,US,False,0.362802368833291,0.3538004255490988,0.29947424,0.3544686910821264,1
615764,2680,216,2025-09-15 07:14:58,55.81,US,False,0.4389893000660368,0.4518946582749004,0.308775,0.3621509937263626,1
615765,2881,632,2025-09-15 07:15:11,174.62,US,False,0.3282180142014097,0.3141121947606146,0.21065256,0.3470539446429906,1
615766,444,657,2025-09-15 07:15:38,494.33,US,False,0.5876241980045999,0.4075292765230051,0.35527232,0.4041145676396824,1
615767,3281,9,2025-09-15 07:16:07,175.69,US,False,0.5186984421527235,0.4356896416836012,0.44455242,0.3616693401373936,1
615768,3289,330,2025-09-15 07:17:09,608.05,US,False,0.7340142971670964,0.7465848697517523,0.76711005,0.4881154880993607,1
615769,2198,588,2025-09-15 07:18:16,740.14,US,False,0.4415644484645429,0.3163286369005118,0.37406164,0.3729792423386994,1
615770,3953,204,2025-09-15 07:19:05,150.01,US,False,0.6497486904313415,0.4252701908220594,0.4719784,0.3907079919042611,1
615771,2922,688,2025-09-15 07:19:22,100.44,AU,False,0.3860684076358752,0.4330110561118601,0.4126314,0.3604742705552264,1
615772,2050,178,2025-09-15 07:19:40,1291.49,US,False,0.5595487319899808,0.3982090470349264,0.48860216,0.3985887834458866,1
615773,4513,356,2025-09-15 07:20:15,90.12,US,False,0.4290726581355775,0.4545535000215632,0.46668148,0.3576385783628755,1
615774,3941,356,2025-09-15 07:21:04,64.17,US,False,0.4128073405372298,0.4454925281640302,0.28849468,0.3696389463257863,1
615775,4772,503,2025-09-15 07:21:38,122.63,US,False,0.3697451696388764,0.3130238884720224,0.27059892,0.3553407996335137,1
615776,1316,308,2025-09-15 07:21:51,285.54,US,False,0.3274057741203942,0.2826373250156445,0.28264838,0.4946200257045531,2
615777,496,680,2025-09-15 07:22:38,294.15,US,False,0.3793175717552103,0.3250629788948309,0.20579796,0.3550235082963439,1
615778,5913,320,2025-09-15 07:25:39,21.12,US,False,0.4992151114986817,0.4644586508324305,0.4307623,0.3857918835294195,1
615779,1799,125,2025-09-15 07:26:09,67.6,US,False,0.4298808157100208,0.4073718564957956,0.33886585,0.364701125342076,1
615780,3469,611,2025-09-15 07:26:46,1170.45,US,False,0.2663841634892361,0.3306409981782801,0.25030023,0.4061963456627697,1
615781,1872,466,2025-09-15 07:27:10,250.56,US,False,0.650744461314242,0.4658126121502088,0.48603272,0.4256095473748801,1
615782,3065,432,2025-09-15 07:27:25,32.01,US,False,0.5223167927954784,0.4573592920044014,0.31614947,0.3763714051828052,1
615783,5113,112,2025-09-15 07:27:37,26.22,US,False,0.3027808733993171,0.2973108592583576,0.04105837,0.3982061502533112,1
615784,627,565,2025-09-15 07:27:38,225.66,GB,False,0.3264581330585872,0.3180969551258569,0.30502737,0.3466204276254759,1
615785,5462,377,2025-09-15 07:29:48,278.13,CA,False,0.5739384729123433,0.4339585655579898,0.2758049,0.3740943272535293,1
615786,3984,770,2025-09-15 07:30:26,1351.48,US,False,0.4470648777563287,0.2859085901748862,0.18140244,0.3815033110021155,1
615787,1644,295,2025-09-15 07:31:57,121.65,GB,False,0.3278283162987057,0.3569578462499646,0.40062004,0.3476552242801807,1
615788,2494,110,2025-09-15 07:32:32,432.23,US,False,0.3031257872846104,0.2817250235818664,0.32588914,0.354641217334977,1
615789,314,1,2025-09-15 07:33:00,5.63,US,False,0.4517482008486367,0.4285831305954709,0.5297943,0.4310522895779397,1
615790,5980,256,2025-09-15 07:34:44,59.3,US,False,0.2966593739643117,0.2975486484114746,0.21259782,0.4239554744463304,1
615791,4031,651,2025-09-15 07:36:10,32.46,US,False,0.3569751765042907,0.3152801251047464,0.24473077,0.4317059444647768,1
615792,3710,192,2025-09-15 07:37:12,123.51,CA,False,0.5510559309087837,0.4080899073639539,0.42096165,0.3445880658251675,1
615793,2051,294,2025-09-15 07:38:26,424.67,GB,False,0.4443511108599308,0.3153695980476673,0.21363553,0.5354730095676646,1
615794,3818,602,2025-09-15 07:38:58,61.7,US,False,0.3470977569170562,0.3541634358266596,0.2742868,0.4137526830810023,1
615795,600,209,2025-09-15 07:39:17,193.37,US,False,0.3885626129296003,0.3291921524320407,0.31209207,0.3512375551015368,1
615796,5787,487,2025-09-15 07:43:21,11.8,US,False,0.599164882699999,0.4965143766019593,0.4981289,0.4642496312936575,1
615797,596,621,2025-09-15 07:43:58,262.2,RU,False,0.381986051111074,0.3008434656126512,0.24017325,0.5282191833795971,1
615798,1619,725,2025-09-15 07:44:37,244.71,US,False,0.4409305333663706,0.3666161625615863,0.3476674,0.3568001698701775,1
615799,5691,45,2025-09-15 07:47:14,16.2,US,False,0.5485610914603469,0.4799649734099823,0.27802616,0.4303571937420868,1
615800,5233,320,2025-09-15 07:47:26,471.3,CA,False,0.5372759678790615,0.4593368145195542,0.5278522,0.3753147283238303,1
615801,5994,85,2025-09-15 07:47:58,130.61,US,False,0.3413637171485958,0.3593836625885444,0.29977697,0.3531727483566388,1
615802,4206,189,2025-09-15 07:48:11,475.52,US,False,0.469353120861999,0.3884568640231453,0.41385168,0.3722363460888199,1
615803,1117,445,2025-09-15 07:49:58,276.65,US,False,0.3549670626168427,0.3570340412673188,0.23548667,0.349793015841377,1
615804,3066,446,2025-09-15 07:50:33,98.47,US,False,0.4496523823662164,0.3447372694091618,0.306721,0.3486676253319682,1
615805,2200,654,2025-09-15 07:51:13,2360.17,US,False,0.4740604331723959,0.3138195369546394,0.2862942,0.4431812056454583,1
615806,4201,88,2025-09-15 07:53:54,648.28,US,False,0.4888100517257625,0.3323948037539102,0.34289262,0.3799290617035025,1
615807,184,548,2025-09-15 07:53:57,124.66,US,False,0.5881142563196883,0.4309479986648352,0.43585888,0.4395230031715335,1
615808,1676,628,2025-09-15 07:59:01,1924.94,US,False,0.3131729422067203,0.2891369578906322,0.2267177,0.4030684409048604,1
615809,3884,618,2025-09-15 07:59:52,88.02,GB,False,0.4099384951719838,0.43233649014129,0.3841277,0.3554876038706979,1
615810,5838,97,2025-09-15 07:59:55,1496.14,DE,False,0.4091192246736177,0.2924546595290866,0.16873196,0.3862781366825724,1
615811,1814,711,2025-09-15 08:01:51,3.97,US,False,0.3221193603543162,0.3423388022939598,0.18601246,0.4164846121660532,1
615812,756,4,2025-09-15 08:02:11,9828.2,US,False,0.6187536812171768,0.3965308383267603,0.4039475,0.5271171434511596,1
615813,3181,787,2025-09-15 08:05:55,156.2,US,False,0.5682622024052006,0.4697486055909462,0.5226072,0.3658198866750405,1
615814,366,362,2025-09-15 08:06:12,48.61,US,False,0.4775297810472212,0.4280649886437541,0.4075913,0.350840355873269,1
615815,1525,216,2025-09-15 08:06:18,9.2,US,False,0.4660852570792649,0.4992342270473758,0.54635626,0.5219009622718545,2
615816,1795,29,2025-09-15 08:09:38,2179.06,DE,False,0.6211998453187831,0.2940447504637227,0.2997687,0.6207507068250356,1
615817,2708,405,2025-09-15 08:09:57,436.84,US,False,0.4731004864632333,0.3309444893012401,0.26683852,0.3919108900896269,1
615818,589,492,2025-09-15 08:13:01,35.0,US,False,0.5856802046754149,0.5000044114840376,0.5124956,0.4046968285679435,1
615819,2685,252,2025-09-15 08:13:35,187.16,US,False,0.6166459266272576,0.410672401009759,0.2776334,0.3688754024504634,1
615820,4954,265,2025-09-15 08:21:37,103.67,US,False,0.5158374120024013,0.3430165005627187,0.33426973,0.3932147368256009,1
615821,2964,239,2025-09-15 08:21:39,109.64,US,False,0.4540906192999508,0.3652427269314341,0.41968206,0.345257891513498,1
615822,4462,151,2025-09-15 08:22:03,2098.57,US,False,0.4879148324635189,0.4207431502885326,0.5357522,0.4000139419632508,1
615823,1701,158,2025-09-15 08:22:28,43.23,US,False,0.3578366340313302,0.2956455967135468,0.23061034,0.3517206444343475,1
615824,5426,518,2025-09-15 08:22:33,123.28,US,False,0.3418821367936714,0.3415917231977647,0.363147,0.3786894125911103,1
615825,3426,721,2025-09-15 08:23:53,99.82,US,False,0.3539824801224646,0.2990349101076243,0.12097129,0.3438284275185881,1
615826,342,712,2025-09-15 08:28:17,1583.04,US,False,0.3380192084953285,0.3306223789798665,0.31007135,0.38048776099163,1
615827,4871,485,2025-09-15 08:28:52,1348.51,US,False,0.4469917350538835,0.2616367859933395,0.22505091,0.4356384295285353,1
615828,306,134,2025-09-15 08:32:25,121.24,US,False,0.6031040846027722,0.4288990413753302,0.40027466,0.4134638527559002,1
615829,3407,252,2025-09-15 08:35:22,1339.41,US,False,0.7694039215494358,0.7506527291479868,0.8096794,0.4840781993603555,1
615830,3797,13,2025-09-15 08:40:22,219.55,US,False,0.5204195166295293,0.4660355462545857,0.4930721,0.3586270264664788,1
615831,2824,199,2025-09-15 08:41:35,118.02,US,False,0.5677785296421757,0.463069981339928,0.40878496,0.3872652677428177,1
615832,3832,172,2025-09-15 08:42:22,520.48,AU,False,0.3758783975859272,0.3281990353117968,0.20519195,0.3561226782494042,1
615833,973,49,2025-09-15 08:42:24,275.0,AU,False,0.3851587572438997,0.3552220810651841,0.4275487,0.3474140239997279,1
615834,1899,513,2025-09-15 08:43:51,64.81,US,False,0.4889527704959786,0.4230752441224458,0.47235516,0.3570211352818855,1
615835,1988,584,2025-09-15 08:44:48,12.87,US,False,0.4510274650007465,0.4190781708548325,0.23006734,0.42974416936772,1
615836,4845,66,2025-09-15 08:45:23,679.2,US,False,0.366913703946022,0.3562408202139369,0.46170604,0.3606002414007339,1
615837,2490,188,2025-09-15 08:46:38,164.5,US,False,0.4978217177832256,0.4710394159634773,0.45310587,0.36171479563559,1
615838,690,620,2025-09-15 08:47:15,89.1,US,False,0.4919702417483224,0.4316010600616076,0.43397763,0.3517414861777523,1
615839,4282,213,2025-09-15 08:48:42,37.18,US,False,0.4975340117714466,0.4634326963737711,0.40160686,0.3820713780073756,1
615840,5890,470,2025-09-15 08:48:43,62.34,US,False,0.3176485389147975,0.3310378191668754,0.26690784,0.350043266817165,1
615841,5374,642,2025-09-15 08:48:45,126.42,US,False,0.460587556782825,0.4774401556038197,0.4322923,0.3638409897794782,1
615842,5937,191,2025-09-15 08:50:03,493.78,CA,False,0.5626399557061696,0.4377788478616678,0.34449416,0.3846333956345193,1
615843,1918,7,2025-09-15 08:55:48,60.27,US,False,0.3783845348341076,0.4312251522219985,0.23236375,0.3650846837775584,1
615844,2135,236,2025-09-15 08:56:04,33.05,US,False,0.3366187549048084,0.349569492882275,0.36266842,0.357855203911153,1
615845,3184,639,2025-09-15 08:56:42,10.63,US,False,0.3013615541391189,0.3430686172256099,0.17043051,0.485439976125464,2
615846,2565,132,2025-09-15 08:57:18,154.47,US,False,0.6142629431553621,0.4133419433710944,0.3795902,0.3945191873472245,1
615847,4926,417,2025-09-15 08:57:59,30.62,US,False,0.414810754827793,0.3493488892482926,0.22726688,0.54848538496994,2
615848,356,255,2025-09-15 09:00:57,208.51,US,False,0.4046654774353298,0.2930022209378836,0.22234544,0.3548245079454825,1
615849,3348,748,2025-09-15 09:02:10,12.25,US,False,0.3916094709072631,0.398885137725125,0.3249974,0.3884540343728405,1
615850,4181,663,2025-09-15 09:03:03,360.97,US,False,0.971076737889572,0.7488635374542936,0.64031404,0.5533262176541736,1
615851,3797,553,2025-09-15 09:06:13,85.22,NG,False,0.3693887616096979,0.3432231946307786,0.32551804,0.6432632158059584,1
615852,5153,656,2025-09-15 09:11:06,116.83,US,False,0.3085399490978845,0.3013626357964034,0.22677344,0.3449451123360164,1
615853,5003,766,2025-09-15 09:12:56,348.23,US,False,0.3630220662417732,0.3170736785981103,0.29391488,0.3480280141771052,1
615854,4144,638,2025-09-15 09:13:21,251.78,US,False,0.3955695334512489,0.3124486999754027,0.2724674,0.3804720833856508,1
615855,4778,722,2025-09-15 09:18:04,26.14,US,False,0.4820089842882658,0.3399739057036524,0.422623,0.3817887810952313,1
615856,1508,543,2025-09-15 09:18:48,19.84,US,False,0.3956428801087793,0.3444191473189225,0.19480912,0.3622892913583092,1
615857,1334,102,2025-09-15 09:19:14,2491.74,AU,False,0.5789449528854569,0.334813505062803,0.2693688,0.4262028353220945,1
615858,2705,155,2025-09-15 09:22:47,554.21,US,False,0.4984675446116301,0.3957184257303972,0.37904355,0.3587848417567312,1
615859,3957,674,2025-09-15 09:23:14,311.85,US,False,0.4187395947582195,0.4220265948841546,0.35726732,0.369471978942598,1
615860,1588,792,2025-09-15 09:24:09,140.15,US,False,0.4146511462770439,0.3516188217013256,0.3387618,0.3812522084550427,1
615861,3667,713,2025-09-15 09:24:19,87.85,US,False,0.5628217464084234,0.4204204238078853,0.35014588,0.3633535023634909,1
615862,5873,200,2025-09-15 09:27:35,47.4,US,False,0.4202268015653131,0.3792226055699238,0.33501878,0.349765345197943,1
615863,988,363,2025-09-15 09:31:31,63.34,US,False,0.3132456769543347,0.3511592496728586,0.2815463,0.3547426284275429,1
615864,1209,543,2025-09-15 09:33:07,93.71,US,False,0.3646933386438831,0.330755223073034,0.10387648,0.3452019988829419,1
615865,4836,561,2025-09-15 09:33:41,104.75,US,False,0.4280653290043861,0.3198837476049782,0.3893498,0.3488937226978613,1
615866,1483,24,2025-09-15 09:34:32,491.32,US,False,0.3979396845468736,0.3472265055431285,0.32752973,0.3555526665900975,1
615867,1643,615,2025-09-15 09:35:13,193.56,RU,True,0.7306004393784612,0.618276973465369,0.72823787,0.6009211004123469,1
615868,1993,162,2025-09-15 09:37:41,8.1,US,False,0.3236317946442453,0.3202310885716048,0.070164636,0.4090931991956487,1
615869,497,375,2025-09-15 09:39:02,2591.93,DE,False,0.5008992317330261,0.243841233060935,0.22624145,0.57545564348012,1
615870,809,289,2025-09-15 09:40:36,454.85,US,False,0.3191904458941423,0.293995260139259,0.19399197,0.3572278536256033,1
615871,1747,472,2025-09-15 09:41:46,11.01,US,False,0.3989319288476846,0.3552376429597852,0.26436064,0.3743015419767367,1
615872,33,371,2025-09-15 09:42:28,10.06,US,False,0.3612139414239587,0.3653914932238173,0.36725318,0.3728644587339695,1
615873,2813,706,2025-09-15 09:44:58,198.48,US,False,0.4513002163721785,0.4249615198338027,0.4379159,0.3486382623439592,1
615874,3088,73,2025-09-15 09:45:44,18.58,US,False,0.492965468040221,0.4285058180663975,0.3536165,0.4228056824580826,1
615875,979,341,2025-09-15 09:46:15,58.52,US,False,0.3305507768509082,0.2819626791508417,0.25858068,0.3478111501586846,1
615876,870,578,2025-09-15 09:51:39,39.27,US,False,0.3481000461726302,0.3543549523882418,0.26134586,0.3570606349357967,1
615877,3259,368,2025-09-15 09:52:31,62.76,US,False,0.3259596942080224,0.3048249796146929,0.20152688,0.3717487110114262,1
615878,523,418,2025-09-15 09:53:58,19.34,US,False,0.3064367799322015,0.3297095900775602,0.32102835,0.3730666972538196,1
615879,5271,46,2025-09-15 09:55:41,317.92,US,False,0.3582400500632194,0.2403385236693983,0.18667765,0.3523034524541201,1
615880,4604,28,2025-09-15 09:58:52,160.28,DE,True,0.9634702472521948,0.8520585506784953,0.87410873,0.5584082118640581,1
615881,5150,668,2025-09-15 10:00:46,7.77,US,False,0.5417423381251496,0.4342699839630922,0.4851016,0.4843042370990366,1
615882,4555,602,2025-09-15 10:01:08,402.88,US,False,0.3963045897142366,0.3549981238511354,0.2842934,0.3478348679281502,1
615883,339,11,2025-09-15 10:02:39,18.23,US,False,0.4613999386181845,0.4358616229003515,0.3896975,0.3625158343593712,1
615884,5754,405,2025-09-15 10:03:21,277.62,US,False,0.2912243278943154,0.322769713991691,0.24938503,0.4147030019439079,1
615885,5933,337,2025-09-15 10:03:33,286.13,GB,False,0.4204775882299552,0.4375242271895167,0.47040948,0.3486717971193588,1
615886,1949,64,2025-09-15 10:04:35,78.1,US,False,0.5044124510841008,0.3574857771697615,0.26685163,0.3733338059957117,1
615887,3144,666,2025-09-15 10:06:43,58.25,US,False,0.5071825217917914,0.4001215486193336,0.35019904,0.3521938691129987,1
615888,986,548,2025-09-15 10:07:16,279.82,CA,False,0.700942019078222,0.4152833946034316,0.44702485,0.3957156462976434,1
615889,3965,698,2025-09-15 10:07:41,420.0,US,False,0.2901203590490607,0.2642713421002431,0.15445454,0.3840213673350948,1
615890,5930,311,2025-09-15 10:07:55,120.61,US,False,0.3418212039725709,0.2725919058767896,0.16930284,0.3479623527627634,1
615891,1297,69,2025-09-15 10:08:02,6.82,US,False,0.381243192623708,0.3454836605558851,0.11649951,0.4811445092342503,1
615892,520,551,2025-09-15 10:13:53,166.76,US,False,0.6334928655805874,0.4157835489373849,0.53809077,0.3949671924665089,1
615893,4840,24,2025-09-15 10:16:41,8.7,GB,False,0.4438959551113589,0.359747138941156,0.2665915,0.3740333380221923,1
615894,5868,69,2025-09-15 10:17:07,257.83,US,False,0.4475137820570614,0.355764900204145,0.31300366,0.3786206839646512,1
615895,4214,567,2025-09-15 10:18:07,252.65,US,False,0.4149732620930627,0.4337016090369212,0.48860756,0.3506332025636009,1
615896,5378,73,2025-09-15 10:20:32,27.03,US,False,0.5726533342024994,0.4540905955674892,0.42140096,0.3930367370492552,1
615897,4707,382,2025-09-15 10:22:11,29.56,US,False,0.4726004841248302,0.4103958937212792,0.3345309,0.3546938914668737,1
615898,3416,451,2025-09-15 10:22:53,318.28,US,False,0.5473875333792527,0.4323471367756388,0.39822832,0.3886254537595291,1
615899,3147,437,2025-09-15 10:27:16,962.81,US,False,0.4886897875874527,0.4535616707675776,0.45625025,0.3742969108090429,1
615900,3192,101,2025-09-15 10:30:40,325.5,US,False,0.6649532974638839,0.4853975482639081,0.419924,0.4039052469300956,1
615901,2846,102,2025-09-15 10:31:17,278.46,US,False,0.4458070465118239,0.3719922197791567,0.37954548,0.3448433053969414,1
615902,2235,244,2025-09-15 10:32:33,50.27,US,False,0.3108674948929732,0.3297388991115645,0.29723546,0.3547278849059135,1
615903,3199,83,2025-09-15 10:32:42,259.02,US,False,0.6313687125408075,0.4943280770206492,0.5541485,0.5354847005716646,2
615904,2019,328,2025-09-15 10:33:43,92.47,US,False,0.4770805201451573,0.4634308313081117,0.4588184,0.3490644056957197,1
615905,357,154,2025-09-15 10:35:35,63.89,US,False,0.3503084156371577,0.3626082324415849,0.31039578,0.3535664966473431,1
615906,641,717,2025-09-15 10:36:33,467.2,US,False,0.5304416467140938,0.367514877856085,0.39237446,0.4047196706446544,1
615907,3917,120,2025-09-15 10:36:56,33.28,US,False,0.3646811241210494,0.3604794051223618,0.32668284,0.3935340485079552,1
615908,5734,77,2025-09-15 10:38:10,144.88,US,False,0.5112518072358009,0.3336581077573101,0.28117648,0.3800538647290742,1
615909,5070,650,2025-09-15 10:40:42,81.98,US,False,0.4646582438042275,0.314058857743777,0.14277288,0.419259288457524,1
615910,5476,704,2025-09-15 10:41:02,198.59,US,False,0.4353712509196635,0.4344681777515336,0.42965224,0.3508774925954426,1
615911,3439,504,2025-09-15 10:41:09,324.49,US,False,0.429898967062044,0.2658819456812444,0.2099343,0.3732167239899271,1
615912,3499,506,2025-09-15 10:42:41,15.74,US,False,0.3091522792155875,0.3586305131164062,0.30645257,0.3658831848269634,1
615913,426,592,2025-09-15 10:44:38,170.77,US,False,0.6570063936170428,0.4467853360243938,0.5280319,0.3630065639919672,1
615914,1558,112,2025-09-15 10:44:39,32.57,US,False,0.3183620237608279,0.3226237692771957,0.23342995,0.3608425388496717,1
615915,2004,84,2025-09-15 10:44:55,152.66,US,False,0.3374870658003726,0.3087550177276171,0.2277361,0.3550010832805398,1
615916,5771,180,2025-09-15 10:46:30,62.45,CA,False,0.4463994064065949,0.3914145415358401,0.43928677,0.3773174613474028,1
615917,2992,446,2025-09-15 10:49:37,138.76,CA,False,0.6217933656183436,0.6772051745902239,0.7661047,0.406664422817337,1
615918,3746,791,2025-09-15 10:50:41,489.63,US,False,0.5321200279017878,0.4167784754924222,0.30663714,0.3697260908095067,1
615919,3361,410,2025-09-15 10:54:19,165.15,US,False,0.4500296427887181,0.3567059169794577,0.277668,0.3502435086849433,1
615920,5690,492,2025-09-15 10:54:21,125.14,US,False,0.543532201523179,0.4564684098112017,0.5088883,0.4433042831879853,1
615921,3555,474,2025-09-15 10:54:24,793.27,US,False,0.4131746289298092,0.4081219811395394,0.3115925,0.3910166840495779,1
615922,3184,62,2025-09-15 10:54:55,84.19,US,False,0.9236688919819848,0.6799284542113855,0.5843218,0.6227954724042917,2
615923,2731,210,2025-09-15 10:56:28,58.67,US,False,0.3351636350289091,0.3196898555303172,0.11066471,0.3581939430257675,1
615924,5337,473,2025-09-15 10:58:11,343.63,US,False,0.2846028836543992,0.2371421531228564,0.18392503,0.3523185523989435,1
615925,5267,312,2025-09-15 10:58:23,25.69,US,False,0.456633473012669,0.338346148558598,0.24863935,0.3680386234322312,1
615926,888,475,2025-09-15 10:58:59,364.46,US,False,0.3035813769457823,0.2957068190172552,0.19790094,0.3699397389533518,1
615927,674,641,2025-09-15 10:59:45,8.81,US,False,0.3154210510071074,0.3544334482045866,0.36669448,0.3785076762323753,1
615928,4499,338,2025-09-15 11:02:27,376.3,GB,False,0.5995947177062505,0.7175558899666453,0.7425737,0.3893461529040217,1
615929,3442,50,2025-09-15 11:05:56,22.56,US,False,0.289699999715049,0.341133716167376,0.3639923,0.3636649143765482,1
615930,2365,220,2025-09-15 11:07:42,697.93,CA,False,0.4228255501238743,0.3741049577003943,0.3665514,0.3953204906548695,1
615931,3446,505,2025-09-15 11:08:56,1789.56,US,False,0.3444046563532936,0.3175957224964639,0.25872278,0.3862823592084798,1
615932,425,752,2025-09-15 11:11:17,98.49,US,False,0.2666479858695594,0.2849816120383413,0.2523707,0.4267276841499091,1
615933,1707,152,2025-09-15 11:13:16,28.14,US,False,0.3369480120265732,0.3140590932009733,0.11828103,0.3637470334993316,1
615934,5678,140,2025-09-15 11:13:25,9.22,US,False,0.2958209724383235,0.3326295741341682,0.27304634,0.3880671503919564,1
615935,2346,302,2025-09-15 11:13:29,5460.78,CA,False,0.5317548769389968,0.3717916343325192,0.29129693,0.4899897798025779,1
615936,5298,445,2025-09-15 11:14:13,17.61,US,False,0.4001208877073668,0.3750844407724334,0.3753295,0.3963141176906202,1
615937,2700,548,2025-09-15 11:16:35,373.38,GB,False,0.6219025652185998,0.3970223060097674,0.42970896,0.5473334762702552,1
615938,4713,573,2025-09-15 11:17:54,92.43,US,False,0.2985452691508494,0.3195893701224508,0.22917327,0.3579509516941881,1
615939,1016,208,2025-09-15 11:19:29,51.06,US,False,0.295703144433354,0.3069141121285298,0.23871246,0.4158526812641349,1
615940,2905,1,2025-09-15 11:23:35,37.34,US,False,0.6206094821929476,0.4600114768881859,0.44924846,0.3893867650154167,1
615941,966,630,2025-09-15 11:26:11,73.77,DE,False,0.3271608471810158,0.315837124881683,0.29713652,0.3488909868623587,1
615942,1532,249,2025-09-15 11:27:37,1226.87,US,False,0.4758448393477838,0.3933735721298049,0.3131482,0.4272667461911678,1
615943,1143,561,2025-09-15 11:28:44,248.47,US,False,0.3025850636218302,0.298085994616995,0.15832475,0.3747736511110693,1
615944,3769,478,2025-09-15 11:29:03,459.42,US,False,0.5319774298494443,0.3998556712685844,0.3841346,0.3652199411110042,1
615945,97,126,2025-09-15 11:31:25,189.52,US,False,0.3666847724651653,0.2924328151736908,0.22707598,0.3454822743797601,1
615946,2786,292,2025-09-15 11:32:33,1190.7,US,False,0.4732589499758052,0.315079872859015,0.36619008,0.4177121440663587,1
615947,2055,380,2025-09-15 11:32:39,109.01,US,False,0.3093138559494568,0.311328207472048,0.34749207,0.3538161426933729,1
615948,4672,370,2025-09-15 11:33:26,32.21,US,False,0.9704504171083222,0.5443166552602452,0.6925606,0.4841640213105483,1
615949,1315,502,2025-09-15 11:34:05,717.27,US,False,0.6066383487449264,0.6622065386947155,0.7000733,0.399051543358264,1
615950,4560,181,2025-09-15 11:37:14,85.4,US,False,0.4296790545921478,0.3098516429409251,0.30519527,0.3612828795759361,1
615951,3503,205,2025-09-15 11:38:19,61.92,US,False,0.3691154856210544,0.2980824260452006,0.23838535,0.3797581124556473,1
615952,4670,26,2025-09-15 11:39:18,2291.14,US,False,0.5810798839941463,0.3638399971790023,0.3162123,0.4227347176371784,1
615953,4573,181,2025-09-15 11:39:23,1130.68,US,False,0.512016801434404,0.3259563861981674,0.10290327,0.4022815797001166,1
615954,5641,482,2025-09-15 11:42:24,1319.4,US,False,0.5227264530332238,0.3840845833754219,0.4555836,0.3824965085479301,1
615955,5159,716,2025-09-15 11:43:21,40.17,US,False,0.4016306279223997,0.3477727650307173,0.288206,0.3946633983228394,1
615956,3323,760,2025-09-15 11:44:36,280.3,US,False,0.3121809558711551,0.3427754422847181,0.3698794,0.3495296390387891,1
615957,3825,490,2025-09-15 11:47:48,72.08,US,False,0.4752933247730307,0.4495095368087665,0.43298995,0.3546136810739302,1
615958,1510,550,2025-09-15 11:49:42,54.66,US,False,0.2829962463184023,0.3325734847125368,0.38012558,0.3609137941663924,1
615959,4197,138,2025-09-15 11:51:59,320.86,US,False,0.5436605411445172,0.3008657615963592,0.22385976,0.4172459383266809,1
615960,471,761,2025-09-15 11:53:56,124.98,US,False,0.4034589043225203,0.3419674993586729,0.29577065,0.4651501976864156,2
615961,100,592,2025-09-15 11:54:26,85.59,US,False,0.5081523012719898,0.426478448128323,0.39293253,0.3902672396179388,1
615962,2351,666,2025-09-15 12:02:37,10.69,US,False,0.5089283137129914,0.3778270579955636,0.30583736,0.3711488733894598,1
615963,4226,454,2025-09-15 12:07:49,517.65,US,False,0.3029600467745511,0.2770382768831792,0.09685347,0.4043159741249661,1
615964,4805,162,2025-09-15 12:09:34,37.32,US,False,0.3626717592540135,0.3070880766373581,0.20159775,0.3889733195346018,1
615965,2908,207,2025-09-15 12:10:11,134.76,US,False,0.3910095061575169,0.4097244454523933,0.30183846,0.3774358787889034,1
615966,821,92,2025-09-15 12:11:59,26.86,US,False,0.3605214234876446,0.3443742883040078,0.38528046,0.3604838774965636,1
615967,4681,305,2025-09-15 12:13:04,48.74,US,False,0.4827190488953988,0.3501548505003125,0.36794,0.3771315074703606,1
615968,2541,326,2025-09-15 12:17:18,62.16,US,False,0.3962483196571858,0.3778266837863733,0.3793589,0.4531505241981798,1
615969,2730,159,2025-09-15 12:17:50,295.12,US,False,0.4667213545482013,0.4558652108702168,0.38265157,0.3531092662567612,1
615970,1344,412,2025-09-15 12:22:06,42.6,AU,False,0.504741880509876,0.4926487546453065,0.49670556,0.3712557914537618,1
615971,323,515,2025-09-15 12:22:31,760.22,CA,False,0.8375896639742034,0.7812618815134204,0.8897784,0.4962404517435484,1
615972,1622,171,2025-09-15 12:27:39,2283.13,US,False,0.911120687959467,0.4293238811997123,0.31527585,0.5633350632483427,1
615973,3146,627,2025-09-15 12:29:16,169.5,US,False,0.3913384357068075,0.3059140500990875,0.2606671,0.3618018591602834,1
615974,1932,218,2025-09-15 12:29:24,638.89,US,False,0.4034848256694394,0.359956732083571,0.37491083,0.4770675592416557,1
615975,612,179,2025-09-15 12:29:30,188.15,US,False,0.3054783224934239,0.3205338267492693,0.16183466,0.3502074087960153,1
615976,5435,140,2025-09-15 12:32:54,27.08,US,False,0.283508061076445,0.3375028507407011,0.22668521,0.3890830069270016,1
615977,130,730,2025-09-15 12:35:38,82.31,US,False,0.4174634857558456,0.3358489950825408,0.35537902,0.3567784070802138,1
615978,4768,579,2025-09-15 12:36:02,673.5,US,False,0.2966356109285716,0.3066255430046478,0.16892731,0.3883985844573232,1
615979,4143,66,2025-09-15 12:37:38,36.71,US,False,0.2910000754766882,0.3079409807716248,0.3624446,0.3611610198389547,1
615980,655,462,2025-09-15 12:39:15,29.7,AU,False,0.4808985323506095,0.4746802337745262,0.3841421,0.3797156876633187,1
615981,5415,365,2025-09-15 12:40:40,558.07,US,False,0.3092426201523391,0.3117419600472662,0.28597566,0.3575531576182374,1
615982,3157,323,2025-09-15 12:41:52,56.05,US,False,0.4915241013266788,0.476735794064995,0.4096271,0.3565791114745283,1
615983,3825,624,2025-09-15 12:44:07,58.28,US,False,0.417025284666692,0.4363339249619852,0.22468598,0.517784361363831,1
615984,5051,556,2025-09-15 12:45:09,446.06,US,False,0.7063329541054357,0.7457052221849039,0.7858878,0.44021234718295,1
615985,1672,210,2025-09-15 12:49:54,51.92,US,False,0.3512736158677509,0.3191823296178885,0.07653404,0.3551837793587584,1
615986,5941,511,2025-09-15 12:53:09,625.97,US,False,0.5628386246906576,0.4509086954157663,0.4341058,0.4171533276084634,1
615987,2194,455,2025-09-15 12:53:15,270.16,US,False,0.3402829814345219,0.3621659343681437,0.30391172,0.3530625654283782,1
615988,5543,47,2025-09-15 12:54:00,1841.62,US,False,0.5143783553460705,0.541960234315904,0.45820683,0.4167763063477724,1
615989,3447,542,2025-09-15 12:56:47,97.01,CA,False,0.674690613977107,0.4612082523238757,0.19122158,0.4217795442723901,1
615990,5243,302,2025-09-15 12:56:52,38.7,US,False,0.4441915884964841,0.3844051391026579,0.24090923,0.4323100151851003,1
615991,5998,207,2025-09-15 12:57:02,18.73,US,False,0.4070699113898618,0.4173537600011872,0.12619527,0.3927132985988014,1
615992,1408,784,2025-09-15 12:58:01,21.44,US,False,0.417193486167658,0.4123436204202924,0.34682858,0.3681055807892374,1
615993,1344,404,2025-09-15 12:58:03,122.89,AU,False,0.4537101085770132,0.3886228528898419,0.16771296,0.4970088444214437,1
615994,1754,530,2025-09-15 13:00:49,168.31,US,False,0.3759772020978251,0.2789793262050448,0.22611064,0.3512210944233903,1
615995,4997,293,2025-09-15 13:03:31,79.06,US,False,0.6498864678510439,0.4527545455154879,0.34114403,0.4408402160540477,1
615996,5331,617,2025-09-15 13:03:43,32.22,US,False,0.3473629806285935,0.3230780333950749,0.18308565,0.4804860115765476,2
615997,883,353,2025-09-15 13:04:42,127.78,US,False,0.3725448964679786,0.3399299340506566,0.32076728,0.346019366191453,1
615998,4603,623,2025-09-15 13:04:43,54.47,US,False,0.4427424385359236,0.3650121300615749,0.351699,0.346410647762684,1
615999,222,97,2025-09-15 13:07:35,41.27,DE,False,0.4335844512472737,0.3460930492764996,0.2288875,0.3636308973128129,1
616000,1833,348,2025-09-15 13:09:30,107.11,US,False,0.4287099927411064,0.4768476893862942,0.43093878,0.3749928266405676,1
616001,481,125,2025-09-15 13:11:33,58.46,US,False,0.4931754470440058,0.413334487115268,0.24531272,0.3500712369219621,1
616002,3204,272,2025-09-15 13:12:09,124.42,US,False,0.3103285824903183,0.3026419417388596,0.05265939,0.4237300846455797,1
616003,1715,339,2025-09-15 13:12:34,540.51,US,False,0.528577931748648,0.4196745765672491,0.47820428,0.3605058596831345,1
616004,3783,435,2025-09-15 13:15:14,15.52,US,False,0.4347424891238254,0.3793625208579854,0.47528094,0.3678272111466547,1
616005,4727,517,2025-09-15 13:16:45,112.36,US,False,0.3701195816418181,0.3532777878811944,0.32895178,0.3728397054431858,1
616006,5971,567,2025-09-15 13:17:31,2752.96,US,False,0.5545378178069441,0.370331352456926,0.3455937,0.424166184535112,1
616007,3202,517,2025-09-15 13:18:33,937.67,US,False,0.3629643756460757,0.3770177933625582,0.41462702,0.3637305788086333,1
616008,1348,93,2025-09-15 13:19:00,281.83,US,False,0.3983330474289152,0.2850063951716713,0.34551954,0.3835789032871187,1
616009,4812,543,2025-09-15 13:22:21,15.42,US,False,0.4232088367549152,0.3090310444404719,0.29394686,0.5070392448695638,1
616010,5710,578,2025-09-15 13:23:06,137.83,US,False,0.4483795279541194,0.3624758185304116,0.34858155,0.3514987601296845,1
616011,2631,105,2025-09-15 13:23:48,191.01,US,False,0.5477222582363858,0.479659164473328,0.6112746,0.3719721658473751,1
616012,3987,498,2025-09-15 13:25:42,62.5,US,False,0.2798722192214143,0.3177195349902824,0.22299512,0.3666554828595562,1
616013,5300,761,2025-09-15 13:25:54,623.83,US,False,0.4831190617234084,0.3357270892182669,0.2910275,0.3680898347710335,1
616014,4262,444,2025-09-15 13:26:08,19531.06,US,False,0.8612242247276222,0.5117357707705374,0.8554213,0.6297236357613009,1
616015,4157,31,2025-09-15 13:26:22,165.23,US,False,0.2730966922319058,0.3060296340507402,0.22328807,0.3533535534836138,1
616016,2483,193,2025-09-15 13:27:17,52.77,US,False,0.5094814550358807,0.3129319787105566,0.19049868,0.3783442145852955,1
616017,4638,585,2025-09-15 13:29:33,494.74,US,False,0.3694212630701117,0.3562458921701862,0.28334332,0.3606991078236453,1
616018,1905,81,2025-09-15 13:31:05,394.18,US,False,0.7513495155790993,0.7680028794940436,0.75440305,0.4476907587168051,1
616019,401,336,2025-09-15 13:32:03,68.42,US,False,0.3309416562443736,0.2773261735971397,0.07915737,0.3971519207806664,1
616020,1517,213,2025-09-15 13:39:38,36.42,CA,False,0.5714788982011665,0.4642641120612771,0.353744,0.4152538118805599,1
616021,56,754,2025-09-15 13:40:20,910.26,US,False,0.278647702050066,0.2298497736945546,0.115577735,0.3765945344671091,1
616022,3151,788,2025-09-15 13:42:22,29.89,US,False,0.3609525330924008,0.347440951600538,0.3422015,0.4041679494055198,1
616023,1258,299,2025-09-15 13:42:38,111.18,GB,False,0.2857471942999653,0.3059736063256975,0.23857038,0.4252280899529545,1
616024,261,169,2025-09-15 13:43:34,106.94,US,False,0.44505467252844,0.305810471437681,0.32700944,0.3608655323529465,1
616025,3883,169,2025-09-15 13:47:46,173.96,US,False,0.4153196012731374,0.2982738506017112,0.24181046,0.3591655854560082,1
616026,1058,451,2025-09-15 13:48:13,130.69,US,False,0.6223538264365356,0.4644329569110162,0.5116966,0.3960886740057323,1
616027,5792,47,2025-09-15 13:54:15,34.86,US,False,0.2773193441088071,0.3297685630834753,0.2935024,0.3833220579482783,1
616028,4318,663,2025-09-15 13:56:23,254.13,US,False,0.3481781962952435,0.2822668728775004,0.2915731,0.3546946067274383,1
616029,3901,183,2025-09-15 14:00:00,1551.2,US,False,0.6256610499907299,0.3743451139079765,0.50379866,0.4408252446582318,1
616030,4669,85,2025-09-15 14:00:42,184.02,US,False,0.4206862238816038,0.3667658711727539,0.31284916,0.3768308045424549,1
616031,3283,174,2025-09-15 14:01:15,93.3,US,False,0.3381262220909545,0.2708749643529448,0.24153656,0.3426099329658028,1
616032,2114,83,2025-09-15 14:01:20,136.66,US,False,0.536652172815272,0.4213928032920092,0.42075872,0.3579258503218391,1
616033,1706,226,2025-09-15 14:02:11,106.32,US,False,0.723798051099551,0.7248783240703859,0.7549151,0.4835126985937455,1
616034,2666,750,2025-09-15 14:02:28,1347.51,US,False,0.3167483019196869,0.3426854777964424,0.2777599,0.3843115853187446,1
616035,2429,608,2025-09-15 14:03:00,44.9,US,False,0.457410137973042,0.4661402631057244,0.49046803,0.3577176941008413,1
616036,179,202,2025-09-15 14:03:12,891.38,US,False,0.4572945288578354,0.357716620439195,0.29161987,0.5035941766607493,2
616037,2212,714,2025-09-15 14:04:39,98.17,US,False,0.453251781633902,0.321637316593122,0.2657039,0.3741686480220864,1
616038,2078,792,2025-09-15 14:05:36,872.09,US,False,0.420379387659453,0.3220656525333953,0.29599494,0.3818688126478292,1
616039,3107,147,2025-09-15 14:05:41,7.39,US,False,0.5064256811772403,0.3809490893142714,0.43109655,0.420161314706092,1
616040,502,226,2025-09-15 14:09:00,56.06,US,False,0.6421839129648629,0.7209057869827993,0.73498183,0.4137415591445313,1
616041,2682,96,2025-09-15 14:10:58,113.84,US,False,0.5497160314045632,0.4916410587892901,0.5140226,0.3789737622656406,1
616042,3092,501,2025-09-15 14:12:08,33.63,US,False,0.4817115888966988,0.3459859863211164,0.18909448,0.3593817128505857,1
616043,3191,251,2025-09-15 14:13:12,369.53,US,False,0.358275330716867,0.3195100712078921,0.32365453,0.3505349321952138,1
616044,3637,596,2025-09-15 14:13:57,32.97,US,False,0.3545453138851538,0.3503929971693955,0.4341144,0.3717199721513849,1
616045,1523,379,2025-09-15 14:16:48,220.3,US,False,0.2966353699144988,0.3572928226734703,0.3049796,0.3566868544015654,1
616046,4405,141,2025-09-15 14:17:00,28.16,CA,False,0.5169060408930455,0.4292126158701256,0.3014661,0.4069449575806891,1
616047,861,740,2025-09-15 14:18:51,25.67,US,False,0.3624684636663706,0.3246176573963139,0.19850346,0.3809166752798267,1
616048,3628,725,2025-09-15 14:18:53,70.41,US,False,0.4862745990731614,0.344453390157956,0.233667,0.4193675672928855,1
616049,3817,636,2025-09-15 14:19:04,144.61,US,False,0.4982100942661832,0.4567064464572084,0.44722867,0.3559956995751412,1
616050,1824,440,2025-09-15 14:19:52,385.7,US,False,0.3445171330725918,0.3136525100384896,0.23996235,0.3481947982116504,1
616051,3280,738,2025-09-15 14:20:03,51.11,US,False,0.3430803949161656,0.3410109655376401,0.24728793,0.3748496582647832,1
616052,5220,418,2025-09-15 14:20:12,107.99,US,False,0.3551851081060477,0.2698445707614543,0.25775573,0.3552953782677321,1
616053,4598,707,2025-09-15 14:22:25,20.64,US,False,0.3731541514257078,0.31608346198245,0.21073598,0.3706451115294317,1
616054,2693,770,2025-09-15 14:22:33,167.03,US,False,0.3822304679968092,0.3325371413846141,0.34321502,0.4847703105067015,1
616055,888,282,2025-09-15 14:22:45,288.82,US,False,0.4884246166757272,0.4086606708661366,0.35526934,0.4079343800800412,1
616056,3406,268,2025-09-15 14:23:32,42.84,US,False,0.5061033549400528,0.4585463397850903,0.36742237,0.3793520339033137,1
616057,1028,659,2025-09-15 14:25:59,57.59,US,False,0.5050645012856463,0.4593975084923565,0.3967708,0.364610548079752,1
616058,2421,295,2025-09-15 14:26:04,6481.65,US,False,0.4696129929244236,0.2718574933633392,0.28642073,0.4932791159400627,1
616059,1242,411,2025-09-15 14:29:30,2039.72,US,False,0.6138705374829522,0.395649952529129,0.6590796,0.4471909028690073,1
616060,725,284,2025-09-15 14:29:52,1017.06,US,False,0.4543752821021452,0.4140442972709778,0.4418809,0.3700695037302617,1
616061,4429,309,2025-09-15 14:30:31,220.64,US,False,0.3101264540606495,0.3451069422005852,0.39326352,0.3515785285176038,1
616062,4749,359,2025-09-15 14:31:05,44.99,US,False,0.2925799984412443,0.2968532598462552,0.18611835,0.3671863806931554,1
616063,980,146,2025-09-15 14:31:08,64.11,CA,False,0.4918053746887129,0.3944668350534041,0.24632509,0.3495527006564278,1
616064,4729,280,2025-09-15 14:31:13,148.3,US,False,0.2998355266336653,0.3184849915242355,0.2595236,0.3493102246966773,1
616065,4291,716,2025-09-15 14:34:55,388.44,US,False,0.4252272997338625,0.3747211007503261,0.45963308,0.3562774866137381,1
616066,5476,681,2025-09-15 14:37:21,306.47,US,False,0.6288409237272291,0.4695132667742057,0.45879954,0.4358635868256702,1
616067,2581,536,2025-09-15 14:38:09,12.45,DE,False,0.4318876386474257,0.2790010659389776,0.18042079,0.5542346620498988,1
616068,856,363,2025-09-15 14:39:13,116.01,US,False,0.366804685869902,0.3559821931169536,0.311404,0.3444485920030694,1
616069,2236,212,2025-09-15 14:40:02,849.17,US,False,0.4307802891563352,0.3840032475597241,0.28872845,0.4845865410946119,2
616070,5845,233,2025-09-15 14:41:38,146.48,AU,False,0.477947655310708,0.4446808884169749,0.4874451,0.3551744745984693,1
616071,706,200,2025-09-15 14:43:40,20.61,US,False,0.4058461497307183,0.370506947812107,0.36366075,0.3704155405271062,1
616072,3699,297,2025-09-15 14:45:09,100.89,US,False,0.3598126595897419,0.3003199517063568,0.2903853,0.3505331664920663,1
616073,2949,776,2025-09-15 14:47:03,841.13,US,False,0.3491140060011086,0.337308463143278,0.36439034,0.3720610124547073,1
616074,3540,366,2025-09-15 14:49:29,192.08,US,False,0.3039608450708512,0.354687158511779,0.44475454,0.3599520400765902,1
616075,2357,224,2025-09-15 14:50:31,138.61,US,False,0.3281933018456831,0.3728364016899401,0.3738844,0.3565755388020732,1
616076,824,721,2025-09-15 14:51:30,5331.1,US,False,0.7029596629874361,0.6439901827590501,0.7723666,0.5398684411961933,1
616077,3634,189,2025-09-15 14:52:04,137.43,US,False,0.4402364869946326,0.4202037572121056,0.41465184,0.3467036093943902,1
616078,60,216,2025-09-15 14:52:51,584.02,US,False,0.5218996149262146,0.3443424188805697,0.3434195,0.5048175481305794,2
616079,2626,604,2025-09-15 14:53:12,306.25,US,False,0.4099395038599692,0.4418702279593861,0.48466468,0.3582551063405688,1
616080,1480,508,2025-09-15 14:56:01,460.99,US,False,0.3405048457393996,0.3330968978946712,0.27163345,0.3532419055476127,1
616081,4442,796,2025-09-15 14:56:46,860.54,US,False,0.5089576320404925,0.3595893630786081,0.41997403,0.4008065232956899,1
616082,2194,253,2025-09-15 14:57:39,149.47,US,False,0.4679705104861114,0.4472819379940681,0.53660953,0.4101857413283922,1
616083,389,279,2025-09-15 14:58:41,14.78,RU,False,0.367744759874212,0.2503624331164114,0.17822018,0.56683362167661,1
616084,4330,532,2025-09-15 14:59:26,823.29,US,False,0.5519240767295673,0.4139950483665064,0.43639046,0.3767404559157472,1
616085,1106,574,2025-09-15 14:59:27,163.79,US,False,0.3147408592621104,0.2952329034768359,0.18555637,0.3518681586422293,1
616086,2328,229,2025-09-15 14:59:57,170.49,US,False,0.4430560673463011,0.4619272770954221,0.43728894,0.360705803246038,1
616087,5830,736,2025-09-15 15:00:07,87.52,DE,False,0.3145177722651845,0.321162797121873,0.30310482,0.3481233254551309,1
616088,1682,585,2025-09-15 15:03:32,150.56,US,False,0.3145371373045178,0.3373877024031098,0.30352026,0.379126858375279,1
616089,3119,36,2025-09-15 15:08:47,49.02,US,False,0.5422648121520547,0.4255587233089016,0.31078827,0.3656740864738326,1
616090,2384,776,2025-09-15 15:09:20,169.69,US,False,0.3844070140430785,0.3075143020662829,0.21527834,0.3466333927216181,1
616091,2076,314,2025-09-15 15:09:58,464.84,US,False,0.4178098868525057,0.4103354959602544,0.3163994,0.3568943398483882,1
616092,3742,406,2025-09-15 15:11:24,165.92,US,False,0.4851753266056867,0.424383747854122,0.37874442,0.3501849561690618,1
616093,3652,708,2025-09-15 15:14:46,33.57,US,False,0.4092284594285283,0.330642839371778,0.25234562,0.393024519321497,1
616094,5012,243,2025-09-15 15:15:56,19.85,US,False,0.3817072004988076,0.3485210488611313,0.34754205,0.3621004589728683,1
616095,1472,223,2025-09-15 15:16:56,537.14,US,False,0.3852495996095065,0.332577933614331,0.30247247,0.3858504143808502,1
616096,5147,687,2025-09-15 15:18:53,240.16,US,False,0.5010874019179901,0.4281598660244121,0.360352,0.3561641137391397,1
616097,1992,324,2025-09-15 15:19:13,299.07,US,False,0.3424760771269457,0.3212553782711272,0.31060982,0.3509134731877247,1
616098,727,780,2025-09-15 15:20:35,260.54,US,False,0.3274626486755182,0.3802785545300216,0.30620414,0.3550317528185499,1
616099,1355,439,2025-09-15 15:23:32,375.95,US,False,0.3601326315800432,0.2710831351549144,0.32833678,0.3631649400245981,1
616100,1928,239,2025-09-15 15:23:48,27.93,AU,False,0.3766638532997498,0.36338969422623,0.35897726,0.3672147668364313,1
616101,5990,423,2025-09-15 15:24:48,1389.46,BR,False,0.6253987107436393,0.2887818666521946,0.20504108,0.5686278768255612,1
616102,2170,675,2025-09-15 15:26:39,35.11,US,False,0.5180783843376724,0.4164041484276659,0.2390664,0.390914769969295,1
616103,3671,15,2025-09-15 15:29:09,89.16,US,False,0.3422215615180721,0.2846064602437965,0.17354494,0.3476243848413011,1
616104,3137,239,2025-09-15 15:29:37,73.62,GB,False,0.4305803596927053,0.3654691433529006,0.30936572,0.345327259418266,1
616105,426,321,2025-09-15 15:29:45,60.25,US,False,0.4747440117775114,0.4293217125291342,0.3761677,0.3915747447034166,1
616106,4829,438,2025-09-15 15:29:56,984.54,US,False,0.444992378495058,0.3451268405322121,0.23189749,0.4036274279511238,1
616107,3876,613,2025-09-15 15:31:20,93.89,US,True,0.4191496343757825,0.2625475177938546,0.1365262,0.4183672084250543,1
616108,1708,677,2025-09-15 15:32:16,13.15,US,False,0.4645741289995079,0.48124753964504,0.24471435,0.4055162633373005,1
616109,5879,457,2025-09-15 15:33:00,220.49,US,False,0.2957465158448101,0.3057265609810919,0.34891942,0.3954988190320241,1
616110,3953,658,2025-09-15 15:34:04,34.3,US,False,0.3639135415843861,0.3326167575119147,0.2712109,0.3861903341865927,1
616111,4843,451,2025-09-15 15:35:00,19.92,GB,False,0.4556030214931472,0.4222814203964645,0.42640853,0.3782634080249795,1
616112,2562,438,2025-09-15 15:35:20,223.62,US,False,0.3298183594215887,0.3706552447788578,0.33309758,0.3474444492951116,1
616113,1912,509,2025-09-15 15:37:31,125.97,US,False,0.5052106191178418,0.3362138778395671,0.2883197,0.3511646421558079,1
616114,5629,24,2025-09-15 15:38:17,26.14,US,False,0.4899566473168191,0.3540217362692312,0.30303344,0.367444272159304,1
616115,4017,792,2025-09-15 15:38:35,79.69,US,False,0.4239552325528378,0.2942469524340579,0.1975747,0.3989659593480231,1
616116,1862,625,2025-09-15 15:38:52,203.49,US,False,0.9880977121774136,0.9101943763538084,0.9464479,0.5667728277270023,1
616117,1318,658,2025-09-15 15:42:14,1543.7,GB,False,0.4838732058989457,0.3461915705385206,0.47069788,0.4398134479014297,1
616118,1368,242,2025-09-15 15:44:51,1396.14,US,False,0.9422343581405446,0.7774491482663459,0.85411036,0.5707006236624665,1
616119,4701,622,2025-09-15 15:44:57,155.7,US,False,0.3816363071501495,0.3858192686539723,0.38091058,0.366046210078545,1
616120,1168,484,2025-09-15 15:47:20,155.49,US,False,0.3643267241129643,0.3732016396676015,0.28639254,0.3439154766518981,1
616121,923,687,2025-09-15 15:47:25,399.96,US,False,0.6113236810868498,0.4215868007114148,0.34675732,0.4387299692282893,1
616122,870,511,2025-09-15 15:47:41,38.68,US,False,0.5075858022460198,0.4645156668581175,0.45124075,0.4323605176273596,1
616123,3735,559,2025-09-15 15:49:25,289.71,US,False,0.3960871102984115,0.441273014545343,0.41540185,0.3513325150451122,1
616124,5262,114,2025-09-15 15:49:28,16.78,US,False,0.3072234121447389,0.3317206642490629,0.3474733,0.3723274590320942,1
616125,1767,129,2025-09-15 15:50:31,1576.28,US,False,0.3791317967372233,0.3212922907489022,0.3005684,0.4040678557990469,1
616126,5756,402,2025-09-15 15:51:41,779.75,US,False,0.4854512298854144,0.2677325915309222,0.24477495,0.3912702808390418,1
616127,5762,553,2025-09-15 15:52:22,98.87,US,False,0.3709708895586687,0.3574935388737981,0.41552418,0.3435867013705311,1
616128,653,422,2025-09-15 15:52:38,43.36,US,False,0.4588546883103916,0.4358239635586658,0.38937297,0.3553184736694372,1
616129,287,355,2025-09-15 15:53:02,213.61,US,False,0.4293591217308583,0.4047706289345441,0.29543576,0.3502604405043694,1
616130,781,455,2025-09-15 15:53:45,468.26,US,False,0.5861857234642888,0.7010493411472388,0.7009691,0.4115466580342842,1
616131,1759,294,2025-09-15 15:55:51,69.56,US,False,0.3397809195065489,0.361917514667546,0.368672,0.3506827339749295,1
616132,903,792,2025-09-15 15:57:54,18.75,US,False,0.3601487084812246,0.2985186924400475,0.1160715,0.3902137276199037,1
616133,234,677,2025-09-15 15:59:23,82.38,US,False,0.5803316282617343,0.4719816152381583,0.4693718,0.3682311354381382,1
616134,2596,35,2025-09-15 16:04:40,5857.75,US,False,0.4471927640692045,0.3617315844608623,0.3514018,0.4874480199097017,1
616135,3595,786,2025-09-15 16:04:46,11.54,US,False,0.5721659730113434,0.4777125156111978,0.3961285,0.3921197815634868,1
616136,4305,662,2025-09-15 16:06:53,556.37,US,False,0.5130851402683305,0.3967350102452072,0.46893114,0.3650666874810402,1
616137,1031,261,2025-09-15 16:10:31,201.99,US,False,0.5041018667294941,0.3722248778625707,0.43854052,0.3726925373168397,1
616138,5115,776,2025-09-15 16:11:35,3603.38,US,False,0.7649114096896009,0.7353666423045493,0.75784504,0.5355369948258235,1
616139,2575,717,2025-09-15 16:12:40,52.28,US,False,0.4047298846038289,0.3616549843851038,0.28923905,0.3830527852052983,1
616140,1121,668,2025-09-15 16:15:01,168.95,US,False,0.4810217905010825,0.4208553875262112,0.33968663,0.3507256516154116,1
616141,3662,458,2025-09-15 16:15:45,61.81,US,False,0.3519419560963799,0.3475534819968635,0.29996997,0.3479742761954535,1
616142,1909,39,2025-09-15 16:17:29,105.88,US,False,0.4129767347257067,0.4223973721472815,0.41597596,0.3469845967214685,1
616143,2860,433,2025-09-15 16:17:35,71.91,US,False,0.2972824139993783,0.3315301229684865,0.31607938,0.3504284887721059,1
616144,1471,697,2025-09-15 16:18:37,126.34,US,False,0.5142510227800391,0.466161095954194,0.44447327,0.3825886312796494,1
616145,3287,674,2025-09-15 16:21:36,253.36,US,False,0.6367107067206724,0.4075752983910695,0.32569557,0.3838132084437768,1
616146,2668,495,2025-09-15 16:22:39,204.15,US,False,0.5243701844589884,0.4625184575464046,0.40872347,0.4025580046076528,1
616147,1166,573,2025-09-15 16:23:52,250.56,US,False,0.3554178556168913,0.3023006787643714,0.0981243,0.3544010525682255,1
616148,4376,480,2025-09-15 16:24:18,185.49,US,False,0.9248667167668638,0.5053752977525285,0.5365148,0.5406824327179144,1
616149,662,459,2025-09-15 16:26:11,249.84,US,False,0.5006382966820077,0.4750897592992394,0.46688443,0.3568950026131404,1
616150,4486,68,2025-09-15 16:26:20,110.67,US,False,0.4919688743991937,0.4578086850562959,0.33263972,0.352898407559119,1
616151,5430,146,2025-09-15 16:28:47,58.24,US,False,0.4441731707785196,0.4081268817015857,0.35651845,0.3501248471046203,1
616152,4797,315,2025-09-15 16:29:32,146.91,US,False,0.4131409847542213,0.3336489147322572,0.2820483,0.3862052776341368,1
616153,3129,606,2025-09-15 16:30:10,121.73,US,False,0.3810711892784094,0.2786899059273116,0.16695064,0.4068374841211154,1
616154,5864,709,2025-09-15 16:31:40,433.82,US,False,0.5643803296220077,0.4260300614134366,0.37434733,0.3705148082804959,1
616155,2943,162,2025-09-15 16:32:47,1964.42,US,False,0.4229488101066744,0.2997968531276243,0.23139316,0.4163567890303996,1
616156,2982,276,2025-09-15 16:32:51,125.93,US,False,0.5240325119226757,0.4405191465039643,0.3372984,0.3687130620776329,1
616157,2704,167,2025-09-15 16:34:28,104.84,US,False,0.4360469485596725,0.4687977504156508,0.4308926,0.3532891354972812,1
616158,4455,436,2025-09-15 16:35:32,276.55,US,False,0.6953060153508085,0.4416705975509408,0.41492975,0.4083372503124755,1
616159,666,3,2025-09-15 16:36:58,403.43,US,False,0.2665006461358227,0.2987810726287277,0.30860537,0.3847784475315645,1
616160,1347,710,2025-09-15 16:38:30,46.65,US,False,0.3058420242056813,0.3223231923786034,0.27515304,0.358635934140857,1
616161,5989,656,2025-09-15 16:39:04,9.21,US,False,0.2976142609385294,0.3261469197719575,0.2585353,0.3852956375710672,1
616162,5397,82,2025-09-15 16:40:34,89.99,US,False,0.3165402991975001,0.3103030473899867,0.2718261,0.3527770401466968,1
616163,994,328,2025-09-15 16:41:36,329.64,US,False,0.4087931625812227,0.4256529392998198,0.36794594,0.3531030497176601,1
616164,4340,646,2025-09-15 16:43:17,474.75,US,False,0.5629720467251196,0.444433098003928,0.39720768,0.3795685045924915,1
616165,4906,276,2025-09-15 16:44:01,501.71,US,False,0.5148318643774844,0.4673083216104859,0.38699988,0.3978089159057605,1
616166,2708,32,2025-09-15 16:44:56,322.04,US,False,0.4796124604614839,0.3651771408012778,0.34168327,0.3950165071087633,1
616167,910,238,2025-09-15 16:49:49,20.28,US,False,0.4201894355744937,0.3946082697683805,0.2687868,0.4076760199484496,1
616168,316,570,2025-09-15 16:50:58,96.37,US,False,0.4225491161455397,0.4644418170273454,0.46216422,0.3543374927914184,1
616169,4541,59,2025-09-15 16:52:31,356.11,US,False,0.3699063304987391,0.2731097643077864,0.2638941,0.3717221452631843,1
616170,4115,783,2025-09-15 16:55:00,105.35,US,False,0.6253489137841742,0.4730212748614045,0.45073843,0.3953936422446309,1
616171,4283,631,2025-09-15 16:58:18,42.54,US,False,0.3936776686715909,0.4099550852379618,0.4193794,0.3660692806798418,1
616172,3231,110,2025-09-15 16:58:59,189.73,US,False,0.3240111498626292,0.2827476468926584,0.3249914,0.3510690031665838,1
616173,4790,176,2025-09-15 16:59:08,60.35,CA,False,0.3734696617294292,0.3383599234022403,0.23588695,0.3489376451525128,1
616174,2124,630,2025-09-15 16:59:56,398.45,US,False,0.3286448134424015,0.20718177362972,0.18057355,0.4876847344122895,1
616175,3188,446,2025-09-15 17:00:25,8.83,US,False,0.3488227581516254,0.3344404029990914,0.24841039,0.4004263117173283,1
616176,4411,284,2025-09-15 17:03:28,46.69,US,False,0.3909416896151892,0.4433105824504061,0.45990306,0.3614999277703991,1
616177,1239,24,2025-09-15 17:04:29,177.79,GB,False,0.4924319659814626,0.3606893202439728,0.40660524,0.3636160044079441,1
616178,1383,151,2025-09-15 17:07:48,124.97,US,False,0.4468895095384048,0.4318338563799928,0.36345246,0.3501784085015599,1
616179,4635,747,2025-09-15 17:08:33,148.06,DE,False,0.5608651260406734,0.4047295276132895,0.38630635,0.5391947722051792,1
616180,12,602,2025-09-15 17:09:38,410.4,US,False,0.4319830399738492,0.3444243148165428,0.25735027,0.4994635106013013,2
616181,1721,619,2025-09-15 17:10:22,125.2,US,False,0.5328073150790182,0.4633805280802465,0.47400367,0.3979038159004289,1
616182,2148,175,2025-09-15 17:14:07,41.25,US,False,0.4339182525385109,0.4319519712934732,0.3957582,0.3597975921857055,1
616183,1553,395,2025-09-15 17:14:22,34.7,US,False,0.3308849709202415,0.3194473958660213,0.23227331,0.4058988115879074,1
616184,500,47,2025-09-15 17:16:29,201.56,US,False,0.344196121375643,0.3281746928519147,0.30560175,0.3460768189512129,1
616185,5785,138,2025-09-15 17:19:38,42.33,US,False,0.286126827341134,0.3128462311068297,0.28279498,0.3816177421774978,1
616186,2493,348,2025-09-15 17:19:44,1311.39,AU,False,0.6175423242988575,0.4268910844919017,0.46969122,0.4168536132042275,1
616187,4108,572,2025-09-15 17:20:02,43.64,US,False,0.4744791986407186,0.4261787113075377,0.38554785,0.4239555327078397,1
616188,454,772,2025-09-15 17:20:39,1284.17,DE,False,0.570371695195727,0.4258721632093435,0.40501174,0.4083831345277545,1
616189,2626,325,2025-09-15 17:23:20,814.7,US,False,0.5408898576974176,0.4465103124537046,0.4754288,0.4125634297036355,1
616190,1059,710,2025-09-15 17:24:19,159.56,US,False,0.5728327751822727,0.6435278475768266,0.72340566,0.446862361366463,1
616191,2046,98,2025-09-15 17:26:44,523.07,US,False,0.4652725098398508,0.3195540973551095,0.11434122,0.3707950086949506,1
616192,507,542,2025-09-15 17:28:33,505.06,CA,False,0.7047293909838522,0.3878957393710418,0.2964498,0.5735630676987455,2
616193,5961,44,2025-09-15 17:29:45,149.83,US,False,0.3142251119544765,0.3563070905223537,0.29520833,0.3760902902631451,1
616194,467,149,2025-09-15 17:31:00,158.33,US,False,0.3329494574864498,0.2626093002937666,0.053630367,0.3501815251164966,1
616195,2862,729,2025-09-15 17:31:43,11.99,US,False,0.4826345883038747,0.4109837373711169,0.40100732,0.4400847877739047,1
616196,3055,7,2025-09-15 17:34:10,190.28,CA,False,0.5123567019464137,0.4485764300094467,0.58583295,0.3725668101545055,1
616197,737,107,2025-09-15 17:37:10,1070.08,GB,False,0.4511156987166208,0.2434357021093925,0.16739179,0.3937125530745695,1
616198,1506,606,2025-09-15 17:38:44,2645.77,US,False,0.4593802332263171,0.27155603230577,0.23322736,0.4346723456800118,1
616199,4351,623,2025-09-15 17:38:50,172.56,US,False,0.3879734111591383,0.392650141941476,0.41908327,0.3707470219191542,1
616200,729,648,2025-09-15 17:38:54,222.55,US,False,0.3095885257109518,0.2723387847392515,0.24849251,0.3541530968740797,1
616201,970,399,2025-09-15 17:39:16,30.06,US,False,0.5082566326277244,0.4605015551371217,0.33444157,0.3755505671419324,1
616202,3524,642,2025-09-15 17:39:25,7.87,US,False,0.4513287337016194,0.3995390739729532,0.21372618,0.4667721204086701,1
616203,4824,694,2025-09-15 17:41:56,63.31,US,False,0.5782547511399193,0.4333356012325985,0.281304,0.3772665332694442,1
616204,202,190,2025-09-15 17:45:33,313.61,US,False,0.5408616919940384,0.4625504267828323,0.54140455,0.3905418038448142,1
616205,4744,290,2025-09-15 17:50:02,2142.1,US,True,0.2915470795825678,0.315941735564623,0.0989534,0.4102151355663297,1
616206,2454,157,2025-09-15 17:50:23,1886.48,CN,False,0.4461734077643358,0.264095086569586,0.16597396,0.5969073604558867,1
616207,4649,779,2025-09-15 17:52:01,257.22,US,False,0.5129145291454538,0.2833819622742623,0.16484848,0.3954625922021323,1
616208,1394,679,2025-09-15 17:52:49,317.04,US,False,0.4387215596038916,0.3677924027912408,0.29677844,0.3607281752228101,1
616209,1950,48,2025-09-15 17:55:13,79.95,US,False,0.4471023415685726,0.3327083919911275,0.27996916,0.3642498527225943,1
616210,796,92,2025-09-15 17:56:01,222.42,CA,False,0.5960569889440002,0.3422424934809863,0.24445246,0.3958762303282117,1
616211,2985,378,2025-09-15 17:56:03,111.89,US,False,0.4950606513495534,0.4789944921801395,0.51648086,0.3551678169571428,1
616212,5514,792,2025-09-15 17:59:12,24.28,AU,False,0.3798163252838708,0.293504842708332,0.09525749,0.3747457672671859,1
616213,2274,645,2025-09-15 18:01:11,244.58,US,False,0.3331851448390205,0.3408182865638219,0.33400944,0.3485736289485274,1
616214,2803,555,2025-09-15 18:01:11,59.42,GB,False,0.6069950040362967,0.4704006154864391,0.32111984,0.3958722441080345,1
616215,2358,240,2025-09-15 18:01:54,503.92,US,False,0.3501541512199433,0.3377653090046554,0.21411002,0.3594789354773085,1
616216,4575,254,2025-09-15 18:02:22,104.95,US,False,0.2588528590794614,0.26596859435341,0.10727571,0.3820747511152057,1
616217,1,789,2025-09-15 18:03:24,209.04,US,False,0.4335900405885509,0.2282705020684148,0.17742912,0.461791041167817,1
616218,2897,734,2025-09-15 18:06:49,15.64,US,False,0.4666442894388176,0.4659375756641888,0.34188482,0.3950356552320767,1
616219,2296,408,2025-09-15 18:10:40,134.39,US,False,0.3716851075821205,0.3313264892386839,0.38160357,0.3537893750037261,1
616220,2084,789,2025-09-15 18:11:06,41.62,US,False,0.2494440471564759,0.3013050088814523,0.27282822,0.4791857410469565,2
616221,5745,589,2025-09-15 18:18:07,158.49,CN,False,0.6081521094507729,0.2938942663414035,0.15230338,0.5904152271799211,1
616222,5333,797,2025-09-15 18:18:53,50.67,US,False,0.3157144039033057,0.3258681068015022,0.27099216,0.3662391172370099,1
616223,1986,282,2025-09-15 18:20:41,134.51,US,False,0.5036792570386418,0.4753053514976565,0.54084563,0.3566178346172809,1
616224,1685,65,2025-09-15 18:23:21,470.75,CA,False,0.4223257154150419,0.4286608732766516,0.3971135,0.3807186002365801,1
616225,4063,797,2025-09-15 18:24:55,533.9,US,False,0.2751964563385088,0.3341406060127704,0.39373013,0.3762199873239271,1
616226,5608,775,2025-09-15 18:25:46,506.96,US,False,0.4356462269309914,0.284796502420007,0.22106957,0.4002211465175669,1
616227,1638,114,2025-09-15 18:29:31,52.01,US,False,0.3878214536564448,0.2956599874191229,0.24501707,0.360061582014765,1
616228,5953,311,2025-09-15 18:32:09,24.18,US,False,0.3769009387026866,0.2908621690534534,0.2119337,0.3834707765160876,1
616229,418,640,2025-09-15 18:32:58,336.61,US,False,0.5920696035480535,0.4237607945842715,0.5135523,0.3956245621482233,1
616230,4193,437,2025-09-15 18:33:51,46.92,US,False,0.4859405527956549,0.4630592750141162,0.36602092,0.5004919692453537,2
616231,2154,738,2025-09-15 18:35:32,262.64,US,False,0.3618112883804709,0.3809454115300059,0.3535885,0.363729066687129,1
616232,4484,553,2025-09-15 18:37:57,797.37,US,False,0.3231166807854959,0.3654285802605925,0.4124217,0.372685683307336,1
616233,406,440,2025-09-15 18:39:50,3000.49,US,False,0.4148800691550319,0.2875153334930347,0.28244993,0.5473211317987609,2
616234,2682,153,2025-09-15 18:41:15,150.61,US,False,0.3620998298685258,0.2840010578025413,0.1997045,0.3847680487711942,1
616235,3053,370,2025-09-15 18:41:32,243.1,US,False,0.5085317560039432,0.4666073067221662,0.4541311,0.3704052768455044,1
616236,5372,352,2025-09-15 18:42:35,228.45,US,False,0.3032395625054879,0.3352726085359165,0.19054621,0.3737249935917842,1
616237,4987,394,2025-09-15 18:43:19,137.01,AU,False,0.4990461394277498,0.3564587521022238,0.3232224,0.3765178499005563,1
616238,5526,127,2025-09-15 18:43:27,1046.4,US,False,0.6015033045028542,0.3541935920956182,0.075050026,0.4976558069166886,1
616239,5155,511,2025-09-15 18:46:58,597.71,CA,False,0.9096003951908004,0.8967674665489714,0.94726527,0.5344073404942293,1
616240,117,446,2025-09-15 18:47:11,26.63,US,False,0.3787333762659443,0.3498669709877221,0.25362676,0.3647492615709311,1
616241,5702,39,2025-09-15 18:49:17,215.62,US,False,0.3901481813967416,0.4124715257511236,0.37400535,0.4463728036739089,1
616242,390,564,2025-09-15 18:50:27,56.17,US,False,0.5183399961182008,0.4847517212377089,0.41201162,0.363948178071562,1
616243,2611,443,2025-09-15 18:50:38,39.87,CA,False,0.5187190818973457,0.369235739106729,0.29668027,0.541640658927023,1
616244,2786,106,2025-09-15 18:52:43,359.98,US,False,0.4639794148334166,0.3425730612166623,0.27707312,0.4694567306953105,1
616245,3044,508,2025-09-15 18:55:57,555.47,US,False,0.4487222902129998,0.322502761118338,0.28924274,0.3715497904552007,1
616246,5402,528,2025-09-15 18:58:23,22.2,US,False,0.5965923137663535,0.4795421330441115,0.4291849,0.3932344583805373,1
616247,3665,458,2025-09-15 18:59:19,22.45,US,False,0.33191338589653,0.3418728418792507,0.3384427,0.3703733135962948,1
616248,2790,10,2025-09-15 19:04:11,93.19,US,False,0.6355011149387824,0.4472719419910905,0.40888318,0.3939606159454957,1
616249,40,114,2025-09-15 19:04:26,353.3,US,False,0.5454156070334836,0.6727206014039305,0.4822843,0.4067060813176125,1
616250,4109,632,2025-09-15 19:05:37,93.3,US,False,0.3972084317993862,0.3041436353933121,0.2275683,0.3558025598003039,1
616251,1283,450,2025-09-15 19:07:02,51.64,US,False,0.4137686503260315,0.2921151739651973,0.2386553,0.4007641028841187,1
616252,3874,735,2025-09-15 19:09:08,94.92,US,False,0.4009667775703529,0.3775112791289149,0.3675932,0.3503331374835432,1
616253,2642,313,2025-09-15 19:10:34,224.69,US,False,0.3241206106264203,0.2830914312191318,0.10839549,0.4162053575696271,1
616254,2438,569,2025-09-15 19:10:45,2663.19,US,False,0.3039691247348318,0.3026883538915116,0.21827099,0.413408201233495,1
616255,804,580,2025-09-15 19:13:08,62.74,US,False,0.5007216222273554,0.4471379615406951,0.46003392,0.3682419616568609,1
616256,5108,436,2025-09-15 19:13:13,165.19,US,False,0.7879576380230839,0.7549654506085524,0.76311445,0.4627112093093584,1
616257,2516,709,2025-09-15 19:13:50,669.85,US,False,0.7009229937589493,0.7243799658545665,0.8008827,0.4566918983238665,1
616258,5397,746,2025-09-15 19:14:05,216.85,US,False,0.5729560535845152,0.4392095246418366,0.43609372,0.4095967736384731,1
616259,241,554,2025-09-15 19:21:13,125.45,US,False,0.2966478677658776,0.3057461505860822,0.26429245,0.3550151591071326,1
616260,3994,645,2025-09-15 19:24:25,75.95,US,False,0.3174746453411745,0.3307580395025077,0.32316995,0.3547582005733125,1
616261,1697,396,2025-09-15 19:24:49,129.92,US,False,0.3655217437671467,0.2953181566081705,0.1645103,0.4795437530470521,2
616262,856,78,2025-09-15 19:25:44,15.8,US,False,0.3079252506662858,0.297066230368585,0.3113158,0.441396722525165,1
616263,2066,40,2025-09-15 19:25:45,17.69,US,False,0.5935625135545493,0.4656164790424603,0.4521933,0.437007846044005,1
616264,2519,666,2025-09-15 19:26:09,99.01,US,False,0.3377852114070928,0.4051102027673599,0.35379815,0.4805767608921692,2
616265,3681,35,2025-09-15 19:27:13,237.24,US,False,0.7285081984540241,0.7675901887403463,0.8335147,0.4690429053899545,1
616266,2345,82,2025-09-15 19:27:49,393.7,US,False,0.3579192273388657,0.2892927443570694,0.16415788,0.3645565944880086,1
616267,5131,645,2025-09-15 19:27:54,432.28,US,False,0.338943777366166,0.3369332669007746,0.2772409,0.3590468055469121,1
616268,2076,70,2025-09-15 19:29:20,1740.1,US,False,0.5563595671389088,0.5571666357772339,0.60962284,0.4772673893534314,1
616269,4916,350,2025-09-15 19:29:45,366.09,US,False,0.3665550550671337,0.3203707376321468,0.19307286,0.3559447485325146,1
616270,3586,195,2025-09-15 19:29:54,487.84,US,False,0.4154368908176745,0.3421913996781969,0.29595575,0.3567674826386429,1
616271,1311,573,2025-09-15 19:31:20,139.12,US,False,0.3013885506171718,0.3065848054498976,0.28277808,0.3556190898794694,1
616272,1796,107,2025-09-15 19:32:29,89.34,US,False,0.4139525641618641,0.2567145880931279,0.25080377,0.3688381197048853,1
616273,5984,626,2025-09-15 19:33:40,93.94,US,False,0.3082081267481986,0.31777100442323,0.30166918,0.3713893559328533,1
616274,3648,549,2025-09-15 19:33:40,170.11,US,False,0.312674116818475,0.2599515330140471,0.22713879,0.3488630198711435,1
616275,3030,168,2025-09-15 19:34:12,460.66,GB,True,0.9958444730064782,0.9009739084122812,0.90096396,0.6280974738367273,1
616276,5838,579,2025-09-15 19:34:50,878.44,DE,False,0.3414559480715562,0.2595051740950969,0.14928815,0.4075448267710624,1
616277,4204,651,2025-09-15 19:34:57,393.82,US,False,0.3149960495762969,0.289154109123269,0.18221954,0.3556532691113793,1
616278,2019,764,2025-09-15 19:35:00,19.91,US,False,0.4868949433244681,0.4950369530996589,0.59921265,0.4318217433803705,1
616279,254,302,2025-09-15 19:36:23,6.82,US,False,0.3995342521555497,0.3905303576577525,0.2802012,0.4008923782627477,1
616280,433,591,2025-09-15 19:39:57,19.31,CA,False,0.4334961677088593,0.300284401772606,0.35817677,0.5361064283756198,1
616281,2475,580,2025-09-15 19:40:16,18.17,US,False,0.4097885612415186,0.4368509792797498,0.49148518,0.3944889988126527,1
616282,1501,253,2025-09-15 19:42:59,13.59,US,False,0.5271417561916305,0.4643452351812185,0.4254321,0.4237270984456646,1
616283,3995,675,2025-09-15 19:44:47,18.67,US,False,0.4243917123923608,0.4234905882140747,0.58355796,0.4927797770909046,1
616284,3333,513,2025-09-15 19:45:25,267.33,US,False,0.4095926373495001,0.4401280331954985,0.46993738,0.3573283316744458,1
616285,3995,548,2025-09-15 19:45:58,116.61,US,False,0.4651053609449705,0.4027411568895678,0.21331051,0.5123108273133775,1
616286,3993,460,2025-09-15 19:47:27,34.94,US,False,0.5126824666040387,0.4467021750206216,0.39140183,0.4205669250915761,1
616287,282,536,2025-09-15 19:47:56,508.56,US,False,0.3296610074163029,0.2558506140741551,0.08653353,0.3624827164715046,1
616288,3685,293,2025-09-15 19:50:09,48.14,US,False,0.4786604213342211,0.4307867010636299,0.28063604,0.3727959813406141,1
616289,2056,540,2025-09-15 19:52:19,29.11,US,False,0.4077780812585257,0.3054145454167658,0.1657837,0.3833994609237469,1
616290,3322,603,2025-09-15 19:52:46,517.02,US,False,0.4932041345149668,0.3578736453706132,0.30644014,0.3783449474758974,1
616291,191,403,2025-09-15 19:57:54,245.33,US,False,0.6884784273926126,0.6913675944866734,0.59948725,0.4137235534118815,1
616292,1434,769,2025-09-15 19:59:11,185.07,NG,False,0.3802629406921374,0.3121016061631825,0.16986738,0.5836907134411867,1
616293,4482,715,2025-09-15 20:02:25,219.03,US,False,0.4150680147602514,0.2640981696824526,0.26608607,0.4028982950852345,1
616294,4369,709,2025-09-15 20:02:47,56.98,US,False,0.4839825819782847,0.4467269606750337,0.37999076,0.3969693574477434,1
616295,4257,441,2025-09-15 20:03:17,1596.78,US,False,0.684671545355473,0.3359974006110575,0.38481286,0.4318973254052747,1
616296,661,77,2025-09-15 20:03:58,473.15,US,False,0.4116702473709986,0.3144287475113982,0.36266613,0.456621756458224,1
616297,4052,662,2025-09-15 20:06:00,247.3,US,False,0.5052210289735836,0.4677472611904134,0.48147953,0.3662614729593028,1
616298,5257,620,2025-09-15 20:06:05,1906.23,US,False,0.6286834386485233,0.3687988835288943,0.32021612,0.4462695744714698,1
616299,2904,558,2025-09-15 20:08:43,513.59,CA,False,0.4100534720342333,0.2829184053954062,0.2624331,0.4012529464286746,1
616300,1958,609,2025-09-15 20:11:35,181.94,US,False,0.585397954973793,0.6932204725539542,0.5677275,0.4270357723709261,1
616301,2114,641,2025-09-15 20:13:48,85.34,US,False,0.4049937028289527,0.3432231110871958,0.27015245,0.3916963450381036,1
616302,3142,388,2025-09-15 20:14:48,3.22,US,False,0.2791496724512183,0.3310982038171763,0.30371702,0.4306800769426018,1
616303,4454,459,2025-09-15 20:21:06,93.87,US,False,0.4545507309094544,0.4732026028679085,0.42113888,0.363506942881838,1
616304,3533,9,2025-09-15 20:27:57,308.82,US,False,0.5833774030540481,0.4331338920627635,0.40320814,0.4084656111483946,1
616305,1313,750,2025-09-15 20:28:33,948.17,US,False,0.4282668457776291,0.3287068875690893,0.31469277,0.4194414177147667,1
616306,3083,725,2025-09-15 20:28:53,68.06,US,False,0.4288302680694998,0.3469264967793938,0.2273611,0.3600149382524262,1
616307,5654,675,2025-09-15 20:30:00,76.33,US,False,0.4829230103460359,0.4318512940023785,0.2862848,0.367778679655416,1
616308,366,233,2025-09-15 20:30:19,9.6,US,False,0.4813526007482978,0.4685543912069052,0.5104116,0.4442401757239429,1
616309,224,130,2025-09-15 20:30:56,23.0,US,False,0.5742688042361372,0.4620215838718178,0.45411527,0.4063988550646854,1
616310,1442,635,2025-09-15 20:36:44,188.93,US,False,0.5968676704056072,0.4550849911813543,0.5409097,0.413934092972002,1
616311,5756,383,2025-09-15 20:37:39,198.44,US,False,0.3498451228669271,0.3422823417991963,0.41410795,0.3931719168681387,1
616312,4663,652,2025-09-15 20:38:03,104.75,GB,False,0.3214140000850386,0.3593478122660712,0.46234038,0.3630694965458229,1
616313,961,792,2025-09-15 20:42:58,121.21,GB,False,0.3031659868195911,0.2914664844943451,0.2591734,0.4281793139482595,1
616314,2313,362,2025-09-15 20:49:38,156.04,US,False,0.4157868171430615,0.3771236820656051,0.23178582,0.3731214176130192,1
616315,1202,632,2025-09-15 20:51:19,33.48,US,False,0.360555879581999,0.3306705939798398,0.24333408,0.3972315911552735,1
616316,1241,104,2025-09-15 20:53:39,11.69,US,False,0.3643667057881729,0.3193395779515858,0.28092372,0.3806775230998779,1
616317,4697,153,2025-09-15 20:55:48,331.25,US,False,0.3933425093436625,0.2244021265707242,0.12352669,0.4143606803361018,1
616318,4863,291,2025-09-15 20:56:22,10.12,US,False,0.3206579864563804,0.3267614883413994,0.20821208,0.3833658564052121,1
616319,6000,474,2025-09-15 20:57:37,305.05,US,False,0.41492743571235,0.4187593001725426,0.2408294,0.3604823701005174,1
616320,824,767,2025-09-15 20:58:22,1828.73,US,False,0.4531374924333965,0.3154353809029462,0.2910874,0.4393929747898379,1
616321,3979,741,2025-09-15 20:58:47,1243.75,US,False,0.3441058255726404,0.3115759306677245,0.22704847,0.3863881970178024,1
616322,3120,58,2025-09-15 20:59:04,39.1,US,False,0.490744519245081,0.4050169524109468,0.32363933,0.3677323593135876,1
616323,1262,2,2025-09-15 20:59:50,1299.03,US,False,0.5174555175335762,0.32334380097546,0.24046886,0.4117893988039453,1
616324,3691,466,2025-09-15 21:06:16,317.69,US,False,0.4257323916220566,0.4435761568681492,0.4565048,0.3652964357709494,1
616325,1664,220,2025-09-15 21:10:51,41.27,US,False,0.3895089494099902,0.3414875413207121,0.33151704,0.3721520116650257,1
616326,4977,655,2025-09-15 21:14:32,52.69,US,False,0.4580836993027353,0.3894855388665313,0.2065602,0.4487203596004495,1
616327,306,103,2025-09-15 21:16:11,117.89,US,False,0.5443795782352921,0.4117588623917467,0.3923599,0.408861980695108,1
616328,3570,55,2025-09-15 21:17:36,46.31,DE,False,0.6353231279978455,0.4678087270064107,0.5224052,0.4208248919018133,1
616329,9,36,2025-09-15 21:17:41,319.98,US,False,0.6093890893944516,0.460241614363545,0.5227244,0.4037200470873175,1
616330,2988,119,2025-09-15 21:20:30,156.03,US,False,0.4538433392299649,0.4560073977633328,0.44997814,0.3790679853533272,1
616331,43,428,2025-09-15 21:21:26,73.61,US,False,0.5543896547681706,0.5029298152124463,0.69987124,0.4302457187145121,1
616332,2802,441,2025-09-15 21:21:59,78.02,US,False,0.5470887404770888,0.4628344192572306,0.645994,0.5660817085181228,1
616333,3834,376,2025-09-15 21:22:08,2354.85,US,False,0.5622871107806291,0.3677664290046106,0.38009036,0.4669887060655023,1
616334,1002,228,2025-09-15 21:24:57,158.62,US,False,0.6004152715058451,0.3661646995382029,0.32419017,0.4094408708364094,1
616335,2309,460,2025-09-15 21:25:47,2868.35,US,False,0.7110380433746747,0.6160562827049479,0.6435264,0.4833074022006222,1
616336,36,119,2025-09-15 21:26:12,77.23,US,False,0.4266145478544066,0.4149038536161304,0.3459198,0.5280222240751994,2
616337,837,758,2025-09-15 21:26:41,15.44,US,False,0.4372726253648565,0.4465410750892571,0.49537265,0.3838554631848923,1
616338,2002,235,2025-09-15 21:27:36,89.79,US,False,0.327865522354587,0.2836569850183274,0.16112679,0.3614893606423358,1
616339,929,31,2025-09-15 21:32:02,43.58,US,False,0.3457561020809317,0.3142992140551642,0.26264787,0.365581678047748,1
616340,3089,185,2025-09-15 21:33:22,958.45,US,False,0.459082813754883,0.4157398463945957,0.35653263,0.387293549406881,1
616341,2128,126,2025-09-15 21:33:41,9.32,US,False,0.2913682507897684,0.3249771493482157,0.3410865,0.4055558403572959,1
616342,2291,744,2025-09-15 21:36:41,73.84,US,False,0.384769390295207,0.3585360433690923,0.35934207,0.3702451699584772,1
616343,600,636,2025-09-15 21:39:01,144.84,US,False,0.5582116537828725,0.4577769850579062,0.56328404,0.4041048987499099,1
616344,5552,354,2025-09-15 21:41:19,485.42,US,False,0.3238319053872961,0.3637033742039475,0.37950853,0.418870547333307,1
616345,2822,796,2025-09-15 21:42:21,47.0,US,False,0.3663417337520043,0.3570011994487755,0.31730446,0.3673683573778966,1
616346,5060,344,2025-09-15 21:42:28,1188.46,US,False,0.6130416990011537,0.4056531015600856,0.48023948,0.4112781438980329,1
616347,1574,53,2025-09-15 21:43:15,388.94,US,False,0.4678304006006071,0.4033958345928498,0.37609142,0.3979314539309889,1
616348,1442,82,2025-09-15 21:45:29,86.83,US,False,0.4061011835962291,0.3321584673930673,0.35923114,0.4704650990763591,1
616349,5804,57,2025-09-15 21:45:58,72.21,US,False,0.2951449716415918,0.3164645249324591,0.19737734,0.3739696073863692,1
616350,5104,210,2025-09-15 21:55:03,87.03,CA,False,0.3102420480907764,0.3244924745965186,0.12938072,0.380279410961345,1
616351,3028,173,2025-09-15 21:55:38,63.58,US,False,0.3943575477312587,0.4089327149985059,0.43868893,0.3679903596447021,1
616352,1266,592,2025-09-15 21:59:15,71.04,US,False,0.4271109935762689,0.4517378883044673,0.49982566,0.3690259428040663,1
616353,1209,769,2025-09-15 21:59:31,46.51,US,False,0.361250563988192,0.3583796818358792,0.1517261,0.4083577438364182,1
616354,1148,678,2025-09-15 22:00:10,137.96,US,False,0.4818602983159087,0.4878462670504505,0.6280109,0.4194176533559641,1
616355,2025,91,2025-09-15 22:02:23,592.77,US,False,0.3630328746351671,0.2905354590561245,0.26310918,0.3785546006040706,1
616356,2716,424,2025-09-15 22:02:40,104.53,US,False,0.4594533767340866,0.3513705178047929,0.359909,0.3844180538448954,1
616357,1226,430,2025-09-15 22:04:54,38.08,US,False,0.3100258012283229,0.3126240397975288,0.20080416,0.3846432682305435,1
616358,903,330,2025-09-15 22:07:57,18.67,US,False,0.4392795135729944,0.3637275903842353,0.50534934,0.4172482142877944,1
616359,3702,750,2025-09-15 22:08:15,40.33,US,False,0.3398279988111371,0.3456484738261686,0.34713095,0.3779711950260811,1
616360,1197,604,2025-09-15 22:12:42,99.55,US,False,0.4299872224362849,0.4543773140043978,0.5383752,0.4152475521851384,1
616361,1011,721,2025-09-15 22:18:26,11.1,CA,False,0.313217657508482,0.3293445003564322,0.2021454,0.3877671733462419,1
616362,4555,541,2025-09-15 22:19:31,111.76,US,False,0.4419472699026501,0.4678845747019639,0.52420014,0.410343708281003,1
616363,4980,18,2025-09-15 22:20:01,9.18,US,False,0.3467374529733823,0.3440417920440448,0.3533159,0.3928608672404353,1
616364,3027,701,2025-09-15 22:22:16,154.72,US,False,0.4191109196389852,0.4364156259638322,0.41978496,0.3740841217414429,1
616365,3588,677,2025-09-15 22:26:49,182.06,AU,False,0.5327478036451384,0.4626799597933745,0.42730868,0.3751880759275721,1
616366,2490,221,2025-09-15 22:27:50,422.63,US,False,0.4404523389339493,0.3282880881456392,0.37620765,0.4144865878831301,1
616367,2753,265,2025-09-15 22:29:07,40.75,US,False,0.3598314804579021,0.3570810582868996,0.30418238,0.3736814394740568,1
616368,5844,362,2025-09-15 22:29:15,70.79,US,False,0.4632116773082776,0.4014400306775584,0.37199298,0.364470922815354,1
616369,1198,264,2025-09-15 22:32:21,58.38,US,False,0.4045393637657369,0.4083843887268155,0.25208098,0.3858940514988527,1
616370,4031,341,2025-09-15 22:34:02,27.49,BR,False,0.4570972162408364,0.2746896706863435,0.3747393,0.6171096025375372,1
616371,4302,642,2025-09-15 22:34:22,626.75,US,False,0.5692370633779646,0.4622762689653685,0.55683506,0.4367115703159712,1
616372,5109,155,2025-09-15 22:34:28,656.8,GB,False,0.6534231119497744,0.3770495325643336,0.49034005,0.3895943392425652,1
616373,4303,248,2025-09-15 22:34:47,126.98,US,False,0.7869704445149622,0.6734262464986592,0.6980229,0.4891082966639332,1
616374,3657,596,2025-09-15 22:35:17,49.44,GB,False,0.4231961740311396,0.3469544391750757,0.28018406,0.3953951667375097,1
616375,4772,502,2025-09-15 22:37:11,154.7,US,False,0.6091377800296189,0.4357144141965247,0.50566393,0.4053220165875666,1
616376,4516,36,2025-09-15 22:42:10,258.77,US,False,0.6613987311790982,0.6174035438528757,0.7219449,0.424526504968561,1
616377,2636,421,2025-09-15 22:47:44,111.9,US,False,0.4660591125184315,0.3666391319871524,0.40174687,0.3935152158871172,1
616378,1816,537,2025-09-15 22:52:13,360.85,US,False,0.3323498370162266,0.2348091769626105,0.10696221,0.5187734515414147,2
616379,3822,25,2025-09-15 22:53:32,609.19,US,False,0.3362901143030554,0.3590276290261994,0.3669709,0.3919932762457618,1
616380,4729,762,2025-09-15 22:53:56,144.9,US,False,0.3256139054899428,0.3113318243552005,0.31185162,0.3960866270460427,1
616381,366,203,2025-09-15 23:00:38,25.29,US,False,0.4259518531481408,0.3410937038199654,0.31629583,0.4954678749522936,1
616382,2692,490,2025-09-15 23:01:27,36.95,US,False,0.4708063157004234,0.4454194648718583,0.4289285,0.3903203036256809,1
616383,3759,552,2025-09-15 23:05:52,220.82,US,False,0.3798934986229678,0.4578292628984406,0.5585162,0.3843179156171701,1
616384,4573,40,2025-09-15 23:05:57,1073.63,US,False,0.6953031373570241,0.3544302867346985,0.3132214,0.4988078902439538,1
616385,210,469,2025-09-15 23:08:01,401.94,US,False,0.4774905908245743,0.4094174465829523,0.3209731,0.3848549418073043,1
616386,78,544,2025-09-15 23:08:57,110.72,US,False,0.3533619582215381,0.415024842760199,0.3269329,0.3778659849509507,1
616387,1796,276,2025-09-15 23:11:28,87.45,US,False,0.6756594726373195,0.3668956061677464,0.37274998,0.5386451328306324,2
616388,1028,235,2025-09-15 23:12:22,112.98,US,False,0.3976328237005392,0.308037763867769,0.21356575,0.413364438828941,1
616389,4297,792,2025-09-15 23:12:46,173.99,US,False,0.2924045241280171,0.2991456188243451,0.1773135,0.3833985622215614,1
616390,4404,750,2025-09-15 23:13:26,22.18,US,False,0.361143145940966,0.3225953021666546,0.19544074,0.4298854337102897,1
616391,4155,311,2025-09-15 23:14:08,658.18,US,False,0.3297594400992519,0.2253156749595435,0.17901087,0.3867707896955669,1
616392,1030,408,2025-09-15 23:14:20,946.18,US,False,0.3639221482258911,0.3403745666045253,0.43467835,0.4007581385588658,1
616393,1034,630,2025-09-15 23:14:48,41.63,CA,False,0.4080889090392084,0.3204258958419814,0.425484,0.3991733762564256,1
616394,5894,452,2025-09-15 23:15:56,23.81,US,False,0.3239720856427001,0.3162729468905704,0.14762314,0.418831663732192,1
616395,3973,239,2025-09-15 23:16:02,23.92,US,False,0.5045493816046795,0.3449005686664184,0.228661,0.4007118837169766,1
616396,391,273,2025-09-15 23:16:42,355.45,US,False,0.3674117009137612,0.3528684519461333,0.24283256,0.489038147861482,2
616397,2784,93,2025-09-15 23:18:20,61.98,GB,False,0.2867264722849409,0.2962411919230689,0.22662832,0.3791696554058989,1
616398,1633,323,2025-09-15 23:18:22,59.97,US,False,0.5092922375860933,0.4697826871641695,0.44984284,0.4323018485329543,1
616399,2476,748,2025-09-15 23:18:25,121.31,US,False,0.5676383807036444,0.4170648697967543,0.35232127,0.4232844139823247,1
616400,5469,406,2025-09-15 23:18:39,67.88,US,False,0.5168457689550188,0.4184966547737027,0.3649865,0.3873929460678182,1
616401,3070,308,2025-09-15 23:18:56,66.75,US,False,0.2898979696738044,0.302374973052377,0.27015623,0.3717654979231564,1
616402,3598,704,2025-09-15 23:20:04,19.14,GB,False,0.3946589833968446,0.4178266624021251,0.25375003,0.4003214554788909,1
616403,2102,200,2025-09-15 23:20:52,12635.4,US,False,0.5712844235916201,0.2911736147283333,0.20158525,0.5513091462173245,1
616404,5909,411,2025-09-15 23:22:16,551.27,US,False,0.5536567104111043,0.4149997279998478,0.54153734,0.4389198357703784,1
616405,2689,336,2025-09-15 23:24:00,1019.46,US,False,0.3302024047149359,0.2708261154710072,0.21134709,0.4058866703677153,1
616406,2107,287,2025-09-15 23:24:52,971.03,US,False,0.3781304470292763,0.2799288269009177,0.22908919,0.40434553395784,1
616407,3116,468,2025-09-15 23:25:30,511.12,US,False,0.2970763135602737,0.2296613743154431,0.10253823,0.389900278085852,1
616408,972,97,2025-09-15 23:26:47,144.94,US,False,0.389318275295941,0.3552729695550338,0.37829703,0.3788208065877976,1
616409,1760,450,2025-09-15 23:31:07,130.74,US,False,0.2763390230960269,0.3068189014317855,0.22858927,0.3865073421489194,1
616410,136,359,2025-09-15 23:31:26,100.8,US,False,0.2916547814492237,0.3394587717804515,0.39139405,0.3803474754569153,1
616411,5977,379,2025-09-15 23:33:50,13.18,US,False,0.3408525272923158,0.3407685124056558,0.25484633,0.3878760073001276,1
616412,1485,69,2025-09-15 23:35:04,7.09,US,False,0.3864119516281379,0.339249914380058,0.2521265,0.4113144204391575,1
616413,5166,29,2025-09-15 23:37:33,350.31,US,False,0.489390300006166,0.435093421104271,0.39937127,0.3847840267779886,1
616414,353,614,2025-09-15 23:41:10,317.47,US,False,0.3006467782850415,0.3248681041786569,0.3439477,0.3848271750250453,1
616415,2727,699,2025-09-15 23:43:22,6573.0,US,False,0.5117864638712601,0.3185010397022908,0.20553677,0.5421769419367785,1
616416,905,706,2025-09-15 23:47:57,423.32,US,False,0.4608828371706755,0.411000510167666,0.3725689,0.3870710025750291,1
616417,4920,258,2025-09-15 23:49:58,57.76,US,False,0.3812736948277081,0.3122162335630573,0.17869075,0.3818208558517956,1
616418,5269,765,2025-09-15 23:50:17,735.14,US,False,0.6511973412058623,0.4088378251958145,0.5704928,0.4347807459405539,1
616419,3457,49,2025-09-15 23:51:04,49.1,US,False,0.5028729835720374,0.3485099240845679,0.38066354,0.4216965010174128,1
616420,1952,645,2025-09-15 23:54:08,38.53,US,False,0.3364710983067208,0.3232970307206398,0.2813321,0.3805490411578505,1
616421,3693,496,2025-09-15 23:56:01,59.39,US,False,0.5952436731317965,0.4469177500403604,0.57374066,0.4040294432681177,1
616422,5172,166,2025-09-15 23:56:37,296.93,AU,False,0.6499353895571187,0.478521498292182,0.47698006,0.4192660284696214,1
616423,3306,197,2025-09-15 23:57:49,3032.59,US,False,0.6252588292277155,0.6710988005712131,0.74015766,0.4869239192682714,1
616424,3163,692,2025-09-16 00:01:24,421.03,CA,False,0.4679214610191214,0.3880343218705937,0.29757002,0.5125321519929369,2
616425,3185,603,2025-09-16 00:02:13,148.22,US,False,0.3727756218377996,0.3656819475535912,0.3370734,0.4257334164953158,1
616426,2298,734,2025-09-16 00:02:21,102.96,US,False,0.4991190325415626,0.4986999399189036,0.52088517,0.3960994586913287,1
616427,3106,571,2025-09-16 00:03:45,3879.17,GB,False,0.3413646364964268,0.3091776633469393,0.34165943,0.4615940319812729,1
616428,4910,637,2025-09-16 00:07:34,50.06,US,False,0.5986356305974316,0.4658868843568613,0.50431764,0.3983014902726123,1
616429,5771,49,2025-09-16 00:08:36,21.51,CA,False,0.4143315051782245,0.3532288446177911,0.22927672,0.4475623714322096,1
616430,4641,92,2025-09-16 00:09:50,836.6,US,False,0.3822608153275078,0.3364273529790684,0.28299814,0.3971748716048172,1
616431,2833,153,2025-09-16 00:13:12,1520.36,DE,False,0.2804896868697411,0.280678682005758,0.17286932,0.4260281101779468,1
616432,163,628,2025-09-16 00:13:59,27.33,US,False,0.4428838307418734,0.3066926857043535,0.3338025,0.4502215261496419,1
616433,1959,450,2025-09-16 00:15:03,181.8,US,False,0.4178420642818294,0.2721586310804457,0.31284192,0.4149988079731526,1
616434,5407,401,2025-09-16 00:15:03,48.6,AU,False,0.2894548409690134,0.3114885900398031,0.2431798,0.4104700023193578,1
616435,4556,491,2025-09-16 00:17:45,55.44,US,False,0.3010018877060128,0.310127307436395,0.3666083,0.3934361272245905,1
616436,1461,192,2025-09-16 00:18:23,171.34,US,False,0.4327987174561054,0.430785871356971,0.48174757,0.3855603441649301,1
616437,4752,752,2025-09-16 00:21:44,5.29,US,False,0.2883929568550143,0.291027401984152,0.14700346,0.4617449022049977,1
616438,5429,628,2025-09-16 00:22:06,330.49,US,False,0.3447083166786093,0.2812918683699832,0.21610187,0.3794152000871545,1
616439,2771,313,2025-09-16 00:27:16,14.01,US,False,0.3742449484645127,0.3366595393557267,0.23117463,0.3998436526349386,1
616440,5755,209,2025-09-16 00:27:45,279.69,US,False,0.3262852292710353,0.2768795427112178,0.18685134,0.374358267886883,1
616441,3320,797,2025-09-16 00:28:26,57.26,US,False,0.3238132608849886,0.3127490687020771,0.29134318,0.377022755574398,1
616442,4802,713,2025-09-16 00:29:10,51.7,US,False,0.4338180553172929,0.4279445065745318,0.4745549,0.3802838128808247,1
616443,331,232,2025-09-16 00:30:21,69.7,US,False,0.4315791965441324,0.4173718610201912,0.37677225,0.3774295727627597,1
616444,4481,563,2025-09-16 00:30:47,170.08,US,False,0.2883669458195311,0.3052456649942028,0.2252913,0.4069277077606497,1
616445,5193,780,2025-09-16 00:35:08,843.98,GB,False,0.4190206598805756,0.3222706725549001,0.16499017,0.4330789649680792,1
616446,4730,391,2025-09-16 00:38:10,58.03,US,False,0.3252135340082663,0.3346924146846724,0.30635932,0.3795750360083135,1
616447,2549,172,2025-09-16 00:38:53,65.0,US,False,0.3045783323560126,0.3189720558711162,0.24956912,0.3859853352013496,1
616448,3795,244,2025-09-16 00:41:04,756.88,US,False,0.4138736056628483,0.3209792772311664,0.31478265,0.3956832226391369,1
616449,4731,617,2025-09-16 00:41:23,5617.89,US,False,0.4837468768939731,0.2702809124990168,0.2191397,0.4985007762313889,1
616450,3068,2,2025-09-16 00:42:49,29.39,US,False,0.4608561437431981,0.3322305371075462,0.15962282,0.4224238087055903,1
616451,3857,599,2025-09-16 00:44:04,75.26,US,False,0.4884982656061608,0.4799355901849028,0.55399513,0.3926499521235005,1
616452,4993,54,2025-09-16 00:44:33,52.26,DE,False,0.5009911682274821,0.4309390179158565,0.3495064,0.4307794490145364,1
616453,4047,174,2025-09-16 00:45:28,95.74,US,False,0.2858814683686052,0.3115839832394576,0.41552687,0.3857977866000522,1
616454,2092,624,2025-09-16 00:46:20,175.55,US,False,0.4664643262278098,0.4737162506705525,0.50696576,0.4234777156049948,1
616455,4149,189,2025-09-16 00:47:04,1174.63,US,False,0.4441926126580403,0.3876778342000693,0.38855618,0.4151756768172445,1
616456,4136,396,2025-09-16 00:47:41,252.81,US,False,0.3131811982918761,0.2913545972127748,0.21160996,0.3835434897220716,1
616457,4041,354,2025-09-16 00:47:49,1493.84,US,False,0.3509928341031153,0.3462350497439273,0.4322859,0.4250649695880842,1
616458,3574,643,2025-09-16 00:52:19,11.69,US,False,0.387815706057056,0.4134823339055486,0.26377818,0.4169714324747937,1
616459,580,466,2025-09-16 00:52:47,93.19,US,False,0.4992226383777861,0.4637485909428251,0.52137023,0.3825615160458988,1
616460,2028,79,2025-09-16 00:53:29,9.84,US,False,0.5677872162390541,0.3769093424451555,0.32966158,0.4027841437110084,1
616461,3793,447,2025-09-16 00:55:44,11.68,US,False,0.3482458193357211,0.3515904708174593,0.3329418,0.4161058143833095,1
616462,2761,55,2025-09-16 00:56:21,61.59,US,False,0.7074916189790795,0.4538296719335523,0.5849669,0.4357818297052191,1
616463,2865,794,2025-09-16 00:59:16,3892.25,US,False,0.5205186834414847,0.3535819854674351,0.30537146,0.4878486894676765,1
616464,5038,101,2025-09-16 01:01:21,3238.35,US,False,0.7155428090909204,0.4783783052782044,0.44182128,0.5093155251408368,1
616465,2050,630,2025-09-16 01:02:07,301.81,US,False,0.3305682393973533,0.2583930036821417,0.18449298,0.4112834727022938,1
616466,5062,373,2025-09-16 01:02:20,44.47,US,False,0.578050184475585,0.5124730940348662,0.5314968,0.4144989020863915,1
616467,4916,499,2025-09-16 01:06:39,343.13,US,False,0.486182971275082,0.4331075933795325,0.46257985,0.4095708650052537,1
616468,5435,554,2025-09-16 01:06:56,341.91,US,False,0.4462169975255211,0.2729079439679248,0.27305582,0.4175331992529318,1
616469,4287,628,2025-09-16 01:08:31,1117.41,US,False,0.3502354290965059,0.3132137937561033,0.23972383,0.3940322039573953,1
616470,3849,721,2025-09-16 01:09:53,187.23,CA,False,0.4184253316341569,0.2637770311274126,0.20355241,0.517982916803257,1
616471,5357,775,2025-09-16 01:10:32,14315.85,US,False,0.5367839950482332,0.2384735127680471,0.19657351,0.5660429493614514,1
616472,2253,478,2025-09-16 01:11:38,19.42,US,False,0.4425739535924193,0.4272411653114763,0.38650596,0.401776961932083,1
616473,5595,479,2025-09-16 01:11:53,528.55,US,False,0.4682062150819571,0.4259195508370448,0.38856864,0.4230039380790568,1
616474,5979,562,2025-09-16 01:12:08,1706.67,GB,False,0.3588560219986059,0.3189896944187043,0.30622712,0.4177356111800607,1
616475,1133,648,2025-09-16 01:14:22,23.05,US,False,0.362392675892407,0.2922578276399555,0.11195859,0.4179951299140827,1
616476,3133,676,2025-09-16 01:16:07,47.07,US,False,0.3830049087785174,0.3496129295656087,0.2877609,0.3691619050462696,1
616477,3691,52,2025-09-16 01:19:35,278.42,US,False,0.5345867501946385,0.4207514389395824,0.33783174,0.4397749537908557,1
616478,4113,591,2025-09-16 01:22:11,319.16,US,False,0.3313135269490195,0.292983888925923,0.1715176,0.3705374776057009,1
616479,911,447,2025-09-16 01:24:54,11.34,US,False,0.4177565392158665,0.3429210718958359,0.3237414,0.3889427273396334,1
616480,3509,624,2025-09-16 01:27:19,357.49,US,False,0.5398120994115506,0.4762676504371039,0.49138647,0.4030304192148535,1
616481,1184,262,2025-09-16 01:28:43,129.62,US,False,0.4304420717830038,0.3042438577986544,0.28655246,0.4030614953697185,1
616482,1968,80,2025-09-16 01:29:48,665.79,US,False,0.58231311417729,0.4636992099733986,0.61167055,0.4583151665529278,1
616483,893,562,2025-09-16 01:30:47,902.9,US,False,0.4064982081613766,0.299429099792907,0.20908757,0.3939356176540945,1
616484,5719,658,2025-09-16 01:30:50,2112.86,US,False,0.4656301605486944,0.3921535605586573,0.19539845,0.4466229505936263,1
616485,5865,691,2025-09-16 01:35:15,113.9,US,False,0.507340509412818,0.4243423164696905,0.23945574,0.4634294173837204,1
616486,2488,402,2025-09-16 01:35:18,796.04,US,False,0.4318453754928649,0.3049870663717611,0.36211103,0.459291211265288,1
616487,5482,542,2025-09-16 01:37:51,273.18,US,False,0.7246491585046068,0.4168540040684001,0.29758534,0.457650710408357,1
616488,2125,519,2025-09-16 01:37:59,246.69,AU,False,0.3154369885532197,0.2789838852262351,0.14433692,0.4878722212934717,2
616489,1419,656,2025-09-16 01:39:05,27.92,US,False,0.2887326570532724,0.3270403412832588,0.31987816,0.3992217752476223,1
616490,3576,360,2025-09-16 01:39:20,148.13,US,False,0.4407693186140099,0.4444292759754188,0.44391498,0.3684506178346383,1
616491,3827,114,2025-09-16 01:39:27,345.63,AU,False,0.4588489961421373,0.2969883987071781,0.29490027,0.3864220078983952,1
616492,2549,609,2025-09-16 01:39:28,260.18,US,False,0.4737178743127103,0.3227925937560316,0.28588083,0.4094163543667049,1
616493,1279,85,2025-09-16 01:40:22,383.29,US,False,0.466171076196076,0.330413037363907,0.20004964,0.3811855062596912,1
616494,2365,281,2025-09-16 01:42:23,883.85,CA,False,0.47071519738071,0.3442552912431413,0.3473635,0.4869595769158988,1
616495,5095,695,2025-09-16 01:43:07,79.71,US,False,0.5713788594292664,0.4647832748137441,0.5089757,0.3846431977231784,1
616496,4158,311,2025-09-16 01:43:11,17.41,US,False,0.3591202764238407,0.2797462451406328,0.24826035,0.443162705928348,1
616497,4839,92,2025-09-16 01:45:01,20.21,US,False,0.3632008617522102,0.3469890329247443,0.27156243,0.4014413329329441,1
616498,5322,303,2025-09-16 01:47:27,295.34,US,False,0.5151671617169072,0.3698153301623652,0.3430825,0.4004919324905367,1
616499,841,268,2025-09-16 01:48:05,12.7,US,False,0.4629955221716234,0.4418593847163936,0.33313617,0.4524127843827897,1
616500,4468,104,2025-09-16 01:52:21,9.31,US,False,0.348440102753737,0.3372529983372211,0.24207714,0.3992675769402097,1
616501,813,9,2025-09-16 01:52:34,1031.15,US,False,0.6274173716829015,0.3815301594290889,0.30676532,0.4134852138779178,1
616502,5649,461,2025-09-16 01:53:14,31.87,US,False,0.3719130994383512,0.3231458324998086,0.17073585,0.3734276617515942,1
616503,2417,26,2025-09-16 01:59:44,337.9,DE,False,0.6055986318677524,0.4261650262330196,0.46339193,0.4037047672705028,1
616504,3338,88,2025-09-16 01:59:55,139.47,US,False,0.3734526085124315,0.3728378050787277,0.3858401,0.3646920861010268,1
616505,4612,193,2025-09-16 02:00:25,16.23,US,False,0.4095950353532924,0.3153045999400176,0.35664505,0.4715924723821407,1
616506,5044,298,2025-09-16 02:00:53,51.57,US,False,0.4176551317515684,0.3174826250435509,0.28125465,0.3696313807550274,1
616507,446,800,2025-09-16 02:02:21,334.38,US,False,0.5031137295941488,0.3099675268058965,0.26956493,0.3675382062153099,1
616508,1973,370,2025-09-16 02:03:55,10.54,US,False,0.4739138569503373,0.4226579967362433,0.2659273,0.4287123441868817,1
616509,5796,387,2025-09-16 02:05:12,959.7,US,False,0.7354275402351121,0.7474873478811948,0.7465621,0.4580192305671034,1
616510,47,440,2025-09-16 02:06:04,271.05,US,False,0.395983355940455,0.3022400878837636,0.2799108,0.4571833835286432,1
616511,4899,272,2025-09-16 02:08:34,57.58,US,False,0.2882146768283425,0.3167376274714424,0.27900732,0.3860408685134812,1
616512,3218,530,2025-09-16 02:11:25,74.26,GB,False,0.3178999009172326,0.3441553899408851,0.47051513,0.3668336469883625,1
616513,1864,525,2025-09-16 02:15:06,403.64,US,False,0.6397606172363741,0.402802216873798,0.43175617,0.4021936708924549,1
616514,622,70,2025-09-16 02:15:56,193.52,US,False,0.4740987843100774,0.3134568771994432,0.29193223,0.3905849581980342,1
616515,1096,351,2025-09-16 02:16:23,177.0,US,False,0.3390217637403013,0.3706582948367941,0.3132828,0.3721424394879524,1
616516,1028,677,2025-09-16 02:20:40,108.38,US,False,0.6330800080471322,0.4007640620889885,0.4783499,0.4836150443044191,1
616517,2104,617,2025-09-16 02:21:29,1547.64,US,False,0.4838019481960202,0.3272729379794473,0.46106884,0.4063269315342715,1
616518,1956,291,2025-09-16 02:21:41,248.1,US,False,0.3997537595882914,0.2335363600037936,0.1395604,0.4604025402799994,1
616519,3862,389,2025-09-16 02:23:13,10.71,US,False,0.3627815748156766,0.3532462360374042,0.3022533,0.4045014767218912,1
616520,5655,152,2025-09-16 02:23:17,25.17,US,False,0.3375993229275228,0.3126976742951976,0.19383481,0.4054258576227245,1
616521,1858,200,2025-09-16 02:26:27,81.47,US,False,0.4050514782492375,0.3705857444622675,0.36671323,0.3640459710944808,1
616522,3025,14,2025-09-16 02:29:45,407.36,US,False,0.4424789163523283,0.274903442553803,0.21209823,0.4697802707566192,1
616523,739,351,2025-09-16 02:30:33,659.51,US,False,0.5115179668111248,0.3580340916686532,0.33813968,0.3882207971801134,1
616524,1103,714,2025-09-16 02:31:04,21.5,US,False,0.3586694839937166,0.3355305479502142,0.27515098,0.3842372944668735,1
616525,1130,602,2025-09-16 02:32:04,112.57,US,False,0.3776886103855492,0.3566457442765025,0.25708246,0.365900170199664,1
616526,2808,270,2025-09-16 02:34:11,197.39,US,False,0.4192831712717209,0.3689473406459699,0.26761326,0.3646883579497527,1
616527,5557,524,2025-09-16 02:37:23,191.47,US,False,0.3316789397083743,0.3301474397965819,0.29479823,0.3665903106007739,1
616528,3209,541,2025-09-16 02:39:55,703.0,US,False,0.6073022378513211,0.4164967085364975,0.45408872,0.4390362017499365,1
616529,4249,42,2025-09-16 02:41:06,545.27,US,False,0.3825157797031649,0.3598011980306657,0.34703466,0.3758577164168117,1
616530,1929,281,2025-09-16 02:46:14,66.08,US,False,0.5319487674798317,0.3713989361385981,0.24853028,0.3902232698325277,1
616531,5156,330,2025-09-16 02:48:16,115.05,US,False,0.3554178350381721,0.3498041537590067,0.21529505,0.3599377564062244,1
616532,57,358,2025-09-16 02:48:42,1113.08,GB,False,0.7288591332467745,0.6878249778905294,0.6933847,0.4778365070085777,1
616533,442,282,2025-09-16 02:54:28,8.0,AU,False,0.46116202209767,0.4773959777334454,0.4628966,0.4144488796014467,1
616534,1917,782,2025-09-16 02:54:51,143.99,US,False,0.3072556236594693,0.3615953569939074,0.2976654,0.374159158987459,1
616535,1337,430,2025-09-16 02:55:15,213.27,US,False,0.4108917395566647,0.3348230733376155,0.3856022,0.3686523501298389,1
616536,1839,688,2025-09-16 02:55:43,122.12,US,False,0.3955329112204183,0.4297548526616039,0.37549394,0.3751244520066614,1
616537,36,214,2025-09-16 02:57:57,63.7,US,False,0.4177447045403856,0.4215409577835603,0.5015573,0.5111328278954198,2
616538,3768,131,2025-09-16 02:59:00,111.14,CA,False,0.3295371911624379,0.3337597835081101,0.22963694,0.3682689802118949,1
616539,3669,82,2025-09-16 03:01:00,252.54,US,False,0.364035727810251,0.3125751793984001,0.33087975,0.3548079866559609,1
616540,1528,736,2025-09-16 03:01:54,31.4,US,False,0.3540003232396004,0.3311031625219487,0.29246205,0.3653623779751703,1
616541,2610,716,2025-09-16 03:02:25,146.08,CA,False,0.4151558021092191,0.3545678824068637,0.38833627,0.3540114822067864,1
616542,52,788,2025-09-16 03:02:54,45.03,US,False,0.341533251235331,0.3425362598024936,0.4473156,0.3609578328874235,1
616543,883,790,2025-09-16 03:04:54,329.44,US,False,0.658055770913184,0.4686839639425024,0.5954847,0.4383467738507861,1
616544,4590,194,2025-09-16 03:06:13,22.55,US,False,0.3357912369654143,0.3165340820335613,0.3126681,0.3718124045881243,1
616545,2324,580,2025-09-16 03:06:33,332.75,US,False,0.4467268531901438,0.4569783351896544,0.42406934,0.370395596787392,1
616546,355,793,2025-09-16 03:06:58,190.62,US,False,0.4422421631780603,0.4434189086309429,0.47990066,0.3650931785662508,1
616547,5447,721,2025-09-16 03:07:05,748.24,US,False,0.3654251914379808,0.3260036291377434,0.28236654,0.3695109233599689,1
616548,1642,412,2025-09-16 03:07:28,10.04,US,False,0.4953442154513379,0.4647659482220557,0.4138499,0.4022402300635437,1
616549,1558,284,2025-09-16 03:08:58,117.79,US,False,0.6069893806180141,0.463829670521833,0.48212552,0.4167067713115459,1
616550,3553,85,2025-09-16 03:11:22,195.98,US,False,0.4850859522566715,0.3373840194368981,0.37789613,0.3978247425225807,1
616551,2793,197,2025-09-16 03:13:36,433.79,US,False,0.5560885979509085,0.4454439167751678,0.48006836,0.3809160810053462,1
616552,5751,159,2025-09-16 03:16:21,898.72,NG,False,0.5340169854589578,0.3404737372209448,0.41852844,0.5727022451175118,1
616553,1372,620,2025-09-16 03:17:12,29.0,US,False,0.4645872992273001,0.3950124606530943,0.27855924,0.3800185264926942,1
616554,4348,561,2025-09-16 03:17:46,383.36,AU,False,0.4770792700333032,0.2759899132029043,0.14453751,0.3956719637313056,1
616555,144,735,2025-09-16 03:19:07,120.8,US,False,0.4194572570059507,0.3875179267816053,0.45471215,0.3961954941262555,1
616556,2577,522,2025-09-16 03:22:38,56.42,US,False,0.4093078232324669,0.3084706958239236,0.3183348,0.3704470081079626,1
616557,3140,755,2025-09-16 03:24:49,795.33,GB,False,0.5764287582040643,0.4598145947109879,0.35774934,0.4244190178422855,1
616558,2973,444,2025-09-16 03:25:05,84.84,US,False,0.3942664459073751,0.3898675409813055,0.3967104,0.3585997838009242,1
616559,2773,70,2025-09-16 03:25:48,371.61,US,False,0.2996060050337287,0.3037244459225644,0.23253569,0.3612730976334401,1
616560,5943,251,2025-09-16 03:30:32,726.37,US,False,0.3010151717397307,0.3003610073195838,0.36840743,0.3946257604792895,1
616561,5181,74,2025-09-16 03:31:37,13.19,US,False,0.4576283785888408,0.4847469662044702,0.48144415,0.3871511113446721,1
616562,3625,160,2025-09-16 03:32:56,34.87,US,False,0.4683885144430687,0.4404982824501349,0.47886103,0.3767957768698977,1
616563,1579,552,2025-09-16 03:33:09,241.04,US,False,0.4191311007165619,0.4615318108681592,0.53043455,0.3655911556811812,1
616564,3338,214,2025-09-16 03:33:58,285.76,US,False,0.5778712430046722,0.396782525072427,0.45711905,0.4153827335344098,1
616565,2244,508,2025-09-16 03:33:58,669.01,US,False,0.4606141074712743,0.3274223329596868,0.21915708,0.382394997964017,1
616566,1767,163,2025-09-16 03:36:19,1364.63,US,False,0.5065181915064269,0.3339995869820074,0.33075723,0.4305111524845301,1
616567,3842,90,2025-09-16 03:41:31,73.75,US,False,0.4196542923848281,0.3492106489207488,0.2629684,0.3545868369683583,1
616568,2948,792,2025-09-16 03:42:05,3077.42,US,False,0.3435986128783698,0.3099616166978226,0.23763235,0.5399724326504322,2
616569,3449,511,2025-09-16 03:42:33,242.44,US,False,0.4634437833363459,0.4389182645529417,0.38968727,0.3956282708834936,1
616570,1589,726,2025-09-16 03:43:02,1398.94,US,False,0.4541482860189967,0.3315983468337776,0.41152674,0.4033129091566456,1
616571,2724,363,2025-09-16 03:51:20,729.76,US,False,0.3845490286460433,0.3438220226108473,0.2594917,0.3699541313349987,1
616572,3625,334,2025-09-16 03:52:40,23.29,US,False,0.2616765818470468,0.3266561856187337,0.15835966,0.5003132549934016,1
616573,3738,730,2025-09-16 03:53:05,23.2,US,False,0.329459001989535,0.3249255603161127,0.27004552,0.3770794945987098,1
616574,4360,281,2025-09-16 03:53:17,170.78,US,False,0.4406954314972944,0.3264138395675379,0.26036784,0.3921951046207194,1
616575,2782,317,2025-09-16 03:53:23,323.22,US,False,0.4967356639015288,0.378048678344884,0.35709766,0.3627020605267687,1
616576,995,753,2025-09-16 03:57:33,1425.97,US,False,0.7022773518987975,0.6133087570172006,0.68593544,0.5285830364768085,1
616577,2617,649,2025-09-16 03:58:07,448.29,US,False,0.3710984048106649,0.3455930023529361,0.25147602,0.3596938370330282,1
616578,3900,158,2025-09-16 03:58:45,82.47,US,False,0.4674993627206668,0.3063483489167071,0.20380673,0.3695153659834866,1
616579,3210,157,2025-09-16 04:01:45,23.46,US,False,0.3473676699877828,0.3616421659362211,0.3439311,0.3762124408432584,1
616580,5697,368,2025-09-16 04:05:58,225.56,US,False,0.3060355976303325,0.3096125892002452,0.2743936,0.3672022891386471,1
616581,2056,490,2025-09-16 04:07:20,72.46,US,False,0.7945405548539044,0.721407194713843,0.808635,0.4876231490203512,1
616582,185,560,2025-09-16 04:07:36,1185.19,US,False,0.4756806334989755,0.4584915858997017,0.43809456,0.4161792200773173,1
616583,5930,473,2025-09-16 04:09:14,429.07,US,False,0.7318887151246497,0.4859294247972006,0.63992304,0.4650617299377269,1
616584,2661,524,2025-09-16 04:10:18,54.34,US,False,0.4469643978548462,0.3254963916284589,0.28910846,0.3825555351956655,1
616585,5881,246,2025-09-16 04:10:24,33.51,US,False,0.5231233870108675,0.4502125526779172,0.37229297,0.3745645565680154,1
616586,156,426,2025-09-16 04:16:48,62.34,US,False,0.3448061576869975,0.3355939729427808,0.31856695,0.3607910002301672,1
616587,558,306,2025-09-16 04:18:18,105.31,US,False,0.5474735071892541,0.4359988741655564,0.5511013,0.3519908815187358,1
616588,5350,309,2025-09-16 04:20:20,666.14,US,False,0.2990550992360417,0.3311335219571836,0.21371265,0.4035257461908272,1
616589,1018,613,2025-09-16 04:21:47,359.38,US,False,0.2959134788013612,0.2786815769436075,0.19126895,0.3586584223391029,1
616590,772,689,2025-09-16 04:21:57,185.15,US,False,0.576006213476499,0.4251229131898664,0.40586352,0.3906636600443364,1
616591,789,69,2025-09-16 04:28:17,130.81,US,False,0.3878243459177768,0.3257464317846515,0.24224897,0.3582542665365236,1
616592,3379,546,2025-09-16 04:28:30,121.1,US,False,0.4723456850252264,0.4470082247628219,0.43856636,0.3523214437027483,1
616593,2972,276,2025-09-16 04:28:57,149.01,US,False,0.5001029702839181,0.4070167077687788,0.49250665,0.3880350783613439,1
616594,709,194,2025-09-16 04:29:38,196.59,US,False,0.3954431076791764,0.3081211731801967,0.28557098,0.3609533137668927,1
616595,3951,726,2025-09-16 04:32:19,58.96,US,False,0.6134905465030507,0.3463539871336596,0.40860546,0.3692143863818593,1
616596,5401,700,2025-09-16 04:33:42,45.0,DE,False,0.307602744289929,0.3301644947847404,0.24725787,0.3625850218546439,1
616597,2612,800,2025-09-16 04:35:31,1509.26,US,False,0.6765089202414962,0.3543615251252566,0.12937967,0.4294947675377144,1
616598,2491,202,2025-09-16 04:40:17,112.44,US,False,0.5667723347751329,0.4568357587391626,0.6157428,0.3759306868756757,1
616599,4117,401,2025-09-16 04:42:12,53.56,US,False,0.4508013314572637,0.3151820806279428,0.4203962,0.3777237886945608,1
616600,5140,356,2025-09-16 04:42:22,139.57,US,False,0.548623326613495,0.4056572905651951,0.2084424,0.4254222067535295,1
616601,3930,319,2025-09-16 04:42:49,152.5,US,False,0.4916708339485499,0.4324164003592848,0.4081878,0.4446310797871188,1
616602,4541,792,2025-09-16 04:43:10,547.48,US,False,0.5088028117910759,0.3316039650954725,0.37182197,0.4232790733821406,1
616603,744,725,2025-09-16 04:43:43,25.29,US,False,0.390125535371065,0.3495770596454038,0.32325062,0.3669764173085174,1
616604,85,84,2025-09-16 04:45:59,58.8,US,False,0.3394955099940798,0.3158230339531896,0.21946095,0.3958325928184715,1
616605,1366,753,2025-09-16 04:46:40,175.2,AU,False,0.4844493229273062,0.3430047702250433,0.1733989,0.3753542119887595,1
616606,4872,677,2025-09-16 04:51:48,113.98,US,False,0.4722072333905573,0.4688434571710785,0.50676155,0.3710350115236255,1
616607,1183,238,2025-09-16 04:52:33,15.6,US,False,0.4252227832067126,0.4499350097509401,0.54929817,0.3836594858288034,1
616608,5619,206,2025-09-16 04:53:07,599.04,US,False,0.2878824320517906,0.3010486538326334,0.23883031,0.3772765958670845,1
616609,4706,347,2025-09-16 04:55:39,1759.06,US,False,0.6309551839101618,0.6244543417090891,0.6096813,0.462085159939502,1
616610,684,464,2025-09-16 05:02:19,128.56,US,False,0.578075435448797,0.4607828336435651,0.4821265,0.3810925412653838,1
616611,2715,522,2025-09-16 05:04:33,706.27,US,False,0.8835246589060892,0.5796738535653513,0.7828853,0.5457650868429065,1
616612,1633,549,2025-09-16 05:05:28,154.99,US,False,0.3832419836581936,0.2864549876789299,0.24235709,0.3853878626428547,1
616613,2654,356,2025-09-16 05:06:12,268.54,US,False,0.4667633910922878,0.3977829435008398,0.2691397,0.3866974128505815,1
616614,925,104,2025-09-16 05:06:32,716.59,US,False,0.4263949731633233,0.3565877552264622,0.39141664,0.3683742051323853,1
616615,5313,648,2025-09-16 05:06:53,135.35,CA,False,0.3262024021114181,0.297428903012061,0.23352681,0.3870195541224138,1
616616,3876,662,2025-09-16 05:07:01,99.69,US,False,0.6319576053656322,0.4724452357619286,0.49547958,0.4068615083719299,1
616617,5039,529,2025-09-16 05:08:41,42.45,US,False,0.3662967318217156,0.3072697416458553,0.09781471,0.3554691582761168,1
616618,5857,550,2025-09-16 05:09:02,267.83,US,False,0.3219753634571327,0.2935187628538812,0.24954747,0.3587983055417461,1
616619,2816,434,2025-09-16 05:09:29,55.94,US,False,0.489060796385417,0.4867065583477848,0.49943364,0.3816700727977505,1
616620,2565,194,2025-09-16 05:11:21,158.56,US,False,0.4597675230351529,0.286784343615342,0.26730695,0.3993113650719412,1
616621,4388,283,2025-09-16 05:13:33,282.59,US,False,0.4160410543760496,0.3715282943132638,0.28628585,0.3493433011142354,1
616622,2689,66,2025-09-16 05:13:50,1269.49,US,False,0.4236119603457648,0.3045858880659768,0.26395112,0.4181676128475706,1
616623,3857,208,2025-09-16 05:14:01,288.63,US,False,0.5639862569518498,0.5947933579332513,0.61349803,0.4441934771344852,1
616624,1426,473,2025-09-16 05:14:27,105.35,CA,False,0.3265619748864832,0.313809952470283,0.417927,0.3516054528479853,1
616625,1249,579,2025-09-16 05:16:10,67.02,US,False,0.2897469513863601,0.3195229157459448,0.19568689,0.3602903622387823,1
616626,3969,321,2025-09-16 05:17:41,62.52,US,False,0.4644775172084888,0.4213029547250453,0.34455225,0.4291299102378243,1
616627,2786,144,2025-09-16 05:17:57,434.68,US,False,0.4878148876430954,0.3488356455494314,0.3630377,0.4688261649826487,1
616628,2719,87,2025-09-16 05:19:34,22.18,CA,False,0.3266848324910514,0.3437838005465842,0.26504922,0.3705312977002474,1
616629,243,400,2025-09-16 05:20:29,500.94,US,False,0.3149742452618002,0.3208501440552199,0.15983726,0.3571467536537749,1
616630,5146,130,2025-09-16 05:22:00,92.24,US,False,0.523329505185518,0.4825843417258109,0.49550605,0.3841770221084811,1
616631,33,405,2025-09-16 05:23:29,22.62,US,False,0.4207678038457104,0.3406902213484228,0.3584275,0.4042266785757749,1
616632,5553,164,2025-09-16 05:26:15,153.18,CA,False,0.3160672495376798,0.3418053200174604,0.22859594,0.3567934355168028,1
616633,1397,402,2025-09-16 05:27:07,475.63,US,False,0.4633054333902984,0.3399364035326082,0.29968777,0.3847326424613926,1
616634,1229,488,2025-09-16 05:27:52,1660.14,US,False,0.4602705830925667,0.340022058082408,0.34533262,0.395996381268275,1
616635,5554,195,2025-09-16 05:29:29,303.57,US,False,0.4173263133238152,0.3676306447638817,0.33434376,0.3526363669280833,1
616636,241,495,2025-09-16 05:30:05,194.32,US,False,0.6366165742693061,0.503122787436037,0.60734636,0.4352665799745794,1
616637,1448,709,2025-09-16 05:32:45,243.82,US,False,0.4858690675337509,0.4249651820590235,0.3920059,0.3511983416756091,1
616638,1295,80,2025-09-16 05:36:25,40.52,US,False,0.6456587990788228,0.4509448494537887,0.5245712,0.42650756701558,1
616639,603,75,2025-09-16 05:40:45,286.61,CA,False,0.3763758082356896,0.3331238122350598,0.4102754,0.3625723680272662,1
616640,5139,105,2025-09-16 05:42:09,46.3,US,False,0.5065054817599777,0.4802003811332191,0.54071665,0.3955033107757119,1
616641,2602,113,2025-09-16 05:45:19,53.8,US,False,0.3125029079237626,0.352844457743753,0.3800869,0.3556259279059144,1
616642,245,429,2025-09-16 05:45:40,637.06,US,False,0.5300249283767884,0.4269585740994465,0.44358447,0.432512551786977,1
616643,5176,42,2025-09-16 05:47:14,4948.42,US,False,0.4800541828245617,0.3459629257517919,0.3227232,0.4605303467071027,1
616644,4313,177,2025-09-16 05:49:23,44.61,US,False,0.3423481328872501,0.2806974146560832,0.1339781,0.3900457129462705,1
616645,1956,594,2025-09-16 05:54:40,195.46,US,False,0.5348752950891552,0.4193338373761101,0.4636172,0.397622312825421,1
616646,4015,708,2025-09-16 05:54:58,35.88,US,False,0.3608917925499345,0.3624874679777503,0.3621491,0.3790546441059512,1
616647,2448,725,2025-09-16 05:56:37,827.65,US,False,0.3743530027692955,0.3260788763763005,0.38058707,0.3698597229922363,1
616648,646,544,2025-09-16 05:58:22,63.74,US,False,0.3980303667600895,0.3967321362043334,0.2862887,0.3506600665815506,1
616649,3867,42,2025-09-16 05:58:26,40.36,US,False,0.5192743499015995,0.3566327404253324,0.3475213,0.3794067882914551,1
616650,5164,299,2025-09-16 05:59:26,1567.3,US,False,0.3613102610785271,0.2833201224789982,0.22603957,0.3998868901623131,1
616651,5335,300,2025-09-16 06:02:10,104.19,US,False,0.4007811133515619,0.3791224015134551,0.3351165,0.3506186224306503,1
616652,4074,391,2025-09-16 06:06:22,1087.57,US,False,0.3458244889335066,0.2820513451538912,0.18540472,0.3736113606217933,1
616653,1433,671,2025-09-16 06:12:39,148.37,US,True,0.4031232094655015,0.4263848177469878,0.43429485,0.3528194467000764,1
616654,2960,101,2025-09-16 06:16:51,37.2,CA,False,0.5329887151979451,0.4780224189015608,0.49200186,0.3884176011823927,1
616655,4433,242,2025-09-16 06:19:14,25.07,US,False,0.5196694015932076,0.4796320654583763,0.49892858,0.3918049975473391,1
616656,2368,208,2025-09-16 06:21:24,59.46,US,False,0.3457746970087778,0.2895322427049512,0.26019686,0.4083770813141155,1
616657,3628,269,2025-09-16 06:22:34,25.22,US,False,0.350050644669605,0.3102630891993468,0.32013202,0.3994985910366035,1
616658,693,578,2025-09-16 06:23:38,110.04,US,False,0.4861344752808273,0.347036155449952,0.21525127,0.3624548111542277,1
616659,2087,709,2025-09-16 06:23:52,512.89,US,False,0.5490347095994659,0.3848936521624784,0.30159268,0.378959432327375,1
616660,1426,66,2025-09-16 06:25:46,213.11,CA,False,0.4588713499414202,0.3124492173345574,0.3751339,0.3976496090931496,1
616661,4407,79,2025-09-16 06:26:16,1538.98,CA,False,0.4792856729637579,0.4015101586613966,0.38104168,0.3928036187212272,1
616662,5001,92,2025-09-16 06:27:31,585.85,US,False,0.4104817919262318,0.3219445053395895,0.369565,0.3699145623351123,1
616663,220,666,2025-09-16 06:27:43,240.24,US,False,0.4145133745291194,0.4061882715025614,0.359377,0.3751923248324167,1
616664,209,350,2025-09-16 06:28:06,190.48,RU,False,0.5169581959859727,0.2932131616075895,0.33223358,0.5525724425400613,1
616665,4236,246,2025-09-16 06:28:20,2722.09,US,False,0.5064979717925593,0.3919358608031565,0.42736205,0.4247692606794742,1
616666,731,268,2025-09-16 06:29:49,65.54,US,False,0.5298423619497749,0.4697430951259706,0.4385135,0.3669381179819548,1
616667,1810,482,2025-09-16 06:31:11,227.39,US,False,0.4873922248996007,0.4543025357761387,0.44076854,0.3525971774866485,1
616668,5669,284,2025-09-16 06:31:24,10.37,US,False,0.4512261859852073,0.4502088240592687,0.36180124,0.3771983098981994,1
616669,1233,168,2025-09-16 06:31:46,481.51,US,False,0.7627410516678836,0.5744869782426871,0.3984464,0.4350487727321737,1
616670,4069,656,2025-09-16 06:37:02,1081.83,CA,False,0.3999826486197552,0.2518096389233706,0.21417288,0.5246250440638729,1
616671,4915,756,2025-09-16 06:38:19,885.99,US,False,0.4350581766275407,0.3926416751328094,0.48265663,0.3675931977282285,1
616672,2408,231,2025-09-16 06:39:53,231.48,US,False,0.5516577806111538,0.4542932090437975,0.5483704,0.3889184325064,1
616673,3084,372,2025-09-16 06:40:09,9.82,US,False,0.298294298704868,0.3200156457822191,0.31663635,0.3865579617764891,1
616674,1717,402,2025-09-16 06:40:19,92.45,US,False,0.5296300948521183,0.3333684706333523,0.24865478,0.3825527115822013,1
616675,5207,63,2025-09-16 06:42:21,40.84,AU,False,0.2737889433457647,0.2890838634486855,0.29726693,0.3822807090627066,1
616676,5962,737,2025-09-16 06:44:13,155.34,US,False,0.7033351394219806,0.4665119189460947,0.60552406,0.4301739678548127,1
616677,126,612,2025-09-16 06:45:00,96.79,US,False,0.4823817532010441,0.4691748415063359,0.4222444,0.3579443167773501,1
616678,4130,527,2025-09-16 06:45:38,63.84,US,False,0.4380243238388202,0.44644759885392,0.41554633,0.3611596453772829,1
616679,1776,716,2025-09-16 06:45:46,693.67,US,False,0.4359061560967246,0.3422593816826334,0.33016273,0.3679182592359916,1
616680,2302,619,2025-09-16 06:47:27,66.22,US,False,0.46440402251033,0.4537500749924314,0.47674897,0.3637531599890681,1
616681,1928,470,2025-09-16 06:48:46,187.61,AU,False,0.5018577806896829,0.3122076960162599,0.2902311,0.4057233591605156,1
616682,3586,278,2025-09-16 06:48:48,361.23,US,False,0.535251213577769,0.4569141560152001,0.48666152,0.4177456468779663,1
616683,1497,375,2025-09-16 06:51:11,16.44,US,False,0.399181622775506,0.3216045135217562,0.27208635,0.3704868166376072,1
616684,837,336,2025-09-16 06:51:37,75.32,US,False,0.5062791007360518,0.3134983599914391,0.403682,0.4161648574416638,1
616685,2917,115,2025-09-16 06:54:31,100.83,GB,False,0.4971961929145194,0.4825087405925387,0.4798814,0.3586723145789658,1
616686,3565,425,2025-09-16 06:55:56,21.21,US,False,0.3680665186161033,0.3600459283470818,0.23179579,0.3716319510469533,1
616687,2969,522,2025-09-16 06:58:55,170.07,US,False,0.4404573320759697,0.2841741481168701,0.0979407,0.3697244202629006,1
616688,3720,462,2025-09-16 06:59:18,7.59,US,False,0.5124877534654174,0.4681442292107164,0.45330724,0.3994224208173761,1
616689,2627,103,2025-09-16 07:00:31,141.71,US,False,0.3726996976485284,0.3944596768695539,0.31744778,0.3616493745518452,1
616690,3029,578,2025-09-16 07:01:18,3027.1,US,False,0.5006782608550797,0.3223119736222407,0.35824415,0.446257228792931,1
616691,2601,455,2025-09-16 07:01:49,658.74,US,False,0.4132829698532213,0.3475298360006355,0.31530812,0.3660088480307045,1
616692,4602,342,2025-09-16 07:02:17,2552.7,US,False,0.4901394610493103,0.4111763618357454,0.23072812,0.4346156915112035,1
616693,804,232,2025-09-16 07:02:20,61.56,US,False,0.510793936411713,0.4205051004235591,0.33673206,0.3840761925136283,1
616694,2347,158,2025-09-16 07:02:39,66.51,AU,False,0.4676554012776545,0.3144021042364566,0.31761873,0.3793517374871843,1
616695,4038,218,2025-09-16 07:04:28,301.16,US,False,0.5461566833072888,0.3988674498513995,0.28583798,0.3720618324155365,1
616696,274,731,2025-09-16 07:13:11,36.67,US,False,0.3359362974053156,0.3209603296200066,0.23968536,0.3556731347976434,1
616697,542,92,2025-09-16 07:13:38,517.86,US,False,0.3936746055981787,0.3220193299415928,0.20419352,0.3548137288009449,1
616698,3760,34,2025-09-16 07:14:24,43.38,US,False,0.4408846984592216,0.3100585880567638,0.29220977,0.3692457525713545,1
616699,4065,577,2025-09-16 07:17:33,27.38,US,False,0.4359720525058067,0.4327137240743758,0.31976703,0.3656818922489649,1
616700,5759,26,2025-09-16 07:21:40,144.03,US,False,0.5178864222659506,0.4749423377443669,0.42599082,0.3586954844482182,1
616701,5329,150,2025-09-16 07:24:11,46.52,US,False,0.4853272768569889,0.420993400230294,0.3332498,0.36773794188718,1
616702,5935,383,2025-09-16 07:24:25,26.31,CA,False,0.3410319641502779,0.3563149389552188,0.4110202,0.3994092144282373,1
616703,1514,568,2025-09-16 07:26:50,361.05,US,False,0.4497878167888078,0.4239730906619518,0.32230267,0.3641125649252773,1
616704,4558,363,2025-09-16 07:29:17,30.93,US,False,0.3720445374175928,0.3538608378120466,0.3075765,0.3551866857633888,1
616705,5608,520,2025-09-16 07:32:06,245.51,US,False,0.4141378858661723,0.3150239309196564,0.17577505,0.3827212060879007,1
616706,3316,673,2025-09-16 07:34:34,598.79,US,False,0.3084392327139382,0.2866048358551331,0.2908819,0.3642764723783874,1
616707,1281,749,2025-09-16 07:34:35,38.21,US,False,0.3853862601052895,0.3006373949810565,0.23150647,0.3700424668895536,1
616708,2391,333,2025-09-16 07:34:42,580.55,NG,False,0.4194929919031481,0.3397373426637688,0.5632236,0.5594069357955428,1
616709,2252,135,2025-09-16 07:36:15,922.84,US,False,0.5392479351149243,0.7153758902268895,0.7163441,0.4133088138165872,1
616710,4295,559,2025-09-16 07:37:25,1977.7,US,False,0.4381334146477022,0.3707968312420513,0.335354,0.4247853412867314,1
616711,3707,25,2025-09-16 07:41:35,277.31,US,False,0.3731890240507276,0.3637954377358026,0.22551826,0.3490907535752967,1
616712,3700,323,2025-09-16 07:42:14,44.92,US,False,0.4961285094722512,0.4605070324715006,0.41326243,0.3663530733501827,1
616713,5005,172,2025-09-16 07:46:23,351.19,DE,False,0.3767924898850955,0.3646972743640024,0.3294053,0.3550834030609252,1
616714,575,775,2025-09-16 07:49:22,261.69,US,False,0.3139221056094185,0.3099315644786286,0.26091018,0.3811100222561416,1
616715,4716,442,2025-09-16 07:50:31,40.19,GB,False,0.3769178802187651,0.3320748102493219,0.2380654,0.353719281747997,1
616716,1107,585,2025-09-16 07:51:03,637.3,US,False,0.4373508701402111,0.3441957877712832,0.37264153,0.3668765384835479,1
616717,4879,602,2025-09-16 07:51:28,1077.78,CA,False,0.4981093731199696,0.337281884741424,0.33043465,0.3847627096633246,1
616718,3628,337,2025-09-16 07:52:31,8.25,US,False,0.4879941154285576,0.4315497766802036,0.54458034,0.4974549143054886,1
616719,392,90,2025-09-16 07:55:30,25.99,US,False,0.3778012025808113,0.3616867768239181,0.35995555,0.3629302638105293,1
616720,5664,20,2025-09-16 07:57:05,8.07,US,False,0.4297077498369785,0.4509528297379273,0.43803322,0.3897249506151438,1
616721,3233,283,2025-09-16 07:58:43,14.96,US,False,0.371852892690472,0.3535075739309567,0.30346334,0.4126362554034785,1
616722,1731,16,2025-09-16 08:00:12,181.94,GB,False,0.3216925170846684,0.3235476653758815,0.15676685,0.3531126052773912,1
616723,2597,161,2025-09-16 08:00:50,85.58,US,False,0.4532191042460095,0.4467917481699351,0.4121081,0.3542655701140881,1
616724,4736,707,2025-09-16 08:00:57,291.29,US,False,0.3830584233668524,0.2767539840024809,0.3215206,0.3544180133591894,1
616725,4434,686,2025-09-16 08:01:22,14.92,CA,False,0.313440447241242,0.3244623135146781,0.28213218,0.3688044232394702,1
616726,4640,752,2025-09-16 08:03:48,377.4,US,False,0.2958898032560495,0.2198568563640615,0.07621588,0.3646031190610917,1
616727,3927,18,2025-09-16 08:03:49,214.85,US,False,0.3721759975386992,0.3840264567252966,0.41104716,0.3819836426816735,1
616728,3266,141,2025-09-16 08:07:59,1133.24,DE,False,0.6212480442813296,0.395489812057428,0.3702074,0.4094354085589967,1
616729,288,579,2025-09-16 08:08:21,59.31,US,False,0.4589793807282726,0.3096395685585071,0.15883464,0.3764128119607844,1
616730,4553,113,2025-09-16 08:09:14,1262.86,US,False,0.384729650754898,0.3488613284543262,0.3716331,0.3764221311201766,1
616731,1030,172,2025-09-16 08:09:52,415.78,US,False,0.4281155409154146,0.3226907703300252,0.23354807,0.3848171008634338,1
616732,3906,729,2025-09-16 08:11:28,368.88,US,True,0.5030317748640035,0.4183779614776114,0.33022824,0.4018516724685793,1
616733,4750,377,2025-09-16 08:12:22,323.14,US,False,0.5136238493917048,0.4273233192779121,0.3443661,0.3869392701399703,1
616734,4604,716,2025-09-16 08:13:45,54.64,BR,False,0.6545511452524791,0.3606286787889842,0.5075408,0.5921317880075352,1
616735,1433,239,2025-09-16 08:14:44,861.32,US,False,0.6473101024350123,0.4015025456610386,0.33957034,0.4386291045616335,1
616736,1500,17,2025-09-16 08:19:30,45.49,US,False,0.41006402121096,0.3192864926021043,0.33179852,0.3918148307097608,1
616737,4193,372,2025-09-16 08:20:15,6.12,US,False,0.3009955295482145,0.2961225217886341,0.1882702,0.5348061921507941,2
616738,4656,665,2025-09-16 08:20:34,379.44,US,False,0.3999239409015045,0.3020227321123547,0.22417536,0.3685251336236451,1
616739,24,744,2025-09-16 08:20:43,138.71,US,False,0.4251810635001632,0.3759166496916589,0.27663755,0.3456197027600292,1
616740,3168,96,2025-09-16 08:20:59,17.93,US,False,0.5422816023744645,0.4930608463404515,0.44588977,0.4042111575297878,1
616741,4453,193,2025-09-16 08:24:33,162.6,US,False,0.3048127373838884,0.319699140095383,0.34229767,0.3491219632024583,1
616742,2405,699,2025-09-16 08:24:47,118.17,US,False,0.3998627180717362,0.3328015745590499,0.26188186,0.344983891553269,1
616743,4591,392,2025-09-16 08:27:00,25.3,US,False,0.5635364444921667,0.464825969722644,0.5005951,0.3822643081914479,1
616744,934,384,2025-09-16 08:27:31,565.48,US,False,0.3289960821955857,0.3414429699670757,0.39979532,0.3606960164849113,1
616745,2467,601,2025-09-16 08:27:44,354.3,US,False,0.4059265224832691,0.3557498805469186,0.40305468,0.3770258785328207,1
616746,4276,187,2025-09-16 08:28:38,128.73,CA,False,0.4301856608865892,0.3268036778336095,0.32352358,0.3658024480915814,1
616747,579,677,2025-09-16 08:30:04,63.76,US,False,0.4879351626808801,0.4839977755166466,0.42156228,0.3625575468535849,1
616748,3119,384,2025-09-16 08:33:20,32.97,US,False,0.3876054944261792,0.3249340001047056,0.28533122,0.3915079841131201,1
616749,5819,326,2025-09-16 08:33:46,157.14,US,False,0.3238597732736759,0.3219516269975849,0.27178755,0.3445686602570518,1
616750,4923,758,2025-09-16 08:34:33,20.73,US,False,0.4448276116400546,0.4605505047495798,0.4935012,0.3696430841622152,1
616751,4789,2,2025-09-16 08:35:11,87.56,US,False,0.3959432806578193,0.3565480968247516,0.28443182,0.3448507279984499,1
616752,5873,13,2025-09-16 08:35:20,83.97,CN,False,0.6529573358600632,0.5053703038935544,0.69458914,0.588796164157448,1
616753,3271,681,2025-09-16 08:37:53,522.97,US,False,0.5241358937236922,0.4521626317276102,0.2180353,0.4020494381591288,1
616754,2446,488,2025-09-16 08:38:23,43.89,US,False,0.3665372583767112,0.3613568957864486,0.28076118,0.3661096494016493,1
616755,904,103,2025-09-16 08:38:37,453.96,US,False,0.4116784785180702,0.3450652330253506,0.2856124,0.4772082557668032,2
616756,2073,542,2025-09-16 08:39:29,57.63,US,False,0.6199644233461774,0.4703596587640493,0.430563,0.4419039514181625,1
616757,5507,754,2025-09-16 08:40:14,32.99,AU,False,0.2827047322990675,0.3156081663798007,0.32381272,0.3665509924772946,1
616758,5886,224,2025-09-16 08:41:51,223.58,US,False,0.3298729602490368,0.3801234025786243,0.44990292,0.3878764078045155,1
616759,3841,238,2025-09-16 08:43:57,113.27,US,False,0.5330748483489612,0.4316193576739632,0.3962304,0.3496373461910263,1
616760,2725,598,2025-09-16 08:43:59,28.85,CA,False,0.2975430896696103,0.2953824855933585,0.25997123,0.4265397624083851,1
616761,5738,42,2025-09-16 08:44:32,88.62,US,False,0.4357170133555476,0.3580382859880057,0.28170434,0.3461862086765072,1
616762,139,403,2025-09-16 08:45:24,101.16,US,False,0.3907646142309361,0.4198623357422876,0.43445197,0.3597511612460263,1
616763,2762,509,2025-09-16 08:45:59,2008.22,US,False,0.4468488885977211,0.3065759368543114,0.1921614,0.3969520973155914,1
616764,5440,48,2025-09-16 08:46:07,137.47,DE,False,0.3666632460243476,0.35588806605134,0.40790758,0.3446111061546842,1
616765,1076,103,2025-09-16 08:47:05,2124.47,US,False,0.5113649950818856,0.3663019829998137,0.29940316,0.4066827944060956,1
616766,5282,440,2025-09-16 08:47:31,4.76,US,False,0.3364379406013557,0.3252514172397799,0.23821744,0.4525065244532555,1
616767,27,20,2025-09-16 08:48:48,161.49,US,False,0.4865610151299321,0.4403141428364335,0.4245078,0.3899419505073592,1
616768,1919,736,2025-09-16 08:50:32,181.94,US,False,0.344905560712144,0.3113767118224497,0.24522933,0.3466155710850473,1
616769,5781,435,2025-09-16 08:50:47,97.51,US,False,0.4400986696464763,0.4011552495434808,0.4251152,0.3463123675218231,1
616770,5801,126,2025-09-16 08:51:21,501.17,US,False,0.3104632841473934,0.2769049079291391,0.1550016,0.3565157325952314,1
616771,3509,218,2025-09-16 08:57:58,628.17,US,False,0.5318786809823863,0.3461787643240981,0.35879174,0.4115952544633622,1
616772,3998,388,2025-09-16 08:59:19,226.86,US,False,0.3224818109378379,0.2614333173718012,0.19613189,0.347593901427456,1
616773,2442,746,2025-09-16 09:02:17,184.51,US,False,0.651180731479398,0.3959296174951675,0.21869905,0.4106647548526289,1
616774,3213,608,2025-09-16 09:03:21,647.17,US,False,0.5285143888738049,0.3922397982218683,0.441316,0.3941383867369434,1
616775,2522,399,2025-09-16 09:05:44,127.11,US,False,0.5071713816285396,0.4668886546742906,0.4840098,0.3546292835169808,1
616776,3918,266,2025-09-16 09:06:31,647.6,US,False,0.4212392553385943,0.2635831698875008,0.1617746,0.3642533785942751,1
616777,2214,367,2025-09-16 09:07:02,1068.71,US,True,0.9017201889419888,0.9180592640548316,0.9628524,0.5248450937001198,1
616778,5303,244,2025-09-16 09:08:00,660.38,US,False,0.4693811680860127,0.3301545593261602,0.41821364,0.374582461305439,1
616779,2727,98,2025-09-16 09:09:48,3422.95,US,False,0.4251283847801492,0.3333695804082523,0.32099494,0.4555256846207444,1
616780,644,713,2025-09-16 09:10:50,175.26,US,False,0.4988272267402165,0.398043136750745,0.39232725,0.4877997603989116,2
616781,4068,749,2025-09-16 09:11:33,217.13,US,False,0.3290288432678751,0.3285809110696256,0.3386898,0.3533897588914827,1
616782,4271,204,2025-09-16 09:13:00,29.07,US,False,0.4166310002446615,0.3985348906839918,0.4358662,0.3611475073664776,1
616783,4134,124,2025-09-16 09:14:07,109.13,CA,False,0.5686535447532919,0.4065464009915714,0.2423923,0.3717166349446887,1
616784,4167,796,2025-09-16 09:14:54,44.69,RU,False,0.4280992813057976,0.3278076630852439,0.2170759,0.5466269918820742,1
616785,4627,668,2025-09-16 09:15:45,15.31,US,False,0.4149341587599393,0.3948929569211925,0.38727656,0.3846457465069366,1
616786,5000,690,2025-09-16 09:17:06,194.81,US,False,0.3211468517489969,0.3578392700252298,0.27856332,0.3769238867440482,1
616787,5539,499,2025-09-16 09:17:57,117.94,US,False,0.3993500990071925,0.4078017635931079,0.32440105,0.3474673099868228,1
616788,2355,797,2025-09-16 09:19:00,158.82,US,False,0.3021497899171097,0.3189853159752812,0.2473455,0.4604346255610267,2
616789,1663,310,2025-09-16 09:20:51,332.94,US,False,0.473851437407437,0.3669334441128998,0.40475503,0.364735837692683,1
616790,2388,47,2025-09-16 09:21:02,46.72,US,False,0.3710711839641282,0.3083578209739723,0.14589201,0.3525791096765593,1
616791,4961,328,2025-09-16 09:24:05,271.58,US,False,0.444477070029062,0.4372032683499347,0.42526022,0.3477585332571919,1
616792,328,501,2025-09-16 09:24:55,77.31,US,False,0.5299684218496848,0.355731873938832,0.24749668,0.3558080693706886,1
616793,4745,586,2025-09-16 09:25:29,64.06,US,False,0.3728253202946181,0.3214902657967985,0.26823157,0.3492517320394492,1
616794,1049,226,2025-09-16 09:25:50,371.82,AU,False,0.4371368795428689,0.4231078142058008,0.36159152,0.3525140030195149,1
616795,2355,702,2025-09-16 09:28:31,262.5,US,False,0.3404207402123672,0.3317110060863872,0.15576588,0.5882087365545459,2
616796,1737,237,2025-09-16 09:28:40,51.03,US,False,0.3923799524787721,0.4098324081480844,0.35296077,0.3585387309238151,1
616797,2825,50,2025-09-16 09:30:51,27.77,US,False,0.3001370638774271,0.331425336834073,0.2848989,0.3673884401387624,1
616798,1832,322,2025-09-16 09:31:32,299.26,US,False,0.362546272490155,0.3105818592470324,0.12563083,0.5208081266583053,2
616799,2131,739,2025-09-16 09:32:38,17.31,US,False,0.53899055538923,0.4844566214703813,0.42860785,0.387801240753353,1
616800,1541,415,2025-09-16 09:34:12,122.48,CA,False,0.458873384083483,0.46271345935451,0.45193043,0.3681435492810696,1
616801,663,562,2025-09-16 09:35:22,381.76,US,False,0.2773267218225528,0.2961526170424157,0.19599845,0.4669749116774551,2
616802,3765,209,2025-09-16 09:36:54,271.66,CA,False,0.3251423834672677,0.3125409969822728,0.28026816,0.3476484941983519,1
616803,3304,224,2025-09-16 09:37:47,142.45,US,False,0.3966677561608717,0.347634053084607,0.3060299,0.3465332170427293,1
616804,4730,123,2025-09-16 09:39:51,51.74,US,False,0.434322445635076,0.3977845070695919,0.4430562,0.3828883176674204,1
616805,2894,203,2025-09-16 09:40:27,347.74,US,False,0.3919969478214197,0.3482736965842666,0.3532018,0.3464288256101683,1
616806,526,66,2025-09-16 09:45:23,43.95,US,False,0.2914456747072738,0.3243782203177129,0.23778997,0.3695981277818357,1
616807,5268,560,2025-09-16 09:48:27,58.49,US,False,0.5175323650606287,0.4698606989147104,0.42294422,0.3923543976036458,1
616808,5052,221,2025-09-16 09:49:00,595.42,US,False,0.5120132682628858,0.510974133535039,0.24514548,0.3869959796386555,1
616809,2614,197,2025-09-16 09:49:10,132.91,US,False,0.3880433378308269,0.441647076274696,0.3861258,0.4754677650306455,2
616810,1501,669,2025-09-16 09:51:56,14.84,US,False,0.4284726639733757,0.3600521189662058,0.35596728,0.3929765405748607,1
616811,5170,275,2025-09-16 09:52:07,80.32,CA,False,0.2978432433331429,0.3347131887450194,0.39168566,0.3504556724164583,1
616812,2759,654,2025-09-16 09:56:42,37.57,US,False,0.3827582104728031,0.3605255876813576,0.3480989,0.3516293436761602,1
616813,5623,197,2025-09-16 09:57:03,117.34,CA,False,0.4941115527313903,0.4470852042568798,0.39350814,0.3616814676226922,1
616814,1125,332,2025-09-16 09:58:24,40.96,US,False,0.2989263702684133,0.3327046065932498,0.40777847,0.3697131261662288,1
616815,2169,304,2025-09-16 09:58:47,107.52,US,False,0.5108215798797346,0.4190018690291797,0.35080984,0.3502088148520781,1
616816,549,792,2025-09-16 09:59:16,78.58,US,False,0.2854315955489525,0.2959027613920762,0.22596473,0.3641742688432797,1
616817,5462,741,2025-09-16 10:01:10,208.55,CA,False,0.3682741384645603,0.3492213331961851,0.23884448,0.3496341943619526,1
616818,1674,305,2025-09-16 10:08:17,392.75,US,False,0.5074340666771885,0.389588983074782,0.3371631,0.4306319872322486,1
616819,2269,171,2025-09-16 10:11:02,34.64,US,False,0.3140685830496694,0.3465336561068375,0.29991585,0.3638516037757393,1
616820,3210,450,2025-09-16 10:11:39,4.24,US,False,0.3135831198018499,0.3634215485944981,0.37859398,0.4449265920463598,1
616821,2381,464,2025-09-16 10:11:44,58.73,US,False,0.5536249313473495,0.4450095987522471,0.352997,0.3867042469801096,1
616822,3981,284,2025-09-16 10:11:50,31.84,US,False,0.4392253579439662,0.4175053524211048,0.39560127,0.3560002108248167,1
616823,530,2,2025-09-16 10:14:04,804.06,US,False,0.4721004395211714,0.3321360505971543,0.26781604,0.3588223310195473,1
616824,582,78,2025-09-16 10:14:50,20.29,US,False,0.343190908794299,0.2831188986688323,0.17042787,0.3606468854761626,1
616825,1880,502,2025-09-16 10:15:08,103.55,US,False,0.6684414746721726,0.7419952610526082,0.8304276,0.450851955248105,1
616826,1483,635,2025-09-16 10:16:17,1486.54,US,False,0.6065987288527723,0.3593440550741245,0.35426468,0.4192212482473246,1
616827,739,544,2025-09-16 10:20:13,127.56,US,False,0.4069799935375336,0.4447163853937229,0.54327846,0.3833690761331411,1
616828,3743,614,2025-09-16 10:22:53,5.49,CA,False,0.3152788456126496,0.3158786048051309,0.26633805,0.4042456568610228,1
616829,2029,632,2025-09-16 10:24:01,273.09,US,False,0.3384185368485289,0.3301832531879703,0.32597485,0.3488033173066546,1
616830,5577,175,2025-09-16 10:24:08,226.76,US,False,0.5009355747627086,0.4306114986913348,0.49604064,0.3510409769913825,1
616831,1233,223,2025-09-16 10:24:39,158.6,US,False,0.5070031433273614,0.38215134593612,0.42646295,0.379645922384642,1
616832,2747,353,2025-09-16 10:25:05,332.44,US,False,0.4079303717295429,0.3488155551227772,0.31483096,0.3483529489487731,1
616833,4486,582,2025-09-16 10:26:37,111.81,US,False,0.6106634931683808,0.478569968897008,0.47818738,0.4039151963556253,1
616834,2086,315,2025-09-16 10:27:23,17.71,US,False,0.3377693626664091,0.3542556347864385,0.35873932,0.366427654658917,1
616835,1908,690,2025-09-16 10:27:43,2094.25,US,False,0.3234490689689414,0.3316499727189114,0.30915973,0.4046361614599955,1
616836,2598,141,2025-09-16 10:27:45,115.11,US,False,0.8057804687972526,0.7372765535779787,0.80022025,0.4616268612490408,1
616837,859,474,2025-09-16 10:28:29,106.86,US,False,0.4084904114682031,0.4401165413169104,0.438357,0.3541351829460363,1
616838,4401,736,2025-09-16 10:30:33,67.43,CA,False,0.3755838422237777,0.3109789421262581,0.26376998,0.3485967538360321,1
616839,1006,235,2025-09-16 10:31:15,70.43,US,False,0.3464138782370027,0.322577424099003,0.21229166,0.4151854901286176,1
616840,3553,319,2025-09-16 10:33:08,254.86,US,False,0.7038900214246406,0.459436770897967,0.5613576,0.4353647317633459,1
616841,2507,496,2025-09-16 10:35:29,588.53,CA,False,0.6106252123190843,0.4399584226760312,0.56062233,0.3864488389615375,1
616842,3323,513,2025-09-16 10:35:35,712.28,US,False,0.5866416472245136,0.3835815311765815,0.48024106,0.4125725679927212,1
616843,2405,647,2025-09-16 10:35:59,129.59,US,False,0.5325582287143705,0.4335872078341758,0.49642363,0.3842949596240548,1
616844,5552,178,2025-09-16 10:37:05,1052.58,US,False,0.4624690711160836,0.4117772277566311,0.4306724,0.4057238374527803,1
616845,825,567,2025-09-16 10:37:28,48.91,US,False,0.465809653000765,0.4091461993958989,0.3370166,0.3498226618068497,1
616846,1477,308,2025-09-16 10:38:26,1085.08,US,False,0.3726800445083001,0.2500332014486428,0.15265056,0.372217339632696,1
616847,949,323,2025-09-16 10:39:02,780.28,GB,False,0.7539199949736273,0.7850178321443392,0.8795549,0.4651375965488568,1
616848,4574,375,2025-09-16 10:40:10,24.23,AU,False,0.3031648229473729,0.3204053111055534,0.25112355,0.3727151820114119,1
616849,206,443,2025-09-16 10:42:19,106.72,US,False,0.7841375687071074,0.7296256647313809,0.7790452,0.4286772891902392,1
616850,5462,610,2025-09-16 10:44:38,55.84,CA,False,0.3716312169766267,0.344669927357682,0.070088916,0.5069974133015263,1
616851,5312,621,2025-09-16 10:46:39,199.32,US,False,0.3295176463832152,0.311908158760097,0.187039,0.3465194251611804,1
616852,4035,252,2025-09-16 10:51:46,285.04,AU,False,0.3920383457393031,0.4459088076191783,0.4739158,0.3571059567987156,1
616853,2772,681,2025-09-16 10:51:54,202.4,US,False,0.7103011502152572,0.6479386259732378,0.778183,0.4451276463248005,1
616854,3586,265,2025-09-16 10:53:33,394.22,US,False,0.4448460425158318,0.3761198261625068,0.4125699,0.4605373581725872,1
616855,370,124,2025-09-16 10:56:01,15.14,US,False,0.4022864359978938,0.3933472142505159,0.36273637,0.3659027495588396,1
616856,1931,171,2025-09-16 10:57:29,65.27,US,False,0.4286998381915775,0.3126748545124976,0.26414627,0.3563594580101597,1
616857,4736,330,2025-09-16 11:00:57,222.27,US,False,0.4355886364272426,0.3813658254382732,0.3310263,0.3849047247722327,1
616858,4912,645,2025-09-16 11:04:27,162.88,US,False,0.3286262373534377,0.3616788698444452,0.3526607,0.369420929184635,1
616859,1956,172,2025-09-16 11:05:06,180.77,NG,False,0.9554785885103504,0.6135736544556969,0.8021332,0.6921868438367624,1
616860,309,57,2025-09-16 11:06:21,111.68,US,False,0.3147492099241784,0.3020710750984525,0.19312471,0.429451982656165,1
616861,2162,799,2025-09-16 11:08:39,314.28,US,False,0.4443099087255755,0.4385096995452961,0.4391359,0.3768128196581688,1
616862,1248,531,2025-09-16 11:09:23,25.48,US,False,0.5547263672947442,0.4561930172764392,0.50595146,0.3731596885513837,1
616863,1580,617,2025-09-16 11:10:38,1085.75,CA,False,0.5378635901847907,0.328666933518118,0.24434768,0.4324157522555088,1
616864,451,501,2025-09-16 11:10:45,68.37,AU,False,0.4707857781511053,0.3459992116040655,0.24788955,0.3489874699743238,1
616865,4411,339,2025-09-16 11:17:12,65.8,US,False,0.5019446421799026,0.4602069283600316,0.46663117,0.3825137088613216,1
616866,1952,797,2025-09-16 11:18:50,40.22,US,False,0.3901971252138163,0.3540534702137206,0.42950627,0.3828806310510668,1
616867,190,605,2025-09-16 11:22:05,1063.53,US,False,0.5216636718724786,0.414071006832705,0.3986662,0.3739305300611958,1
616868,1877,752,2025-09-16 11:22:12,128.06,US,False,0.4985710418635374,0.2905847152750252,0.23855643,0.3823626907313991,1
616869,4444,110,2025-09-16 11:25:02,948.36,US,False,0.2690370060952279,0.263384935382566,0.18894213,0.3748374675381253,1
616870,430,499,2025-09-16 11:26:04,63.42,US,False,0.5102918906612315,0.4275226484905692,0.31193537,0.3726133468898334,1
616871,4638,142,2025-09-16 11:27:01,1088.34,US,False,0.5950165718248229,0.3639946620875425,0.34592438,0.4181168446665562,1
616872,1262,33,2025-09-16 11:30:35,675.35,US,False,0.5069121998118683,0.3541789148082273,0.3130897,0.3932111686908553,1
616873,964,419,2025-09-16 11:31:30,29.67,US,False,0.3313985365841965,0.349929827984531,0.37387937,0.3563251038109314,1
616874,4748,528,2025-09-16 11:31:38,127.4,AU,False,0.5304159802781643,0.4775604236181409,0.36126122,0.3611347390594759,1
616875,3288,171,2025-09-16 11:32:06,610.44,GB,False,0.5405829634270941,0.2841209189999882,0.24493624,0.6059202583758211,1
616876,4005,553,2025-09-16 11:32:26,870.02,US,False,0.3783883814940854,0.3722231555767762,0.4850582,0.3591583608391734,1
616877,2175,20,2025-09-16 11:35:52,452.39,CA,False,0.722141390404089,0.7732452375016835,0.8086733,0.4368921296519627,1
616878,1641,108,2025-09-16 11:36:03,472.47,US,False,0.5357857936014717,0.4200094581989275,0.49601138,0.3909030246852767,1
616879,3517,106,2025-09-16 11:36:17,28.15,US,False,0.3826659646835711,0.3638682482109421,0.37950215,0.3693657727486843,1
616880,855,783,2025-09-16 11:36:21,20.32,US,False,0.5951003828802093,0.5158307080206428,0.6606563,0.4104679296352175,1
616881,1199,49,2025-09-16 11:38:41,3874.33,US,False,0.6894300510981864,0.7291534257938169,0.78833395,0.4951469235598875,1
616882,3302,568,2025-09-16 11:40:25,26.67,US,False,0.4608708083410304,0.4576726652556755,0.5194354,0.3656693082835499,1
616883,2070,318,2025-09-16 11:42:07,235.45,DE,False,0.4235721304341793,0.37051506140759,0.3138622,0.3450095587709579,1
616884,2099,322,2025-09-16 11:46:40,498.36,US,False,0.3781699255054133,0.3469537789989349,0.2215126,0.3494796728429674,1
616885,1717,293,2025-09-16 11:50:47,8.43,US,False,0.4899602724447348,0.4793974111880449,0.4794175,0.4383759915823715,1
616886,4411,106,2025-09-16 11:53:18,198.74,US,False,0.4941921530014804,0.3582632715367776,0.2184253,0.5699050186351432,1
616887,2163,661,2025-09-16 11:54:51,57.74,DE,False,0.7488011774928953,0.4723871885517484,0.41980383,0.4399547872940954,1
616888,3629,236,2025-09-16 11:55:15,423.0,US,False,0.3398659436991355,0.3685349208325101,0.4841318,0.3504552637074952,1
616889,139,592,2025-09-16 11:57:13,443.93,US,False,0.5529263650001507,0.4048740429758218,0.39126882,0.4134940973102365,1
616890,5586,712,2025-09-16 11:58:29,655.69,US,False,0.3435126520955121,0.3402876759793796,0.205774,0.3535988356732056,1
616891,4385,317,2025-09-16 11:58:37,42.26,US,False,0.3677576153599126,0.4089708859897845,0.36614707,0.4760831295678049,2
616892,1078,412,2025-09-16 11:58:40,2417.97,US,False,0.6308892170237513,0.3460363935685672,0.40313032,0.4475152661095312,1
616893,1234,293,2025-09-16 11:59:41,54.0,US,False,0.4853138357347155,0.4260828800901954,0.24631946,0.4450380186922619,1
616894,936,398,2025-09-16 12:01:40,278.43,US,False,0.623947310354854,0.4540681481506654,0.41379073,0.3757188458363324,1
616895,2480,513,2025-09-16 12:02:42,235.16,US,False,0.5968644711111054,0.4174934853989374,0.39519915,0.3765740251230505,1
616896,209,17,2025-09-16 12:04:43,166.27,US,False,0.4306331603962928,0.3336997994087632,0.26940328,0.3836271744471177,1
616897,4287,274,2025-09-16 12:05:22,2236.35,US,False,0.6918339835447755,0.4123366021364633,0.47686735,0.4652244513576711,1
616898,5789,335,2025-09-16 12:05:30,49.36,DE,False,0.2909106559864781,0.3177330717203164,0.111745,0.4445385960947847,1
616899,4867,255,2025-09-16 12:06:29,384.06,US,False,0.3291582385585306,0.329243008047733,0.25096983,0.3516922560569165,1
616900,1463,722,2025-09-16 12:10:58,319.38,US,False,0.3266733317093604,0.3587221289431151,0.35920987,0.3460961632387694,1
616901,2094,527,2025-09-16 12:12:53,39.19,US,False,0.4922925027822298,0.3925482717357985,0.19091034,0.3688998348477879,1
616902,2963,524,2025-09-16 12:14:34,63.26,US,False,0.434565737399759,0.2798123569432519,0.17965646,0.4514538927833971,1
616903,344,419,2025-09-16 12:16:09,11.38,US,False,0.3338829002832961,0.3553509719637202,0.29960096,0.3725213012253507,1
616904,5129,14,2025-09-16 12:19:00,59.63,US,False,0.3615608026100317,0.3337718705510799,0.30298936,0.3561578833889122,1
616905,2841,633,2025-09-16 12:19:23,1585.01,AU,False,0.3779955886917265,0.3943949815354818,0.41385028,0.4031919858105276,1
616906,4972,384,2025-09-16 12:21:54,47.11,US,False,0.3373196524097587,0.3185045470512347,0.23218371,0.413164835102306,1
616907,705,495,2025-09-16 12:23:42,89.1,US,False,0.6222320773136149,0.4934416000767566,0.58870393,0.3899527377712208,1
616908,5770,423,2025-09-16 12:24:37,149.11,US,False,0.3854334971558106,0.3702852576453864,0.38047314,0.368386542267221,1
616909,3510,525,2025-09-16 12:25:20,36.89,US,False,0.4593846014715119,0.469568365713359,0.46641827,0.3731775324619528,1
616910,1645,170,2025-09-16 12:26:08,86.36,US,False,0.7793743681621729,0.7551267156330825,0.8591969,0.4961338067009552,1
616911,2270,275,2025-09-16 12:26:27,27.19,US,False,0.3171448379790699,0.2789450574214356,0.09643164,0.4524905517724021,1
616912,4716,330,2025-09-16 12:27:10,59.92,GB,False,0.4605893817759106,0.3699744845508035,0.35302526,0.3852034977107198,1
616913,1678,247,2025-09-16 12:27:16,31.52,CA,False,0.3977788645475686,0.4477121035913301,0.39288062,0.3685284592260172,1
616914,4995,346,2025-09-16 12:27:34,210.27,US,False,0.515440665387405,0.4379759004054585,0.52899003,0.4506027170400907,1
616915,1161,396,2025-09-16 12:27:52,19.83,US,False,0.3093348552105894,0.3414885037668865,0.27959442,0.3720667404851912,1
616916,5290,464,2025-09-16 12:30:15,409.95,US,False,0.5547845329848797,0.4267831842988313,0.4286218,0.3717424920095146,1
616917,4325,528,2025-09-16 12:32:46,1743.87,US,False,0.6644796551261513,0.3512507741878646,0.35009158,0.41455787377107,1
616918,1399,142,2025-09-16 12:33:00,164.9,US,False,0.3739511994310938,0.3722125853129396,0.39799902,0.3581061439011692,1
616919,395,749,2025-09-16 12:33:55,44.99,US,False,0.2980408672496813,0.3396041852810392,0.3807064,0.3613972874352421,1
616920,1523,224,2025-09-16 12:35:08,369.98,US,False,0.375519475660795,0.376082053402592,0.2850101,0.3825753331613346,1
616921,3727,713,2025-09-16 12:35:19,1865.16,US,False,0.3788206267008327,0.3823457229324243,0.32458422,0.4074709831496131,1
616922,2543,258,2025-09-16 12:36:39,657.63,US,False,0.3563034070916477,0.3000173995444289,0.14048234,0.3597144858206045,1
616923,1691,620,2025-09-16 12:40:40,277.94,US,False,0.5440945533651098,0.4023265994318865,0.2841493,0.3726787384036389,1
616924,2720,298,2025-09-16 12:40:52,43.44,US,False,0.4912625807381016,0.3217417010203934,0.22147733,0.3832165243261556,1
616925,1852,224,2025-09-16 12:41:07,1973.7,AU,False,0.3423831060610354,0.3237147329594341,0.26690835,0.3924181844369575,1
616926,392,25,2025-09-16 12:45:31,9.87,US,False,0.359291110441528,0.4082786903480955,0.37211654,0.415181892944885,1
616927,1375,605,2025-09-16 12:46:19,27.14,US,False,0.4447515531954876,0.492317631518906,0.54096466,0.3742930456127515,1
616928,5296,470,2025-09-16 12:46:56,811.92,DE,False,0.3848014450929229,0.3233247404979945,0.19787663,0.5497122191725305,1
616929,3605,549,2025-09-16 12:49:46,53.23,DE,False,0.4336645781913344,0.2259628380485451,0.08967464,0.5402436450291943,1
616930,1186,769,2025-09-16 12:53:14,275.32,GB,False,0.3140977084795982,0.3755084994477382,0.3372133,0.3490502675167612,1
616931,4499,231,2025-09-16 12:53:43,67.17,GB,False,0.44268855611217,0.4551394771635283,0.4436433,0.3551532607579736,1
616932,4764,325,2025-09-16 12:55:08,111.84,US,False,0.4609990131258206,0.4670682404654621,0.41683498,0.3493438277939114,1
616933,4958,73,2025-09-16 12:55:27,12.9,US,False,0.5853427659896939,0.4811580942667075,0.40040866,0.3957506794889175,1
616934,1776,173,2025-09-16 12:55:50,133.64,US,False,0.421111840472321,0.458706327464397,0.4802949,0.4019720310902078,1
616935,2795,665,2025-09-16 12:56:52,379.58,US,False,0.2781220980150248,0.2765212017639484,0.1195342,0.3703099561010292,1
616936,3952,352,2025-09-16 12:57:10,176.71,US,False,0.4184990890169175,0.3502367606369313,0.3335835,0.3484183801665088,1
616937,729,125,2025-09-16 12:57:26,150.52,US,False,0.4740949040929875,0.4512479159296039,0.41408432,0.3797389533455756,1
616938,800,223,2025-09-16 13:00:26,8.76,US,False,0.3934847225109439,0.3744430009915594,0.42457232,0.3910595199530939,1
616939,4329,565,2025-09-16 13:01:59,240.46,US,False,0.2932423070766281,0.3238017122192513,0.35533005,0.350622417043313,1
616940,5854,633,2025-09-16 13:02:21,727.41,US,False,0.6766577340962057,0.7756568325835278,0.7956279,0.4198367382457871,1
616941,1193,587,2025-09-16 13:02:37,2462.44,US,False,0.6085383414047854,0.4305364057072346,0.3439864,0.4330368035794931,1
616942,551,97,2025-09-16 13:02:40,12.71,US,False,0.3360157715369704,0.3569368109672625,0.42851815,0.3761961026429473,1
616943,2886,26,2025-09-16 13:07:13,281.91,DE,False,0.6299799608548078,0.4510429007803069,0.42367983,0.3791130404407529,1
616944,1298,617,2025-09-16 13:10:23,1918.33,US,False,0.511326911856173,0.3317046197181886,0.3418702,0.4023597118500793,1
616945,3681,316,2025-09-16 13:11:32,72.27,US,False,0.5519728690691631,0.4499031434141457,0.5022825,0.390694321575927,1
616946,1242,51,2025-09-16 13:11:48,7339.24,US,False,0.7847173114252018,0.5221961890198363,0.7260048,0.5972260081512446,1
616947,499,150,2025-09-16 13:12:10,1070.42,US,False,0.5023300150014796,0.3681001083895678,0.24267846,0.3780634765355127,1
616948,4076,198,2025-09-16 13:12:41,17.47,US,False,0.3876239674796036,0.4235352370144083,0.18499373,0.3964811500468999,1
616949,4887,706,2025-09-16 13:12:42,467.91,US,False,0.4580416905900542,0.3837991173499865,0.37695056,0.3806858912311311,1
616950,3315,26,2025-09-16 13:13:07,506.02,US,False,0.5932634459721157,0.3664408130357716,0.27690554,0.4298674483477717,1
616951,2255,356,2025-09-16 13:15:10,183.13,US,False,0.4087021282347409,0.4274694908944367,0.3328406,0.3608806598577277,1
616952,2062,541,2025-09-16 13:15:21,97.75,US,False,0.4421974954346385,0.4837469650998862,0.47567043,0.3498061577683738,1
616953,5477,254,2025-09-16 13:17:17,249.79,CA,False,0.3941494032208789,0.2297845906454683,0.048508998,0.3926734549139579,1
616954,4817,413,2025-09-16 13:17:29,80.98,US,False,0.4120454600324774,0.3806095051217564,0.39857715,0.3444368409934499,1
616955,1098,97,2025-09-16 13:17:56,54.45,US,False,0.5972007213778949,0.6424161663694783,0.45206082,0.4016432686061936,1
616956,2631,144,2025-09-16 13:21:33,254.85,US,False,0.5015302834095694,0.3828762544614085,0.33824828,0.384155655539289,1
616957,4202,197,2025-09-16 13:25:06,1172.98,CA,False,0.3800261407856054,0.4190058959464399,0.4387821,0.4020682387742875,1
616958,3895,726,2025-09-16 13:25:34,703.77,US,False,0.4796183651165279,0.3895922283166893,0.49083582,0.3738207792492219,1
616959,3158,537,2025-09-16 13:26:06,310.76,US,False,0.3188058892591066,0.2603381359516524,0.07738039,0.3560103610931017,1
616960,1488,244,2025-09-16 13:27:39,64.41,US,False,0.3175163458730478,0.3337746061318492,0.4029385,0.3479017290767089,1
616961,5715,558,2025-09-16 13:28:23,59.04,US,False,0.360444449040305,0.2935303481096381,0.18123446,0.3488695617400005,1
616962,241,560,2025-09-16 13:28:40,114.41,US,False,0.5838136119363199,0.4828445591882859,0.5470399,0.4835151387524042,1
616963,4400,253,2025-09-16 13:30:08,169.84,US,False,0.4636259690642194,0.4730917008312993,0.37213415,0.3597496002978639,1
616964,3802,118,2025-09-16 13:30:24,41.39,US,False,0.5553240321912795,0.5004721876974845,0.43842164,0.3876316085184941,1
616965,5896,739,2025-09-16 13:31:40,73.27,US,False,0.562051785890673,0.5047284730789422,0.56178993,0.3671160823124899,1
616966,5924,222,2025-09-16 13:31:53,76.6,US,False,0.3181193379069431,0.3249731947455485,0.2873404,0.3518334391410968,1
616967,2617,160,2025-09-16 13:32:14,500.58,US,False,0.4933809934582827,0.3963216221104755,0.2112099,0.3937054567306638,1
616968,1021,175,2025-09-16 13:33:59,107.46,US,False,0.4294233669777046,0.4544397504202824,0.49982125,0.3491277801969057,1
616969,2634,98,2025-09-16 13:34:47,64.92,US,False,0.3585454096356501,0.361766478168118,0.334711,0.3458064520331766,1
616970,2210,20,2025-09-16 13:35:30,21.16,US,False,0.458653208384026,0.4387109878734533,0.33959967,0.3672044869424815,1
616971,629,569,2025-09-16 13:37:23,564.45,US,False,0.5008265422032707,0.3333523846843543,0.27543378,0.3848954865399847,1
616972,5854,720,2025-09-16 13:37:56,125.0,US,False,0.2436346397688546,0.3181687598172604,0.21915726,0.4792137650592105,1
616973,4304,611,2025-09-16 13:38:58,420.6,DE,False,0.3544816913405822,0.2754791142802596,0.31319737,0.5518867777068792,1
616974,2876,513,2025-09-16 13:39:14,505.48,GB,False,0.4518652388723336,0.4113785662548164,0.3533693,0.3528913802300679,1
616975,4746,194,2025-09-16 13:39:38,69.37,US,False,0.5554111355374379,0.6500066997879632,0.6675953,0.4335484122516881,1
616976,1348,422,2025-09-16 13:39:46,367.88,US,False,0.5344900571126752,0.4039553943702738,0.49334386,0.3621856967807038,1
616977,447,644,2025-09-16 13:40:03,122.18,US,False,0.4262054206118094,0.4187784228474778,0.29330483,0.3437691105981489,1
616978,1321,51,2025-09-16 13:40:52,602.77,US,False,0.5497340171315265,0.3598300125508478,0.24566792,0.3863980620178604,1
616979,4076,63,2025-09-16 13:42:09,54.85,US,False,0.2258586514533385,0.2975795563756525,0.17665082,0.4843075020806326,1
616980,4264,433,2025-09-16 13:44:42,565.77,US,False,0.3587777525639942,0.3372164050096928,0.35762057,0.3521537148885041,1
616981,3565,306,2025-09-16 13:45:13,31.84,US,False,0.4712421394722162,0.4764363501326972,0.6030672,0.396703369667135,1
616982,4571,201,2025-09-16 13:48:45,46.76,US,False,0.2990953599260794,0.3500992518631962,0.32401064,0.358887167297909,1
616983,959,465,2025-09-16 13:49:57,935.34,DE,False,0.3577539822472836,0.3305584740150531,0.25993377,0.3882092924998316,1
616984,4483,434,2025-09-16 13:53:26,295.84,CA,False,0.6886092419551622,0.4671997280374884,0.48529446,0.4064864004896636,1
616985,3491,165,2025-09-16 13:59:55,168.3,DE,False,0.3398620468075849,0.3550046814994833,0.25664228,0.367970180265898,1
616986,2454,431,2025-09-16 14:00:55,1999.7,US,False,0.4569102633583164,0.2622568945111972,0.21351582,0.5293366595800607,1
616987,729,469,2025-09-16 14:02:02,136.8,US,False,0.4753954289565234,0.4449829119611579,0.35784096,0.4647017555179209,1
616988,326,151,2025-09-16 14:02:27,514.97,US,False,0.4681158922762318,0.3963700337476892,0.23760532,0.3542076099168112,1
616989,1360,688,2025-09-16 14:02:33,75.49,US,False,0.4629895613838677,0.4149776652620309,0.3643338,0.3482225020128756,1
616990,3446,241,2025-09-16 14:03:20,1165.23,US,False,0.292024181704118,0.2695671196699506,0.2556976,0.3811809232814551,1
616991,2348,641,2025-09-16 14:03:40,43.03,US,False,0.3053107544951561,0.344553460079972,0.20502718,0.3657339611742508,1
616992,2985,203,2025-09-16 14:10:06,269.01,US,False,0.5311457451504106,0.3752059098890103,0.46672192,0.4063597925935669,1
616993,1876,782,2025-09-16 14:12:42,104.54,US,False,0.3482807897831038,0.3416877957018779,0.21058647,0.3513279833498948,1
616994,4073,168,2025-09-16 14:12:58,2521.99,US,False,0.4951492034404215,0.3991580322343886,0.39849964,0.4444318998897584,1
616995,2707,117,2025-09-16 14:15:05,237.58,CA,False,0.4918615083614895,0.4128919988156128,0.46888706,0.3660946944602983,1
616996,3887,205,2025-09-16 14:15:08,365.16,US,False,0.2847605843195702,0.2226365459832361,0.083260946,0.352197094940043,1
616997,350,149,2025-09-16 14:15:13,53.37,CA,False,0.3485292488904374,0.2660699404505246,0.09196246,0.3548178105793693,1
616998,1766,363,2025-09-16 14:15:38,1217.88,US,False,0.3313728339453265,0.3787260110262683,0.4700208,0.3777264692423749,1
616999,5351,102,2025-09-16 14:18:27,60.77,US,False,0.4571961511333811,0.3615887440608615,0.33525985,0.3467640384020268,1
617000,5683,94,2025-09-16 14:18:29,89.34,US,False,0.5173115507544649,0.4799060160067023,0.37581065,0.3605216321647722,1
617001,1641,420,2025-09-16 14:22:33,204.94,US,False,0.3903227833334818,0.3471924085509695,0.40550536,0.3859583311771012,1
617002,1380,154,2025-09-16 14:23:05,1016.68,US,False,0.7621932428462572,0.7497478659789018,0.7359362,0.4813930020777366,1
617003,3816,62,2025-09-16 14:23:32,18.07,US,False,0.378909907118072,0.3081813558643391,0.22947668,0.3732599157324089,1
617004,1447,577,2025-09-16 14:27:20,50.83,NG,False,0.5031589424117718,0.4523912086297864,0.44563192,0.5601185223347251,1
617005,5738,586,2025-09-16 14:28:55,95.3,US,False,0.3845959754392185,0.3248180245356482,0.33247408,0.3765893438426592,1
617006,1293,191,2025-09-16 14:30:12,107.86,US,False,0.5989244660858851,0.4875542385933809,0.49859503,0.3855195391562754,1
617007,3349,57,2025-09-16 14:30:40,328.02,US,False,0.4800211465585035,0.2806835080072555,0.23011513,0.4184672631699485,1
617008,3994,755,2025-09-16 14:31:06,63.97,US,False,0.5793385885144542,0.4914890867069693,0.53673935,0.422965110233959,1
617009,3244,520,2025-09-16 14:32:33,974.74,US,False,0.3941014303565579,0.3464129226278084,0.30049324,0.3706069347023027,1
617010,116,687,2025-09-16 14:33:04,20.75,DE,False,0.5276247017833814,0.4141082895047138,0.45489314,0.3961952321068799,1
617011,1215,560,2025-09-16 14:35:18,59.56,US,False,0.5029617081343221,0.4894152501399894,0.49340463,0.3754257445432782,1
617012,3320,214,2025-09-16 14:35:20,94.43,US,False,0.5296448731487007,0.4125236076725606,0.39338818,0.4488771604631503,1
617013,5825,121,2025-09-16 14:38:06,2208.03,US,False,0.5271720277649232,0.6144796183741056,0.62561333,0.4370548050485243,1
617014,4400,278,2025-09-16 14:38:25,774.36,US,False,0.7141059997234241,0.4523994642239249,0.6399832,0.4590691878476805,1
617015,4909,451,2025-09-16 14:39:03,1904.95,US,False,0.5487901456764511,0.2827060318791377,0.04067975,0.5503608984016897,1
617016,1670,721,2025-09-16 14:40:22,105.23,US,False,0.3147545706029532,0.3196759045981858,0.27277398,0.3516726206464342,1
617017,4192,317,2025-09-16 14:41:57,36.54,GB,False,0.5205327975634318,0.3468444852757779,0.29971746,0.5422510919874949,1
617018,674,111,2025-09-16 14:42:34,7.09,GB,False,0.3661562372739703,0.2713521566392808,0.31076643,0.5552502202370337,1
617019,656,533,2025-09-16 14:44:46,9.59,US,False,0.4400723295003739,0.4592641166373092,0.319761,0.3827148715030641,1
617020,3486,629,2025-09-16 14:45:16,303.23,US,False,0.6674344042896749,0.4021888860284751,0.4350489,0.4315922397220954,1
617021,3705,755,2025-09-16 14:52:04,500.58,US,False,0.5654269221965049,0.4440108907012617,0.4855276,0.3925401628063074,1
617022,2431,588,2025-09-16 14:52:35,1986.01,US,False,0.5211005334113399,0.6080876029706207,0.51706016,0.4235733981371967,1
617023,5799,15,2025-09-16 14:53:53,683.84,US,False,0.3867631938002672,0.2914467510437024,0.2555115,0.3768162885766131,1
617024,3944,356,2025-09-16 14:56:15,470.79,CA,False,0.5377357710633789,0.432302011520236,0.4182703,0.3680744594741997,1
617025,1751,99,2025-09-16 14:56:55,47.48,US,False,0.4407647774463575,0.4433485198578638,0.38014296,0.3555984683072921,1
617026,4977,96,2025-09-16 14:57:44,110.2,US,False,0.9550005886665214,0.9026244149070825,0.9504077,0.5508932573642221,1
617027,429,330,2025-09-16 15:01:27,142.4,US,False,0.4680167750173197,0.3514580122316226,0.27560914,0.3610352987549083,1
617028,1843,133,2025-09-16 15:02:03,161.05,US,False,0.3943204863766071,0.2878211205154213,0.28919134,0.3593203210765112,1
617030,3389,496,2025-09-16 15:04:04,5.9,US,False,0.4948192760003335,0.4361973719927372,0.38491887,0.4276010049919611,1
617029,2487,463,2025-09-16 15:04:04,52.05,US,False,0.4734328713229296,0.4270186985976806,0.34306088,0.3687562137838338,1
617031,4971,619,2025-09-16 15:05:06,571.41,US,False,0.5614027241086554,0.4603969527529956,0.4175003,0.3835462677391223,1
617032,431,198,2025-09-16 15:07:02,708.67,US,False,0.4419223094413804,0.439150132850041,0.37193978,0.3651026208598881,1
617033,2278,532,2025-09-16 15:12:00,13.88,US,False,0.5040371426747503,0.426568442035581,0.28893608,0.397326652756036,1
617034,3874,699,2025-09-16 15:12:20,178.36,GB,False,0.5371172789941563,0.2899413449922097,0.2148488,0.5703590551159694,1
617035,627,26,2025-09-16 15:13:38,194.71,GB,False,0.487665383479636,0.4789729632707916,0.43009782,0.3642938038987038,1
617036,3676,590,2025-09-16 15:14:51,763.04,US,False,0.4383730619340275,0.3292724665857932,0.36940068,0.4261425682681587,1
617037,5043,485,2025-09-16 15:15:59,16.63,US,False,0.3769661039768046,0.3013794288855235,0.23680282,0.3684739506267405,1
617038,5714,418,2025-09-16 15:16:57,84.68,US,False,0.3138060183893143,0.3378285641445559,0.26456055,0.35312246222053,1
617039,2873,99,2025-09-16 15:17:15,1178.93,US,False,0.5642234601497421,0.3890181006942273,0.43701336,0.3879515198425107,1
617040,2862,32,2025-09-16 15:17:29,29.57,US,False,0.4398235077409493,0.3381210182292519,0.26162884,0.3951173285519513,1
617041,3403,776,2025-09-16 15:20:17,33.14,US,False,0.3317699956210972,0.3228044131842994,0.28842306,0.3711897186121373,1
617042,1707,542,2025-09-16 15:21:01,28.68,US,False,0.7433118274303993,0.4102552420593599,0.17810018,0.4440809246581177,1
617043,2292,739,2025-09-16 15:26:36,104.14,GB,False,0.6049732544301517,0.4237811190212741,0.3263355,0.4914633538785526,1
617044,1307,445,2025-09-16 15:27:23,132.39,US,False,0.4177605486498418,0.3544941899276497,0.34075868,0.360664122096941,1
617045,1357,133,2025-09-16 15:28:13,201.76,US,False,0.3055889768392399,0.2965686815730888,0.30253488,0.3485467763018381,1
617046,5870,301,2025-09-16 15:28:52,130.19,CA,False,0.5010183016729658,0.4925085680793346,0.34381813,0.3699802090731708,1
617047,4431,569,2025-09-16 15:29:48,132.24,GB,False,0.3980348643187326,0.3317763296541644,0.31481346,0.3498323696621995,1
617048,1934,682,2025-09-16 15:33:11,216.03,US,False,0.3527695271722753,0.3019252298693245,0.21194051,0.3496626007381625,1
617049,102,1,2025-09-16 15:33:12,151.9,US,False,0.4819585868662147,0.3935539823641069,0.39486495,0.5149061696752832,2
617050,1499,581,2025-09-16 15:33:32,2464.97,US,False,0.7176920534917123,0.6856441774564509,0.64739704,0.4668789387731652,1
617051,1777,798,2025-09-16 15:38:49,215.23,US,False,0.5681721032017796,0.4402189467700492,0.48811176,0.3697915819823011,1
617052,4035,638,2025-09-16 15:39:46,516.61,AU,False,0.3519545724730811,0.3150123308334236,0.26525244,0.3929883353007083,1
617053,4786,406,2025-09-16 15:40:20,164.81,US,False,0.5034830776682716,0.3994318749888298,0.26245084,0.3555377648346824,1
617054,3510,30,2025-09-16 15:41:20,75.39,US,False,0.3772866721911352,0.2995608417295406,0.20456575,0.3862612906194097,1
617055,5966,267,2025-09-16 15:42:04,36.59,US,False,0.4573778239269733,0.4736303540932357,0.56214595,0.4531013637347764,1
617056,2497,435,2025-09-16 15:43:32,100.78,US,False,0.446540361064065,0.3774941815105024,0.376827,0.3423884079477123,1
617057,3944,156,2025-09-16 15:44:35,44.23,CA,False,0.2855371515890753,0.3856149087898892,0.11114496,0.5010932306663889,1
617058,263,444,2025-09-16 15:45:21,18.97,US,False,0.4248975797438649,0.3647407771583584,0.37284213,0.3666354158161776,1
617059,2907,75,2025-09-16 15:45:30,112.52,US,False,0.3097945003327492,0.3173686309347718,0.37941328,0.3573899093737925,1
617060,4226,612,2025-09-16 15:47:03,981.39,US,False,0.4163766240702472,0.4397845776518805,0.471113,0.386415836592814,1
617061,434,687,2025-09-16 15:48:47,991.42,DE,False,0.4477190970942972,0.3852498976633955,0.38292372,0.4174047119135005,1
617062,1684,699,2025-09-16 15:48:57,43.75,US,False,0.3182998800169567,0.3403850699339454,0.15282391,0.4296101733222585,1
617063,2472,313,2025-09-16 15:48:59,39.32,US,False,0.3615990207335702,0.3372087684643373,0.29059976,0.3593133276692472,1
617064,1888,613,2025-09-16 15:49:04,1181.62,US,False,0.4068774388181084,0.2590332030654435,0.15725224,0.385211697019942,1
617065,738,416,2025-09-16 15:54:13,97.61,US,False,0.476509296201666,0.3238264173841302,0.31503013,0.3695846116019952,1
617066,508,118,2025-09-16 15:54:25,87.47,US,False,0.5885060031764776,0.4859569856567949,0.42077154,0.3756945016973601,1
617067,1192,650,2025-09-16 15:54:33,63.15,US,False,0.3577108350792184,0.3533036681765759,0.328191,0.3472921940478988,1
617068,2185,765,2025-09-16 15:55:43,13.86,US,False,0.5665604954090565,0.4931514998693017,0.5623609,0.4012208660593158,1
617069,5082,43,2025-09-16 15:55:53,1673.45,US,False,0.5355594326169567,0.3872947637322844,0.29777402,0.3990212500278953,1
617070,4180,371,2025-09-16 15:58:51,208.79,US,False,0.355385256721499,0.3590594668083868,0.43028927,0.3466081697584279,1
617071,5360,33,2025-09-16 16:00:48,262.86,US,False,0.5577102598627242,0.3832087651503089,0.42566356,0.3671958608208777,1
617072,4367,12,2025-09-16 16:01:20,241.46,US,False,0.5417074482609571,0.4720481301268271,0.45725006,0.360692280850318,1
617073,2046,423,2025-09-16 16:02:41,1005.08,US,False,0.8650938310431201,0.8534748685385595,0.8724138,0.5088043165866498,1
617074,1332,312,2025-09-16 16:03:05,105.69,US,False,0.4608925040918032,0.3728127320532615,0.3820734,0.3927257524481818,1
617075,1959,182,2025-09-16 16:03:45,88.89,US,False,0.4965162651127484,0.4369989976352836,0.38113835,0.3829525454799712,1
617076,5064,658,2025-09-16 16:06:49,328.77,US,False,0.300581593788199,0.3321279173529131,0.34428945,0.3492509478063971,1
617077,877,314,2025-09-16 16:07:17,5.82,US,False,0.4388096499692284,0.4116666787555992,0.36339143,0.385896428881543,1
617078,3929,546,2025-09-16 16:10:12,193.51,US,False,0.4788109158353362,0.4109143561059551,0.3531961,0.4858541215494937,2
617079,1640,442,2025-09-16 16:11:12,90.22,CA,False,0.4478222612973463,0.3170229754237579,0.17318943,0.3595560483346487,1
617080,3351,178,2025-09-16 16:11:45,179.59,US,False,0.3602210901138783,0.4300263166112824,0.40231535,0.389169666131294,1
617081,5914,736,2025-09-16 16:12:01,2011.72,US,False,0.3580279050013634,0.2521723133232235,0.14080425,0.4244792539905486,1
617082,3285,443,2025-09-16 16:12:57,1207.75,CA,False,0.5683906454440334,0.4290493120549792,0.37082416,0.3848263127389874,1
617083,4103,340,2025-09-16 16:14:06,84.49,US,False,0.3081786911382449,0.3125402984489995,0.23227145,0.3463219640303909,1
617084,147,189,2025-09-16 16:17:43,169.27,US,False,0.5040816382787174,0.3869224911389181,0.32023275,0.3498500620924725,1
617085,1111,178,2025-09-16 16:19:47,25.03,US,False,0.4204668882944207,0.4405905374362728,0.3311503,0.3662641245395421,1
617086,3673,618,2025-09-16 16:19:55,232.19,GB,False,0.3857493028076514,0.4220590162849103,0.45032457,0.3606425996097745,1
617087,4198,680,2025-09-16 16:20:07,19.49,US,False,0.3975956058111824,0.357706794021083,0.34344408,0.362806795484864,1
617088,5211,548,2025-09-16 16:20:57,1542.3,US,False,0.7020738226413346,0.3511669447978663,0.31363422,0.4306766849845687,1
617089,99,191,2025-09-16 16:22:49,438.36,US,False,0.5460564783746168,0.487872181542365,0.65284455,0.3819388013015247,1
617090,4902,667,2025-09-16 16:23:24,91.61,US,False,0.2868813187659239,0.3250650918773555,0.3682062,0.360730164038723,1
617091,3259,659,2025-09-16 16:27:28,69.89,US,False,0.5239646096956826,0.4821227964158641,0.44169027,0.3690610861267873,1
617092,3177,696,2025-09-16 16:28:17,73.86,US,False,0.3741959766271822,0.3465903897895703,0.32790804,0.3466337914199876,1
617093,3051,595,2025-09-16 16:31:36,274.72,BR,False,0.3745759631349408,0.293947071731435,0.20511088,0.543078221186102,1
617094,473,311,2025-09-16 16:33:08,322.93,US,False,0.2814374556834343,0.2492520693548296,0.12569131,0.4746547659543485,2
617095,1339,437,2025-09-16 16:34:01,145.55,US,False,0.4420742208433925,0.4697223851823403,0.47920236,0.3545518523705123,1
617096,248,389,2025-09-16 16:34:38,70.51,US,False,0.3620907089340583,0.3466976908515684,0.37761778,0.348681023906518,1
617097,761,181,2025-09-16 16:36:35,25.86,CA,False,0.309320555637994,0.3022996753745273,0.21452165,0.4726902816832173,2
617098,3638,630,2025-09-16 16:36:35,523.28,US,False,0.3585383228081222,0.2876122549490775,0.2404579,0.356887608726663,1
617099,2132,693,2025-09-16 16:39:51,8065.29,GB,False,0.3930682014966587,0.2683778957039949,0.12070793,0.5041262929710016,1
617100,2592,147,2025-09-16 16:40:17,43.8,US,False,0.4166992136863298,0.3738742983267316,0.25299215,0.3577022270000693,1
617101,2432,487,2025-09-16 16:41:47,153.17,US,False,0.5457393284510064,0.5108747162524193,0.5675034,0.3890072494724629,1
617102,5832,346,2025-09-16 16:42:25,25.02,US,False,0.4661730001186615,0.4653947532666135,0.306644,0.3863147896343946,1
617103,1476,386,2025-09-16 16:43:16,44.25,US,False,0.4454851848519212,0.4131067898973731,0.33455968,0.3572715462904809,1
617104,893,647,2025-09-16 16:44:14,1181.22,US,False,0.6082543225321866,0.3208142744894778,0.31007037,0.4395640473838357,1
617105,5018,250,2025-09-16 16:44:42,157.26,CA,False,0.5531155985106766,0.4122374320522748,0.3226249,0.3572824251956505,1
617106,5455,323,2025-09-16 16:44:59,19.38,DE,False,0.481952478482317,0.453648697010844,0.34980255,0.4177404650101819,1
617107,5412,480,2025-09-16 16:45:45,321.57,US,False,0.394471482792032,0.3062460817409159,0.17642449,0.3577271894973569,1
617108,3146,144,2025-09-16 16:48:14,1276.76,US,False,0.5434418676604152,0.3314986263687429,0.3994265,0.3946420691802706,1
617109,3403,467,2025-09-16 16:48:15,606.88,US,False,0.9520032097466692,0.838623861714183,0.8821068,0.5624767960148925,1
617110,3721,228,2025-09-16 16:49:27,4.2,US,False,0.3511455766521204,0.369082221579784,0.3186992,0.397123780100176,1
617111,380,424,2025-09-16 16:49:54,3635.85,US,False,0.386405839662966,0.3265926055715436,0.31069154,0.4237667661256669,1
617112,4109,351,2025-09-16 16:50:51,25.11,US,False,0.3952082307384889,0.3710554990901169,0.35061744,0.3994007580124554,1
617113,1663,234,2025-09-16 16:51:25,251.36,US,False,0.5912363339222079,0.4321322355150347,0.40582234,0.4051057603003699,1
617114,4507,505,2025-09-16 16:51:48,464.45,US,False,0.3918611556176282,0.298345788274139,0.25606433,0.3680155483510401,1
617115,4509,579,2025-09-16 16:51:58,318.75,US,False,0.3740644932867097,0.2741352646223661,0.17738058,0.3648059521193003,1
617116,3778,182,2025-09-16 16:53:35,864.63,US,False,0.4252271797034149,0.4185767948142942,0.48449486,0.4006103404674671,1
617117,5989,175,2025-09-16 16:56:48,37.62,US,False,0.4905040754081664,0.4497486906624647,0.41219205,0.3632853240367395,1
617118,3298,99,2025-09-16 16:57:22,206.76,US,False,0.5426764150162386,0.4195610324221472,0.34902465,0.3588314294600848,1
617119,3564,63,2025-09-16 16:58:27,1045.19,US,False,0.3016985271638043,0.2302355748657666,0.111185454,0.3782488196818381,1
617120,4755,252,2025-09-16 17:03:15,262.81,US,False,0.421986828099104,0.4039978439816999,0.3940651,0.361351826587863,1
617121,150,388,2025-09-16 17:03:53,120.39,US,False,0.3175283712330062,0.2610214308791032,0.12781534,0.3789130233942392,1
617122,4348,267,2025-09-16 17:05:30,67.76,AU,False,0.5080397256865565,0.4777763123714986,0.6905032,0.5299975753918954,1
617123,4622,788,2025-09-16 17:05:40,449.31,US,False,0.4306699919108707,0.2787290380240604,0.20285767,0.3532423661303331,1
617124,584,302,2025-09-16 17:07:11,221.09,CA,False,0.445233127591691,0.4335448398106148,0.49510258,0.3551357913914849,1
617125,5988,237,2025-09-16 17:08:54,168.56,US,False,0.4607662402422046,0.4177467038968063,0.40901658,0.3490617014588806,1
617126,245,491,2025-09-16 17:09:15,3829.15,US,False,0.4246352227493246,0.2680100931242257,0.12730698,0.4856079671936218,1
617127,4014,35,2025-09-16 17:10:04,399.04,US,False,0.474223921524514,0.3726950463317137,0.22880664,0.4320369347074919,1
617128,1219,440,2025-09-16 17:10:41,520.98,US,False,0.3664542936347761,0.3273365173636715,0.21800724,0.35646431448111,1
617129,123,315,2025-09-16 17:16:36,3.53,US,False,0.3057347147174878,0.3270979625324846,0.23726875,0.4027750316076752,1
617130,3433,111,2025-09-16 17:20:59,1506.92,US,False,0.3650911158222846,0.2885855857221616,0.15945664,0.3929381809256968,1
617131,2589,204,2025-09-16 17:22:40,141.57,US,False,0.3751375320362101,0.367917164572869,0.23518783,0.4686942172670031,2
617132,4927,592,2025-09-16 17:26:42,55.13,GB,False,0.6025577918725498,0.4199068688936757,0.38830143,0.5318952252649648,1
617133,4049,560,2025-09-16 17:26:58,113.24,US,False,0.519931325046879,0.4884495541349434,0.45309657,0.3728890909626106,1
617134,3521,454,2025-09-16 17:27:04,361.56,US,False,0.3183616530380123,0.3195774602031991,0.3368319,0.3543315813882486,1
617135,1460,136,2025-09-16 17:28:44,1230.76,GB,False,0.5442283617748992,0.4081704490938049,0.27551708,0.3909018745237254,1
617136,3117,700,2025-09-16 17:30:19,27.63,GB,False,0.2879075890317957,0.3066782704584814,0.27365875,0.4816354979598706,2
617137,5987,625,2025-09-16 17:31:25,23.11,US,False,0.4781927815569089,0.4394961050750297,0.49046952,0.3735381215403796,1
617138,3897,337,2025-09-16 17:31:53,33.31,US,False,0.4854071374485397,0.3967540352873496,0.32115057,0.3607450581491638,1
617139,1545,741,2025-09-16 17:31:57,23.35,US,False,0.314650062487448,0.3163253633537151,0.37061518,0.3647277579463365,1
617140,4118,560,2025-09-16 17:32:34,1151.43,GB,False,0.5549305320681639,0.4278670335786321,0.5025536,0.4522463179146936,1
617141,1626,203,2025-09-16 17:32:39,268.25,US,False,0.4192890489802933,0.3095776123933372,0.20781304,0.4874250278109384,2
617142,5652,764,2025-09-16 17:33:15,51.79,US,False,0.4552594640237478,0.4827756985418146,0.5468997,0.3653436011212289,1
617143,5351,214,2025-09-16 17:35:45,144.69,US,False,0.6504163502126745,0.6574570908923576,0.7257187,0.4336768812786181,1
617144,3074,476,2025-09-16 17:35:49,470.79,US,False,0.45854845289649,0.3921186573352172,0.42808473,0.3582353660648144,1
617145,4972,785,2025-09-16 17:42:13,109.03,US,False,0.4947505534412421,0.4247934527311663,0.48119527,0.3969319312495021,1
617146,1254,790,2025-09-16 17:44:09,13.05,US,False,0.4607131268253693,0.4751568245042175,0.463617,0.4084167591678692,1
617147,2791,710,2025-09-16 17:44:54,124.28,US,False,0.2855890811651394,0.3111603620629013,0.3063591,0.3547593934145736,1
617148,2176,111,2025-09-16 17:47:44,46.94,US,False,0.2901104059954156,0.2860077412886348,0.15749969,0.4587985756974748,1
617149,5911,362,2025-09-16 17:49:02,499.09,US,False,0.5221281775545037,0.3863372717073587,0.32022738,0.370833676646351,1
617150,4648,623,2025-09-16 17:50:05,22.77,CA,False,0.4048155092559618,0.3730025124879167,0.41006342,0.3669023891854989,1
617151,1407,328,2025-09-16 17:50:54,132.44,US,False,0.6284757916399946,0.4404256290786809,0.3225946,0.3856408466093222,1
617152,3217,673,2025-09-16 17:58:02,133.57,AU,False,0.3955188249977224,0.2552987243681927,0.3426981,0.5963570672496068,1
617153,5367,549,2025-09-16 17:59:02,3707.2,CA,False,0.4137011175665647,0.2094075986301858,0.12480373,0.4456298234003983,1
617154,1236,405,2025-09-16 17:59:17,114.29,US,False,0.3149531474131455,0.3117207877464403,0.32239133,0.351859041324279,1
617155,2544,560,2025-09-16 18:00:36,32.94,CA,False,0.4318186339314154,0.4730811269394939,0.3823011,0.5126048879408531,2
617156,3036,538,2025-09-16 18:04:11,68.41,US,False,0.4789746415568732,0.4411124532206215,0.31742126,0.3752266720455305,1
617157,2860,550,2025-09-16 18:04:26,254.18,US,False,0.3823707983485465,0.2966063845492742,0.2314817,0.3669951103289308,1
617158,3206,685,2025-09-16 18:05:47,175.57,CA,False,0.319424145326273,0.3378026772255686,0.31431141,0.3495338269648282,1
617159,4037,204,2025-09-16 18:08:21,900.74,US,False,0.4646784430235648,0.4046041639120054,0.4545049,0.3729302698284003,1
617160,2637,514,2025-09-16 18:09:17,86.9,US,False,0.3782745896021549,0.3229918136539517,0.28783354,0.3483186789321754,1
617161,5382,724,2025-09-16 18:11:12,2094.14,US,False,0.7439918971671124,0.3950119842045288,0.58838755,0.4918385959560009,1
617162,580,422,2025-09-16 18:11:52,31.35,US,False,0.4567852562622201,0.4524985184504125,0.50121075,0.4025157912693416,1
617163,993,193,2025-09-16 18:15:58,188.24,US,False,0.3992916293998882,0.3026109135105035,0.35574707,0.3640758466361676,1
617164,3653,326,2025-09-16 18:16:01,37.58,US,False,0.4124683699086777,0.3279133650875692,0.2780336,0.3793921867499415,1
617165,5800,454,2025-09-16 18:16:58,79.29,AU,False,0.43079394521605,0.3011301458531827,0.27935022,0.379282840653633,1
617166,4729,266,2025-09-16 18:17:01,114.42,US,False,0.3525715606074404,0.356841734361043,0.2797574,0.3877137965105285,1
617167,5919,4,2025-09-16 18:17:33,133.11,US,False,0.4586025777753914,0.4895103361645944,0.56350887,0.3589885134927963,1
617168,3723,211,2025-09-16 18:19:53,3.7,US,False,0.4205994574773624,0.4042445050355933,0.21403164,0.4351217411718633,1
617169,1173,246,2025-09-16 18:20:00,1471.32,US,False,0.6138853754376088,0.4039605467924539,0.5751834,0.4575740682695146,1
617170,2065,148,2025-09-16 18:21:39,645.85,CA,False,0.7338775261705627,0.4649158128571574,0.6132445,0.4370126398029796,1
617171,4341,524,2025-09-16 18:22:22,110.47,US,False,0.3167848894992273,0.3320538039075847,0.33758152,0.3508023509339307,1
617172,4415,323,2025-09-16 18:23:05,25.74,AU,False,0.5610389715354773,0.4706922027277108,0.37859774,0.3859016982663368,1
617173,5669,655,2025-09-16 18:23:41,39.65,US,False,0.984615992782572,0.8428382760972987,0.9247934,0.5767309638310968,1
617174,3302,84,2025-09-16 18:24:19,41.12,US,False,0.3994400319917947,0.3350033089512061,0.32928607,0.395031546901553,1
617175,5066,15,2025-09-16 18:24:41,1897.45,US,False,0.5451421682422019,0.6511773682019848,0.74950546,0.4582263822268064,1
617176,4718,181,2025-09-16 18:25:19,152.44,US,False,0.353956765554917,0.2963959902497899,0.19290945,0.3501650235133686,1
617177,4763,382,2025-09-16 18:25:50,42.81,US,False,0.4160771745642551,0.4245012966734753,0.44733402,0.3632669922448228,1
617178,2265,240,2025-09-16 18:27:19,59.34,US,False,0.3221223236153316,0.3549388744504219,0.37954232,0.3562409831322918,1
617179,296,786,2025-09-16 18:28:22,202.32,US,False,0.4692063460670508,0.458934612040879,0.42496386,0.3724614286623849,1
617180,1075,289,2025-09-16 18:30:05,346.56,US,False,0.2970868310061678,0.2720247035683661,0.20033637,0.3580078846948623,1
617181,1279,433,2025-09-16 18:31:04,258.69,US,False,0.3901936766979996,0.3053734073237077,0.30279788,0.384602883579315,1
617182,5712,646,2025-09-16 18:31:39,1053.66,US,False,0.6682951696440413,0.3964893196890228,0.3074387,0.4314062098419975,1
617183,232,588,2025-09-16 18:32:14,29.76,US,False,0.4364660409538844,0.3334005832035291,0.2918984,0.3672186306878384,1
617184,4099,425,2025-09-16 18:32:29,1679.15,US,False,0.4105493451150549,0.3328907253777113,0.39601198,0.4067289250697388,1
617185,3053,131,2025-09-16 18:36:44,466.01,US,False,0.480976940199053,0.3467446156201121,0.32695147,0.4035940157948611,1
617186,1080,110,2025-09-16 18:38:48,39.78,US,False,0.3036650263012615,0.3143571485473227,0.23188268,0.3614400581453284,1
617187,5855,157,2025-09-16 18:38:51,12.21,US,False,0.337164927851087,0.3497465898020888,0.1871335,0.3795001921406574,1
617188,3302,609,2025-09-16 18:38:56,125.38,US,False,0.8943405390059574,0.6956467228352073,0.92254466,0.6463159531630223,1
617189,2981,328,2025-09-16 18:39:22,644.88,AU,False,0.5194974611480363,0.4041576161591746,0.41968617,0.3720036485183969,1
617190,719,172,2025-09-16 18:40:36,26.3,US,False,0.3444879050580538,0.3334421947881412,0.3791876,0.3939680430623983,1
617191,5340,58,2025-09-16 18:40:54,118.74,US,False,0.4542293159363154,0.4427369467012272,0.4000469,0.3455405912644548,1
617192,2782,1,2025-09-16 18:43:44,249.44,US,False,0.5575823588125972,0.4617577907241714,0.611686,0.3952356196033709,1
617193,5471,315,2025-09-16 18:45:11,101.56,CA,False,0.2875932191728471,0.3445946656185482,0.42973432,0.3652800214137872,1
617194,546,708,2025-09-16 18:45:36,73.85,GB,False,0.4532602091080377,0.3395796796438794,0.32303065,0.3585618009502953,1
617195,1454,535,2025-09-16 18:48:35,4681.73,US,False,0.5211473951314313,0.4192431968777127,0.3109218,0.4722683444469536,1
617196,974,279,2025-09-16 18:49:18,48.3,US,False,0.2635949384574937,0.3102402050305493,0.18157318,0.3767558918085762,1
617197,3398,380,2025-09-16 18:50:16,119.52,CA,False,0.4009201062852223,0.2728984159805643,0.14998144,0.3608694734267439,1
617198,963,663,2025-09-16 18:50:24,597.65,US,False,0.2609814092155361,0.2688439735091332,0.14630507,0.4146101018139446,1
617199,2060,478,2025-09-16 18:50:56,16.8,US,False,0.498581377882645,0.414479468534807,0.34946895,0.3780540936925124,1
617200,2954,171,2025-09-16 18:51:09,1235.63,US,False,0.6501754838306713,0.6989883624983042,0.8117651,0.4756597658198923,1
617201,1467,679,2025-09-16 18:51:40,63.31,US,False,0.4147920791207388,0.3172188836177181,0.2079799,0.3550978702153522,1
617202,5240,537,2025-09-16 18:52:50,30.29,US,False,0.3038758279769053,0.2868071873136736,0.1743232,0.3738705165580059,1
617203,3592,532,2025-09-16 18:54:28,144.38,US,False,0.6784134998788673,0.4538189167470228,0.3179758,0.3987139450087551,1
617204,3173,787,2025-09-16 18:56:06,196.35,US,False,0.4709084114050014,0.4567266855177412,0.51689655,0.3995746532337862,1
617205,5395,26,2025-09-16 18:58:17,94.56,CA,False,0.4725923661980279,0.4768714209446903,0.4665615,0.3658027331396973,1
617206,995,104,2025-09-16 19:00:01,423.38,NG,False,0.742864768967762,0.406146382873535,0.38755423,0.6243286832121617,1
617207,2129,145,2025-09-16 19:00:33,197.57,US,False,0.412327726702652,0.4354428826120026,0.45651454,0.3539153136588249,1
617208,1190,301,2025-09-16 19:02:33,81.05,US,False,0.506208323474317,0.4366797031489574,0.40209207,0.3672366975722403,1
617209,4213,544,2025-09-16 19:03:42,29.15,US,False,0.3975805761153461,0.4021748803713399,0.3242923,0.3625468774830389,1
617210,1266,47,2025-09-16 19:03:46,133.29,US,False,0.3496203175385106,0.3366872842001734,0.42954257,0.3847205708264133,1
617211,2802,438,2025-09-16 19:05:38,132.47,GB,False,0.4239845127217723,0.3405002001970919,0.25703463,0.4549794255232822,1
617212,1092,617,2025-09-16 19:08:03,85.99,US,False,0.3893402247768854,0.3567136883129254,0.31610745,0.3503546297450837,1
617213,1881,343,2025-09-16 19:09:00,868.15,US,False,0.8403670968876801,0.8906763274300029,0.9249927,0.5802093350728266,2
617214,5266,632,2025-09-16 19:09:15,101.62,US,False,0.403379240985333,0.2796539441872204,0.20927058,0.3657595916329686,1
617215,5121,104,2025-09-16 19:11:35,10.29,US,False,0.3362269233098695,0.3521710982685499,0.4030063,0.3817624271265028,1
617216,315,515,2025-09-16 19:12:10,406.61,US,False,0.6531491158706657,0.4936995590056888,0.5023471,0.411111682952197,1
617217,5159,74,2025-09-16 19:12:30,85.05,US,False,0.5837510801426198,0.4343730680268397,0.3413191,0.3743635150399988,1
617218,1719,533,2025-09-16 19:17:21,226.07,US,False,0.5087109765569217,0.431660824407266,0.37472063,0.3653135396098695,1
617219,1781,685,2025-09-16 19:19:07,106.96,US,False,0.3491548460736701,0.3358816746971991,0.24560036,0.3549836688947833,1
617220,4786,658,2025-09-16 19:19:38,66.42,US,False,0.3455091366660152,0.3308358701677145,0.31619066,0.3904703943610031,1
617221,569,744,2025-09-16 19:20:02,1012.98,US,False,0.5740589361157888,0.3196409157385082,0.2752344,0.420501093651347,1
617222,351,394,2025-09-16 19:20:25,128.25,AU,False,0.5778710917498386,0.7109852605409579,0.69723094,0.4078000840031149,1
617223,5536,408,2025-09-16 19:21:04,177.92,US,False,0.3857953753008927,0.302272300434613,0.3662593,0.396426824077959,1
617224,1159,19,2025-09-16 19:21:38,134.85,US,False,0.3901725392377643,0.3794843591335566,0.35170054,0.3518235608793193,1
617225,435,680,2025-09-16 19:26:51,164.11,AU,False,0.4613110352055105,0.3573690397967314,0.40476993,0.3526337628815595,1
617226,3222,554,2025-09-16 19:28:29,20.12,US,False,0.3274195588080708,0.3039548608101182,0.252508,0.4032545279182876,1
617227,279,272,2025-09-16 19:32:23,312.26,GB,False,0.3041560163114291,0.2782658644012357,0.11736614,0.3852949449855355,1
617228,5757,310,2025-09-16 19:34:47,806.84,US,False,0.3332737854291391,0.3529059273243415,0.4061151,0.3921135324902203,1
617229,459,745,2025-09-16 19:35:07,410.47,US,False,0.4255179694368836,0.4332961035673313,0.3625597,0.3644831786175736,1
617230,1774,269,2025-09-16 19:36:39,2373.94,US,False,0.9493045223101084,0.7392780786547438,0.91055053,0.5608207406747201,1
617231,4085,596,2025-09-16 19:37:08,288.69,US,False,0.5913874290209145,0.690908702609275,0.7019623,0.4084349032504949,1
617232,4731,186,2025-09-16 19:37:30,3448.29,US,False,0.4789529529580851,0.3509362763523906,0.24508782,0.4695822601129613,1
617233,5558,394,2025-09-16 19:37:32,22.61,US,False,0.3710148513890668,0.3444543175555468,0.29771766,0.3671439832605904,1
617234,4307,751,2025-09-16 19:39:22,14.77,US,False,0.4159430253546034,0.4161302418321606,0.4086882,0.3730077654018929,1
617235,3324,218,2025-09-16 19:40:36,613.88,US,False,0.5589998767714157,0.3676217374726855,0.28899232,0.3988613299699555,1
617236,1547,793,2025-09-16 19:45:03,673.52,US,False,0.4403527916161378,0.4073147556664916,0.4043999,0.4635576864684918,1
617237,924,344,2025-09-16 19:46:14,181.6,US,False,0.6151277003587402,0.3829051514796029,0.18944107,0.515359388033694,1
617238,2727,153,2025-09-16 19:47:31,8180.3,US,False,0.5574566449721222,0.197525404069891,0.10519685,0.597979775587817,1
617239,1137,208,2025-09-16 19:48:02,71.32,US,False,0.3242103760103932,0.2824500094886394,0.08998104,0.3532603395637998,1
617240,4313,427,2025-09-16 19:50:56,26.81,US,False,0.3503846681613903,0.3129321460800834,0.18078986,0.4008688878418796,1
617241,1681,158,2025-09-16 19:52:36,87.91,US,False,0.2758059227564022,0.2962912094284445,0.23763783,0.3577759223532392,1
617242,5148,42,2025-09-16 19:53:41,2213.09,CA,False,0.3797466959409811,0.3608711229998886,0.3685631,0.4176951873345943,1
617243,4042,61,2025-09-16 19:55:01,142.0,US,False,0.3925647074040466,0.3571008476511207,0.41014636,0.3533681274675988,1
617244,3572,90,2025-09-16 19:55:12,616.42,CA,False,0.4142600110661947,0.3131171232185931,0.25420925,0.4899466114200427,2
617245,3321,263,2025-09-16 19:57:38,42.19,US,False,0.3765605820909827,0.3335969511546154,0.39268288,0.366852839492781,1
617246,4155,57,2025-09-16 20:00:58,802.8,US,False,0.404973378610552,0.3127808598464134,0.35527223,0.4202966061383809,1
617247,249,686,2025-09-16 20:02:11,528.52,US,False,0.3682801088354028,0.2855326604536289,0.18452632,0.3698634291982104,1
617248,1415,367,2025-09-16 20:03:32,39.99,US,False,0.5357702995686985,0.5038892650061049,0.439832,0.3934485587111682,1
617249,3583,171,2025-09-16 20:04:08,28.73,US,False,0.2959346159008121,0.3177622821221789,0.34855038,0.3774473469094943,1
617250,3229,371,2025-09-16 20:05:17,121.42,US,False,0.3193349717075359,0.3511768387066765,0.4200746,0.4029234036425307,1
617251,3736,8,2025-09-16 20:06:10,25.61,US,False,0.4471476589099629,0.4710977820189811,0.5335966,0.3786538323850712,1
617252,1645,281,2025-09-16 20:06:15,22.74,US,False,0.444485964627748,0.3442875081386725,0.16012724,0.4116936744960407,1
617253,1286,780,2025-09-16 20:06:29,78.96,CA,False,0.4685050254123246,0.3389659048014478,0.33679727,0.3719279173670177,1
617254,2605,386,2025-09-16 20:07:01,123.22,US,False,0.4665222697722184,0.4166273736269429,0.33477738,0.359920266661276,1
617255,1025,345,2025-09-16 20:07:47,369.13,US,False,0.3869376488671538,0.256155135997222,0.23281452,0.3636635455036303,1
617256,4071,528,2025-09-16 20:08:58,82.73,US,False,0.7443341131232655,0.758980150467533,0.87784064,0.4585428975484865,1
617257,1226,596,2025-09-16 20:09:10,137.5,US,False,0.5548627110214245,0.3520142817178538,0.32180414,0.4086013809054793,1
617258,472,323,2025-09-16 20:09:34,32.6,US,False,0.5848105056193605,0.417082636512598,0.25988418,0.3898276969195069,1
617259,1384,745,2025-09-16 20:11:36,231.18,US,False,0.5589720701134959,0.4431367887658489,0.43004504,0.3687554830828858,1
617260,3382,100,2025-09-16 20:12:23,221.23,CA,False,0.3773553969016658,0.3381623706072307,0.32262143,0.3562915065101983,1
617261,4794,451,2025-09-16 20:12:58,646.55,US,False,0.5362255090236867,0.37868921770261,0.33585298,0.3720263605424682,1
617262,166,272,2025-09-16 20:13:38,13.91,US,False,0.3785177467250598,0.2977730380399279,0.121870264,0.3973540508362395,1
617263,5132,56,2025-09-16 20:13:57,15.97,US,False,0.3264145016740364,0.3540547785440628,0.34211373,0.448150526085886,1
617264,1875,287,2025-09-16 20:14:04,738.14,US,False,0.4857463282763513,0.2996048335980876,0.15638879,0.4316112512760184,1
617265,4824,303,2025-09-16 20:19:25,33.64,US,False,0.4379774767918309,0.3524964862838487,0.16792603,0.3743447044666456,1
617266,2039,289,2025-09-16 20:21:58,37.56,US,False,0.4297081786839365,0.2843047655889049,0.15735474,0.3783834751872348,1
617267,267,479,2025-09-16 20:23:29,199.94,US,False,0.6559685227293662,0.4401637817556765,0.5066066,0.404172304672142,1
617268,357,437,2025-09-16 20:24:54,147.29,US,False,0.4365904807742994,0.4552884885812723,0.38737097,0.3648190209670143,1
617269,2387,491,2025-09-16 20:26:20,120.89,US,False,0.3036426403340579,0.2960609661097078,0.21358757,0.372287055019712,1
617270,2128,530,2025-09-16 20:27:23,55.18,US,False,0.4357579255983455,0.3257312884008869,0.38789368,0.4071646141303506,1
617271,4433,475,2025-09-16 20:28:38,51.07,US,False,0.4016486841121116,0.3203805799316033,0.22971919,0.4063518284930844,1
617272,5049,25,2025-09-16 20:29:25,158.56,US,False,0.3187476886722044,0.3687055328838169,0.38231385,0.3648578385524375,1
617273,4849,152,2025-09-16 20:30:44,7996.18,AU,False,0.9875310661166378,0.3967763118702275,0.46905458,0.7521558083538029,1
617274,102,680,2025-09-16 20:31:16,263.3,US,False,0.4996518776517875,0.3403419874336334,0.4125993,0.5130689001517766,2
617275,5387,384,2025-09-16 20:31:24,16.44,US,False,0.3441595570223932,0.3196154450987528,0.22340801,0.3759305206046633,1
617276,4391,641,2025-09-16 20:33:20,58.7,US,False,0.3207250792956584,0.3416847365521519,0.24885868,0.3569746675369064,1
617277,1344,324,2025-09-16 20:33:35,118.4,AU,False,0.4202366623594567,0.3198465920444598,0.33112878,0.3693200023438252,1
617278,3149,20,2025-09-16 20:34:58,1230.57,US,False,0.5761156898020722,0.3768079737602017,0.31062546,0.4063828498451504,1
617279,1886,14,2025-09-16 20:36:26,458.98,US,False,0.3259587716761318,0.3132489361372135,0.27159584,0.3624217662522583,1
617280,2717,120,2025-09-16 20:37:04,3427.3,US,False,0.3693404533284401,0.3004279295499829,0.2737233,0.4358818737997374,1
617281,52,154,2025-09-16 20:37:14,53.49,US,False,0.4299317536578785,0.3732605386051973,0.38103208,0.3979231187689055,1
617282,4919,86,2025-09-16 20:38:24,99.46,US,False,0.5030060153769346,0.4394001436944688,0.45591104,0.3643526842506279,1
617283,3629,718,2025-09-16 20:38:41,806.2,US,False,0.5657898559523615,0.3783331540865932,0.48329335,0.4275680902808383,1
617284,1702,796,2025-09-16 20:41:30,50.32,US,False,0.3194721277280494,0.3451961191313437,0.28968164,0.3782437196346935,1
617285,950,438,2025-09-16 20:41:54,170.45,US,False,0.4015264725553605,0.3515758907803021,0.46453375,0.3625089672217106,1
617286,2582,553,2025-09-16 20:43:17,156.75,US,False,0.5202915296426465,0.6253194195929691,0.5294658,0.3964906405579562,1
617287,4057,416,2025-09-16 20:45:56,77.47,US,False,0.3378102112184134,0.3268852411224606,0.30738047,0.3593413714244345,1
617288,5403,713,2025-09-16 20:47:37,375.01,US,False,0.3947064286417507,0.4352558764933434,0.4865108,0.3623158714295061,1
617289,4218,611,2025-09-16 20:47:59,6.75,US,False,0.3090358063010803,0.3218465699853747,0.18994218,0.3929034172700923,1
617290,1659,202,2025-09-16 20:49:14,366.45,US,False,0.5005056893514135,0.3845216112389996,0.29137045,0.4993284247266065,2
617291,1328,537,2025-09-16 20:49:54,165.57,US,False,0.4944304787798397,0.2329038260295956,0.11893104,0.3975077648402321,1
617292,1429,787,2025-09-16 20:50:01,99.77,US,False,0.6443804678536958,0.4493605864735237,0.55747586,0.4113726770830896,1
617293,1663,59,2025-09-16 20:50:20,94.08,US,False,0.3639455613398386,0.3021263259696491,0.25411347,0.4677725359366294,1
617294,1957,142,2025-09-16 20:52:08,21.86,US,False,0.4613451103231732,0.3484986234973035,0.2906165,0.3719822656939421,1
617295,365,575,2025-09-16 20:52:12,72.28,US,False,0.2914919676593843,0.3039854856824448,0.1779807,0.3670133208352934,1
617296,1050,664,2025-09-16 20:53:01,13.32,US,False,0.3618867883934663,0.3218234614598906,0.18889524,0.3749791412411331,1
617297,154,106,2025-09-16 20:55:40,134.19,US,False,0.405454336208515,0.3458916981297842,0.26718104,0.3643310593066541,1
617298,2486,428,2025-09-16 20:56:16,208.69,US,False,0.5819418874871906,0.4359091724341988,0.5475289,0.5170068442137646,1
617299,5125,601,2025-09-16 20:56:20,131.11,US,False,0.396785982031366,0.347600473926639,0.32011393,0.3530686166774433,1
617300,1847,686,2025-09-16 20:56:20,249.74,US,False,0.4645807746452657,0.2883269125917396,0.26917925,0.4671734329945612,1
617301,5098,588,2025-09-16 21:01:05,22.52,US,False,0.427299798328577,0.3395310897149311,0.37816367,0.3879261247614797,1
617302,2553,329,2025-09-16 21:01:39,6.6,US,False,0.335043058467002,0.3518651819706789,0.14354914,0.4232739345021584,1
617303,5907,158,2025-09-16 21:03:04,59.68,US,False,0.3725635150282381,0.2911668492908916,0.2653982,0.4353671800991071,1
617304,2863,307,2025-09-16 21:08:53,9573.56,US,False,0.7500174422463823,0.6058116462989119,0.65051824,0.6531183512638018,2
617305,1088,259,2025-09-16 21:08:58,49.72,US,False,0.4811097810237665,0.3186619840597859,0.23824142,0.4220025894424968,1
617306,4293,107,2025-09-16 21:09:10,79.8,US,False,0.301347373427178,0.2882969866539601,0.29626858,0.360572567479927,1
617307,59,422,2025-09-16 21:11:18,170.97,US,False,0.4038461080482007,0.4319951554426998,0.4649791,0.3816543283598015,1
617308,3624,191,2025-09-16 21:12:33,256.41,US,False,0.5074030622063685,0.4706345910188151,0.510162,0.3951995726017543,1
617309,2653,778,2025-09-16 21:14:16,95.97,US,False,0.5866327387381142,0.4466777010178955,0.45379567,0.3939525551450513,1
617310,1492,646,2025-09-16 21:16:37,57.48,US,False,0.4879948336506996,0.4412247673459229,0.3991483,0.3698375375176573,1
617311,2361,105,2025-09-16 21:17:36,75.91,US,False,0.5844531994879716,0.483883588402848,0.5113428,0.384599934537106,1
617312,4098,584,2025-09-16 21:18:25,430.72,US,False,0.4751951096264644,0.4177811159849999,0.2852639,0.4109866143248767,1
617313,3077,388,2025-09-16 21:19:48,85.55,US,False,0.3022214772568025,0.2766646908879268,0.25671017,0.3573517515343881,1
617314,170,257,2025-09-16 21:20:44,469.21,US,False,0.28355816351489,0.3366586120160578,0.37681714,0.4861960632203305,2
617315,1777,243,2025-09-16 21:20:59,140.69,US,False,0.4665006252585691,0.3563200005568774,0.4347011,0.39503616027364,1
617316,4349,394,2025-09-16 21:21:43,18.84,CA,False,0.3473244431633759,0.3540724953217976,0.36645192,0.3769054491284805,1
617317,4052,733,2025-09-16 21:24:01,209.26,US,False,0.3578057923954099,0.3263354742943475,0.33918685,0.3615722678089282,1
617318,314,408,2025-09-16 21:26:53,36.49,US,False,0.3283750145571352,0.3213476762524706,0.23802504,0.3673300520613757,1
617319,100,93,2025-09-16 21:28:38,72.94,US,False,0.3200877184280445,0.2789009094935823,0.23524244,0.3583167003683327,1
617320,4602,574,2025-09-16 21:36:13,311.96,US,False,0.3105655536059156,0.2956459629117988,0.28336042,0.4077653116329738,1
617321,3697,459,2025-09-16 21:38:49,31.78,US,False,0.4268187196447947,0.4376809075574287,0.4011306,0.3758376648832113,1
617322,1966,786,2025-09-16 21:40:15,262.25,DE,False,0.7911707362680038,0.4518990890802412,0.49993932,0.4381578100028967,1
617323,4394,433,2025-09-16 21:41:55,26.19,GB,False,0.3878452035296379,0.2725220476665498,0.22368923,0.6028606139119738,1
617324,5846,436,2025-09-16 21:42:12,311.03,US,False,0.6164878314486315,0.4723531535271601,0.5394534,0.4148759368043355,1
617325,1871,121,2025-09-16 21:44:51,617.13,US,False,0.3581518816390781,0.3169082747058475,0.18198913,0.3675212610365527,1
617326,230,754,2025-09-16 21:46:29,225.08,US,False,0.371606420321901,0.2794270635354925,0.34981894,0.3652237264525753,1
617327,2888,369,2025-09-16 21:51:52,40.96,US,False,0.4495758980061952,0.4719714869831927,0.54947555,0.3808386160261148,1
617328,5867,35,2025-09-16 21:52:10,287.82,US,False,0.4044501411612224,0.4342300306405288,0.45992818,0.3596470719291084,1
617329,5562,709,2025-09-16 21:54:27,68.92,US,False,0.4455961302667203,0.433820027697881,0.46412027,0.3615225241678119,1
617330,4650,592,2025-09-16 21:54:48,935.77,US,False,0.4959680693131097,0.4145812823460722,0.49635613,0.3915032981069074,1
617331,408,49,2025-09-16 21:55:07,593.73,US,False,0.5775254665183105,0.3403373403548506,0.23989491,0.5609233135713971,2
617332,5836,611,2025-09-16 21:55:27,451.51,US,False,0.4198402710057568,0.32321362652651,0.27923808,0.3813609741837522,1
617333,5316,500,2025-09-16 21:56:03,305.54,US,False,0.340711678356939,0.2809280240452307,0.22909284,0.3620458093387571,1
617334,4539,733,2025-09-16 21:58:46,56.53,US,False,0.3803919323654545,0.3128993954025962,0.1795438,0.3608390989885719,1
617335,4853,609,2025-09-16 21:59:36,138.29,US,False,0.5063499060574711,0.3305312097561318,0.32884216,0.391498533361002,1
617336,86,775,2025-09-16 21:59:41,68.71,US,False,0.3374796742464505,0.3176421007990559,0.31017625,0.3587082255752068,1
617337,82,448,2025-09-16 22:00:29,422.73,US,False,0.4074871906662716,0.443954860022524,0.52155304,0.3780432913202394,1
617338,585,233,2025-09-16 22:00:56,10.83,DE,False,0.5692249870506748,0.4564130187489207,0.38945767,0.5603480489301768,1
617339,287,401,2025-09-16 22:00:59,95.81,US,False,0.2781476020879945,0.2903275687692463,0.22179171,0.3799365947373397,1
617340,1043,2,2025-09-16 22:01:54,228.48,US,False,0.3848165606473293,0.3674768360758192,0.37167478,0.3687844975813982,1
617341,1960,742,2025-09-16 22:03:24,64.41,US,False,0.3829121925521945,0.4423184083048033,0.45737058,0.3861188581628575,1
617342,5645,756,2025-09-16 22:05:21,866.01,US,False,0.627222284228611,0.3962356283816169,0.52467436,0.3946177759022154,1
617343,1671,727,2025-09-16 22:05:22,35.78,US,False,0.3894360752641108,0.4249469177407569,0.35211474,0.3959141002355452,1
617344,565,538,2025-09-16 22:07:43,270.38,US,False,0.4912889484389405,0.4378490884975795,0.4249703,0.381531727633231,1
617345,3874,366,2025-09-16 22:08:30,58.54,US,False,0.355856426798205,0.3618398413444211,0.25547072,0.409632527762147,1
617346,714,689,2025-09-16 22:09:14,106.21,DE,False,0.5259268748750537,0.514811271544629,0.5890392,0.4016150133365458,1
617347,938,592,2025-09-16 22:11:37,30.65,US,False,0.5208730291650917,0.401835696255619,0.34969085,0.433171327697174,1
617348,2615,771,2025-09-16 22:12:24,482.02,US,False,0.522593694645005,0.4790749061746622,0.52892613,0.4079621871878614,1
617349,4362,460,2025-09-16 22:12:28,855.99,US,False,0.4655911235880838,0.4690135308050882,0.53852427,0.4036905611856338,1
617350,2080,205,2025-09-16 22:14:10,2966.68,US,False,0.3630212611127881,0.2161721295202094,0.12841666,0.4395806269185005,1
617351,3354,711,2025-09-16 22:19:20,621.42,US,False,0.3313974888739676,0.3434723575022688,0.43899593,0.377882804771434,1
617352,178,649,2025-09-16 22:22:47,122.37,US,False,0.4262417595346598,0.3543312586133433,0.28327796,0.3607561834814503,1
617353,2429,316,2025-09-16 22:24:40,27.4,US,False,0.448663244442152,0.4427960511407927,0.3900935,0.3844580595203143,1
617354,1084,673,2025-09-16 22:25:10,4.77,AU,False,0.2939907614755659,0.3144367226811638,0.15674764,0.4281739133887071,1
617355,989,399,2025-09-16 22:27:28,619.84,US,False,0.4781440988363392,0.4308902721488781,0.4559588,0.3944434690286956,1
617356,3464,760,2025-09-16 22:28:40,595.7,US,False,0.2639576488920714,0.2888354014341515,0.25613457,0.3867620754511492,1
617357,459,649,2025-09-16 22:31:52,254.23,US,False,0.357862321701605,0.3623242462809283,0.40833873,0.4121218445436659,1
617358,5640,760,2025-09-16 22:31:58,52.13,US,False,0.2983818701280867,0.3108929010278562,0.19392161,0.3999320433085004,1
617359,5938,690,2025-09-16 22:33:03,127.25,US,False,0.3167968905223066,0.3448900283449423,0.34243158,0.3659339845464462,1
617360,5741,748,2025-09-16 22:35:59,72.15,GB,False,0.4621027425643852,0.3982277351896603,0.29288247,0.3672314854776193,1
617361,5438,292,2025-09-16 22:36:03,1292.13,US,False,0.3806453843996087,0.310714895177283,0.33904108,0.4260965230192174,1
617362,3844,379,2025-09-16 22:36:20,686.3,US,False,0.2613867849194808,0.3670468143979817,0.43716067,0.4968926330731186,2
617363,4959,132,2025-09-16 22:40:26,318.69,US,False,0.4559211271994746,0.4668772361883919,0.4681917,0.3690649819190546,1
617364,1441,682,2025-09-16 22:41:04,797.87,US,False,0.3456630554519887,0.2754788296132558,0.18149894,0.3864588662712077,1
617365,3209,43,2025-09-16 22:41:18,1887.89,US,False,0.9901636446711156,0.8500894261428645,0.84021086,0.646548682797649,1
617366,5724,670,2025-09-16 22:42:12,568.29,DE,False,0.9007422962046086,0.9102650347722796,0.9587052,0.5346840878718156,1
617367,5259,291,2025-09-16 22:42:21,34.99,US,False,0.2942314601639074,0.3258647259069487,0.24287142,0.3842979470974528,1
617368,778,22,2025-09-16 22:43:28,96.14,US,False,0.5384739571629462,0.3941068055720975,0.2652091,0.384118237133251,1
617369,231,271,2025-09-16 22:44:15,23.48,US,False,0.4060019890528741,0.4335645398469776,0.37736493,0.3843923631256905,1
617370,3607,50,2025-09-16 22:46:22,18.3,US,False,0.2813344341274567,0.3178666802514247,0.26463068,0.4888913176635709,2
617371,2970,664,2025-09-16 22:48:30,2058.63,US,False,0.5573943498733743,0.3516381785975959,0.31725535,0.4706305497133471,1
617372,3071,761,2025-09-16 22:50:40,145.76,AU,False,0.5796724853384484,0.6932280356714807,0.7252797,0.4136758209413112,1
617373,1586,168,2025-09-16 22:50:41,393.51,US,False,0.586784356961153,0.4320042017166032,0.37372062,0.4663212340545348,1
617374,3422,241,2025-09-16 22:52:33,30.88,US,False,0.3022160102056837,0.3230185182651961,0.25499946,0.3835001929988006,1
617375,4161,740,2025-09-16 22:53:36,11589.7,US,False,0.6315212461688046,0.3103961589047158,0.17145011,0.567647717756694,1
617376,4155,318,2025-09-16 22:55:08,582.68,US,False,0.4918522094514933,0.3330833593598874,0.37115735,0.4876909270045289,1
617377,1105,749,2025-09-16 22:55:41,7809.11,US,False,0.4541909729785865,0.2751244546800671,0.19230314,0.5214351311191191,1
617378,3278,642,2025-09-16 22:57:37,678.55,US,False,0.5169946012534176,0.43056692335084,0.44521788,0.4065176951743426,1
617379,3218,633,2025-09-16 22:58:54,88.21,GB,False,0.465811249992156,0.4027714055571577,0.40361705,0.3972622932050628,1
617380,3882,731,2025-09-16 23:00:39,22.11,US,False,0.3085338791440516,0.3418004860122602,0.37925127,0.4070410923042248,1
617381,1282,265,2025-09-16 23:00:46,16.29,US,False,0.3560570279397482,0.3543093237760664,0.4692479,0.3942030579429192,1
617382,1505,376,2025-09-16 23:01:30,23.64,US,False,0.4117753515880527,0.4383173449686515,0.4374185,0.3944348440479843,1
617383,2135,518,2025-09-16 23:02:40,94.63,US,False,0.3752367711568963,0.2797190074117489,0.32285556,0.382897041920688,1
617384,5691,740,2025-09-16 23:03:53,88.84,US,False,0.4824559939683591,0.3485318711861007,0.24742623,0.3808380538671677,1
617385,5891,405,2025-09-16 23:04:09,266.22,US,False,0.3382669494163706,0.3213438321251098,0.25715452,0.3736369983890051,1
617386,4299,181,2025-09-16 23:04:16,182.38,US,False,0.3176898924561902,0.3176863867531947,0.3593629,0.3741721913957203,1
617387,5218,435,2025-09-16 23:04:49,21.7,US,False,0.4066398135803725,0.3710694970780758,0.27351665,0.3915106045086984,1
617388,76,272,2025-09-16 23:06:05,6662.21,US,False,0.3438903406097769,0.3009554364504795,0.07545758,0.5179194244739753,1
617389,1896,259,2025-09-16 23:06:29,2562.95,US,False,0.4360730724722793,0.3066488421294938,0.31157833,0.4429221122867132,1
617390,719,72,2025-09-16 23:08:48,31.92,US,False,0.4807786545775416,0.3864753945336702,0.31809276,0.4237536335574435,1
617391,1834,787,2025-09-16 23:11:52,130.24,US,False,0.5919919770826078,0.4818816220891349,0.54457873,0.3999842698955339,1
617392,3645,716,2025-09-16 23:13:11,70.16,US,False,0.4187332312313708,0.3351187413175071,0.31928784,0.3848562902462847,1
617393,2107,312,2025-09-16 23:13:20,133.58,US,False,0.3783516068602253,0.3076304749057508,0.16223976,0.4304277133530376,1
617394,1540,442,2025-09-16 23:19:53,70.97,US,False,0.4292888729328415,0.3308339891356038,0.3508877,0.4206430779273771,1
617395,1519,459,2025-09-16 23:20:36,897.52,US,False,0.6949798526098041,0.6588331487615231,0.60445595,0.4687810787641938,1
617396,5973,176,2025-09-16 23:21:32,303.99,US,False,0.5126617819981243,0.3516513353282819,0.31191772,0.4063945823259969,1
617397,4234,245,2025-09-16 23:23:23,281.97,US,False,0.4497273888989722,0.3153163393494477,0.2852166,0.3986780919598443,1
617398,2873,49,2025-09-16 23:24:18,2433.25,US,False,0.7386516624514391,0.6738341579366491,0.79882574,0.5264976129449895,1
617399,4007,415,2025-09-16 23:24:21,70.99,US,False,0.5118713503066921,0.4576280718026514,0.36399034,0.3826784698644987,1
617400,3176,94,2025-09-16 23:25:30,41.86,AU,False,0.5364953189428054,0.4707386746080042,0.48315993,0.4004036645225161,1
617401,1096,332,2025-09-16 23:26:59,399.37,US,False,0.3472001852979556,0.2646510218724748,0.12937379,0.4230064400090815,1
617402,1412,269,2025-09-16 23:28:59,12.88,US,False,0.27524251347912,0.3123068601847071,0.40717137,0.4205420082899809,1
617403,1859,624,2025-09-16 23:31:35,418.82,US,False,0.519058600027635,0.4598462475393314,0.3264218,0.4064531355009835,1
617404,3011,604,2025-09-16 23:31:44,154.5,US,False,0.53382868986557,0.4250459123420077,0.40511188,0.3866389055666997,1
617405,3825,703,2025-09-16 23:32:08,25.61,US,False,0.4837478703771583,0.4768852323343261,0.5469671,0.429940331696333,1
617406,2169,459,2025-09-16 23:33:00,86.05,US,False,0.5207995136577461,0.4493417692319461,0.5036035,0.4150731125190927,1
617407,3592,599,2025-09-16 23:35:55,136.41,US,False,0.6828866089747108,0.4143312044758213,0.5414672,0.4631076585199272,1
617408,4334,551,2025-09-16 23:36:30,177.84,US,False,0.5083165408999255,0.4435123877876344,0.49855834,0.4112400796509406,1
617409,3369,320,2025-09-16 23:37:23,100.82,AU,False,0.4966456612780324,0.4689849499700657,0.45126984,0.3882070915222528,1
617410,3843,52,2025-09-16 23:38:34,502.17,BR,False,0.5950033250144329,0.3562115288871076,0.26655656,0.5663210334623365,1
617411,5102,716,2025-09-16 23:38:44,875.58,US,False,0.3990616621306585,0.2996287231137647,0.2484464,0.4131068158884898,1
617412,1853,527,2025-09-16 23:38:44,792.56,US,False,0.4845079607364186,0.4446888132748497,0.51996815,0.4038605662374469,1
617413,212,274,2025-09-16 23:44:15,21.33,US,False,0.4393800834496359,0.4577845450066536,0.4641927,0.4101970479866706,1
617414,4741,773,2025-09-16 23:44:40,6203.47,US,False,0.7775263692231987,0.6762080179988621,0.8258325,0.5776383836668062,1
617415,5039,163,2025-09-16 23:45:48,45.58,US,False,0.4868689368798012,0.3482093047321654,0.13974653,0.4148744715709042,1
617416,1903,286,2025-09-16 23:47:58,81.27,US,False,0.2817260417986743,0.3148607364043367,0.3757897,0.3950535937939841,1
617417,4436,56,2025-09-16 23:49:05,161.0,US,False,0.3526989941908376,0.3178722546730046,0.26312783,0.3897457573726675,1
617418,4050,506,2025-09-16 23:51:11,3161.95,US,False,0.4948495384848833,0.284428328421596,0.15732594,0.4785668824377,1
617419,3017,684,2025-09-16 23:51:17,69.04,US,False,0.4225657279059014,0.4498311097458656,0.4052975,0.3756805754056919,1
617420,1387,178,2025-09-16 23:51:20,109.79,US,False,0.4184938989718453,0.4249185294870164,0.44325373,0.4747903081092227,1
617421,4225,142,2025-09-16 23:52:03,209.75,US,False,0.4086335328711806,0.3874189985034946,0.37463525,0.378440096760602,1
617422,4836,300,2025-09-16 23:55:02,282.34,US,False,0.5668845280546468,0.3589759580927777,0.23872513,0.4098138915245814,1
617423,5276,464,2025-09-16 23:55:09,184.2,US,False,0.4701605240168068,0.4530566088057732,0.43082434,0.3830116881626472,1
617424,1915,237,2025-09-16 23:56:35,784.2,US,False,0.3732272064585102,0.3792688142280366,0.4053446,0.3996296186086908,1
617425,3666,261,2025-09-16 23:56:44,100.45,US,False,0.3499621312184085,0.355676198691657,0.28608817,0.3813530583094136,1
617426,4610,569,2025-09-16 23:57:19,24.01,US,False,0.3077809010237552,0.3386052554963873,0.24990074,0.3845231981919242,1
617427,2399,311,2025-09-16 23:57:38,38.1,US,False,0.3006958371000275,0.3165717345609881,0.28393424,0.3973627509200245,1
617428,3206,299,2025-09-16 23:58:17,927.75,CA,False,0.9045997809462576,0.7354758371428117,0.85644567,0.5743086290376762,1
617429,658,464,2025-09-16 23:59:25,425.18,US,False,0.488683649247187,0.4392112554680973,0.40377918,0.3856624798234609,1
617430,3474,341,2025-09-17 00:04:11,76.33,US,False,0.3362659597634009,0.2758380529461411,0.24422005,0.3798154799806046,1
617431,2840,196,2025-09-17 00:06:49,99.21,US,False,0.5241880897819423,0.3451146602166595,0.35117862,0.4076376116483307,1
617432,1304,412,2025-09-17 00:06:52,141.73,US,False,0.5726191739072234,0.3608043545341807,0.18178795,0.5246198690152382,1
617433,1190,1,2025-09-17 00:08:15,152.92,US,False,0.582995092165785,0.3602389805046424,0.25768995,0.4285802590774688,1
617434,2049,339,2025-09-17 00:08:48,366.2,US,False,0.4394136428368124,0.400189446132121,0.34137747,0.3994944985031046,1
617435,300,600,2025-09-17 00:12:24,24.17,US,False,0.5253132123246641,0.4257556210845496,0.31650463,0.4028845710844333,1
617436,12,132,2025-09-17 00:15:05,126.66,US,False,0.4212069755625184,0.4161038668511132,0.49290812,0.5087222053447262,2
617437,3095,642,2025-09-17 00:15:06,55.58,US,False,0.5082976856065027,0.4456806509556706,0.4617862,0.3918434939602987,1
617438,1439,135,2025-09-17 00:18:27,10.58,US,False,0.3261610843933983,0.3180814566843899,0.24110195,0.4158537580192507,1
617439,5180,775,2025-09-17 00:20:26,271.71,US,False,0.3402622334983018,0.2756005517692362,0.19267473,0.4026321910780241,1
617440,4951,759,2025-09-17 00:21:06,60.84,US,False,0.3337928348298637,0.3087506191924837,0.28053525,0.3777443468101519,1
617441,2874,316,2025-09-17 00:21:35,69.88,US,False,0.4886032182316068,0.4489427019418295,0.44403416,0.379197331893453,1
617442,2139,566,2025-09-17 00:21:55,92.83,US,False,0.3697842661173449,0.3361033262323416,0.25630668,0.3746933433092544,1
617443,3599,231,2025-09-17 00:22:00,134.22,US,False,0.4506908997468136,0.4679838707541622,0.4821201,0.3879209718090191,1
617444,2503,115,2025-09-17 00:23:33,741.06,US,False,0.5619366964311384,0.4060447080492912,0.48114395,0.4155668503479918,1
617445,3186,219,2025-09-17 00:26:53,949.37,US,False,0.4299654237883407,0.3508699283392388,0.43830848,0.5256505996109813,2
617446,1018,538,2025-09-17 00:30:55,343.8,US,False,0.5138136023192714,0.4602398507526279,0.407449,0.4393262666952535,1
617447,709,235,2025-09-17 00:37:58,63.19,US,False,0.34965370180298,0.3088454552070657,0.16636913,0.4176238697494014,1
617448,1925,402,2025-09-17 00:38:09,156.22,US,False,0.3085540408743578,0.3276114525978759,0.32817045,0.3851017761014478,1
617449,2190,423,2025-09-17 00:38:57,23.38,CA,False,0.4125519619654553,0.354214170377177,0.21416214,0.4203580159598318,1
617450,596,779,2025-09-17 00:39:44,118.97,GB,False,0.3004635012807768,0.2962785982262909,0.18228686,0.434707912730887,1
617451,2031,579,2025-09-17 00:39:49,107.45,CA,False,0.2920478884407682,0.3101455507724442,0.29502824,0.3837299564547338,1
617452,2797,542,2025-09-17 00:42:21,269.91,US,False,0.7071893717954416,0.4189266256016511,0.46807045,0.4659230231438585,1
617453,2180,391,2025-09-17 00:43:27,311.83,US,False,0.3244997558640566,0.3257478742013386,0.30633387,0.378282503113686,1
617454,5245,446,2025-09-17 00:46:44,171.86,US,False,0.3420624036233537,0.3493250261858832,0.33009365,0.4017345864341898,1
617455,1011,175,2025-09-17 00:48:40,50.86,CA,False,0.7051022291711134,0.6283337704155787,0.6065512,0.4319862984670942,1
617456,2866,573,2025-09-17 00:51:38,12.23,US,False,0.2971099739134029,0.2877819200635021,0.034827184,0.4246858455365822,1
617457,2051,419,2025-09-17 00:53:12,525.63,US,False,0.3841698714376685,0.3056455717105524,0.1328529,0.4491161013810725,1
617458,2549,796,2025-09-17 00:53:40,481.51,US,False,0.5871636628097708,0.423919521552888,0.4185191,0.4618835550761334,1
617459,3080,616,2025-09-17 00:58:06,59.46,AU,False,0.3303755289442943,0.3415670812562276,0.35788298,0.3778523922196342,1
617460,2218,504,2025-09-17 00:58:20,238.24,CA,False,0.3176510964667264,0.3052481736639464,0.28485417,0.3795994388752116,1
617461,2922,659,2025-09-17 01:00:39,385.54,AU,False,0.5417020344689287,0.4527513034266454,0.42751652,0.3945904682452408,1
617462,2573,479,2025-09-17 01:04:03,17.82,US,False,0.4704574148503315,0.4561965305631758,0.40353438,0.4020696315131212,1
617463,464,740,2025-09-17 01:06:48,496.5,US,False,0.4054170202903073,0.3283150326336365,0.2528505,0.371935422431594,1
617464,4767,748,2025-09-17 01:08:18,74.77,US,False,0.4277810194405135,0.4188258102469454,0.37620756,0.3689830462890546,1
617465,5626,243,2025-09-17 01:08:19,81.25,GB,False,0.4538088210417503,0.3508836524934614,0.2800616,0.3832097347428727,1
617466,1827,236,2025-09-17 01:11:05,30.17,US,False,0.3094849436785649,0.3334691142256187,0.21421187,0.4329960911196092,1
617467,886,207,2025-09-17 01:12:17,3688.1,US,True,0.94622328161172,0.8418099723448081,0.89648706,0.5889050409062464,1
617468,3463,549,2025-09-17 01:13:23,171.92,US,False,0.3419858756335419,0.2600893988455263,0.17616792,0.3626145820299808,1
617469,4904,322,2025-09-17 01:13:24,27.94,AU,False,0.3411607904009459,0.3446260229482737,0.2588863,0.4059496781712288,1
617470,2605,129,2025-09-17 01:15:35,94.1,US,False,0.3926834309972695,0.3686399035496823,0.5243069,0.3978702706790375,1
617471,2136,237,2025-09-17 01:15:37,69.62,AU,False,0.448370499506967,0.4040622802770754,0.32169545,0.3648813495398093,1
617472,2881,80,2025-09-17 01:18:37,688.48,US,False,0.8109151358838508,0.4364477180902505,0.42741555,0.4981664179137093,1
617473,1884,264,2025-09-17 01:18:47,292.81,US,False,0.4683380743249236,0.4324331462356769,0.33337566,0.37245947850556,1
617474,3232,211,2025-09-17 01:18:55,21.42,US,False,0.4007692771344901,0.4061007397740708,0.44395828,0.4178096929413307,1
617475,1629,59,2025-09-17 01:20:46,92.9,US,False,0.3125952445394527,0.2802423149839712,0.25332174,0.3645326323120059,1
617476,2365,375,2025-09-17 01:21:49,1805.43,CA,False,0.5316464815697423,0.5708818234652748,0.58755696,0.4859535263750115,1
617477,4501,432,2025-09-17 01:24:37,698.58,US,False,0.5026255704353,0.4494430806166688,0.37320873,0.4061894465814052,1
617478,5617,619,2025-09-17 01:26:19,104.71,US,False,0.6078980428446299,0.4575213030924643,0.557632,0.4174354593088354,1
617479,2563,294,2025-09-17 01:26:49,4.02,US,False,0.3516080056401537,0.3456769300247503,0.20535123,0.4358154228540397,1
617480,2913,318,2025-09-17 01:29:15,146.43,US,False,0.3706796002548689,0.3675605014240541,0.2360935,0.3739567294771472,1
617481,5589,86,2025-09-17 01:29:33,36.76,US,False,0.5335041860043662,0.4468173983779287,0.3647726,0.3900588669896844,1
617482,2496,547,2025-09-17 01:30:26,53.35,US,False,0.4061014574479631,0.3403639654317831,0.20090613,0.3795305815872284,1
617483,3253,213,2025-09-17 01:32:54,87.53,US,False,0.5664454881222913,0.4473850394535427,0.4125755,0.3820787131093608,1
617484,3181,604,2025-09-17 01:33:57,159.68,US,False,0.4934186233596374,0.4308226090854345,0.39102745,0.3660438990579012,1
617485,1076,750,2025-09-17 01:34:26,977.54,US,False,0.3878897603953861,0.3196436097088961,0.16116497,0.4303909306818795,1
617486,213,452,2025-09-17 01:35:29,101.61,US,False,0.258230704304404,0.292798355968676,0.21055523,0.493994091227717,2
617487,5673,112,2025-09-17 01:36:28,58.04,CA,False,0.3912491157563565,0.3157698896755269,0.18887062,0.3714147955640354,1
617488,1036,715,2025-09-17 01:36:37,33.83,US,False,0.3249557099668435,0.3156022659422049,0.2625767,0.3744029002004563,1
617489,2610,465,2025-09-17 01:37:51,165.34,CA,False,0.4168939051042404,0.2901155991143284,0.20291562,0.4038755199348413,1
617490,1434,463,2025-09-17 01:38:44,2804.22,US,False,0.7258461440030993,0.5514106849199616,0.57460684,0.5678497499691376,1
617491,1693,752,2025-09-17 01:38:52,147.96,DE,False,0.3825257704590499,0.3172306459022574,0.39555717,0.3703667754803363,1
617492,5725,698,2025-09-17 01:40:10,127.49,US,False,0.3062925537557472,0.3243256797433053,0.3391693,0.3677548127010741,1
617493,1672,798,2025-09-17 01:42:37,24.79,US,False,0.4404774555145597,0.433595683038981,0.3590531,0.3870291564718981,1
617494,333,29,2025-09-17 01:42:48,21.37,GB,False,0.4559183210057089,0.4435813533791621,0.30249405,0.3873968278033265,1
617495,2270,252,2025-09-17 01:44:06,30.87,CN,False,0.5678909827844848,0.347142167039374,0.35693628,0.6048337226425445,1
617496,4218,525,2025-09-17 01:49:21,4.68,US,False,0.5030242042706671,0.4641101951988305,0.43609926,0.4619568207812479,1
617497,4210,376,2025-09-17 01:50:40,83.91,CA,False,0.5690919774955223,0.4638341126965254,0.48958498,0.3915607862196494,1
617498,4114,422,2025-09-17 01:52:11,196.33,US,False,0.4677314993873253,0.4283337659948756,0.3206868,0.3702407622743139,1
617499,3333,723,2025-09-17 01:52:33,563.03,US,False,0.4778919410007839,0.425075765560531,0.45031455,0.3871415557887561,1
617500,528,371,2025-09-17 01:54:20,62.39,CA,False,0.4736345819843084,0.3413073175469571,0.30287257,0.3778618584193154,1
617501,5384,317,2025-09-17 01:56:50,2677.06,US,False,0.4133185763093689,0.3602255787488548,0.44676566,0.4427191019725413,1
617502,4786,296,2025-09-17 01:57:25,219.85,US,False,0.6770541725773547,0.4013326597152573,0.5409463,0.4944891219778692,1
617503,5962,297,2025-09-17 01:58:46,41.73,US,False,0.3482969439204888,0.3205331880504993,0.24655904,0.4120773286365963,1
617504,2866,668,2025-09-17 02:02:16,81.45,US,False,0.5697557043618862,0.4527532276352461,0.53621626,0.4094174153925876,1
617505,5415,686,2025-09-17 02:03:08,259.01,US,False,0.2841623211706822,0.2868289459820907,0.20788783,0.3733597391932018,1
617506,4906,611,2025-09-17 02:03:50,781.49,US,False,0.3561255222331715,0.2824178939528596,0.16526291,0.3770361965169567,1
617507,3352,310,2025-09-17 02:04:03,119.26,US,False,0.3074817809569012,0.3309845827960332,0.28345853,0.5115712611060421,2
617508,5777,98,2025-09-17 02:04:32,286.22,US,False,0.4027455542453683,0.3471835680292367,0.32446063,0.364654909908845,1
617509,4521,274,2025-09-17 02:07:46,886.2,US,False,0.4598208053780001,0.4064290052754826,0.5428162,0.3963612385037465,1
617510,4465,294,2025-09-17 02:10:35,1927.18,US,False,0.3392132814972283,0.3069325536439097,0.14857666,0.4558900832150643,1
617511,936,135,2025-09-17 02:10:37,245.61,US,False,0.4838749485164907,0.3014698158400257,0.25488293,0.4150156627850359,1
617512,3957,636,2025-09-17 02:12:56,811.69,US,False,0.5279818053207702,0.4069294431783139,0.3920084,0.3890165984376296,1
617513,1836,42,2025-09-17 02:12:58,2938.57,US,False,0.5682615289992702,0.3217012947988201,0.25364164,0.4522420639531397,1
617514,4507,367,2025-09-17 02:13:04,145.53,US,True,0.5549345847646713,0.477694948294305,0.4818385,0.4410690409215724,1
617515,1554,72,2025-09-17 02:14:08,203.49,US,False,0.4088437129277033,0.4184229136592316,0.48069635,0.3635749881129557,1
617516,2650,619,2025-09-17 02:15:04,83.04,US,False,0.5437110099223234,0.4428954626072885,0.565361,0.3925585510525847,1
617517,5950,273,2025-09-17 02:19:55,885.27,US,True,0.472571796591569,0.3191814848068492,0.25256175,0.3876524018284227,1
617518,3012,110,2025-09-17 02:20:15,664.44,US,False,0.3040735082607319,0.2689807318100097,0.1645793,0.3731238715077389,1
617519,5746,647,2025-09-17 02:22:49,3532.9,US,False,0.6338764884447231,0.3336557159290281,0.24378107,0.4705043251363981,1
617520,4326,533,2025-09-17 02:25:11,450.06,US,True,0.5930877722941043,0.428237203206676,0.39822337,0.4148347406915199,1
617521,945,181,2025-09-17 02:26:52,280.01,US,False,0.3633687880062307,0.3069288275031511,0.2600962,0.3583314843865325,1
617522,1963,112,2025-09-17 02:27:53,205.3,US,False,0.3094005041266999,0.2976955752564898,0.13697414,0.364648336616841,1
617523,5652,447,2025-09-17 02:28:34,37.48,US,False,0.3824917797301915,0.347499331480278,0.20332807,0.4134230082184527,1
617524,2228,449,2025-09-17 02:29:22,120.33,CA,False,0.3878030071277643,0.3892951270510555,0.43724188,0.3817373878212017,1
617525,3060,159,2025-09-17 02:29:30,1270.2,US,False,0.5858899385067126,0.3963252283042452,0.34717637,0.4200717959932946,1
617526,3217,200,2025-09-17 02:30:15,49.33,US,False,0.4697259352888077,0.3481109114558673,0.28974932,0.5367457024245981,1
617527,3770,95,2025-09-17 02:30:39,131.04,CA,False,0.3398871660403586,0.3451136003561939,0.4163558,0.3619255566309622,1
617528,530,128,2025-09-17 02:33:34,1527.58,US,False,0.5847187089718151,0.3090907340635926,0.2694645,0.4430802016242319,1
617529,1595,657,2025-09-17 02:33:38,199.27,US,False,0.4791990980179805,0.4465444376263739,0.42292324,0.3685571520806803,1
617530,337,668,2025-09-17 02:38:08,140.17,CA,False,0.5174457770917857,0.4557977614033492,0.3992227,0.3657274718589229,1
617531,1213,454,2025-09-17 02:39:06,33.36,US,False,0.3126297355749898,0.3182264721411767,0.29243824,0.3772811984607714,1
617532,5882,196,2025-09-17 02:39:11,40.2,US,False,0.3805783127140546,0.3231455647611549,0.1269771,0.3700289373909399,1
617533,3193,710,2025-09-17 02:40:13,362.5,CA,False,0.5039635725503456,0.2884578833346488,0.15899926,0.4525607510307378,1
617534,3503,153,2025-09-17 02:40:49,21.61,US,False,0.2930751751076857,0.2972523677009802,0.19362612,0.3943660144221615,1
617535,5342,657,2025-09-17 02:43:52,897.9,US,False,0.4251226794143154,0.4141783604745374,0.4208489,0.391194503334682,1
617536,2543,714,2025-09-17 02:44:36,945.8,US,False,0.4488158929734483,0.294021161942279,0.28229696,0.4234368212338574,1
617537,5240,48,2025-09-17 02:45:10,44.76,US,False,0.4360257284383838,0.3548155616541112,0.27524617,0.3996159654905767,1
617538,4696,300,2025-09-17 02:46:48,3257.33,US,False,0.554778323678067,0.2939386095317194,0.16304648,0.4642366108360173,1
617539,1418,458,2025-09-17 02:51:51,37.37,US,False,0.3976628293726736,0.3395392350019748,0.19445507,0.4449911429614799,1
617540,2951,321,2025-09-17 02:54:02,715.32,CA,False,0.4124500054388239,0.3663159566414211,0.34390038,0.3848511423776701,1
617541,1399,726,2025-09-17 02:55:48,1481.13,US,True,0.6365135676802322,0.3165262826780425,0.260685,0.4682976887288013,1
617542,4646,776,2025-09-17 02:57:32,520.98,US,False,0.4888588289804617,0.3173387115195479,0.2138737,0.3823650074114236,1
617543,4578,363,2025-09-17 02:57:46,289.28,US,False,0.3672564709497082,0.3561622944073889,0.3206422,0.3595410029834223,1
617544,4736,346,2025-09-17 02:59:08,97.44,US,False,0.5562617280115784,0.4777696470921522,0.48588353,0.4886700766129497,1
617545,1502,1,2025-09-17 02:59:35,171.91,AU,False,0.7192783034931557,0.7416873802052175,0.7007705,0.4676805310022688,1
617546,192,436,2025-09-17 02:59:35,38.1,US,False,0.534748842763137,0.4783955120223642,0.43405205,0.4502701486373447,1
617547,1109,774,2025-09-17 03:01:14,286.99,US,False,0.5081819743884773,0.3767088547627994,0.3099065,0.3604489182285943,1
617548,4068,606,2025-09-17 03:01:33,347.24,US,False,0.4127279862083201,0.2829748958362937,0.25063887,0.3987401774756016,1
617549,3686,603,2025-09-17 03:01:44,15.97,US,False,0.3916470948045588,0.3637110614091892,0.41951966,0.3833703098877593,1
617550,3142,220,2025-09-17 03:02:16,13.55,US,False,0.3815025664125118,0.3722859074308167,0.40456206,0.3789670440501326,1
617551,4987,763,2025-09-17 03:02:26,54.41,AU,False,0.4783158574142899,0.4274246772227795,0.4166234,0.3688549415833783,1
617552,1068,439,2025-09-17 03:02:59,63.53,US,False,0.2777967353363103,0.3168310961169142,0.38950738,0.3755489113112393,1
617553,1002,385,2025-09-17 03:03:09,50.13,US,False,0.5224230717794554,0.4677662011884079,0.5138428,0.3710753679765844,1
617554,45,545,2025-09-17 03:04:06,30.2,US,False,0.3198965367213886,0.343804996990797,0.27377337,0.4016027273333326,1
617555,3126,441,2025-09-17 03:07:46,1697.36,US,False,0.6448164344304345,0.4094766224662696,0.28788158,0.4300313673923171,1
617556,1493,742,2025-09-17 03:07:50,154.9,US,False,0.4525767261150991,0.4473135078552891,0.33371216,0.3722729708411551,1
617557,2153,110,2025-09-17 03:09:26,91.6,US,False,0.3216601375785281,0.2856715172363419,0.24252741,0.3549363230116483,1
617558,1970,462,2025-09-17 03:09:49,444.67,US,False,0.5659703186306246,0.4321478291626656,0.45845446,0.3795383396308431,1
617559,869,152,2025-09-17 03:11:50,102.89,GB,False,0.3228025202580751,0.3408524245646254,0.43814963,0.3687945165210756,1
617560,771,537,2025-09-17 03:12:31,801.77,US,False,0.9573725110953588,0.7465956031893668,0.8358756,0.5970418523540795,1
617561,1039,464,2025-09-17 03:18:16,990.04,GB,False,0.5146235138770181,0.3994328462730161,0.37997562,0.38589535776741,1
617562,5486,793,2025-09-17 03:19:07,263.01,DE,False,0.4761854815881662,0.4230844602405581,0.31599024,0.3570135364551225,1
617563,5926,535,2025-09-17 03:19:30,280.34,US,False,0.4492884637141978,0.4449892856601161,0.42066377,0.3604968084200331,1
617564,4524,557,2025-09-17 03:19:49,7449.48,CA,False,0.4686961899954889,0.2797764668317528,0.15994011,0.5127273788040513,1
617565,545,640,2025-09-17 03:23:07,97.85,GB,False,0.5301809079140402,0.4735412680115401,0.45696685,0.3714170708167851,1
617566,5421,665,2025-09-17 03:23:56,1305.2,US,False,0.3093839381781638,0.3208159137495109,0.22666317,0.3920882979824303,1
617567,726,306,2025-09-17 03:24:45,726.53,US,False,0.5460736588827612,0.4145952380818037,0.4439132,0.3999023205003873,1
617568,1855,532,2025-09-17 03:25:23,9.67,US,False,0.4730797681620838,0.4660597477437638,0.46580762,0.400092624460347,1
617569,989,760,2025-09-17 03:26:51,1056.06,US,False,0.4339705412622777,0.3078788829128366,0.40639094,0.4276082522453538,1
617570,1748,581,2025-09-17 03:27:03,203.7,US,False,0.4525959136400692,0.4624707932083657,0.45001206,0.3651513392707289,1
617571,908,325,2025-09-17 03:29:19,613.0,US,False,0.7181869136207418,0.449189890434986,0.5224151,0.4320365821235385,1
617572,3159,220,2025-09-17 03:29:38,9.31,US,False,0.387639056687405,0.3658430428187408,0.3128882,0.3853673077763208,1
617573,5148,613,2025-09-17 03:31:04,4948.54,CA,False,0.4130943445958513,0.2134940224487722,0.16886538,0.5097962067512318,1
617574,1318,580,2025-09-17 03:33:07,1174.18,GB,False,0.6164013840174905,0.3935355056215401,0.5056516,0.4026318852584277,1
617575,1223,283,2025-09-17 03:35:52,415.75,US,False,0.3933499376683889,0.3039906803042663,0.2583834,0.3629966708528527,1
617576,2696,397,2025-09-17 03:36:19,40.27,US,False,0.3262693898395318,0.3610477447624259,0.3205976,0.3726859667976493,1
617577,4709,516,2025-09-17 03:40:40,93.35,US,False,0.4455835416789382,0.3538783589905924,0.18314272,0.3568224382453515,1
617578,260,705,2025-09-17 03:41:09,13.22,US,False,0.3471867087051385,0.3729764748200966,0.34588087,0.382598112433228,1
617579,561,399,2025-09-17 03:42:08,94.32,US,False,0.5330288287902623,0.4587330309807702,0.4136588,0.3755954268822323,1
617580,3214,287,2025-09-17 03:45:39,199.54,US,False,0.439413875821385,0.2969274965762351,0.17520154,0.3702562574681496,1
617581,1210,520,2025-09-17 03:47:54,400.43,US,False,0.3676962363420549,0.340909944259583,0.343834,0.3907341053153998,1
617582,1787,775,2025-09-17 03:48:02,134.09,US,False,0.4117677794799592,0.3311164687896353,0.3595617,0.3646134294832778,1
617583,2955,181,2025-09-17 03:48:44,13.0,US,False,0.3019526995937672,0.3177745520882729,0.15295061,0.4040205552446985,1
617584,5097,73,2025-09-17 03:51:20,259.28,BR,False,0.6174038178212031,0.4185388786532938,0.4246697,0.5640926535610821,1
617585,735,266,2025-09-17 03:51:45,240.31,US,False,0.3649801179715183,0.3374682747787871,0.2666047,0.3564331711059115,1
617586,1952,265,2025-09-17 03:53:01,21.51,US,False,0.408886320410342,0.3733700430528176,0.3822487,0.4100096091355892,1
617587,2481,33,2025-09-17 03:54:26,23.43,DE,False,0.4335546410704289,0.4129867869917802,0.3778288,0.3761856082899266,1
617588,1353,471,2025-09-17 03:55:13,456.25,US,False,0.4085759069437839,0.3965394110203346,0.31744787,0.3775669510212458,1
617589,1453,268,2025-09-17 03:55:52,11.94,US,False,0.6027813220940148,0.4274834249932332,0.418214,0.4153610135122109,1
617590,4854,176,2025-09-17 03:58:45,76.52,US,False,0.3155331580164022,0.3512531447420011,0.32705,0.3703867584812923,1
617591,2481,690,2025-09-17 03:59:53,40.89,DE,False,0.2956114130545121,0.3412618040904948,0.135327,0.4996935552360583,1
617592,5659,120,2025-09-17 04:00:08,146.17,US,False,0.3616539781207715,0.2901627766893665,0.16856703,0.4419961198536937,1
617593,2443,319,2025-09-17 04:01:23,385.66,US,False,0.5371881060701208,0.4298749472522999,0.44837153,0.3838803678738988,1
617594,5212,69,2025-09-17 04:02:49,258.4,US,False,0.4721242010467369,0.3707477049951548,0.39426947,0.3548703543693828,1
617595,3722,420,2025-09-17 04:03:51,391.32,US,False,0.3768721402060859,0.3233825456945659,0.22363372,0.3571094963453013,1
617596,3757,207,2025-09-17 04:04:28,27.79,US,False,0.4763069099028579,0.4373199861006939,0.28343895,0.3703555558111231,1
617597,4306,627,2025-09-17 04:05:06,56.08,US,False,0.3294346317233228,0.351595934972813,0.34161177,0.3733477593951163,1
617598,68,606,2025-09-17 04:05:59,1774.39,CA,False,0.9771175792907312,0.4421598717989021,0.6428959,0.6469421933615502,2
617599,3821,634,2025-09-17 04:06:05,270.7,US,False,0.6559978726119567,0.4623893646317892,0.46584776,0.398970365389478,1
617600,1344,239,2025-09-17 04:06:22,239.06,AU,False,0.6969043424608242,0.7060552214546634,0.81359255,0.4501069289010778,1
617601,1850,746,2025-09-17 04:07:09,1997.94,US,False,0.4342126439868385,0.3334695200430888,0.23426798,0.4389043543187615,1
617602,1624,427,2025-09-17 04:07:28,151.61,US,False,0.419025231250332,0.2775223642437569,0.121278234,0.3781319249859134,1
617603,5240,542,2025-09-17 04:09:54,52.46,US,False,0.8170466604756709,0.4364831026898354,0.573578,0.5347915767983085,1
617604,5440,693,2025-09-17 04:10:41,141.89,DE,False,0.3572386349925855,0.3197864186939421,0.34914133,0.3888267504008215,1
617605,193,481,2025-09-17 04:10:49,18.06,US,False,0.4490181340396324,0.3244650297355473,0.29053375,0.3941535933664323,1
617606,4712,361,2025-09-17 04:12:41,159.51,US,False,0.3440207267234775,0.3379547524294412,0.2084185,0.3513253822808072,1
617607,3259,48,2025-09-17 04:13:32,233.41,US,False,0.6204538944672526,0.3580231068176437,0.30518034,0.4331229426903748,1
617608,4587,480,2025-09-17 04:14:23,166.58,US,False,0.3390961637765771,0.277595071539296,0.16783674,0.3846439883242433,1
617609,1412,459,2025-09-17 04:14:55,222.09,US,False,0.6959090008700844,0.6474361376092299,0.5716121,0.4512316650087626,1
617610,5841,603,2025-09-17 04:16:31,74.66,US,False,0.3609147194794205,0.3764481853557078,0.40135223,0.3581803842273229,1
617611,5808,544,2025-09-17 04:18:31,1559.11,US,False,0.5096948742162146,0.3168791448054765,0.10789456,0.4144765135425103,1
617612,5174,629,2025-09-17 04:20:28,246.62,US,False,0.5844432440332292,0.4738749284380478,0.4887342,0.422620821341609,1
617613,4514,411,2025-09-17 04:22:08,69.65,US,False,0.7394449673619857,0.4729296449776726,0.3681633,0.4525827182117262,1
617614,653,110,2025-09-17 04:24:35,118.8,US,False,0.4635048900075978,0.2958466827151609,0.17396034,0.3895223425085012,1
617615,5669,735,2025-09-17 04:25:49,9.37,US,False,0.6121853024654713,0.3765394303456339,0.39775205,0.4893234190819822,1
617616,2136,182,2025-09-17 04:26:15,110.75,AU,False,0.5504042053691893,0.47593793194301,0.43701538,0.396842466839263,1
617617,849,565,2025-09-17 04:26:37,37.17,US,False,0.3765771448871223,0.3245834637078709,0.27283895,0.3621948571371122,1
617618,2012,565,2025-09-17 04:26:45,139.34,US,False,0.3137738519533925,0.3283478623118599,0.33546868,0.3515869929825647,1
617619,4024,227,2025-09-17 04:27:59,115.39,CA,False,0.4807846488434097,0.3065984554273702,0.19270456,0.3806516688882367,1
617620,1002,737,2025-09-17 04:28:09,38.37,US,False,0.6597920959043094,0.4966776111442991,0.6364933,0.4660790686920652,1
617621,5051,237,2025-09-17 04:33:06,64.11,US,False,0.4011306225957523,0.408455969091263,0.40186515,0.360163304051249,1
617622,3988,57,2025-09-17 04:33:08,323.05,US,False,0.4982140768081404,0.3085421210340284,0.30060118,0.3919720473757753,1
617623,5339,470,2025-09-17 04:33:22,732.83,US,False,0.3374805360173543,0.2763905892977517,0.20997347,0.367542070671891,1
617624,4765,702,2025-09-17 04:33:58,52.74,US,False,0.9387467270986252,0.8878883287054223,0.9153449,0.5196772010398214,1
617625,199,481,2025-09-17 04:37:35,379.68,US,False,0.4657460785526559,0.3618072812698831,0.31950167,0.3831909310376385,1
617626,3639,765,2025-09-17 04:38:10,86.53,US,False,0.668404104012208,0.476768396639289,0.53904086,0.4063701753698871,1
617627,2278,390,2025-09-17 04:41:28,23.28,US,False,0.5845589697903099,0.4413135886233226,0.39153,0.433099887145551,1
617628,2647,71,2025-09-17 04:41:33,23.56,DE,False,0.447231699854778,0.3119590958342849,0.21005936,0.5516100615215666,1
617629,5567,642,2025-09-17 04:43:16,35.94,US,False,0.4538185468508862,0.4752026655232476,0.389197,0.3838703944535361,1
617630,5216,663,2025-09-17 04:43:29,159.89,US,False,0.3651412823612444,0.2846813230183079,0.2694078,0.3551184860543596,1
617631,112,45,2025-09-17 04:44:09,46.61,CN,False,0.937018459298064,0.6423572890738621,0.9143406,0.6402823151069131,1
617632,4483,751,2025-09-17 04:46:22,128.09,CA,False,0.5124106747338156,0.4250637333172635,0.35904324,0.3890852753278834,1
617633,424,616,2025-09-17 04:50:55,3.03,US,False,0.3204604356353702,0.3322419220632495,0.30468228,0.423765812401261,1
617634,1224,365,2025-09-17 04:51:07,671.0,US,False,0.3153313876390316,0.3049840857820683,0.2802541,0.4502940033941821,1
617635,5094,529,2025-09-17 04:52:37,7025.25,US,False,0.978981511956752,0.5291702940752168,0.6961852,0.6359418364398761,1
617636,728,159,2025-09-17 04:53:25,8.0,US,False,0.4307589831619909,0.444219084420296,0.37000453,0.3955677637223524,1
617637,4044,2,2025-09-17 04:53:33,60.92,GB,False,0.3864396749400178,0.3533367520316283,0.34384474,0.3660628216243836,1
617638,4202,13,2025-09-17 04:56:35,3558.96,CA,False,0.4878039544217779,0.3955962177496344,0.45056188,0.4739739745620706,1
617639,4846,315,2025-09-17 04:56:58,80.26,US,False,0.3278412174712288,0.3370194432243747,0.2722322,0.4305269442525802,1
617640,1615,237,2025-09-17 04:59:05,19.06,US,False,0.4275879129721724,0.4120800556364372,0.37239233,0.3802912121114557,1
617641,5582,735,2025-09-17 04:59:21,64.73,US,False,0.3932667976884471,0.3626930245846566,0.34372875,0.3596532694118016,1
617642,3893,362,2025-09-17 04:59:55,2539.72,US,False,0.5814940239224653,0.3510637367727274,0.33535787,0.4889736155505942,1
617643,3073,66,2025-09-17 05:02:34,44.61,US,False,0.3424778759092393,0.3178856140570288,0.2533977,0.3629699508723206,1
617644,4221,185,2025-09-17 05:03:48,198.39,US,False,0.4383071984148486,0.4276555371319454,0.5059893,0.3661801305451376,1
617645,4505,32,2025-09-17 05:03:58,1467.2,US,False,0.3794316598842422,0.3292528827967566,0.33712313,0.3849642531696759,1
617646,1794,717,2025-09-17 05:04:23,1120.47,AU,False,0.5461820972921814,0.2467877036695236,0.23166347,0.6023698467075392,1
617647,1810,476,2025-09-17 05:04:27,107.44,US,False,0.4443729465290884,0.4247929267206611,0.38256553,0.3915112137017909,1
617648,5783,763,2025-09-17 05:06:00,116.64,US,False,0.5221331457803086,0.4716900608799215,0.5546767,0.3650047107157437,1
617649,3904,287,2025-09-17 05:10:28,3337.19,GB,False,0.5060176144266392,0.2819990018367448,0.129756,0.4269311623499576,1
617650,811,169,2025-09-17 05:10:47,8.01,US,False,0.3285717678673915,0.3318971704551915,0.2122565,0.3796557781391284,1
617651,1964,749,2025-09-17 05:13:48,24.68,US,False,0.3381261140942113,0.3205444050669992,0.30317733,0.3763546271794278,1
617652,3560,49,2025-09-17 05:14:18,188.69,US,False,0.5294781176074196,0.3683851370846962,0.35534632,0.3696265443346393,1
617653,2134,522,2025-09-17 05:16:22,731.27,US,False,0.4311485561257542,0.2794473193872712,0.38769412,0.3929816904016708,1
617654,4,674,2025-09-17 05:18:45,542.92,US,False,0.6918151467038831,0.594360062386815,0.5344097,0.419674832891231,1
617655,5725,451,2025-09-17 05:18:59,208.79,US,False,0.5433413802910718,0.4629691881300647,0.5938709,0.4031817956795258,1
617656,2485,292,2025-09-17 05:21:13,532.94,US,False,0.4072368158052007,0.3392385410991498,0.23860627,0.3654750990609521,1
617657,329,229,2025-09-17 05:24:31,714.3,US,False,0.536290570650721,0.3998113291327029,0.46691588,0.3734150966124653,1
617658,1833,69,2025-09-17 05:24:49,380.52,US,False,0.5195782936929522,0.3183176442319234,0.26233628,0.3596561814824962,1
617659,4603,798,2025-09-17 05:25:27,21.44,US,False,0.4218566279022438,0.4303726986922716,0.35123712,0.3819700467660504,1
617660,1015,744,2025-09-17 05:25:34,537.49,US,False,0.4159221841193696,0.3424904899634357,0.1609688,0.3604050104067939,1
617661,1921,144,2025-09-17 05:27:19,737.08,US,False,0.8626571826395429,0.7709639286327141,0.8406106,0.5307430764763006,1
617662,3343,331,2025-09-17 05:28:28,27.76,US,False,0.6144422406572768,0.4904110305541608,0.3426106,0.4493608390082139,1
617663,2559,491,2025-09-17 05:32:18,12.86,US,False,0.3085795919541088,0.3224615584578857,0.2361912,0.3925409206254178,1
617664,61,509,2025-09-17 05:35:21,83.26,US,False,0.4119948127659489,0.3421297032425848,0.2614581,0.398013747707955,1
617665,1672,703,2025-09-17 05:36:02,33.39,US,False,0.5719105074778712,0.4868954472285781,0.43215454,0.44233922019988,1
617666,469,116,2025-09-17 05:37:41,407.35,US,False,0.4802782893353402,0.3143395332509511,0.27036572,0.3793928767337653,1
617667,106,727,2025-09-17 05:38:40,5831.86,GB,False,0.7267041761959824,0.676311994782323,0.6773169,0.5423697029087785,1
617668,3618,188,2025-09-17 05:40:13,198.83,US,False,0.4806323216743545,0.4591774916406926,0.54800475,0.3765841234566369,1
617669,945,756,2025-09-17 05:41:00,188.72,US,False,0.4882628905040109,0.3693055344690171,0.31063235,0.3871925180848262,1
617670,317,798,2025-09-17 05:45:03,15.87,US,False,0.4277832054024766,0.4271251618284685,0.3493473,0.377618022323315,1
617671,859,298,2025-09-17 05:48:08,294.1,US,False,0.3995490185380504,0.3452627087795642,0.38624245,0.3889855474644971,1
617672,3799,734,2025-09-17 05:48:09,308.13,GB,False,0.4771182402424163,0.4135995033098481,0.4342825,0.3734709613539911,1
617673,4781,121,2025-09-17 05:48:33,29.18,US,False,0.3330007485023035,0.3527470437655295,0.2419307,0.3782207285513836,1
617674,4888,492,2025-09-17 05:48:41,17.45,US,False,0.5818463122868839,0.4313383351200949,0.37415347,0.4907209946375021,1
617675,1455,591,2025-09-17 05:50:54,452.93,US,False,0.3454285677714421,0.2866370183828163,0.22617637,0.4895549543603751,2
617676,4726,379,2025-09-17 05:51:36,207.52,CA,False,0.3229946093211507,0.3584273116110319,0.37414068,0.3513075601794316,1
617677,289,211,2025-09-17 05:55:37,76.6,US,False,0.4285297507467219,0.4117296944605598,0.3572318,0.4028124737892564,1
617678,3246,586,2025-09-17 05:55:39,37.12,RU,False,0.9603297035687292,0.5044835548104782,0.70941913,0.6367008807284603,1
617679,578,205,2025-09-17 05:57:17,92.46,US,False,0.3633756855216725,0.3077230619633353,0.22803062,0.3557349775831843,1
617680,2340,243,2025-09-17 05:58:15,138.61,US,False,0.3424666215631388,0.3609786264662674,0.3558112,0.3582829156731443,1
617681,5394,65,2025-09-17 05:58:40,9.86,US,False,0.5075200019740547,0.4616311674813562,0.4958852,0.3916512697061546,1
617682,2886,705,2025-09-17 06:01:46,137.2,DE,False,0.4108375500665591,0.3591825985949201,0.21415327,0.3783502161702563,1
617683,1899,730,2025-09-17 06:03:00,32.2,US,False,0.328007937250472,0.3466889247896059,0.29380637,0.3610554642194793,1
617684,3025,97,2025-09-17 06:03:12,2004.8,US,False,0.95500493331326,0.7679917649496147,0.5054563,0.5753447563380792,1
617685,2599,357,2025-09-17 06:03:45,50.13,CA,False,0.4896577342571899,0.4336995202644733,0.38268143,0.357831097529645,1
617686,58,739,2025-09-17 06:09:21,352.51,US,False,0.5313670777389738,0.4576810672391435,0.4820053,0.3725572324916849,1
617687,5320,800,2025-09-17 06:09:29,40.89,DE,False,0.4324748410986834,0.3540966242566343,0.36689898,0.4426060872407812,1
617688,3019,292,2025-09-17 06:09:30,972.31,US,False,0.3719943394429463,0.3484550633313076,0.35536283,0.3664385142978699,1
617689,5981,358,2025-09-17 06:09:58,330.77,US,False,0.4280695953527252,0.3221346542588327,0.39944074,0.348047560008162,1
617690,5827,22,2025-09-17 06:14:10,121.16,US,False,0.4277021246723881,0.4688813473182247,0.40306383,0.349892378005219,1
617691,4405,172,2025-09-17 06:16:43,68.49,CA,False,0.3664128947895564,0.3402309480005349,0.32125023,0.350426549350294,1
617692,5970,600,2025-09-17 06:17:58,120.86,US,False,0.5693733574001647,0.3904088263094502,0.43192068,0.3720734336778026,1
617693,2033,739,2025-09-17 06:20:48,440.94,DE,False,0.7318496511566026,0.4126830644449132,0.42254448,0.4399758727258311,1
617694,706,364,2025-09-17 06:20:54,8.65,US,False,0.2986684455843873,0.3168073378601478,0.22175652,0.3989848432309457,1
617695,4275,63,2025-09-17 06:24:49,710.26,US,False,0.3083443018129501,0.2578740976999689,0.19330977,0.3660316587596554,1
617696,4722,672,2025-09-17 06:26:11,3203.77,US,False,0.6166671112227226,0.5337161027748036,0.43638182,0.4776365072186128,1
617697,5898,269,2025-09-17 06:26:32,55.02,US,False,0.3136891175169896,0.290572632180849,0.18527964,0.3785310322625385,1
617698,2634,542,2025-09-17 06:27:08,91.35,US,False,0.7016047748974695,0.4881186915402954,0.5090741,0.4655532484345263,1
617699,3179,225,2025-09-17 06:29:09,143.16,AU,False,0.4788377976498004,0.360504462022009,0.3474368,0.3722621516429664,1
617700,3440,767,2025-09-17 06:30:43,2046.43,US,False,0.3362612051669902,0.3198270441771937,0.3275465,0.4041273270049875,1
617701,2212,751,2025-09-17 06:32:13,44.25,US,False,0.4468764109357958,0.4201809129836045,0.3658039,0.3557401525107556,1
617702,5132,365,2025-09-17 06:33:31,84.82,US,False,0.5322061940119727,0.3618299054671314,0.4845296,0.4221079277823254,1
617703,2082,441,2025-09-17 06:34:55,554.8,US,False,0.6919183850281295,0.4491415209705433,0.32930762,0.4100693417040002,1
617704,5472,47,2025-09-17 06:34:58,301.49,CA,False,0.3421170991930892,0.3304738557609167,0.3078358,0.3515610698558186,1
617705,1830,438,2025-09-17 06:35:50,591.24,US,False,0.3617730001052338,0.3295135514497145,0.26798278,0.3523000586767517,1
617706,2023,274,2025-09-17 06:36:05,87.78,US,False,0.5587263637597305,0.4514196613340308,0.41075388,0.3838110473059362,1
617707,5887,451,2025-09-17 06:36:27,22.68,US,False,0.5469666524893777,0.4035516509020194,0.18684144,0.3975981014892933,1
617708,3155,791,2025-09-17 06:37:36,675.95,US,False,0.5683792207423557,0.4016680668446188,0.2072247,0.3811582290849044,1
617709,2057,557,2025-09-17 06:37:37,1682.16,US,False,0.3902110091688737,0.3064958793569873,0.2105154,0.4184661529089194,1
617710,1159,205,2025-09-17 06:41:02,867.43,US,False,0.5922391154266294,0.5398429882141796,0.5382475,0.4691496923815931,1
617711,5185,368,2025-09-17 06:43:42,42.47,US,False,0.2648387894239084,0.3144521914005364,0.2290693,0.4835931120388246,2
617712,5656,91,2025-09-17 06:48:25,77.34,BR,False,0.4088472611502878,0.2727691660624667,0.24341354,0.5362077290522635,1
617713,3641,300,2025-09-17 06:50:01,311.09,AU,False,0.433812645128023,0.3511523171387998,0.29868478,0.3489733276914464,1
617714,862,198,2025-09-17 06:52:07,437.27,US,False,0.448815236507537,0.4091475523467637,0.36162606,0.36876883409222,1
617715,5269,171,2025-09-17 06:52:45,281.66,US,False,0.3205067466915131,0.365029064347079,0.3990121,0.3550902267226789,1
617716,1677,478,2025-09-17 06:52:59,269.23,US,False,0.50756899251889,0.4270928382568927,0.4076182,0.3530015974409639,1
617717,4447,636,2025-09-17 06:59:59,11.49,US,False,0.4891070204230192,0.4433574782122955,0.3958273,0.3925071292069098,1
617718,5806,773,2025-09-17 07:01:02,819.44,US,False,0.5054519260395609,0.3201200231484158,0.29963636,0.4056215272619592,1
617719,1886,245,2025-09-17 07:01:50,231.79,US,False,0.3189529615058069,0.3175357471074824,0.2791925,0.3884535008042831,1
617720,2998,564,2025-09-17 07:01:55,4.88,US,False,0.4994140507472759,0.4539830927102315,0.46132088,0.4141722825914363,1
617721,547,629,2025-09-17 07:02:43,94.15,US,False,0.6106840638724522,0.5026213179394851,0.5345896,0.379815376760971,1
617722,1855,435,2025-09-17 07:05:33,127.76,US,False,0.8680580164882576,0.6410916117581198,0.71959627,0.536031071936343,1
617723,489,91,2025-09-17 07:09:01,140.2,AU,False,0.3232009901796659,0.3281440650309011,0.3693313,0.3832552643349918,1
617724,3934,53,2025-09-17 07:10:35,42.6,US,False,0.4744229596795896,0.4318849404855169,0.5321172,0.3547628958315997,1
617725,371,692,2025-09-17 07:13:19,13.18,US,False,0.5387099560953565,0.4735358457355856,0.38688925,0.3845344002716642,1
617726,1252,680,2025-09-17 07:15:05,288.0,US,False,0.528051131097751,0.3819023017053901,0.26198256,0.4928958051615958,2
617727,840,19,2025-09-17 07:15:33,370.13,BR,False,0.5132953112978493,0.2921515945404415,0.27657595,0.5950872886262241,1
617728,2272,625,2025-09-17 07:17:59,223.59,US,False,0.4676349272465847,0.4522823127494604,0.38336688,0.3616096761028339,1
617729,5974,309,2025-09-17 07:19:54,12.74,US,False,0.2971006486985846,0.3391224358798938,0.4264378,0.3924378492702599,1
617730,1732,352,2025-09-17 07:23:25,117.28,US,False,0.5105109109620926,0.3549244126270037,0.31707668,0.3810171047990982,1
617731,1931,448,2025-09-17 07:24:48,79.27,US,False,0.626882535641814,0.4479180467093747,0.413628,0.4151079776146536,1
617732,3433,329,2025-09-17 07:26:52,1311.76,US,False,0.4509867030811735,0.3275991724119252,0.34312752,0.418141627556006,1
617733,5828,663,2025-09-17 07:27:45,92.49,US,False,0.3754581374454421,0.2729800025942272,0.25157425,0.3537703528752178,1
617734,2444,454,2025-09-17 07:28:04,937.41,US,False,0.2961766866104129,0.2914620592664445,0.20332451,0.3722269159795892,1
617735,5266,508,2025-09-17 07:28:31,35.58,US,False,0.3770282273787566,0.3392418728317691,0.3133469,0.3887963933659536,1
617736,5748,760,2025-09-17 07:30:16,255.48,US,False,0.4874684528627526,0.3910438998193546,0.31747335,0.3889998518587902,1
617737,5455,510,2025-09-17 07:31:15,43.53,DE,False,0.5165425512581296,0.4399057567024014,0.38891247,0.3900185287698633,1
617738,3883,113,2025-09-17 07:32:49,29.7,US,False,0.3020952774683926,0.3460031483591498,0.26522005,0.3695090899707848,1
617739,4702,151,2025-09-17 07:33:21,30.01,US,False,0.5707603063944877,0.3900212502282721,0.28847623,0.3729975541395017,1
617740,671,328,2025-09-17 07:33:48,87.37,US,False,0.4654402219004791,0.4182705945378452,0.29788876,0.3469620316973235,1
617741,4950,61,2025-09-17 07:38:05,79.66,US,False,0.3539762067655784,0.3500984982697079,0.35301143,0.3633247093437695,1
617742,3696,12,2025-09-17 07:38:44,38.93,AU,False,0.647905690744002,0.3574504187261752,0.45153058,0.6664415423894267,2
617743,569,739,2025-09-17 07:40:26,927.48,US,False,0.6977341979320671,0.431122640212301,0.6005435,0.4406643810931021,1
617744,2678,745,2025-09-17 07:41:47,226.02,US,False,0.5148525091828504,0.4357348655097369,0.39854747,0.3574403385881795,1
617745,626,85,2025-09-17 07:42:05,260.45,US,False,0.3359206176503949,0.3474079254601073,0.3529711,0.3561103681711263,1
617746,654,733,2025-09-17 07:42:30,331.25,US,False,0.3121600124083443,0.3402270887388841,0.254869,0.3591982062993499,1
617747,4153,607,2025-09-17 07:42:40,67.4,CA,False,0.2946426245260803,0.3030528478701887,0.39592892,0.351663068857592,1
617748,1388,11,2025-09-17 07:43:02,6251.75,US,False,0.6856836383289137,0.6930846725536021,0.80154026,0.5174401721123134,1
617749,3442,10,2025-09-17 07:43:27,121.48,US,False,0.574491489753421,0.389847804771648,0.29459852,0.3643123625589021,1
617750,4999,707,2025-09-17 07:43:39,68.56,US,False,0.3757112352369575,0.3094250181952083,0.2212189,0.4297930279766322,1
617751,2917,378,2025-09-17 07:46:05,76.95,GB,False,0.4988198115302831,0.480709747441255,0.5558994,0.3584885063990646,1
617752,3654,120,2025-09-17 07:46:42,11.2,US,False,0.3336547723741225,0.3349077097394475,0.31991705,0.3684811405411655,1
617753,2393,425,2025-09-17 07:49:05,78.32,US,False,0.3585873209292192,0.3604149307426152,0.3516412,0.3785053734981442,1
617754,1464,764,2025-09-17 07:49:13,113.85,US,False,0.4884757285017843,0.4728369965436386,0.4928447,0.3560976285729725,1
617755,3385,485,2025-09-17 07:50:36,135.19,US,False,0.2906551117328138,0.2907976807784696,0.18703577,0.3502750451142452,1
617756,2136,40,2025-09-17 07:51:16,140.01,AU,False,0.7231315707213176,0.4267176963761309,0.258546,0.5858265341248161,1
617757,4145,147,2025-09-17 07:51:53,39.26,US,False,0.3977522810201294,0.3831823831624714,0.2850006,0.3569257600918298,1
617758,4111,618,2025-09-17 07:53:33,263.91,GB,False,0.590248631019296,0.387873416783577,0.16812675,0.3714405955460264,1
617759,5319,740,2025-09-17 07:55:20,106.38,US,False,0.3482254142937244,0.3516011457665917,0.3126456,0.371134518746854,1
617760,4225,39,2025-09-17 07:57:40,352.95,US,False,0.5195893890963278,0.417873469018739,0.4908573,0.3872474636629565,1
617761,4298,127,2025-09-17 08:00:02,248.31,US,False,0.7221661161506145,0.4531073591432585,0.52060497,0.432374818278237,1
617762,2286,239,2025-09-17 08:01:29,1055.47,US,False,0.432769263062703,0.3541597212694719,0.36993966,0.4244615353556662,1
617763,3822,494,2025-09-17 08:02:50,1348.45,US,False,0.3952720115179313,0.2900556342332091,0.25634992,0.3839380902448183,1
617764,4891,467,2025-09-17 08:03:16,213.05,US,False,0.5708664356384118,0.3333807581130427,0.16198604,0.408858271604069,1
617765,2353,124,2025-09-17 08:05:26,2164.67,US,False,0.6173969587727599,0.3515441723051497,0.30323088,0.4282101673006291,1
617766,3466,700,2025-09-17 08:08:22,82.58,US,False,0.3469703037165405,0.3080783750511736,0.27599645,0.3570639988338904,1
617767,5718,701,2025-09-17 08:10:24,316.52,US,False,0.6762281702537564,0.7597402675724542,0.8341613,0.4172375333097786,1
617768,647,77,2025-09-17 08:10:31,25.31,US,False,0.3214512371065918,0.3379704973191004,0.35182324,0.3641793216253444,1
617769,266,531,2025-09-17 08:16:08,80.99,US,False,0.4845957330210512,0.4624610275025353,0.44201642,0.3533138374530012,1
617770,5260,535,2025-09-17 08:17:03,261.2,US,False,0.7466986043895292,0.7808007328409486,0.7724725,0.4347889246605299,1
617771,3375,90,2025-09-17 08:17:26,158.08,US,False,0.5176396437203423,0.3549425071044281,0.39503706,0.3583421380093466,1
617772,791,357,2025-09-17 08:18:32,6373.73,US,False,0.5460038301052604,0.3219428433421821,0.34222597,0.5282593651385599,1
617773,469,775,2025-09-17 08:18:38,131.01,US,False,0.376268593873043,0.3384314699450591,0.2917362,0.387715244410733,1
617774,5146,509,2025-09-17 08:20:52,50.02,US,False,0.3993744052844605,0.3766604612021922,0.36908728,0.3583779291931271,1
617775,3519,641,2025-09-17 08:22:46,143.58,US,False,0.5058602219685481,0.3314436427937163,0.22604847,0.380742931696939,1
617776,626,710,2025-09-17 08:23:24,821.09,US,False,0.2880795457725262,0.2983060351954186,0.16931236,0.5000398932777611,1
617777,2455,101,2025-09-17 08:24:06,338.08,US,False,0.5714633088725914,0.4629373970539995,0.49167103,0.3670295346977579,1
617778,3602,475,2025-09-17 08:24:56,485.31,US,False,0.5702195808614496,0.2951073285759546,0.20279257,0.4122299495720355,1
617779,2824,563,2025-09-17 08:26:37,129.23,US,False,0.3573057849985307,0.3005789808467914,0.18203409,0.3460924510124356,1
617780,1469,372,2025-09-17 08:27:26,386.12,US,False,0.4306925385171196,0.3158624922366349,0.25095013,0.4155144709622665,1
617781,4114,229,2025-09-17 08:30:42,81.57,US,False,0.5295209468041383,0.3711487180439502,0.362124,0.4941122939650506,1
617782,193,515,2025-09-17 08:32:55,13.86,US,False,0.6179515498409633,0.4804922134745255,0.72423357,0.4819725657760478,1
617783,4343,692,2025-09-17 08:33:23,270.21,US,False,0.5225968246763856,0.430924360826443,0.3458407,0.4076361438716464,1
617784,2655,499,2025-09-17 08:35:33,574.8,US,False,0.472683714346538,0.31198789727194,0.17839047,0.4632184923883218,1
617785,17,101,2025-09-17 08:35:55,361.3,CA,False,0.6267001439013027,0.4199566952251288,0.29634768,0.5456761418861306,2
617786,6000,342,2025-09-17 08:38:24,783.76,CA,False,0.447520239703627,0.1984147028625377,0.09081995,0.5227277215307857,1
617787,2100,490,2025-09-17 08:40:11,352.4,US,False,0.4118319454132552,0.417485688994518,0.40324092,0.3846550244709192,1
617788,4971,397,2025-09-17 08:41:03,401.12,US,False,0.414307328592408,0.3394452583459618,0.31194624,0.3847966763176074,1
617789,1288,768,2025-09-17 08:47:02,97.42,US,False,0.4241696011025566,0.3059137009740193,0.29669905,0.3768447927018448,1
617790,543,476,2025-09-17 08:48:37,57.96,US,False,0.4254009028860426,0.3991782205300817,0.298406,0.3497787249475506,1
617791,3188,390,2025-09-17 08:49:10,63.35,US,False,0.529843193876162,0.4614236002414038,0.42928964,0.3651436506210526,1
617792,5287,366,2025-09-17 08:50:49,621.12,US,False,0.3892051234364477,0.3764497476684068,0.45438674,0.3646788683289961,1
617793,2646,250,2025-09-17 08:50:53,139.77,DE,False,0.5712526814387631,0.2856203788411758,0.2625011,0.5383368787361617,1
617794,2450,453,2025-09-17 08:51:29,22.01,US,False,0.641536197934273,0.4966147975789559,0.57993305,0.4267117556388782,1
617795,4,359,2025-09-17 08:51:52,342.23,US,False,0.4799126583846916,0.3455284278666775,0.44288057,0.3968551938236554,1
617796,1267,584,2025-09-17 08:52:14,22.98,US,False,0.4938923572579938,0.4626289987366794,0.5718176,0.3737666318049323,1
617797,4753,61,2025-09-17 08:52:25,12.9,US,False,0.3552535441223485,0.3669094146458984,0.40996906,0.4065894812180016,1
617798,2257,76,2025-09-17 08:52:38,413.71,US,False,0.4018951640388648,0.3715401876594124,0.33982328,0.3528049028490767,1
617799,1520,16,2025-09-17 08:54:49,1205.7,US,False,0.2734438719691475,0.3499383052026203,0.22912797,0.5020533503739972,2
617800,3286,698,2025-09-17 08:54:56,1140.77,US,False,0.9659801004521672,0.7092919141802702,0.650723,0.5868490215334075,1
617801,3891,673,2025-09-17 08:55:59,68.11,US,False,0.2974652747919272,0.3307262385335998,0.34983096,0.3547300155728679,1
617802,2771,581,2025-09-17 08:56:07,20.2,US,False,0.498373220011932,0.4809739850748127,0.55407524,0.3735110797221555,1
617803,4353,741,2025-09-17 08:56:32,60.9,US,False,0.3788972277047108,0.3346680160660185,0.26196423,0.3519272825564308,1
617804,3535,301,2025-09-17 08:58:02,135.74,US,False,0.6463281508803378,0.457683424206114,0.47471866,0.3806791892521879,1
617805,1800,719,2025-09-17 09:00:16,45.79,GB,False,0.285234913212925,0.3151067045188124,0.28413904,0.3687801607297664,1
617806,2090,328,2025-09-17 09:05:05,68.84,US,False,0.4248361859373051,0.4478343771082499,0.45000014,0.349383097632166,1
617807,3144,569,2025-09-17 09:05:13,119.89,US,False,0.5523151896731705,0.6073511996138556,0.64842236,0.3994423607345943,1
617808,3172,42,2025-09-17 09:06:06,111.93,US,False,0.3979806980193259,0.3619106374039734,0.41715118,0.3433737956286202,1
617809,2640,213,2025-09-17 09:07:06,994.11,US,False,0.6572402833054027,0.3705561027045396,0.37168017,0.4034665131438648,1
617810,4730,321,2025-09-17 09:10:25,29.08,US,False,0.4594439122288487,0.4691032336459204,0.5265179,0.4144158012177019,1
617811,331,218,2025-09-17 09:10:41,105.28,US,False,0.4235868229057551,0.3604352603000708,0.23812647,0.3469805094359598,1
617812,3643,534,2025-09-17 09:12:06,36.1,DE,False,0.5466361000491685,0.4969723160228194,0.47443345,0.3828463786159507,1
617813,3527,480,2025-09-17 09:12:45,1053.45,GB,False,0.3308308171238798,0.3121620635009836,0.24166206,0.3723130017248954,1
617814,3291,233,2025-09-17 09:12:48,62.38,US,False,0.470599295587953,0.4447637995183431,0.36044312,0.3698416229443768,1
617815,1266,745,2025-09-17 09:13:56,596.64,US,False,0.7132670798049666,0.3696013009558146,0.3417038,0.4339955868837594,1
617816,3376,561,2025-09-17 09:14:51,84.51,CA,False,0.4112422511581229,0.3085816190306512,0.33301917,0.3602108794873526,1
617817,4946,571,2025-09-17 09:14:55,194.2,US,False,0.3747501891219909,0.3466297318794813,0.415331,0.3485830260621792,1
617818,4691,89,2025-09-17 09:15:31,126.76,US,False,0.332229695207924,0.330683691971518,0.3513549,0.344215521816591,1
617819,941,155,2025-09-17 09:17:23,122.36,US,False,0.4560099155601072,0.4710097294329896,0.56813514,0.3486678898121236,1
617820,605,407,2025-09-17 09:21:51,79.85,US,False,0.5014684515461746,0.4680703891768141,0.42295116,0.3576208025797269,1
617821,5939,381,2025-09-17 09:24:33,370.0,US,False,0.5336460474650943,0.4305651778141637,0.2805552,0.3725500172485139,1
617822,981,496,2025-09-17 09:25:43,10.59,US,False,0.4856800768274855,0.4364927264774668,0.33330053,0.4359439019719748,1
617823,3353,626,2025-09-17 09:26:25,56.65,US,False,0.34785634088493,0.3106998952798396,0.25260508,0.3503116955658748,1
617824,2022,617,2025-09-17 09:26:44,1904.05,US,False,0.5323842413462719,0.3629161868923082,0.21387912,0.4070511537727209,1
